donor_id,age,gender,blood_type,city,lat,lon,urban,donation_history,days_since_last,preferred_contact,health_status,true_response_prob
DNR_00000,38,M,O+,Islamabad,33.62079922818744,73.08640683914683,1,2,67,App,Healthy,0.565
DNR_00001,19,M,A+,Karachi,24.86155684609654,66.92534575514941,1,10,81,App,Healthy,0.8949999999999999
DNR_00002,36,M,A+,Peshawar,33.9795105133169,71.63958805132687,0,6,28,App,Healthy,0.95
DNR_00003,33,F,O+,Quetta,30.252954091553086,66.94885512721801,0,2,8,App,Healthy,0.8599999999999999
DNR_00004,27,M,O+,Faisalabad,31.344952070867695,73.07260798074749,1,2,28,App,Healthy,0.7599999999999999
DNR_00005,18,M,AB+,Peshawar,34.07667227966989,71.55836160418671,0,4,66,App,Healthy,0.6699999999999999
DNR_00006,25,M,O+,Multan,30.21435083536242,71.58353738668085,0,0,208,SMS,Unhealthy,0.05
DNR_00007,33,M,B+,Faisalabad,31.371521124923436,73.04181645152785,1,1,9,App,Healthy,0.8049999999999999
DNR_00008,37,F,A+,Peshawar,33.97416974802423,71.57446163389618,0,5,24,SMS,Healthy,0.83
DNR_00009,26,M,AB-,Lahore,31.593859985847402,74.30024769151426,1,5,90,SMS,Minor issues,0.39999999999999997
DNR_00010,41,M,O+,Islamabad,33.69514880823656,73.08276628331504,1,1,14,App,Minor issues,0.68
DNR_00011,42,M,B+,Multan,30.116960401231037,71.5347189014661,0,1,12,App,Healthy,0.79
DNR_00012,36,M,B+,Peshawar,34.09460601703922,71.58202420698824,0,1,24,App,Healthy,0.73
DNR_00013,35,M,O+,Karachi,24.889576994159412,67.01652544491711,1,5,78,App,Healthy,0.6599999999999999
DNR_00014,41,M,A+,Quetta,30.23752475235752,66.89683696351085,0,4,30,SMS,Unhealthy,0.6499999999999999
DNR_00015,40,F,A+,Peshawar,33.98942807568497,71.54746002058359,0,1,47,SMS,Minor issues,0.415
DNR_00016,23,M,O+,Multan,30.157593778088046,71.47348430088482,0,1,15,Phone,Healthy,0.675
DNR_00017,27,F,B-,Faisalabad,31.362454282967942,73.12110172801202,1,1,17,SMS,Healthy,0.665
DNR_00018,39,M,A+,Peshawar,34.01317691328463,71.51839883605135,0,4,11,Phone,Healthy,0.8449999999999999
DNR_00019,23,M,B-,Lahore,31.62121191124768,74.27730455233086,1,3,79,App,Minor issues,0.45499999999999996
DNR_00020,39,M,O+,Faisalabad,31.414045180495798,73.08706857495919,1,0,286,SMS,Healthy,0.05
DNR_00021,45,M,A-,Lahore,31.580078821135942,74.37767183565106,1,1,110,Phone,Minor issues,0.09999999999999994
DNR_00022,19,M,A+,Islamabad,33.62376067133892,73.00385157392505,1,4,53,App,Healthy,0.7349999999999999
DNR_00023,18,M,B+,Lahore,31.582954551447752,74.2730198027002,1,5,20,SMS,Healthy,0.85
DNR_00024,41,M,O+,Islamabad,33.7114364445274,73.00217788917926,1,17,48,App,Healthy,0.95
DNR_00025,22,M,AB-,Peshawar,34.06419951964266,71.5309655862979,0,1,119,App,Minor issues,0.15500000000000003
DNR_00026,29,M,B+,Quetta,30.10846738995715,66.99955287812251,0,3,29,App,Minor issues,0.705
DNR_00027,18,M,O+,Multan,30.117285013427246,71.47533342535053,0,5,19,App,Minor issues,0.855
DNR_00028,58,M,B+,Islamabad,33.616461582139884,73.09718355915707,1,2,72,App,Minor issues,0.43999999999999995
DNR_00029,28,F,O+,Multan,30.2257187172813,71.5806913175063,0,0,288,SMS,Unhealthy,0.05
DNR_00030,42,M,B+,Lahore,31.530335699036307,74.42124941500475,1,0,371,App,Healthy,0.05
DNR_00031,30,M,A+,Quetta,30.216680850786474,67.02033784455747,0,2,95,App,Healthy,0.42500000000000004
DNR_00032,41,F,B+,Lahore,31.562368846530603,74.35035123221988,1,1,68,App,Unhealthy,0.4099999999999999
DNR_00033,29,F,O+,Peshawar,34.019980181643284,71.5096007327566,0,1,68,App,Minor issues,0.4099999999999999
DNR_00034,27,M,AB+,Peshawar,33.99960408821092,71.65115538035666,0,2,85,App,Minor issues,0.375
DNR_00035,29,M,B+,Karachi,24.874087566286597,67.00474523448511,1,2,58,SMS,Healthy,0.51
DNR_00036,26,F,O+,Multan,30.098440525140393,71.54818012621402,0,3,45,App,Healthy,0.725
DNR_00037,32,M,AB+,Karachi,24.796696999827937,67.00712150465625,1,0,267,SMS,Healthy,0.05
DNR_00038,32,M,O+,Islamabad,33.663524334198215,72.99313949317715,1,3,60,Phone,Minor issues,0.45
DNR_00039,28,F,A+,Peshawar,34.01963051081636,71.60735811259401,0,3,8,Phone,Minor issues,0.71
DNR_00040,30,M,AB+,Lahore,31.558215782541573,74.30717571397037,1,0,217,App,Healthy,0.05
DNR_00041,49,M,A+,Lahore,31.55056544929568,74.30377940033118,1,1,23,SMS,Minor issues,0.535
DNR_00042,34,F,O+,Multan,30.078067310254045,71.56827907568314,0,1,76,App,Healthy,0.47
DNR_00043,48,M,O+,Multan,30.16724509836396,71.46279982089429,0,6,79,App,Healthy,0.705
DNR_00044,28,F,A+,Lahore,31.562901530638367,74.2872950056908,1,1,26,SMS,Minor issues,0.52
DNR_00045,26,M,O+,Faisalabad,31.395249477160068,73.10823067012969,1,1,25,Phone,Healthy,0.625
DNR_00046,25,F,B+,Peshawar,34.03430584162412,71.52522853413315,0,1,46,Phone,Healthy,0.52
DNR_00047,30,F,O-,Quetta,30.15294967487143,67.04393054176772,0,4,98,App,Healthy,0.51
DNR_00048,31,F,O-,Islamabad,33.66560667561551,72.97409593722652,1,1,48,App,Healthy,0.61
DNR_00049,40,M,O+,Quetta,30.23921168573808,66.93066776755292,0,5,66,App,Minor issues,0.62
DNR_00050,19,F,B+,Islamabad,33.6490599988355,73.07053707817722,1,3,15,Phone,Unhealthy,0.675
DNR_00051,38,M,AB-,Islamabad,33.759664097763554,72.9964708505876,1,5,26,Phone,Healthy,0.82
DNR_00052,21,F,O+,Karachi,24.90652850851259,66.99092302141929,1,3,81,SMS,Healthy,0.44499999999999995
DNR_00053,36,F,O+,Peshawar,34.004769202472794,71.58368725577066,0,5,95,App,Healthy,0.575
DNR_00054,52,F,A+,Multan,30.146507583939997,71.59671991775541,0,3,86,SMS,Healthy,0.42000000000000004
DNR_00055,19,F,A+,Multan,30.125551562913802,71.49438554595339,0,3,14,SMS,Healthy,0.78
DNR_00056,28,M,B+,Islamabad,33.71078870947404,73.02856324433961,1,4,82,SMS,Healthy,0.49
DNR_00057,43,F,O+,Peshawar,33.93506495035157,71.54640619469903,0,11,36,App,Healthy,0.95
DNR_00058,34,M,B+,Multan,30.185600357310413,71.52668783949994,0,3,33,App,Healthy,0.7849999999999999
DNR_00059,36,F,O-,Multan,30.17658172885798,71.4598419520121,0,0,171,App,Healthy,0.05
DNR_00060,23,F,O+,Islamabad,33.608308062036286,73.00707480705253,1,5,54,App,Healthy,0.7799999999999999
DNR_00061,37,M,AB+,Quetta,30.130909637878354,67.00641668007847,0,1,99,App,Healthy,0.355
DNR_00062,38,M,O+,Multan,30.215170490467603,71.58657443288158,0,4,43,SMS,Minor issues,0.585
DNR_00063,29,F,O+,Faisalabad,31.346034941622502,73.0389717247456,1,2,105,Phone,Healthy,0.27499999999999997
DNR_00064,41,F,B+,Faisalabad,31.427428046459497,73.04986767319446,1,1,73,App,Healthy,0.485
DNR_00065,26,F,B+,Faisalabad,31.470891067155424,73.08675951209773,1,3,64,SMS,Healthy,0.53
DNR_00066,19,F,A+,Quetta,30.234178062054706,66.93936981650091,0,4,33,App,Minor issues,0.735
DNR_00067,21,F,B+,Lahore,31.515416504138106,74.30707441713315,1,1,15,App,Healthy,0.775
DNR_00068,19,M,B+,Lahore,31.494148842652343,74.29783246033695,1,1,32,App,Healthy,0.69
DNR_00069,48,M,O+,Quetta,30.16702296284375,67.03977415653442,0,3,13,App,Healthy,0.8849999999999999
DNR_00070,35,M,A+,Faisalabad,31.414316757209175,73.14993866518945,1,7,116,Phone,Healthy,0.4700000000000001
DNR_00071,33,M,B+,Faisalabad,31.425381169557415,73.0956204142306,1,3,98,App,Healthy,0.45999999999999996
DNR_00072,34,M,O+,Quetta,30.208462701604535,66.95969066706202,0,0,274,App,Healthy,0.05
DNR_00073,55,M,B+,Lahore,31.614808618013885,74.35830284410046,1,1,28,Phone,Healthy,0.61
DNR_00074,27,F,O+,Quetta,30.10784554135818,66.9556566182701,0,2,76,App,Healthy,0.5199999999999999
DNR_00075,33,M,O+,Faisalabad,31.49019265917769,73.0665503722814,1,4,14,Phone,Healthy,0.83
DNR_00076,18,F,B+,Multan,30.133493654995227,71.54892305491998,0,1,74,SMS,Unhealthy,0.27999999999999997
DNR_00077,40,F,A+,Faisalabad,31.472276615405534,73.09851370505378,1,2,105,App,Healthy,0.375
DNR_00078,37,M,B+,Karachi,24.892614395399384,67.043803695737,1,7,112,SMS,Healthy,0.49
DNR_00079,42,M,A+,Multan,30.10370252962675,71.49466622713578,0,6,98,SMS,Minor issues,0.41000000000000003
DNR_00080,26,M,AB-,Multan,30.22813529576661,71.47663276433468,0,1,68,Phone,Healthy,0.4099999999999999
DNR_00081,42,M,A+,Lahore,31.60574691825421,74.35966585837069,1,4,64,App,Minor issues,0.58
DNR_00082,42,M,AB+,Islamabad,33.615433077843136,73.07150692064909,1,3,54,SMS,Healthy,0.58
DNR_00083,42,M,B+,Quetta,30.201493616976233,67.0275931697604,0,3,75,App,Unhealthy,0.475
DNR_00084,57,F,B+,Multan,30.176045976648567,71.59203882510444,0,1,22,SMS,Healthy,0.64
DNR_00085,53,F,B+,Faisalabad,31.474274105603094,73.1320169630225,1,1,100,SMS,Healthy,0.24999999999999997
DNR_00086,30,M,O-,Faisalabad,31.39863828866052,73.00369199964321,1,4,96,App,Healthy,0.52
DNR_00087,41,F,O+,Lahore,31.514445358086014,74.35898480126998,1,5,100,App,Healthy,0.5499999999999999
DNR_00088,39,F,B+,Peshawar,34.050211946256674,71.5786724554958,0,2,106,Phone,Healthy,0.26999999999999996
DNR_00089,34,F,A+,Multan,30.080258921495737,71.49197769301128,0,2,64,SMS,Healthy,0.48
DNR_00090,27,M,O+,Multan,30.162447508983323,71.51298061003284,0,16,22,SMS,Healthy,0.95
DNR_00091,33,F,O+,Multan,30.11438608660776,71.56030549301218,0,3,38,App,Healthy,0.76
DNR_00092,26,M,A+,Faisalabad,31.456176744561432,73.043339940315,1,3,39,SMS,Healthy,0.6549999999999999
DNR_00093,40,M,A+,Peshawar,33.98239943412242,71.5582409710639,0,0,222,Phone,Minor issues,0.05
DNR_00094,36,M,A+,Lahore,31.55823743468778,74.37518678286563,1,2,14,App,Unhealthy,0.73
DNR_00095,50,M,A-,Karachi,24.85580351118888,66.99157500770175,1,1,111,Phone,Healthy,0.19499999999999995
DNR_00096,54,M,O+,Faisalabad,31.40211319076031,73.0109531472409,1,3,81,App,Minor issues,0.44499999999999995
DNR_00097,36,M,O+,Lahore,31.4833289453434,74.30331055283361,1,4,42,SMS,Minor issues,0.5900000000000001
DNR_00098,39,M,B+,Peshawar,34.01861160562083,71.5725823143822,0,1,55,SMS,Healthy,0.475
DNR_00099,26,M,A-,Islamabad,33.758017404389484,72.98377737196397,1,4,102,SMS,Healthy,0.39
DNR_00100,39,F,A+,Islamabad,33.632210167732225,72.97991037902419,1,2,119,SMS,Healthy,0.20500000000000002
DNR_00101,45,M,B+,Peshawar,33.981096782334994,71.54573493969797,0,5,36,App,Healthy,0.8699999999999999
DNR_00102,33,F,O+,Lahore,31.569709281146277,74.36938928685653,1,5,92,Phone,Minor issues,0.38999999999999996
DNR_00103,26,F,B+,Peshawar,33.9775011954625,71.523257805671,0,2,67,App,Healthy,0.565
DNR_00104,36,M,A+,Peshawar,33.98117769412894,71.52039658530795,0,2,89,SMS,Healthy,0.355
DNR_00105,23,F,A+,Islamabad,33.61727069630388,72.97427772546938,1,3,18,SMS,Healthy,0.76
DNR_00106,46,M,O+,Islamabad,33.71228773874754,73.10558269965077,1,1,29,App,Healthy,0.705
DNR_00107,29,M,O+,Faisalabad,31.344437067703137,73.12010301286601,1,3,64,SMS,Healthy,0.53
DNR_00108,33,M,A+,Islamabad,33.70596555511265,73.04657612835057,1,1,93,App,Healthy,0.3849999999999999
DNR_00109,52,M,B+,Islamabad,33.63013197642541,73.03376321436605,1,4,15,App,Healthy,0.925
DNR_00110,39,M,A+,Quetta,30.172572145376275,66.94532274514722,0,7,13,SMS,Healthy,0.95
DNR_00111,18,M,A-,Faisalabad,31.4432256618373,73.08591497509715,1,2,33,SMS,Unhealthy,0.5349999999999999
DNR_00112,27,M,O+,Islamabad,33.67512655291556,72.97615788402982,1,3,89,SMS,Healthy,0.405
DNR_00113,44,M,O+,Islamabad,33.62382817333802,73.12360349053147,1,3,23,App,Healthy,0.835
DNR_00114,25,M,O+,Lahore,31.534978509966386,74.29955210551292,1,7,67,App,Healthy,0.815
DNR_00115,49,F,O+,Karachi,24.929924489589457,66.96779784964188,1,1,25,SMS,Healthy,0.625
DNR_00116,32,F,B+,Quetta,30.188002412300875,66.95637376211954,0,1,98,Phone,Healthy,0.26
DNR_00117,50,F,B+,Lahore,31.5961009891205,74.32999078776821,1,4,111,Phone,Healthy,0.345
DNR_00118,42,F,B+,Faisalabad,31.471996147617027,73.09188774142135,1,6,69,App,Healthy,0.755
DNR_00119,23,F,A-,Peshawar,34.057059628419196,71.56085360867422,0,3,12,App,Healthy,0.89
DNR_00120,18,F,O-,Peshawar,34.000724015287936,71.55140821235742,0,4,91,App,Minor issues,0.44499999999999995
DNR_00121,38,M,A-,Quetta,30.204123040224097,66.91933685123362,0,3,111,Phone,Minor issues,0.19499999999999995
DNR_00122,25,F,O+,Peshawar,34.07020630769766,71.51645387163872,0,1,81,App,Healthy,0.44499999999999995
DNR_00123,49,F,O+,Lahore,31.49439779500345,74.33871849615755,1,3,14,App,Healthy,0.88
DNR_00124,43,F,O+,Multan,30.13007049423735,71.55279719922464,0,4,66,App,Healthy,0.6699999999999999
DNR_00125,21,M,A-,Faisalabad,31.375563238896323,73.10860393190494,1,1,70,SMS,Healthy,0.4
DNR_00126,34,M,O+,Karachi,24.88209965260493,67.06071267721713,1,2,90,App,Healthy,0.44999999999999996
DNR_00127,32,M,A+,Karachi,24.83805413476806,66.99000988605685,1,0,161,App,Healthy,0.05
DNR_00128,40,M,B+,Multan,30.0901349361056,71.58423433578318,0,8,16,SMS,Healthy,0.95
DNR_00129,18,M,O+,Peshawar,33.97563637430617,71.54135227330546,0,6,55,App,Healthy,0.825
DNR_00130,27,M,A+,Islamabad,33.67507676537661,73.0231904999109,1,7,65,SMS,Healthy,0.725
DNR_00131,25,M,A+,Quetta,30.148139467286132,67.05489977048002,0,3,105,SMS,Healthy,0.32499999999999996
DNR_00132,36,F,O+,Quetta,30.258630726980304,66.94223692062131,0,3,11,SMS,Healthy,0.7949999999999999
DNR_00133,27,F,A+,Islamabad,33.72892985852321,73.12367645069247,1,3,43,App,Minor issues,0.635
DNR_00134,33,F,A+,Faisalabad,31.465817619121214,73.09623039970629,1,2,79,Phone,Healthy,0.4049999999999999
DNR_00135,47,M,A+,Peshawar,34.05779532391927,71.60943681506913,0,1,38,App,Minor issues,0.5599999999999999
DNR_00136,38,M,O+,Multan,30.14803171042605,71.53763180885895,0,3,9,SMS,Healthy,0.8049999999999999
DNR_00137,28,F,O+,Islamabad,33.63652716714401,73.09374204976488,1,6,11,App,Healthy,0.95
DNR_00138,33,F,B+,Peshawar,33.97611521353012,71.63245037000678,0,2,107,Phone,Minor issues,0.16499999999999995
DNR_00139,60,M,A+,Multan,30.15243302221643,71.45694789774508,0,7,44,Phone,Minor issues,0.73
DNR_00140,42,F,O+,Multan,30.232263159568003,71.5736340230433,0,3,88,SMS,Unhealthy,0.31
DNR_00141,33,M,A+,Karachi,24.83967370537857,67.04094185656588,1,1,58,App,Healthy,0.5599999999999999
DNR_00142,18,M,B+,Multan,30.114911504353852,71.44890394394344,0,9,112,Phone,Healthy,0.59
DNR_00143,18,F,B+,Peshawar,34.066816856222474,71.64600202214847,0,3,40,App,Healthy,0.75
DNR_00144,18,M,B+,Lahore,31.629048379960807,74.28217927691601,1,6,49,App,Healthy,0.855
DNR_00145,31,M,B+,Quetta,30.21870241944371,67.0463558537247,0,3,61,App,Healthy,0.645
DNR_00146,18,M,A+,Lahore,31.603090893327412,74.36210435424817,1,7,10,Phone,Healthy,0.95
DNR_00147,27,F,O+,Multan,30.229588827176226,71.58177203092896,0,1,73,App,Healthy,0.485
DNR_00148,38,M,A+,Peshawar,33.94468801426666,71.54464103053786,0,3,57,Phone,Healthy,0.5650000000000001
DNR_00149,24,F,A-,Karachi,24.87624335352313,66.92451719275782,1,2,7,SMS,Healthy,0.7649999999999999
DNR_00150,18,F,O+,Lahore,31.602470853954742,74.35227324615377,1,4,55,SMS,Healthy,0.6249999999999999
DNR_00151,54,M,A+,Lahore,31.613784965701083,74.2640536882368,1,3,53,App,Healthy,0.6849999999999999
DNR_00152,25,F,O+,Lahore,31.48728821566231,74.40223166216109,1,3,69,SMS,Minor issues,0.405
DNR_00153,34,M,B+,Faisalabad,31.365879392224986,73.00748384285778,1,3,62,App,Healthy,0.64
DNR_00154,59,F,B+,Multan,30.1354262358108,71.53988656285888,0,2,94,App,Healthy,0.43000000000000005
DNR_00155,30,M,O+,Peshawar,34.07371694524157,71.58393219435409,0,3,13,App,Minor issues,0.7849999999999999
DNR_00156,42,M,AB+,Quetta,30.117073892748678,67.00898421038353,0,4,115,SMS,Healthy,0.32500000000000007
DNR_00157,29,M,B-,Peshawar,34.03489079908499,71.5941583501677,0,5,70,App,Healthy,0.7
DNR_00158,24,F,B+,Peshawar,34.031868286645654,71.51636855386865,0,1,63,SMS,Healthy,0.43499999999999994
DNR_00159,18,F,AB-,Multan,30.219594563518157,71.51111017138831,0,3,31,Phone,Healthy,0.695
DNR_00160,44,F,B+,Multan,30.183917258089647,71.5047881637497,0,4,117,App,Healthy,0.41500000000000004
DNR_00161,50,M,AB+,Karachi,24.796150309210528,67.03930735975818,1,4,46,SMS,Healthy,0.67
DNR_00162,21,F,B+,Peshawar,34.04220212235717,71.56622938126755,0,2,12,Phone,Healthy,0.74
DNR_00163,35,F,A-,Faisalabad,31.384020705223573,73.04909182385403,1,5,65,Phone,Healthy,0.6249999999999999
DNR_00164,33,M,B+,Lahore,31.487014941108363,74.39885974697621,1,3,28,SMS,Healthy,0.71
DNR_00165,26,M,A+,Peshawar,34.024754512279685,71.62328920509628,0,1,100,App,Healthy,0.35
DNR_00166,26,M,A+,Peshawar,34.06771372639355,71.54329163602466,0,1,61,App,Minor issues,0.44499999999999995
DNR_00167,41,M,A+,Islamabad,33.63342488931401,72.99082023845472,1,3,119,Phone,Healthy,0.255
DNR_00168,52,F,O+,Multan,30.196877881920912,71.47932126080536,0,3,72,SMS,Healthy,0.49
DNR_00169,55,M,B+,Islamabad,33.75502518783521,73.06329580355282,1,8,50,App,Healthy,0.95
DNR_00170,22,F,O+,Faisalabad,31.381536454967396,73.10501019084931,1,4,18,SMS,Healthy,0.8099999999999999
DNR_00171,35,M,B+,Islamabad,33.659627656876935,72.98564236355215,1,1,43,App,Healthy,0.635
DNR_00172,41,F,A+,Peshawar,33.99824214337402,71.59639199311111,0,3,9,SMS,Healthy,0.8049999999999999
DNR_00173,31,M,O+,Lahore,31.516011540994793,74.28279749499288,1,2,29,SMS,Minor issues,0.5549999999999999
DNR_00174,18,M,B+,Lahore,31.549741975448995,74.39693667238717,1,3,90,App,Healthy,0.5
DNR_00175,42,F,O+,Faisalabad,31.411560680057004,73.01155801790011,1,1,81,SMS,Healthy,0.345
DNR_00176,59,M,B+,Quetta,30.118227739626207,66.89833704944395,0,2,101,SMS,Healthy,0.295
DNR_00177,34,M,A+,Peshawar,33.99289643059746,71.57037388473091,0,3,41,App,Healthy,0.745
DNR_00178,35,M,B+,Quetta,30.14944392989374,66.94932212498375,0,4,99,SMS,Healthy,0.405
DNR_00179,36,M,O+,Peshawar,33.96602459300271,71.6246965166919,0,2,36,SMS,Healthy,0.62
DNR_00180,28,M,O-,Lahore,31.497459843590736,74.28805916624094,1,4,84,App,Healthy,0.58
DNR_00181,18,F,O+,Faisalabad,31.428197677326054,73.09181489435304,1,4,95,SMS,Healthy,0.42500000000000004
DNR_00182,27,F,AB-,Islamabad,33.62855318422289,72.97882580135932,1,9,38,Phone,Healthy,0.95
DNR_00183,18,M,O+,Islamabad,33.616270504987725,73.04177879783143,1,2,21,SMS,Healthy,0.695
DNR_00184,18,M,B+,Islamabad,33.74124693943297,73.06630134214649,1,5,72,App,Minor issues,0.59
DNR_00185,42,M,B+,Peshawar,33.94156363421647,71.64594799305179,0,3,57,Phone,Healthy,0.5650000000000001
DNR_00186,18,M,O+,Peshawar,33.94489979201618,71.51706030036327,0,1,48,App,Healthy,0.61
DNR_00187,36,F,B+,Multan,30.083762740192107,71.55811947269173,0,2,100,App,Healthy,0.4
DNR_00188,35,F,B+,Peshawar,33.98026297257831,71.56590310355958,0,3,103,App,Healthy,0.43499999999999994
DNR_00189,43,M,A+,Faisalabad,31.390750520818838,73.08837411398694,1,5,74,SMS,Healthy,0.58
DNR_00190,49,M,O+,Faisalabad,31.477724745929685,73.05243792576968,1,4,103,SMS,Minor issues,0.285
DNR_00191,33,M,O+,Islamabad,33.71034162510867,72.98853226532344,1,1,115,App,Healthy,0.275
DNR_00192,30,F,O+,Peshawar,34.06510956541037,71.60771862399916,0,1,11,App,Minor issues,0.695
DNR_00193,18,F,A+,Multan,30.18477296641279,71.52625815782766,0,2,33,Phone,Healthy,0.6349999999999999
DNR_00194,48,M,O+,Lahore,31.500420837386304,74.42359625937648,1,6,49,App,Minor issues,0.755
DNR_00195,46,M,O+,Faisalabad,31.47161917226153,73.14048914647881,1,4,110,App,Minor issues,0.35
DNR_00196,18,M,O+,Faisalabad,31.362680441811378,73.02803535474699,1,7,52,SMS,Healthy,0.7899999999999999
DNR_00197,41,F,A+,Lahore,31.527987906260925,74.3787337078065,1,3,88,SMS,Healthy,0.41000000000000003
DNR_00198,30,F,A+,Faisalabad,31.42344178395172,73.04861486345004,1,3,82,SMS,Healthy,0.44000000000000006
DNR_00199,46,F,B+,Faisalabad,31.429267102938223,73.06959558456144,1,4,15,App,Healthy,0.925
DNR_00200,50,F,A+,Peshawar,34.065702598333,71.62870147586425,0,2,92,SMS,Unhealthy,0.23999999999999996
DNR_00201,26,M,O+,Multan,30.226986968639597,71.55872415633904,0,2,93,App,Healthy,0.43499999999999994
DNR_00202,60,M,O+,Karachi,24.92554899343652,66.94467578495865,1,4,79,SMS,Healthy,0.505
DNR_00203,24,M,O-,Faisalabad,31.34226723052847,73.00762110194736,1,4,32,App,Healthy,0.8399999999999999
DNR_00204,21,M,O+,Karachi,24.79655329990289,67.03545268360371,1,0,245,App,Healthy,0.05
DNR_00205,30,M,O+,Karachi,24.89207151817216,66.9433068306909,1,4,40,App,Minor issues,0.7
DNR_00206,34,F,B+,Karachi,24.815204759114938,66.94502313903428,1,5,57,Phone,Healthy,0.6649999999999999
DNR_00207,38,F,A+,Quetta,30.11929573522538,66.93315032055357,0,0,178,SMS,Healthy,0.05
DNR_00208,25,M,A+,Karachi,24.876178246851033,66.92372965635293,1,5,91,App,Minor issues,0.495
DNR_00209,37,M,O+,Lahore,31.526150566340167,74.35490619456358,1,3,26,App,Healthy,0.82
DNR_00210,24,M,A+,Peshawar,34.01916951125155,71.58167243145277,0,2,55,Phone,Healthy,0.5249999999999999
DNR_00211,21,F,B+,Quetta,30.16170101144438,66.95472838193612,0,1,57,Phone,Healthy,0.46499999999999997
DNR_00212,35,F,B+,Karachi,24.881221113996105,67.04454021985757,1,2,35,App,Healthy,0.725
DNR_00213,18,F,O+,Karachi,24.883547298592436,67.05396138508218,1,7,25,App,Healthy,0.95
DNR_00214,48,F,A-,Multan,30.201690463952545,71.51812873239157,0,0,196,SMS,Healthy,0.05
DNR_00215,46,M,O+,Lahore,31.552161374280722,74.42185963236737,1,0,376,App,Minor issues,0.05
DNR_00216,36,M,O+,Faisalabad,31.47594216487508,73.00674864547943,1,2,38,SMS,Healthy,0.61
DNR_00217,38,F,O+,Faisalabad,31.456929232883137,73.1422419991928,1,2,103,App,Minor issues,0.285
DNR_00218,43,M,A-,Multan,30.16058413656559,71.57308369398429,0,6,73,App,Minor issues,0.635
DNR_00219,40,F,O+,Peshawar,33.9820026270404,71.51691566524514,0,1,60,Phone,Healthy,0.44999999999999996
DNR_00220,41,M,O+,Quetta,30.170825340976176,66.96654074554723,0,0,304,SMS,Healthy,0.05
DNR_00221,51,F,AB-,Quetta,30.251464700576495,66.9070065863981,0,4,94,App,Unhealthy,0.43000000000000005
DNR_00222,40,M,B+,Faisalabad,31.342982499054408,73.13488708959528,1,4,74,SMS,Healthy,0.53
DNR_00223,18,F,B+,Lahore,31.528312555697145,74.3248567042702,1,1,80,App,Minor issues,0.35
DNR_00224,18,M,A+,Multan,30.148530286268095,71.45720166861287,0,8,53,App,Healthy,0.9349999999999999
DNR_00225,18,M,B+,Islamabad,33.6225517780136,73.0856079775167,1,6,73,SMS,Healthy,0.635
DNR_00226,18,M,B+,Peshawar,34.047646049793094,71.53483126806779,0,4,44,App,Minor issues,0.68
DNR_00227,26,M,A+,Quetta,30.11164832626825,66.92262501823744,0,6,105,App,Healthy,0.575
DNR_00228,43,F,B-,Multan,30.164247417796087,71.58751306917662,0,3,87,App,Healthy,0.515
DNR_00229,58,F,A+,Multan,30.158900919227886,71.46431799281255,0,1,28,SMS,Minor issues,0.51
DNR_00230,50,M,O+,Faisalabad,31.429564385138644,73.07388493428667,1,1,81,App,Healthy,0.44499999999999995
DNR_00231,34,F,O+,Karachi,24.895409375761595,66.99768641758644,1,3,47,App,Healthy,0.715
DNR_00232,47,M,B+,Peshawar,34.03777417430182,71.57249591930608,0,4,82,App,Unhealthy,0.49
DNR_00233,18,F,B+,Faisalabad,31.36711410184834,73.15370233822945,1,3,59,SMS,Healthy,0.555
DNR_00234,43,M,AB+,Faisalabad,31.363914713528942,73.14865805386225,1,0,181,SMS,Healthy,0.05
DNR_00235,18,M,AB-,Islamabad,33.706009134622036,73.0560346264773,1,2,32,SMS,Healthy,0.6399999999999999
DNR_00236,35,M,O+,Peshawar,34.02968935125066,71.59340344018244,0,5,110,App,Healthy,0.4999999999999999
DNR_00237,31,M,A+,Peshawar,33.941591088563484,71.6387049906592,0,1,28,App,Minor issues,0.61
DNR_00238,60,M,AB-,Islamabad,33.671053885386115,73.07013859075342,1,1,26,SMS,Minor issues,0.52
DNR_00239,40,M,A+,Islamabad,33.64358046570383,73.0970758903086,1,3,115,SMS,Healthy,0.275
DNR_00240,29,M,B+,Multan,30.154980180817176,71.47754368217015,0,4,79,App,Healthy,0.605
DNR_00241,21,M,O+,Multan,30.13275928971216,71.50869465714784,0,3,49,App,Unhealthy,0.605
DNR_00242,29,F,B+,Karachi,24.82349546791267,66.96076702120408,1,1,107,App,Healthy,0.31499999999999995
DNR_00243,58,M,O+,Quetta,30.253829736358295,67.03936973233186,0,5,23,Phone,Healthy,0.835
DNR_00244,26,F,B-,Lahore,31.55205597427704,74.34340155334363,1,3,68,SMS,Healthy,0.51
DNR_00245,39,M,O+,Quetta,30.1342231076042,66.95146321421701,0,6,86,SMS,Unhealthy,0.47000000000000003
DNR_00246,40,M,B+,Faisalabad,31.42387051988623,73.13464757846295,1,2,21,SMS,Healthy,0.695
DNR_00247,39,M,B-,Faisalabad,31.34618522998128,73.08899069842654,1,2,38,App,Healthy,0.71
DNR_00248,34,M,O+,Quetta,30.144555308419836,67.05325451209931,0,4,91,SMS,Minor issues,0.345
DNR_00249,35,F,O+,Karachi,24.86995309412354,66.97959701971406,1,0,250,App,Unhealthy,0.05
DNR_00250,29,M,A+,Quetta,30.121725819770802,66.94828651285644,0,1,65,SMS,Healthy,0.42499999999999993
DNR_00251,39,M,B+,Peshawar,34.0840189976848,71.5514648050815,0,3,45,Phone,Healthy,0.625
DNR_00252,40,M,A+,Faisalabad,31.47052630175318,73.08427437278014,1,7,20,App,Healthy,0.95
DNR_00253,18,F,O+,Faisalabad,31.355536734318612,73.06574644310915,1,1,104,App,Healthy,0.32999999999999996
DNR_00254,38,M,AB+,Peshawar,34.06026463862903,71.62468592402753,0,3,93,App,Unhealthy,0.385
DNR_00255,44,M,A+,Peshawar,34.050389253639864,71.62443698077341,0,2,99,App,Healthy,0.405
DNR_00256,28,M,A+,Lahore,31.487283283413394,74.26662997880105,1,6,115,App,Minor issues,0.42500000000000004
DNR_00257,42,M,O+,Multan,30.17533648958268,71.52035687421896,0,1,48,App,Healthy,0.61
DNR_00258,39,F,A+,Multan,30.129507925508168,71.5508562879543,0,2,45,App,Healthy,0.6749999999999999
DNR_00259,19,M,O+,Lahore,31.557103715079176,74.37173897224902,1,13,16,App,Healthy,0.95
DNR_00260,25,F,A+,Faisalabad,31.368762267061875,73.03854306168438,1,2,71,SMS,Healthy,0.44499999999999995
DNR_00261,25,M,O+,Islamabad,33.71483838585017,73.04614049272185,1,2,36,SMS,Healthy,0.62
DNR_00262,29,M,B+,Faisalabad,31.42975628861978,73.08601054031813,1,4,54,SMS,Healthy,0.63
DNR_00263,41,F,B+,Islamabad,33.61113063789323,73.12075019482867,1,0,394,SMS,Healthy,0.05
DNR_00264,19,M,B-,Multan,30.163672467793383,71.59418382940534,0,5,17,App,Healthy,0.95
DNR_00265,30,F,O+,Peshawar,33.94312246879319,71.64532947055226,0,3,99,SMS,Healthy,0.355
DNR_00266,33,M,O+,Karachi,24.796787184764376,67.04442256929572,1,6,80,App,Healthy,0.7
DNR_00267,50,M,B+,Lahore,31.610243939442277,74.33999176327053,1,2,9,App,Minor issues,0.7549999999999999
DNR_00268,27,M,B-,Islamabad,33.61871371528184,73.05976133650806,1,4,93,SMS,Minor issues,0.33499999999999996
DNR_00269,38,M,A+,Karachi,24.921859195706375,66.94922619320621,1,7,94,Phone,Healthy,0.5800000000000001
DNR_00270,26,F,A-,Faisalabad,31.491941020813336,73.14726635166343,1,3,117,App,Minor issues,0.265
DNR_00271,43,F,O+,Peshawar,33.98860673819132,71.5731958525051,0,2,98,SMS,Minor issues,0.21
DNR_00272,45,M,B+,Lahore,31.500549823723812,74.28162348176322,1,2,48,Phone,Healthy,0.5599999999999999
DNR_00273,32,M,B+,Islamabad,33.658337948692754,73.01510388122533,1,4,65,SMS,Healthy,0.575
DNR_00274,44,F,O+,Peshawar,34.06731837204421,71.58294490543356,0,1,11,Phone,Minor issues,0.595
DNR_00275,23,M,A+,Lahore,31.619432061920225,74.26469281928632,1,3,54,Phone,Healthy,0.58
DNR_00276,26,M,B+,Islamabad,33.72006120454416,72.96972971747107,1,2,46,Phone,Healthy,0.57
DNR_00277,35,F,A+,Karachi,24.80625469203641,67.03087177918258,1,3,73,SMS,Healthy,0.485
DNR_00278,44,F,B-,Multan,30.124706016024998,71.54324007170302,0,7,115,App,Minor issues,0.4750000000000001
DNR_00279,20,M,O+,Lahore,31.529479974717912,74.3759105162969,1,3,98,App,Unhealthy,0.36
DNR_00280,52,F,A+,Faisalabad,31.37759446868937,73.11985832795598,1,5,48,SMS,Healthy,0.71
DNR_00281,38,F,O+,Quetta,30.246559153084956,66.91295340664595,0,4,11,SMS,Healthy,0.8449999999999999
DNR_00282,26,F,O-,Peshawar,34.071717761183194,71.57119448842555,0,2,37,SMS,Healthy,0.615
DNR_00283,23,F,A+,Quetta,30.229190733308357,66.96754916802875,0,1,19,App,Healthy,0.755
DNR_00284,42,M,B+,Karachi,24.830007130245306,66.92458327326291,1,3,101,SMS,Healthy,0.345
DNR_00285,33,M,O+,Lahore,31.524824618649944,74.27380158593793,1,2,77,SMS,Healthy,0.4149999999999999
DNR_00286,35,F,AB+,Quetta,30.222835530013356,67.01753242926779,0,4,66,App,Healthy,0.6699999999999999
DNR_00287,33,F,A+,Quetta,30.17156594122603,67.04173841226907,0,4,26,App,Minor issues,0.7699999999999999
DNR_00288,25,M,O+,Multan,30.21514585298034,71.46388130676564,0,2,23,Phone,Healthy,0.6849999999999999
DNR_00289,35,F,B+,Lahore,31.470255727191187,74.2672376523715,1,5,28,SMS,Healthy,0.8099999999999999
DNR_00290,43,M,A+,Peshawar,33.97174625068607,71.57420004456777,0,2,70,App,Healthy,0.5499999999999999
DNR_00291,34,M,O+,Multan,30.183131629728365,71.54328771315343,0,2,58,SMS,Healthy,0.51
DNR_00292,54,F,O-,Lahore,31.541130570599776,74.37112378189956,1,8,32,App,Healthy,0.95
DNR_00293,32,F,O+,Karachi,24.81546307362841,67.05929683882721,1,3,105,App,Healthy,0.42499999999999993
DNR_00294,19,M,B+,Islamabad,33.69657765369284,73.06029597034205,1,1,35,App,Minor issues,0.575
DNR_00295,31,F,A+,Lahore,31.57533398780972,74.29896683847136,1,5,90,App,Healthy,0.6
DNR_00296,27,M,O+,Peshawar,34.03515890202373,71.56885209316712,0,1,114,Phone,Minor issues,0.08000000000000003
DNR_00297,42,M,A-,Faisalabad,31.361874817252026,73.05933363016113,1,0,284,App,Healthy,0.05
DNR_00298,26,F,B+,Faisalabad,31.361096279866427,73.07318402551978,1,5,119,App,Minor issues,0.355
DNR_00299,42,M,B+,Quetta,30.138657362574335,66.9275338772896,0,1,86,SMS,Healthy,0.31999999999999995
DNR_00300,48,M,B-,Karachi,24.788945860658245,66.98144687599381,1,1,99,SMS,Minor issues,0.15499999999999997
DNR_00301,34,M,O+,Karachi,24.896588838376346,67.0105160762036,1,5,77,App,Minor issues,0.565
DNR_00302,40,M,B-,Islamabad,33.754345562112356,73.1218324089783,1,1,66,Phone,Healthy,0.41999999999999993
DNR_00303,36,M,A-,Lahore,31.5331611295642,74.30189295343408,1,8,15,SMS,Healthy,0.95
DNR_00304,49,M,O+,Quetta,30.141649860381655,66.9770506464038,0,3,8,SMS,Healthy,0.8099999999999999
DNR_00305,18,M,O+,Multan,30.2237928798236,71.504212787429,0,2,78,App,Minor issues,0.4099999999999999
DNR_00306,43,M,B+,Lahore,31.55822985016675,74.35704510385888,1,9,117,SMS,Healthy,0.5650000000000001
DNR_00307,28,F,O+,Lahore,31.509016802620057,74.35170280520272,1,0,234,App,Healthy,0.05
DNR_00308,41,F,O+,Faisalabad,31.440671112703793,73.07759529321292,1,4,92,SMS,Unhealthy,0.33999999999999997
DNR_00309,38,M,A+,Lahore,31.499147643657803,74.40589832475439,1,2,52,App,Healthy,0.6399999999999999
DNR_00310,37,F,AB-,Karachi,24.91157934573676,66.92886230307143,1,3,26,SMS,Healthy,0.72
DNR_00311,20,M,O+,Multan,30.078962633870503,71.5258172671509,0,6,103,App,Healthy,0.585
DNR_00312,25,M,A+,Multan,30.182985494718377,71.44741708269908,0,1,39,Phone,Minor issues,0.45499999999999996
DNR_00313,33,M,B+,Karachi,24.9370966957172,66.92384281561638,1,2,44,SMS,Healthy,0.58
DNR_00314,44,F,A+,Faisalabad,31.484887815113442,73.08300166419613,1,9,104,Phone,Healthy,0.63
DNR_00315,40,M,A+,Islamabad,33.66790342759969,73.02758825335418,1,3,67,SMS,Healthy,0.515
DNR_00316,29,M,B+,Multan,30.213158736325045,71.54949771512946,0,9,56,App,Healthy,0.95
DNR_00317,36,F,A+,Karachi,24.856860816021104,67.0229796920889,1,6,13,App,Healthy,0.95
DNR_00318,39,F,O+,Faisalabad,31.428537060472166,73.13637365013818,1,4,28,App,Minor issues,0.7599999999999999
DNR_00319,54,M,B+,Karachi,24.891466033992238,67.01178546351849,1,10,112,App,Minor issues,0.6399999999999999
DNR_00320,25,M,B-,Peshawar,34.08360261780074,71.55081755091626,0,8,18,SMS,Healthy,0.95
DNR_00321,27,F,B+,Faisalabad,31.48661999044053,73.04698430233293,1,1,61,SMS,Minor issues,0.345
DNR_00322,27,M,B+,Faisalabad,31.391076774339492,73.11999748232334,1,4,34,App,Minor issues,0.7299999999999999
DNR_00323,18,M,AB+,Peshawar,33.95062972597729,71.53764304070314,0,4,69,SMS,Healthy,0.555
DNR_00324,21,M,A+,Peshawar,34.05876878658101,71.50524010543123,0,4,91,Phone,Healthy,0.44499999999999995
DNR_00325,28,M,A-,Lahore,31.53879567139833,74.3723511772941,1,5,10,App,Minor issues,0.8999999999999999
DNR_00326,42,F,O+,Peshawar,33.946761069395585,71.54337552494314,0,5,56,App,Healthy,0.7699999999999999
DNR_00327,41,M,A+,Lahore,31.486748146833804,74.2644312355792,1,3,104,SMS,Healthy,0.32999999999999996
DNR_00328,44,M,B+,Islamabad,33.673356722556164,73.0570176051554,1,6,12,App,Healthy,0.95
DNR_00329,32,M,O+,Karachi,24.876387007647086,66.97300885289158,1,1,24,App,Healthy,0.73
DNR_00330,18,M,O+,Quetta,30.189325847321996,67.05383683202048,0,7,14,SMS,Healthy,0.95
DNR_00331,41,M,B+,Multan,30.12568100246001,71.52379983075373,0,8,20,App,Healthy,0.95
DNR_00332,18,M,B+,Quetta,30.157579985966326,67.04607556730102,0,3,66,App,Minor issues,0.52
DNR_00333,45,F,B+,Peshawar,33.9837452793202,71.65231175398313,0,8,90,App,Healthy,0.75
DNR_00334,18,M,A+,Faisalabad,31.406898595351546,73.13086563842238,1,1,34,Phone,Healthy,0.58
DNR_00335,36,F,A+,Islamabad,33.63653623819233,73.01816932499126,1,5,46,App,Minor issues,0.72
DNR_00336,19,F,B-,Multan,30.20261589913657,71.49704179799086,0,0,327,SMS,Unhealthy,0.05
DNR_00337,50,M,A+,Islamabad,33.69915632548006,73.05520065367213,1,4,86,App,Healthy,0.57
DNR_00338,29,F,B+,Multan,30.205129683365023,71.57790508939367,0,0,268,Phone,Healthy,0.05
DNR_00339,35,M,A-,Multan,30.117929069588975,71.46956291751295,0,0,277,App,Healthy,0.05
DNR_00340,28,M,B+,Quetta,30.1639288155727,66.97605802288471,0,1,113,Phone,Healthy,0.18500000000000005
DNR_00341,38,F,A+,Peshawar,34.04726148592889,71.63046751610864,0,5,119,App,Unhealthy,0.355
DNR_00342,46,M,AB+,Faisalabad,31.364614158924816,73.09712846437013,1,2,12,App,Healthy,0.84
DNR_00343,52,M,A+,Multan,30.232014684434212,71.51377288702243,0,2,8,App,Minor issues,0.7599999999999999
DNR_00344,30,M,O+,Peshawar,34.04502630540757,71.53586507778857,0,2,7,SMS,Healthy,0.7649999999999999
DNR_00345,28,M,B+,Multan,30.13269478201592,71.44883002448412,0,2,75,SMS,Healthy,0.42499999999999993
DNR_00346,21,M,B+,Karachi,24.80336802829305,66.9710024550236,1,3,26,App,Minor issues,0.72
DNR_00347,23,M,O+,Quetta,30.215319030924753,66.96739155092109,0,5,117,App,Healthy,0.46499999999999997
DNR_00348,36,M,O+,Multan,30.094998029085563,71.5729080201201,0,0,179,App,Healthy,0.05
DNR_00349,36,F,A+,Peshawar,34.02457583239838,71.65385401947744,0,1,14,App,Healthy,0.78
DNR_00350,38,M,B+,Lahore,31.5329931805005,74.38158213912737,1,2,53,App,Healthy,0.6349999999999999
DNR_00351,26,F,B+,Quetta,30.132725516698773,67.01537207925767,0,5,80,App,Healthy,0.6499999999999999
DNR_00352,38,F,O+,Karachi,24.839226884706004,66.9526318840236,1,3,97,SMS,Healthy,0.365
DNR_00353,34,M,A+,Quetta,30.19531533268528,66.99280934738223,0,3,25,SMS,Healthy,0.725
DNR_00354,37,M,B+,Faisalabad,31.445774217970357,73.12719814130955,1,5,72,App,Healthy,0.69
DNR_00355,52,F,A+,Multan,30.126360800405678,71.47418712293305,0,3,79,App,Healthy,0.5549999999999999
DNR_00356,36,F,B+,Quetta,30.167486205131713,66.97286723451077,0,2,104,SMS,Healthy,0.27999999999999997
DNR_00357,27,M,O-,Peshawar,33.98533280234574,71.57266015531947,0,0,192,App,Healthy,0.05
DNR_00358,22,M,B+,Karachi,24.842131068138873,67.01095313237361,1,4,89,App,Healthy,0.5549999999999999
DNR_00359,40,F,B+,Quetta,30.17799192191035,66.90822730012583,0,2,77,App,Minor issues,0.4149999999999999
DNR_00360,43,M,A+,Islamabad,33.65058724962259,73.0928184315888,1,1,66,App,Healthy,0.5199999999999999
DNR_00361,18,M,A+,Quetta,30.118073064217434,67.01901808445824,0,10,41,SMS,Healthy,0.95
DNR_00362,45,F,B+,Faisalabad,31.408618652756633,73.0340667096016,1,8,52,SMS,Minor issues,0.74
DNR_00363,44,M,A+,Multan,30.237390027084626,71.51685717485287,0,3,34,SMS,Healthy,0.6799999999999999
DNR_00364,18,M,A+,Quetta,30.137711368858668,67.0247124346943,0,0,371,Phone,Minor issues,0.05
DNR_00365,58,M,B+,Multan,30.176084191965145,71.5704758895953,0,5,76,SMS,Healthy,0.57
DNR_00366,42,F,A+,Peshawar,34.02120296736762,71.55228457853676,0,5,27,App,Healthy,0.9149999999999999
DNR_00367,41,F,O+,Islamabad,33.748424846171496,73.09832894493964,1,3,81,Phone,Healthy,0.44499999999999995
DNR_00368,19,M,A+,Quetta,30.238527614469405,66.9153021069782,0,2,25,Phone,Unhealthy,0.575
DNR_00369,32,F,O+,Multan,30.212468905062956,71.50773212004836,0,1,58,App,Healthy,0.5599999999999999
DNR_00370,38,M,A+,Multan,30.178880442136048,71.58572001300918,0,3,14,App,Healthy,0.88
DNR_00371,43,M,B+,Islamabad,33.75644065261846,73.02026628482575,1,0,327,Phone,Healthy,0.05
DNR_00372,26,M,A+,Multan,30.183763011333095,71.50221563669456,0,0,173,SMS,Healthy,0.05
DNR_00373,39,M,B+,Lahore,31.54885439160888,74.31525842393438,1,1,19,Phone,Minor issues,0.555
DNR_00374,26,M,B+,Lahore,31.52469833928842,74.37280830817491,1,1,67,SMS,Healthy,0.4149999999999999
DNR_00375,48,M,O+,Faisalabad,31.4867092600556,73.02437736239587,1,3,51,SMS,Healthy,0.595
DNR_00376,38,M,A-,Lahore,31.61084364224672,74.31189848070022,1,3,27,Phone,Minor issues,0.615
DNR_00377,29,F,AB+,Multan,30.183821409826038,71.54872579346362,0,4,16,App,Healthy,0.9199999999999999
DNR_00378,27,M,A+,Multan,30.182377636541364,71.55749168636225,0,1,30,SMS,Healthy,0.6
DNR_00379,19,M,B+,Lahore,31.540910700284584,74.26489001104306,1,1,56,SMS,Healthy,0.47
DNR_00380,40,M,O+,Faisalabad,31.349332528864082,73.06039118810813,1,4,95,App,Healthy,0.525
DNR_00381,35,F,O+,Islamabad,33.66563536798174,73.09803886779923,1,1,75,App,Healthy,0.475
DNR_00382,38,F,A+,Multan,30.07885595871248,71.54890323410525,0,1,27,App,Healthy,0.715
DNR_00383,46,M,A+,Multan,30.176072162016112,71.51568141911025,0,8,16,SMS,Minor issues,0.92
DNR_00384,41,M,O-,Faisalabad,31.3942457024613,73.0678021986419,1,1,31,App,Healthy,0.695
DNR_00385,24,F,O+,Multan,30.173501258756136,71.54211489582649,0,8,45,App,Healthy,0.95
DNR_00386,44,F,A+,Faisalabad,31.37087131490439,73.0962082991475,1,2,108,SMS,Minor issues,0.15999999999999995
DNR_00387,18,M,B+,Multan,30.230247441815543,71.52408203519093,0,4,110,App,Minor issues,0.35
DNR_00388,45,M,B+,Peshawar,33.93693072198258,71.55827571312658,0,8,103,App,Minor issues,0.585
DNR_00389,25,M,B+,Faisalabad,31.447270727840387,73.1211361500633,1,1,55,SMS,Healthy,0.475
DNR_00390,38,F,A+,Karachi,24.81521887016276,67.0687126862293,1,5,38,SMS,Healthy,0.7599999999999999
DNR_00391,44,F,B+,Islamabad,33.67086911910006,73.08018970217977,1,3,50,SMS,Healthy,0.6
DNR_00392,20,M,B+,Peshawar,33.94764344991601,71.64784797740364,0,1,93,App,Healthy,0.3849999999999999
DNR_00393,18,F,O+,Islamabad,33.70837432527668,73.07080473111405,1,0,250,SMS,Minor issues,0.05
DNR_00394,26,M,B+,Faisalabad,31.485940440695863,73.0176578530471,1,7,112,App,Healthy,0.59
DNR_00395,40,M,O+,Multan,30.09661088110526,71.5581640971389,0,3,23,SMS,Healthy,0.735
DNR_00396,23,F,O+,Islamabad,33.64587951384421,73.02739910894266,1,0,283,SMS,Minor issues,0.05
DNR_00397,27,F,AB+,Faisalabad,31.4066919310951,73.08291667383179,1,5,36,Phone,Healthy,0.7699999999999999
DNR_00398,41,M,AB+,Quetta,30.179737600921822,66.98570178051814,0,11,109,App,Healthy,0.8049999999999999
DNR_00399,37,M,O+,Karachi,24.799153376565464,67.03962479399301,1,3,104,Phone,Healthy,0.32999999999999996
DNR_00400,44,M,AB+,Lahore,31.6169362472416,74.29223374940295,1,1,8,App,Healthy,0.8099999999999999
DNR_00401,20,F,O+,Faisalabad,31.405099088698048,73.05058832231553,1,3,58,Phone,Healthy,0.56
DNR_00402,40,M,A+,Islamabad,33.62350414874797,73.07563211467497,1,3,12,SMS,Healthy,0.79
DNR_00403,31,M,O+,Peshawar,33.94602823004364,71.57491506846671,0,3,107,Phone,Unhealthy,0.21499999999999997
DNR_00404,42,M,B-,Karachi,24.812807384552475,67.01130907853187,1,3,44,SMS,Healthy,0.63
DNR_00405,18,M,A+,Quetta,30.259445938602227,67.01914175295283,0,2,36,App,Unhealthy,0.62
DNR_00406,45,F,B+,Faisalabad,31.40360577753056,73.03637963869755,1,1,20,App,Healthy,0.75
DNR_00407,37,M,A+,Karachi,24.885868616028162,67.05694095804462,1,2,8,Phone,Healthy,0.7599999999999999
DNR_00408,24,F,O+,Peshawar,34.08878960974204,71.65610947775478,0,5,60,Phone,Healthy,0.65
DNR_00409,34,M,O+,Karachi,24.86386147495873,67.03323550555179,1,5,86,Phone,Minor issues,0.42
DNR_00410,18,M,AB+,Peshawar,34.066194062703076,71.51247287749278,0,2,47,App,Healthy,0.6649999999999999
DNR_00411,38,M,B+,Lahore,31.520101426465562,74.39173069151991,1,4,27,App,Healthy,0.865
DNR_00412,43,F,A+,Islamabad,33.75536874976481,72.98967789542667,1,3,102,App,Healthy,0.43999999999999995
DNR_00413,38,F,O+,Karachi,24.845742008305475,67.0068479278544,1,4,99,App,Healthy,0.505
DNR_00414,34,F,O+,Islamabad,33.61886734208776,73.09711550474888,1,3,8,App,Minor issues,0.8099999999999999
DNR_00415,24,M,A+,Peshawar,33.98744698542157,71.51509406460661,0,1,89,App,Minor issues,0.30499999999999994
DNR_00416,37,M,B+,Peshawar,34.06621433852992,71.52831883720289,0,2,56,App,Healthy,0.6199999999999999
DNR_00417,26,F,AB-,Multan,30.093805175785896,71.57190955884433,0,3,89,SMS,Healthy,0.405
DNR_00418,29,M,O+,Faisalabad,31.469787746430136,73.05865835901055,1,1,22,Phone,Healthy,0.64
DNR_00419,42,M,A+,Peshawar,33.946997948910955,71.66004582818087,0,3,23,SMS,Minor issues,0.635
DNR_00420,24,M,A+,Faisalabad,31.470696988354785,73.05214798260036,1,1,42,App,Minor issues,0.54
DNR_00421,25,M,B+,Lahore,31.532899790115508,74.26831716688004,1,0,386,SMS,Minor issues,0.05
DNR_00422,43,F,O+,Lahore,31.541061828903466,74.287381025451,1,2,13,Phone,Healthy,0.7349999999999999
DNR_00423,43,M,A+,Multan,30.154144948793622,71.45893544816944,0,0,225,App,Minor issues,0.05
DNR_00424,60,M,B+,Multan,30.17842070221196,71.57324689324338,0,4,68,Phone,Healthy,0.5599999999999999
DNR_00425,31,F,B-,Quetta,30.24582832265574,66.97538292088699,0,2,16,SMS,Healthy,0.72
DNR_00426,32,M,O+,Islamabad,33.73411029851262,73.01284922644923,1,1,19,SMS,Healthy,0.655
DNR_00427,39,F,B+,Islamabad,33.76023677787736,72.9839214939688,1,3,66,SMS,Unhealthy,0.42
DNR_00428,39,F,O+,Faisalabad,31.460247955794802,73.15074839651514,1,3,32,SMS,Healthy,0.69
DNR_00429,57,M,A-,Islamabad,33.63219392501843,73.00574818123879,1,5,99,Phone,Unhealthy,0.355
DNR_00430,19,M,A+,Islamabad,33.716489728536224,73.1195093976112,1,1,19,Phone,Healthy,0.655
DNR_00431,18,M,B+,Lahore,31.62496203333405,74.35033993624336,1,4,54,SMS,Minor issues,0.53
DNR_00432,34,M,O+,Karachi,24.864931762263762,66.92120935942141,1,4,66,App,Healthy,0.6699999999999999
DNR_00433,27,F,O+,Lahore,31.598087911134105,74.40251473570298,1,4,14,App,Healthy,0.9299999999999999
DNR_00434,38,M,O+,Multan,30.21293694201266,71.58260711465465,0,3,66,Phone,Minor issues,0.42
DNR_00435,41,F,B+,Multan,30.125782424596075,71.4667322670172,0,6,50,App,Healthy,0.85
DNR_00436,31,M,A-,Multan,30.167416369549702,71.58723603468997,0,10,93,App,Healthy,0.835
DNR_00437,34,M,B+,Multan,30.12659171668767,71.55505975033583,0,2,30,SMS,Healthy,0.6499999999999999
DNR_00438,35,M,A+,Multan,30.23658530088762,71.599329430446,0,3,37,Phone,Healthy,0.6649999999999999
DNR_00439,27,M,A+,Faisalabad,31.42848803937925,73.14897004696867,1,1,13,Phone,Healthy,0.6849999999999999
DNR_00440,18,M,A+,Lahore,31.57148988323846,74.41769273992624,1,2,11,App,Healthy,0.8449999999999999
DNR_00441,46,F,A+,Multan,30.119933990490058,71.48482653810164,0,6,44,Phone,Healthy,0.78
DNR_00442,40,M,O+,Karachi,24.850815222612127,66.98824451666962,1,3,14,SMS,Healthy,0.78
DNR_00443,23,M,B+,Quetta,30.2324091164106,67.02119679911618,0,4,56,App,Healthy,0.72
DNR_00444,47,M,A+,Lahore,31.60502199744393,74.31078537809857,1,2,68,App,Healthy,0.5599999999999999
DNR_00445,31,M,AB+,Islamabad,33.72151761364341,73.05542740137795,1,2,97,App,Healthy,0.41500000000000004
DNR_00446,40,F,O+,Peshawar,34.04772074345469,71.56951173346334,0,3,101,Phone,Minor issues,0.245
DNR_00447,35,F,A+,Quetta,30.13268807627487,66.92539748121413,0,11,16,App,Healthy,0.95
DNR_00448,37,F,A+,Multan,30.12508410362905,71.46024654742436,0,4,31,SMS,Healthy,0.745
DNR_00449,30,M,B+,Quetta,30.168216953191315,66.94212791183459,0,5,28,App,Healthy,0.9099999999999999
DNR_00450,18,F,A+,Lahore,31.571810505451932,74.41992923135987,1,3,57,App,Healthy,0.665
DNR_00451,31,M,O+,Faisalabad,31.44376640875936,73.0136819004081,1,3,38,App,Healthy,0.76
DNR_00452,41,M,O+,Quetta,30.14192735466926,66.96940927298473,0,5,53,App,Healthy,0.7849999999999999
DNR_00453,29,M,O+,Karachi,24.796172419364105,67.02800258782361,1,5,14,App,Healthy,0.95
DNR_00454,24,F,B+,Faisalabad,31.47252754662884,73.13004483437845,1,4,102,SMS,Healthy,0.39
DNR_00455,50,M,B+,Faisalabad,31.375702723117186,73.04691633744115,1,3,28,Phone,Healthy,0.71
DNR_00456,18,M,AB+,Peshawar,34.02643766483967,71.6577407622579,0,8,91,SMS,Healthy,0.6449999999999999
DNR_00457,36,M,A-,Lahore,31.50360242553766,74.2944361734464,1,5,29,Phone,Healthy,0.8049999999999999
DNR_00458,39,M,O+,Multan,30.177856193957183,71.57835729898817,0,4,67,App,Unhealthy,0.565
DNR_00459,40,M,AB+,Karachi,24.832880288859158,66.96529213118515,1,4,29,App,Healthy,0.855
DNR_00460,48,M,AB-,Peshawar,34.001310783803035,71.52421195860695,0,5,107,SMS,Healthy,0.4149999999999999
DNR_00461,37,M,A+,Karachi,24.796858470852072,66.96687485664782,1,2,7,Phone,Healthy,0.7649999999999999
DNR_00462,19,M,B+,Quetta,30.19132371836777,66.97068745855982,0,4,105,App,Healthy,0.475
DNR_00463,36,M,B+,Peshawar,33.941205205197086,71.64283187422629,0,7,16,SMS,Healthy,0.95
DNR_00464,28,M,O+,Multan,30.13709051134614,71.49895857302832,0,5,72,App,Healthy,0.69
DNR_00465,39,F,O+,Faisalabad,31.35371478244364,73.13812400401586,1,6,92,App,Healthy,0.64
DNR_00466,26,M,A-,Faisalabad,31.40468363643286,73.10238876982842,1,3,84,SMS,Healthy,0.43000000000000005
DNR_00467,35,M,O+,Faisalabad,31.476750235288037,73.13046278278375,1,0,254,SMS,Minor issues,0.05
DNR_00468,20,M,O+,Islamabad,33.72928262874042,73.05178579473416,1,5,10,SMS,Healthy,0.8999999999999999
DNR_00469,28,M,O+,Faisalabad,31.343291367121278,73.00718948507074,1,8,105,App,Healthy,0.6749999999999999
DNR_00470,19,M,O+,Islamabad,33.70606556945213,72.98771965742252,1,4,109,SMS,Healthy,0.355
DNR_00471,23,M,B+,Peshawar,34.01093316624985,71.58871339529725,0,6,77,App,Unhealthy,0.615
DNR_00472,26,M,A+,Islamabad,33.650011100229555,73.02975050731855,1,11,86,SMS,Healthy,0.82
DNR_00473,29,M,B+,Lahore,31.578131239374557,74.30665337268303,1,5,30,Phone,Healthy,0.7999999999999999
DNR_00474,22,M,O+,Faisalabad,31.413855553044694,73.02027025452539,1,6,66,Phone,Healthy,0.67
DNR_00475,39,M,A+,Lahore,31.51857355174153,74.41832391093894,1,6,30,App,Minor issues,0.85
DNR_00476,18,M,B+,Quetta,30.13471344865167,66.94334321460389,0,6,37,Phone,Healthy,0.8150000000000001
DNR_00477,25,M,A+,Peshawar,34.0409768724042,71.63542543201372,0,3,100,App,Healthy,0.44999999999999996
DNR_00478,47,M,A+,Peshawar,34.01207814701061,71.55430538462205,0,1,119,App,Healthy,0.255
DNR_00479,18,M,O+,Islamabad,33.747179807628946,73.01570657790704,1,4,51,App,Healthy,0.7449999999999999
DNR_00480,38,M,A+,Karachi,24.87670532818329,67.02678485178897,1,1,53,SMS,Minor issues,0.38499999999999995
DNR_00481,30,F,A+,Multan,30.22260585000344,71.50963582314047,0,1,81,App,Healthy,0.44499999999999995
DNR_00482,36,F,B+,Peshawar,34.04913908627315,71.61031089774923,0,1,9,SMS,Healthy,0.705
DNR_00483,27,M,B+,Multan,30.104697866249843,71.55011834954797,0,5,115,App,Healthy,0.475
DNR_00484,28,M,O+,Quetta,30.229135019062795,67.01706691493108,0,4,70,App,Healthy,0.65
DNR_00485,38,M,A+,Islamabad,33.640132468061694,73.10732915714631,1,2,11,SMS,Healthy,0.7449999999999999
DNR_00486,43,M,B-,Islamabad,33.62324503539864,72.97648831270503,1,7,45,SMS,Healthy,0.8250000000000001
DNR_00487,18,M,B+,Peshawar,34.01507637991883,71.63929964075172,0,2,76,App,Minor issues,0.41999999999999993
DNR_00488,29,M,O+,Karachi,24.939475656462072,66.97592718158863,1,1,95,Phone,Healthy,0.275
DNR_00489,31,F,A-,Lahore,31.59433058838941,74.34161293531969,1,2,41,App,Healthy,0.695
DNR_00490,42,M,O+,Multan,30.111001178933613,71.56866676341129,0,1,22,App,Healthy,0.74
DNR_00491,29,M,O+,Faisalabad,31.43631675819601,73.10045800651241,1,8,50,SMS,Healthy,0.85
DNR_00492,34,M,A-,Karachi,24.840396224868382,66.92335233899594,1,2,88,App,Healthy,0.45999999999999996
DNR_00493,18,M,A+,Lahore,31.587076518546134,74.29980251380624,1,5,21,App,Healthy,0.945
DNR_00494,33,F,O+,Karachi,24.807423229962932,67.0529150127479,1,4,48,App,Healthy,0.76
DNR_00495,38,M,O+,Multan,30.146886436805694,71.55478482474741,0,4,43,SMS,Healthy,0.6849999999999999
DNR_00496,20,M,A-,Islamabad,33.749503077790976,73.09782133069443,1,4,25,SMS,Healthy,0.775
DNR_00497,36,M,O+,Lahore,31.550441368733626,74.28330591708014,1,2,67,App,Healthy,0.565
DNR_00498,24,F,A+,Quetta,30.185357349471015,66.90277391385307,0,1,39,Phone,Healthy,0.5549999999999999
DNR_00499,21,F,A+,Multan,30.096026372214286,71.51599028623134,0,3,64,SMS,Healthy,0.53
DNR_00500,48,M,O+,Multan,30.17834981442607,71.49307863276108,0,3,104,App,Healthy,0.42999999999999994
DNR_00501,32,F,A+,Islamabad,33.67141212028343,73.1116795080005,1,1,91,SMS,Healthy,0.29499999999999993
DNR_00502,37,M,A+,Islamabad,33.636183465873,72.99985990178341,1,1,80,App,Healthy,0.44999999999999996
DNR_00503,18,M,B+,Lahore,31.495359775780923,74.35130220219654,1,1,92,App,Healthy,0.3899999999999999
DNR_00504,43,F,A+,Quetta,30.207261301194432,67.04010080708316,0,1,65,App,Healthy,0.5249999999999999
DNR_00505,25,F,A+,Lahore,31.481707714180427,74.37937219975149,1,3,70,Phone,Minor issues,0.4
DNR_00506,42,F,A+,Quetta,30.174084377157783,66.91096942640921,0,2,74,Phone,Healthy,0.42999999999999994
DNR_00507,34,M,O+,Islamabad,33.672559233019996,72.98644416858554,1,8,91,App,Healthy,0.7449999999999999
DNR_00508,22,F,AB+,Faisalabad,31.390585732170972,73.14222441878046,1,4,111,App,Healthy,0.44499999999999995
DNR_00509,50,F,O+,Multan,30.106759107248582,71.50902440228492,0,4,72,App,Minor issues,0.54
DNR_00510,32,F,O+,Quetta,30.167278371439988,67.03677982186902,0,1,103,SMS,Healthy,0.23499999999999996
DNR_00511,46,M,O+,Multan,30.103003263597145,71.51146443466095,0,2,29,App,Minor issues,0.6549999999999999
DNR_00512,28,M,A+,Multan,30.202166287134407,71.54271734708406,0,6,57,App,Healthy,0.815
DNR_00513,27,F,O-,Quetta,30.165605482197627,66.90235557206074,0,2,98,Phone,Healthy,0.31
DNR_00514,24,M,O+,Multan,30.196479809971628,71.56070376692416,0,5,15,Phone,Healthy,0.875
DNR_00515,41,M,B-,Peshawar,33.95023874215227,71.60637412205536,0,2,48,SMS,Healthy,0.5599999999999999
DNR_00516,55,M,B+,Multan,30.16683507787235,71.60294665996184,0,0,314,App,Minor issues,0.05
DNR_00517,18,M,A+,Lahore,31.54903358892133,74.29006461972578,1,7,113,SMS,Healthy,0.4850000000000001
DNR_00518,26,F,O+,Islamabad,33.64003304370701,73.07083077037171,1,2,54,Phone,Healthy,0.5299999999999999
DNR_00519,30,M,O+,Quetta,30.113883177872406,66.97475298338779,0,1,25,App,Healthy,0.725
DNR_00520,35,M,AB+,Karachi,24.868555806350912,67.05324540134775,1,3,22,App,Healthy,0.84
DNR_00521,32,F,B-,Peshawar,34.0079932677154,71.55503667207162,0,3,36,SMS,Healthy,0.67
DNR_00522,21,F,A+,Faisalabad,31.437161275148334,73.07480138897498,1,4,101,App,Healthy,0.495
DNR_00523,23,F,A+,Karachi,24.781051511646936,66.97792223657355,1,4,9,App,Healthy,0.95
DNR_00524,52,M,A+,Peshawar,33.942324497576806,71.52676485883286,0,3,11,SMS,Healthy,0.7949999999999999
DNR_00525,38,M,A+,Multan,30.10884743474429,71.46421932917859,0,2,66,App,Healthy,0.57
DNR_00526,29,F,O+,Faisalabad,31.459143894689642,73.00654005790547,1,0,350,App,Healthy,0.05
DNR_00527,18,M,A+,Karachi,24.886053071200035,67.07409045146011,1,2,9,SMS,Healthy,0.7549999999999999
DNR_00528,33,M,B+,Peshawar,34.00424966077664,71.59411931381575,0,6,34,SMS,Healthy,0.83
DNR_00529,26,F,A+,Lahore,31.60013906465576,74.28016863377977,1,2,53,SMS,Healthy,0.5349999999999999
DNR_00530,37,F,A+,Islamabad,33.76112012163281,73.11444563867154,1,1,28,SMS,Healthy,0.61
DNR_00531,41,F,O+,Islamabad,33.62573949296257,73.03393927564922,1,4,97,Phone,Healthy,0.41500000000000004
DNR_00532,23,F,A+,Islamabad,33.65462572721466,73.08579098374308,1,4,72,SMS,Healthy,0.54
DNR_00533,22,M,O+,Lahore,31.524946972943773,74.3711797940882,1,4,7,SMS,Healthy,0.8649999999999999
DNR_00534,27,F,A+,Lahore,31.52128102358622,74.28206484036538,1,5,10,SMS,Healthy,0.8999999999999999
DNR_00535,29,M,B+,Peshawar,34.04287895768627,71.64351856022047,0,4,27,Phone,Healthy,0.765
DNR_00536,38,M,A-,Faisalabad,31.39893925016561,73.00759039992124,1,3,45,App,Healthy,0.725
DNR_00537,36,M,O+,Faisalabad,31.37808976119331,73.13340109031442,1,5,97,App,Healthy,0.565
DNR_00538,22,F,O+,Faisalabad,31.41041512072382,73.09767741340164,1,3,44,SMS,Healthy,0.63
DNR_00539,26,F,B+,Lahore,31.507715275610593,74.38908914765933,1,1,25,SMS,Healthy,0.625
DNR_00540,27,F,O+,Multan,30.144150597997548,71.57099784481028,0,3,32,App,Healthy,0.7899999999999999
DNR_00541,38,F,AB+,Karachi,24.919715993810804,67.05877115815892,1,5,51,SMS,Healthy,0.695
DNR_00542,42,M,O+,Multan,30.198317232833368,71.5323584218722,0,2,53,SMS,Healthy,0.5349999999999999
DNR_00543,18,M,A+,Lahore,31.57892541627225,74.29351625304517,1,2,42,App,Healthy,0.69
DNR_00544,30,M,B+,Quetta,30.142078335249504,66.92074861596106,0,2,58,App,Healthy,0.61
DNR_00545,41,F,O+,Quetta,30.248380518153464,66.9905008531223,0,0,331,Phone,Healthy,0.05
DNR_00546,44,F,A+,Faisalabad,31.42962831848879,73.05639369410619,1,1,74,SMS,Healthy,0.38
DNR_00547,19,F,O+,Lahore,31.59550131829398,74.28909927880278,1,4,54,Phone,Healthy,0.63
DNR_00548,57,M,B+,Islamabad,33.657501362384636,73.02562765194604,1,3,56,App,Healthy,0.6699999999999999
DNR_00549,27,M,A+,Peshawar,34.05534140107767,71.60438801814175,0,9,107,App,Healthy,0.7149999999999999
DNR_00550,42,M,B+,Lahore,31.569081071619784,74.41702349057182,1,1,67,Phone,Healthy,0.4149999999999999
DNR_00551,35,F,O+,Faisalabad,31.42443797007081,73.0443526390847,1,1,58,Phone,Healthy,0.45999999999999996
DNR_00552,31,F,A+,Islamabad,33.68228875346642,73.01532943513189,1,10,26,SMS,Healthy,0.95
DNR_00553,20,F,O+,Karachi,24.933704193035744,67.00717597295427,1,4,98,Phone,Healthy,0.41000000000000003
DNR_00554,46,M,O+,Multan,30.18716482928301,71.57860641243926,0,2,92,SMS,Healthy,0.33999999999999997
DNR_00555,23,M,A+,Multan,30.22786017784133,71.56440253210789,0,1,111,SMS,Healthy,0.19499999999999995
DNR_00556,22,M,B+,Islamabad,33.63287874616886,73.00820528015862,1,11,31,App,Healthy,0.95
DNR_00557,34,M,A+,Islamabad,33.66911168331268,73.01852467934715,1,5,112,App,Healthy,0.4899999999999999
DNR_00558,35,M,O+,Karachi,24.90165369547123,67.01479728213013,1,1,115,SMS,Healthy,0.17500000000000004
DNR_00559,32,F,O+,Peshawar,33.98321611357518,71.51434083543005,0,12,55,App,Minor issues,0.95
DNR_00560,25,F,B+,Quetta,30.124811755863988,66.93017851607368,0,6,68,SMS,Healthy,0.66
DNR_00561,26,F,A+,Faisalabad,31.361052085993357,73.10746624728081,1,2,94,SMS,Unhealthy,0.23
DNR_00562,31,F,A+,Multan,30.079284033243088,71.58486270841965,0,3,57,SMS,Unhealthy,0.465
DNR_00563,24,M,O+,Peshawar,34.08651670227662,71.54925058437593,0,3,70,SMS,Healthy,0.5
DNR_00564,43,F,B-,Lahore,31.551708431127615,74.2893526972103,1,2,114,App,Healthy,0.33000000000000007
DNR_00565,25,M,A+,Lahore,31.56046682311565,74.27230212894843,1,4,115,App,Healthy,0.42500000000000004
DNR_00566,36,F,AB-,Quetta,30.11057804118477,66.91071238422086,0,0,315,SMS,Healthy,0.05
DNR_00567,42,F,B+,Islamabad,33.64192525579934,73.01352194302024,1,3,72,App,Healthy,0.59
DNR_00568,26,M,O+,Quetta,30.148708078305077,66.98846718925523,0,6,107,App,Healthy,0.565
DNR_00569,39,M,B+,Islamabad,33.65451436491748,73.09360561793032,1,2,103,Phone,Healthy,0.285
DNR_00570,22,F,A+,Islamabad,33.657450072047574,73.04469263527733,1,0,365,App,Healthy,0.05
DNR_00571,23,M,A+,Quetta,30.196860426571337,67.02968687925411,0,8,57,SMS,Healthy,0.8150000000000001
DNR_00572,21,F,O+,Peshawar,34.035259021611765,71.6168880587523,0,3,79,App,Healthy,0.5549999999999999
DNR_00573,33,F,AB+,Faisalabad,31.432405809894515,73.1441085723837,1,5,33,SMS,Healthy,0.7849999999999999
DNR_00574,36,M,B+,Peshawar,33.99353098081648,71.5362290636199,0,3,100,App,Minor issues,0.35
DNR_00575,51,F,A+,Islamabad,33.66788562522395,73.04824676314662,1,0,184,App,Healthy,0.05
DNR_00576,25,F,AB-,Multan,30.14889527101424,71.47356322942538,0,2,55,App,Healthy,0.6249999999999999
DNR_00577,34,F,A+,Lahore,31.52710728621533,74.29861105876144,1,2,44,SMS,Healthy,0.58
DNR_00578,18,M,O+,Islamabad,33.687261636767055,73.09453367314488,1,4,105,App,Healthy,0.475
DNR_00579,42,M,AB+,Karachi,24.89329780045562,67.00451966466136,1,3,36,Phone,Healthy,0.67
DNR_00580,24,F,A+,Islamabad,33.66466553112706,73.0284629627291,1,7,34,SMS,Healthy,0.88
DNR_00581,30,M,AB+,Peshawar,33.970663880725354,71.56543475240815,0,7,81,App,Unhealthy,0.6449999999999999
DNR_00582,38,F,B+,Faisalabad,31.47912547891017,73.06948379212093,1,0,273,Phone,Healthy,0.05
DNR_00583,45,M,B+,Islamabad,33.66235567107441,73.08266843335265,1,6,62,App,Healthy,0.79
DNR_00584,45,M,O+,Faisalabad,31.446036708210485,73.07574338613833,1,4,71,App,Healthy,0.645
DNR_00585,21,M,A+,Quetta,30.191557841816362,66.9207806624588,0,1,66,App,Healthy,0.5199999999999999
DNR_00586,28,M,O+,Peshawar,34.08259149930482,71.5831625108221,0,6,119,App,Healthy,0.505
DNR_00587,27,M,AB+,Multan,30.22906061897963,71.4795549468627,0,5,62,SMS,Minor issues,0.54
DNR_00588,50,M,B+,Quetta,30.195934194305792,67.02213857124167,0,3,115,App,Minor issues,0.275
DNR_00589,36,F,O+,Multan,30.187194586208665,71.59247631117519,0,3,32,SMS,Healthy,0.69
DNR_00590,37,M,O+,Quetta,30.132175767854108,67.03253467072169,0,1,65,App,Healthy,0.5249999999999999
DNR_00591,29,M,B+,Lahore,31.61395731493801,74.3595702074993,1,3,43,SMS,Healthy,0.635
DNR_00592,20,F,B+,Faisalabad,31.358852614524345,73.09565594413195,1,3,74,App,Healthy,0.58
DNR_00593,35,F,A-,Peshawar,34.04662284914233,71.56913300231633,0,3,65,App,Minor issues,0.525
DNR_00594,34,F,B+,Faisalabad,31.45662304676516,73.1209462763276,1,3,118,App,Healthy,0.36
DNR_00595,37,F,O+,Lahore,31.61531365706808,74.27701081295402,1,13,59,App,Minor issues,0.95
DNR_00596,18,M,B+,Islamabad,33.730707597168816,73.06037794332806,1,2,38,App,Healthy,0.71
DNR_00597,46,M,O+,Multan,30.142915212347827,71.46195331463191,0,1,114,App,Minor issues,0.18000000000000005
DNR_00598,39,M,B+,Islamabad,33.66290305510983,73.0119896868608,1,4,7,Phone,Healthy,0.8649999999999999
DNR_00599,27,F,A+,Quetta,30.128395135653275,66.98445501274455,0,1,117,SMS,Healthy,0.16500000000000004
DNR_00600,35,M,AB-,Islamabad,33.62649096295237,73.10611288425837,1,2,105,SMS,Healthy,0.27499999999999997
DNR_00601,39,M,O+,Faisalabad,31.37231330264609,73.06318974502811,1,3,25,SMS,Healthy,0.725
DNR_00602,42,M,B+,Multan,30.139756588893615,71.54664025893842,0,2,23,SMS,Healthy,0.6849999999999999
DNR_00603,18,F,A+,Quetta,30.11005287301909,66.93048323913912,0,4,97,Phone,Healthy,0.41500000000000004
DNR_00604,35,M,O+,Quetta,30.204788036776787,66.94083507741881,0,3,18,Phone,Healthy,0.76
DNR_00605,38,F,O+,Faisalabad,31.408235527766596,73.03137315884896,1,1,47,SMS,Healthy,0.515
DNR_00606,33,F,A+,Islamabad,33.686087656063805,73.07965195721587,1,2,114,App,Minor issues,0.23000000000000004
DNR_00607,20,M,A+,Islamabad,33.62959116173606,73.12739074301236,1,3,106,App,Healthy,0.41999999999999993
DNR_00608,51,F,B+,Quetta,30.10225864359966,67.00757950790955,0,1,21,App,Healthy,0.745
DNR_00609,25,F,B+,Multan,30.13319523971972,71.59902602641048,0,5,87,SMS,Minor issues,0.415
DNR_00610,35,M,A+,Lahore,31.470444232250582,74.29160556589022,1,6,10,App,Healthy,0.95
DNR_00611,29,M,B+,Peshawar,34.063470758811576,71.65357349593364,0,3,78,App,Minor issues,0.45999999999999996
DNR_00612,48,F,A+,Peshawar,33.995332844928704,71.57788078328367,0,2,102,App,Healthy,0.39
DNR_00613,45,M,O+,Faisalabad,31.431892242743995,73.00347611160512,1,1,75,App,Healthy,0.475
DNR_00614,21,M,O+,Multan,30.189688176190767,71.57292582301585,0,3,102,SMS,Healthy,0.33999999999999997
DNR_00615,33,M,B+,Peshawar,33.97472121749793,71.51538150882594,0,6,27,App,Minor issues,0.865
DNR_00616,45,F,A+,Karachi,24.83091964472954,66.95607058140553,1,2,62,SMS,Healthy,0.49
DNR_00617,48,M,O+,Multan,30.15733989445819,71.4768466462551,0,3,14,SMS,Minor issues,0.68
DNR_00618,46,F,O-,Lahore,31.52666437973499,74.38823015688263,1,0,201,SMS,Minor issues,0.05
DNR_00619,38,M,O+,Multan,30.214634293963282,71.59817889447483,0,4,41,App,Healthy,0.7949999999999999
DNR_00620,24,F,B+,Islamabad,33.74791996371092,73.10690301369992,1,3,52,App,Unhealthy,0.59
DNR_00621,43,M,AB-,Islamabad,33.624919352023774,73.05201767101201,1,1,81,App,Minor issues,0.345
DNR_00622,24,M,AB+,Peshawar,34.059144634216786,71.57365136549056,0,2,51,App,Minor issues,0.5449999999999999
DNR_00623,25,M,B+,Islamabad,33.63812038171223,73.0608613150367,1,4,22,SMS,Healthy,0.7899999999999999
DNR_00624,20,M,A+,Islamabad,33.64750531672399,73.12126429072985,1,3,62,App,Healthy,0.64
DNR_00625,22,M,O+,Quetta,30.15936954045901,67.03169217395853,0,1,14,App,Healthy,0.78
DNR_00626,24,M,O+,Lahore,31.599970506262625,74.37893047350639,1,2,99,Phone,Healthy,0.305
DNR_00627,45,F,B+,Faisalabad,31.491463667319465,73.02302768916248,1,3,36,App,Healthy,0.77
DNR_00628,33,F,O+,Quetta,30.200704317518483,66.98043721404142,0,3,63,App,Minor issues,0.535
DNR_00629,25,M,B+,Islamabad,33.66814430429813,73.0783869081537,1,4,38,SMS,Healthy,0.71
DNR_00630,57,M,A+,Quetta,30.218934915273973,66.93656305952186,0,1,58,SMS,Healthy,0.45999999999999996
DNR_00631,37,M,B+,Faisalabad,31.35739799827467,73.13787897343586,1,11,116,App,Healthy,0.77
DNR_00632,38,F,O+,Peshawar,34.091699701285734,71.54603739709272,0,4,69,SMS,Healthy,0.555
DNR_00633,25,M,B+,Faisalabad,31.398971359746053,73.04494377224893,1,8,40,SMS,Minor issues,0.8
DNR_00634,36,M,O+,Lahore,31.537190638054938,74.36156962210134,1,1,82,SMS,Minor issues,0.24
DNR_00635,23,M,AB+,Lahore,31.57418209558887,74.37726935761866,1,2,99,App,Healthy,0.405
DNR_00636,29,M,B+,Quetta,30.219463279756212,66.97834971066179,0,3,47,SMS,Minor issues,0.515
DNR_00637,38,M,O+,Faisalabad,31.44392360764938,73.14956997397408,1,2,34,App,Healthy,0.7299999999999999
DNR_00638,29,F,O+,Lahore,31.619586985872616,74.33930972746424,1,1,33,App,Healthy,0.6849999999999999
DNR_00639,35,M,A+,Peshawar,33.976992362282395,71.52534389792002,0,6,57,SMS,Healthy,0.715
DNR_00640,42,F,B-,Lahore,31.569936909540193,74.28460433770029,1,2,82,App,Healthy,0.49
DNR_00641,24,F,O+,Multan,30.21577858266372,71.5196509562671,0,4,35,App,Minor issues,0.725
DNR_00642,50,F,AB-,Quetta,30.186086010953233,66.98953294825266,0,1,16,App,Minor issues,0.67
DNR_00643,28,M,A+,Peshawar,34.02040546096523,71.64592770427127,0,2,107,App,Healthy,0.365
DNR_00644,33,M,O+,Karachi,24.822269127030037,66.96967166649169,1,3,27,App,Healthy,0.815
DNR_00645,57,M,A+,Faisalabad,31.423615822086713,73.1091431942011,1,2,23,App,Healthy,0.7849999999999999
DNR_00646,37,M,A+,Islamabad,33.651267618080375,73.00489446296307,1,2,47,App,Healthy,0.6649999999999999
DNR_00647,22,M,B+,Quetta,30.13978337884339,67.00939007727756,0,3,105,Phone,Healthy,0.32499999999999996
DNR_00648,27,M,A+,Lahore,31.508029890390173,74.38592612705226,1,2,88,App,Healthy,0.45999999999999996
DNR_00649,18,F,A+,Multan,30.162611082564364,71.4879115239774,0,7,15,App,Healthy,0.95
DNR_00650,28,M,O+,Lahore,31.568536706224403,74.30714146087226,1,10,103,App,Healthy,0.7849999999999999
DNR_00651,40,M,O+,Karachi,24.784240941698478,67.07667321679862,1,5,15,App,Unhealthy,0.875
DNR_00652,37,M,O+,Quetta,30.1239093909916,66.97397272851131,0,1,34,SMS,Healthy,0.58
DNR_00653,29,M,O+,Faisalabad,31.44950956844261,73.0041779394272,1,9,27,App,Healthy,0.95
DNR_00654,23,M,A+,Lahore,31.481121551159852,74.33882348425578,1,1,60,App,Minor issues,0.44999999999999996
DNR_00655,18,M,A-,Faisalabad,31.452349203406527,73.0606676638737,1,3,52,App,Unhealthy,0.59
DNR_00656,36,F,O+,Karachi,24.795733648635316,67.02766126139416,1,2,87,App,Healthy,0.46499999999999997
DNR_00657,30,M,B+,Islamabad,33.7209179324653,73.08705593259027,1,1,117,Phone,Healthy,0.16500000000000004
DNR_00658,40,M,O+,Quetta,30.241803132166968,67.03318522651993,0,2,35,SMS,Healthy,0.625
DNR_00659,38,M,O+,Multan,30.204602463574528,71.53845149760205,0,3,108,App,Healthy,0.4099999999999999
DNR_00660,30,M,O+,Karachi,24.890845046229618,66.94589871078895,1,8,87,SMS,Healthy,0.6649999999999999
DNR_00661,37,F,O+,Quetta,30.24873580552298,67.05451569647737,0,3,59,App,Healthy,0.655
DNR_00662,30,M,O+,Multan,30.094682665021214,71.52295486110768,0,1,43,App,Healthy,0.635
DNR_00663,43,M,B+,Multan,30.147695023695455,71.47577444784802,0,1,63,SMS,Minor issues,0.33499999999999996
DNR_00664,43,F,B+,Lahore,31.582760156628492,74.3530439665016,1,1,117,App,Healthy,0.265
DNR_00665,38,M,B+,Peshawar,34.05218438561963,71.54455191405732,0,9,93,App,Healthy,0.7849999999999999
DNR_00666,30,F,AB-,Lahore,31.51700762579372,74.30573588302326,1,7,10,App,Healthy,0.95
DNR_00667,36,M,O+,Multan,30.218769179604912,71.54405753705124,0,4,104,SMS,Healthy,0.38
DNR_00668,51,M,A+,Islamabad,33.690633043454945,73.02989853442891,1,3,96,SMS,Healthy,0.37
DNR_00669,34,M,B+,Peshawar,34.00056872444261,71.55202384890373,0,3,62,App,Healthy,0.64
DNR_00670,33,M,A+,Karachi,24.92045884441289,66.9534326445902,1,3,34,SMS,Healthy,0.6799999999999999
DNR_00671,25,M,O+,Peshawar,34.01338554206588,71.60033527743973,0,4,77,SMS,Healthy,0.515
DNR_00672,36,M,O+,Lahore,31.61853376588945,74.29699809495895,1,1,51,SMS,Healthy,0.495
DNR_00673,42,M,AB+,Quetta,30.189083182315205,67.04511901723197,0,3,81,SMS,Healthy,0.44499999999999995
DNR_00674,24,M,B+,Multan,30.162143333006682,71.562388054121,0,1,94,App,Healthy,0.38
DNR_00675,36,F,O+,Lahore,31.585727509249473,74.3486657682244,1,8,52,Phone,Healthy,0.84
DNR_00676,21,M,B+,Lahore,31.559047756802077,74.35290265714548,1,2,33,SMS,Minor issues,0.5349999999999999
DNR_00677,25,F,A+,Peshawar,34.04143877676377,71.64175184309971,0,6,52,App,Healthy,0.84
DNR_00678,30,M,O+,Quetta,30.185224076316874,66.99098651700379,0,2,88,SMS,Healthy,0.36
DNR_00679,18,F,AB-,Islamabad,33.70571853154967,73.10008479600653,1,3,9,SMS,Healthy,0.8049999999999999
DNR_00680,30,M,O+,Peshawar,34.08318350761483,71.54115426034929,0,1,113,App,Minor issues,0.18500000000000005
DNR_00681,23,F,B+,Quetta,30.145317147297575,66.89760839166355,0,4,56,App,Healthy,0.72
DNR_00682,28,M,AB+,Islamabad,33.65478474800789,73.09134369151823,1,4,22,Phone,Healthy,0.7899999999999999
DNR_00683,32,F,A+,Peshawar,34.02645789284076,71.51558594040601,0,11,65,SMS,Healthy,0.9249999999999999
DNR_00684,33,M,O+,Islamabad,33.64167906376868,73.09767187788522,1,4,95,App,Healthy,0.525
DNR_00685,23,M,B+,Lahore,31.596564671090285,74.29126439853701,1,7,49,SMS,Healthy,0.805
DNR_00686,37,F,A+,Peshawar,34.03776073968457,71.50647945538853,0,3,19,SMS,Healthy,0.755
DNR_00687,37,F,B+,Faisalabad,31.393668833112468,73.12984267200744,1,4,100,App,Minor issues,0.4
DNR_00688,48,M,O-,Multan,30.079329500954014,71.56928697890305,0,6,94,SMS,Healthy,0.53
DNR_00689,39,M,O+,Karachi,24.83299306042481,67.03274298441505,1,4,43,App,Healthy,0.7849999999999999
DNR_00690,19,M,A+,Quetta,30.19184077661601,66.90941327240715,0,4,72,Phone,Minor issues,0.44
DNR_00691,48,M,A+,Lahore,31.561130494481702,74.27148977569121,1,3,33,App,Healthy,0.7849999999999999
DNR_00692,32,M,O+,Peshawar,34.05692526714191,71.57744760031616,0,2,16,App,Healthy,0.82
DNR_00693,60,M,B+,Peshawar,34.018879645164304,71.53927041467624,0,0,200,SMS,Unhealthy,0.05
DNR_00694,24,M,B+,Multan,30.184979608551956,71.5126664963785,0,3,105,Phone,Healthy,0.32499999999999996
DNR_00695,34,M,O+,Peshawar,33.962080842241825,71.55645462395694,0,4,24,SMS,Minor issues,0.6799999999999999
DNR_00696,18,F,A+,Peshawar,34.06590750722109,71.53244963417693,0,8,7,App,Healthy,0.95
DNR_00697,33,M,A+,Faisalabad,31.376887729583906,73.09846039081421,1,1,111,App,Healthy,0.29499999999999993
DNR_00698,37,M,A+,Islamabad,33.622204478770634,73.03990985130213,1,1,74,App,Healthy,0.48
DNR_00699,18,M,O+,Peshawar,34.05505682380039,71.58830800876979,0,9,105,App,Healthy,0.7249999999999999
DNR_00700,43,M,AB+,Quetta,30.106757121199912,66.92225114352716,0,2,77,SMS,Healthy,0.4149999999999999
DNR_00701,30,M,A+,Peshawar,34.08622823716203,71.51115564678746,0,5,112,App,Healthy,0.4899999999999999
DNR_00702,34,F,A+,Multan,30.12429929240633,71.58624437042405,0,5,14,App,Healthy,0.95
DNR_00703,26,M,AB-,Multan,30.2161836392845,71.52994970322612,0,1,34,App,Healthy,0.6799999999999999
DNR_00704,18,M,B+,Quetta,30.10616038452076,67.04256321850944,0,7,105,SMS,Healthy,0.525
DNR_00705,18,M,B+,Multan,30.133806093162747,71.54493695524016,0,3,46,App,Healthy,0.72
DNR_00706,25,M,AB-,Islamabad,33.74498836387058,73.1103643337726,1,6,40,SMS,Healthy,0.7999999999999999
DNR_00707,34,F,O+,Peshawar,33.989685784455745,71.56335545546642,0,6,29,Phone,Healthy,0.855
DNR_00708,31,M,A+,Peshawar,34.035083936079175,71.53688847639243,0,4,47,Phone,Healthy,0.6649999999999999
DNR_00709,25,M,O+,Islamabad,33.69115740019294,73.00098116394577,1,3,13,Phone,Healthy,0.7849999999999999
DNR_00710,43,M,B+,Faisalabad,31.448165134316845,73.1428829071567,1,2,74,App,Healthy,0.5299999999999999
DNR_00711,46,F,B+,Faisalabad,31.484737939307745,73.0498993937347,1,5,93,App,Minor issues,0.485
DNR_00712,42,M,AB+,Lahore,31.586032725321633,74.38606960201106,1,3,118,App,Minor issues,0.26
DNR_00713,27,F,B+,Quetta,30.23127176253096,66.99689558378844,0,4,53,App,Healthy,0.7349999999999999
DNR_00714,26,F,O+,Lahore,31.591691597397276,74.36151705562703,1,7,119,App,Healthy,0.555
DNR_00715,18,M,B+,Lahore,31.52718181352553,74.37370260555723,1,0,302,App,Healthy,0.05
DNR_00716,18,M,B+,Peshawar,33.964436236443674,71.56249364601545,0,3,92,App,Healthy,0.49
DNR_00717,40,M,O+,Lahore,31.617769613301586,74.41563168679838,1,0,158,App,Unhealthy,0.05
DNR_00718,43,M,A+,Lahore,31.61803651298845,74.42130042233381,1,5,71,SMS,Healthy,0.595
DNR_00719,23,F,B+,Islamabad,33.672808909326626,73.09209435506085,1,4,94,Phone,Minor issues,0.33
DNR_00720,29,M,A+,Multan,30.19629485675327,71.53990892822284,0,2,76,App,Healthy,0.5199999999999999
DNR_00721,35,M,AB+,Peshawar,34.075442714741726,71.64094479011993,0,4,63,App,Healthy,0.6849999999999999
DNR_00722,42,M,B+,Multan,30.199925579584416,71.59891476985132,0,2,19,App,Healthy,0.8049999999999999
DNR_00723,40,M,B+,Islamabad,33.63103785627182,73.01500715605394,1,1,87,SMS,Healthy,0.31499999999999995
DNR_00724,44,F,A+,Lahore,31.484170529225644,74.34370524644036,1,5,61,App,Healthy,0.7449999999999999
DNR_00725,18,M,B+,Multan,30.129253749192817,71.44888593804703,0,4,106,SMS,Healthy,0.37
DNR_00726,40,M,O-,Quetta,30.20357222884555,67.00883515929756,0,5,89,App,Healthy,0.605
DNR_00727,28,M,A+,Karachi,24.83877094226516,67.00491076897057,1,3,39,App,Healthy,0.7549999999999999
DNR_00728,32,M,A+,Peshawar,34.023055341697464,71.50752497335465,0,4,65,SMS,Healthy,0.575
DNR_00729,53,M,O+,Faisalabad,31.477010965996513,73.02771868234773,1,3,46,SMS,Healthy,0.62
DNR_00730,33,F,B+,Islamabad,33.65060488599116,72.99681136421866,1,1,12,SMS,Unhealthy,0.5900000000000001
DNR_00731,37,F,AB+,Peshawar,34.014620417184126,71.580282758407,0,2,101,SMS,Healthy,0.295
DNR_00732,20,F,A+,Quetta,30.175913918368504,66.96062421851381,0,1,63,App,Healthy,0.5349999999999999
DNR_00733,25,M,A+,Lahore,31.5702816680879,74.3948194226089,1,5,73,Phone,Healthy,0.585
DNR_00734,18,M,O+,Karachi,24.917312685957473,67.02781944687139,1,5,103,SMS,Healthy,0.43499999999999994
DNR_00735,18,F,O+,Karachi,24.80921974268119,67.02863447924182,1,4,33,App,Healthy,0.835
DNR_00736,40,M,A+,Peshawar,34.08960692221563,71.62039356944437,0,2,34,SMS,Healthy,0.6299999999999999
DNR_00737,25,M,O+,Faisalabad,31.398630296254474,73.00992666845136,1,2,68,App,Healthy,0.5599999999999999
DNR_00738,30,M,B+,Islamabad,33.74190527056982,73.0205733643139,1,2,72,App,Healthy,0.5399999999999999
DNR_00739,27,M,O+,Lahore,31.58645656316203,74.36423657585256,1,1,90,SMS,Healthy,0.29999999999999993
DNR_00740,45,F,B+,Multan,30.190588902577385,71.51322857681376,0,7,25,SMS,Minor issues,0.825
DNR_00741,38,F,O+,Peshawar,33.95575410200869,71.59052149402666,0,4,14,Phone,Healthy,0.83
DNR_00742,31,M,A+,Quetta,30.137035462318167,66.94147809026153,0,3,12,SMS,Minor issues,0.6900000000000001
DNR_00743,24,M,O+,Quetta,30.23549116617123,67.02293029620087,0,4,88,SMS,Healthy,0.45999999999999996
DNR_00744,33,F,B+,Islamabad,33.638374069370386,73.0703989297404,1,2,82,App,Minor issues,0.39
DNR_00745,51,F,O+,Karachi,24.832527814301294,66.92208100198964,1,3,41,App,Healthy,0.745
DNR_00746,25,F,B+,Multan,30.210626843184983,71.47594249278369,0,1,28,SMS,Unhealthy,0.51
DNR_00747,21,F,A-,Quetta,30.17683928369926,66.99535207803322,0,3,117,SMS,Healthy,0.265
DNR_00748,21,F,B+,Islamabad,33.752846396282415,72.97686356562984,1,3,114,App,Minor issues,0.28
DNR_00749,35,M,B+,Multan,30.110821995231387,71.55457892805543,0,1,59,App,Healthy,0.5549999999999999
DNR_00750,31,F,B-,Karachi,24.78568770635027,67.07847900301842,1,5,54,Phone,Healthy,0.6799999999999999
DNR_00751,20,M,AB-,Peshawar,34.073334990480355,71.62074643338714,0,5,8,App,Healthy,0.95
DNR_00752,60,F,O+,Karachi,24.921027797219327,66.98055337230194,1,2,104,App,Healthy,0.38
DNR_00753,36,F,O+,Peshawar,34.060591037317984,71.62494646263373,0,2,51,App,Healthy,0.6449999999999999
DNR_00754,31,F,B+,Karachi,24.811133868575237,67.06888188286241,1,0,354,App,Healthy,0.05
DNR_00755,38,F,B+,Faisalabad,31.35372025039451,73.15626375581982,1,3,112,App,Minor issues,0.2899999999999999
DNR_00756,38,M,O-,Multan,30.215869632389957,71.46343375792993,0,1,80,App,Healthy,0.44999999999999996
DNR_00757,40,M,O+,Faisalabad,31.412700144397242,73.00648236320389,1,3,91,SMS,Healthy,0.395
DNR_00758,31,M,A+,Islamabad,33.70661613632695,73.00147530989751,1,2,99,App,Minor issues,0.305
DNR_00759,42,M,O+,Peshawar,33.953824134198015,71.52439131564796,0,4,49,App,Healthy,0.7549999999999999
DNR_00760,18,M,O+,Peshawar,34.02180459421911,71.5883985051137,0,5,46,SMS,Healthy,0.72
DNR_00761,44,M,B-,Peshawar,34.033122061362555,71.55469822280476,0,4,58,App,Healthy,0.71
DNR_00762,25,M,O+,Quetta,30.16117594229436,66.90877913287456,0,1,46,Phone,Healthy,0.52
DNR_00763,22,M,A+,Peshawar,34.03361045402959,71.55049050418417,0,0,311,SMS,Healthy,0.05
DNR_00764,50,F,A+,Multan,30.225145438618352,71.56720852540218,0,8,16,SMS,Healthy,0.95
DNR_00765,30,M,O+,Faisalabad,31.41089346731948,73.10861647596886,1,5,69,Phone,Healthy,0.605
DNR_00766,18,F,B+,Lahore,31.613012137862377,74.30488844250782,1,3,71,Phone,Healthy,0.495
DNR_00767,43,M,O+,Multan,30.12946177417431,71.52290107721122,0,1,12,App,Minor issues,0.6900000000000001
DNR_00768,26,M,O+,Quetta,30.222670642362374,66.99171043702921,0,6,103,App,Healthy,0.585
DNR_00769,36,M,O+,Faisalabad,31.42698397761518,73.01044783839276,1,5,91,SMS,Healthy,0.495
DNR_00770,43,M,B+,Peshawar,34.02267184276464,71.65632267699525,0,2,108,App,Healthy,0.36
DNR_00771,18,M,B+,Faisalabad,31.407656593283665,73.12507228329444,1,0,327,SMS,Minor issues,0.05
DNR_00772,26,M,O+,Multan,30.191405411451086,71.57877971101598,0,5,63,SMS,Healthy,0.6349999999999999
DNR_00773,37,M,A+,Islamabad,33.632587840352095,73.12084135142064,1,1,113,SMS,Minor issues,0.08500000000000003
DNR_00774,41,M,O+,Faisalabad,31.39038531886851,73.10229825847168,1,3,61,SMS,Minor issues,0.445
DNR_00775,41,M,O+,Lahore,31.571481251203824,74.26362949447282,1,2,35,Phone,Minor issues,0.525
DNR_00776,41,M,O+,Peshawar,34.006545562977394,71.53340586910429,0,4,90,App,Healthy,0.5499999999999999
DNR_00777,47,F,O+,Faisalabad,31.488933327599376,73.06865632533763,1,2,18,Phone,Healthy,0.71
DNR_00778,34,F,B+,Karachi,24.84537158657031,66.94150891152918,1,0,299,App,Unhealthy,0.05
DNR_00779,18,M,B+,Peshawar,34.02460484125704,71.65709139676004,0,1,31,Phone,Healthy,0.595
DNR_00780,27,M,O+,Karachi,24.843782931787032,66.97200036953899,1,4,11,App,Healthy,0.9449999999999998
DNR_00781,20,M,B+,Peshawar,33.957251018510135,71.5893674526031,0,1,45,App,Healthy,0.625
DNR_00782,24,F,B+,Quetta,30.20701057310766,66.91648439170312,0,1,12,App,Unhealthy,0.6900000000000001
DNR_00783,34,M,O+,Multan,30.23349600433137,71.46662411928733,0,15,11,Phone,Healthy,0.95
DNR_00784,43,M,A+,Faisalabad,31.434708722031488,73.06721266734986,1,4,73,App,Minor issues,0.535
DNR_00785,30,M,B+,Peshawar,33.9711185469458,71.56846349716731,0,3,117,SMS,Healthy,0.265
DNR_00786,22,M,B+,Multan,30.14323405018635,71.53228660165829,0,4,117,App,Healthy,0.41500000000000004
DNR_00787,18,M,AB-,Quetta,30.17684526539056,67.005479562378,0,2,91,SMS,Healthy,0.345
DNR_00788,43,M,A+,Faisalabad,31.412389812370478,73.01161753631038,1,5,28,Phone,Minor issues,0.71
DNR_00789,18,F,O+,Quetta,30.206794742248157,67.00445184306345,0,4,38,SMS,Healthy,0.71
DNR_00790,29,M,B+,Peshawar,34.05956434131954,71.57551900965457,0,4,42,App,Healthy,0.79
DNR_00791,30,M,B+,Multan,30.233941682336596,71.49203887129929,0,2,45,App,Healthy,0.6749999999999999
DNR_00792,31,M,A+,Peshawar,34.025193003726535,71.51032684210456,0,2,21,SMS,Healthy,0.695
DNR_00793,37,M,O+,Karachi,24.898680812340164,66.92546769400455,1,7,73,SMS,Healthy,0.6849999999999999
DNR_00794,27,M,O+,Karachi,24.801906202049015,66.96605550903703,1,6,56,Phone,Healthy,0.72
DNR_00795,44,F,O+,Karachi,24.89893475736515,67.02656490245658,1,4,99,SMS,Minor issues,0.305
DNR_00796,18,M,O+,Faisalabad,31.465899521025882,73.13702230848442,1,1,70,SMS,Healthy,0.4
DNR_00797,33,M,O+,Lahore,31.603718275136888,74.38404180750082,1,3,23,SMS,Minor issues,0.635
DNR_00798,40,M,B+,Multan,30.111237079593845,71.56239777775029,0,2,13,App,Healthy,0.8349999999999999
DNR_00799,18,M,A+,Faisalabad,31.412242388485364,73.07529711077376,1,4,9,SMS,Healthy,0.8549999999999999
DNR_00800,47,M,AB-,Lahore,31.54563433292225,74.28682397295289,1,10,22,App,Healthy,0.95
DNR_00801,43,F,O+,Faisalabad,31.491882035649123,73.10836020974621,1,6,86,App,Healthy,0.67
DNR_00802,34,M,B-,Faisalabad,31.475336907711732,73.05269478505889,1,2,77,App,Minor issues,0.4149999999999999
DNR_00803,29,M,O+,Multan,30.185546579061853,71.48358751494207,0,1,51,SMS,Healthy,0.495
DNR_00804,30,F,A+,Peshawar,33.96378666438254,71.58811800886461,0,2,63,App,Healthy,0.585
DNR_00805,32,F,A+,Karachi,24.890379928357532,66.977342627167,1,2,42,App,Healthy,0.69
DNR_00806,43,F,O+,Karachi,24.93086087483661,67.02615688297028,1,3,88,App,Healthy,0.51
DNR_00807,45,F,AB+,Multan,30.174249725496658,71.50505335042047,0,6,70,Phone,Healthy,0.65
DNR_00808,27,F,A+,Faisalabad,31.449304581384972,73.03963371822186,1,1,46,Phone,Minor issues,0.42
DNR_00809,31,M,A-,Islamabad,33.71121267234072,73.0911191375773,1,2,81,SMS,Healthy,0.3949999999999999
DNR_00810,26,M,A+,Islamabad,33.657624757904955,72.97750938365249,1,7,113,SMS,Healthy,0.4850000000000001
DNR_00811,43,F,O+,Quetta,30.131907058298946,66.95782151124291,0,3,37,App,Unhealthy,0.6649999999999999
DNR_00812,36,M,O+,Peshawar,34.03793410671502,71.64651747565458,0,4,31,SMS,Healthy,0.745
DNR_00813,40,F,O+,Karachi,24.852041128371674,67.0645419828626,1,0,168,SMS,Healthy,0.05
DNR_00814,53,M,A+,Karachi,24.833472939091465,66.98371285850362,1,0,320,App,Healthy,0.05
DNR_00815,36,M,A+,Faisalabad,31.473047864589415,73.12404992591414,1,4,98,App,Healthy,0.51
DNR_00816,22,F,B+,Karachi,24.905472781708323,66.94049258404641,1,3,23,App,Healthy,0.835
DNR_00817,31,M,B-,Multan,30.2370225274072,71.54843190552076,0,4,96,App,Healthy,0.52
DNR_00818,18,M,B-,Karachi,24.827093386897793,66.95359927541806,1,3,48,SMS,Minor issues,0.51
DNR_00819,43,M,O-,Islamabad,33.705298729191824,73.02538177944005,1,1,22,SMS,Minor issues,0.54
DNR_00820,18,M,A+,Multan,30.08155833687751,71.60432136954421,0,2,65,App,Healthy,0.575
DNR_00821,21,M,B+,Faisalabad,31.42343040748233,73.13258004676315,1,5,96,SMS,Healthy,0.47
DNR_00822,42,M,AB+,Islamabad,33.61125032535256,72.98680993739566,1,1,24,App,Minor issues,0.63
DNR_00823,49,F,A+,Quetta,30.185649822937194,67.01356823990267,0,3,117,Phone,Minor issues,0.16500000000000004
DNR_00824,38,M,O+,Multan,30.152895141729328,71.59178305213257,0,7,100,App,Healthy,0.65
DNR_00825,40,M,A+,Lahore,31.61444597609918,74.39491827568256,1,1,19,App,Healthy,0.755
DNR_00826,26,M,A+,Faisalabad,31.355012992041324,73.07864295944569,1,6,59,SMS,Minor issues,0.605
DNR_00827,38,F,O+,Faisalabad,31.471743351676693,73.11716854448127,1,4,76,App,Healthy,0.62
DNR_00828,39,M,O+,Multan,30.211328334766257,71.57179626719144,0,4,39,SMS,Healthy,0.705
DNR_00829,40,F,A+,Islamabad,33.725608013791025,72.99478813650167,1,2,76,App,Healthy,0.5199999999999999
DNR_00830,32,M,O+,Lahore,31.48569485610849,74.39917867363953,1,5,66,Phone,Healthy,0.62
DNR_00831,30,M,A+,Karachi,24.78185583918025,67.06928191300527,1,3,62,Phone,Healthy,0.54
DNR_00832,30,F,A+,Islamabad,33.728010033364306,73.078677332934,1,3,77,App,Minor issues,0.46499999999999997
DNR_00833,18,M,A+,Peshawar,33.962927829754996,71.61116777114584,0,2,44,App,Healthy,0.6799999999999999
DNR_00834,40,M,A+,Peshawar,34.06021328485155,71.55615657069538,0,6,80,Phone,Healthy,0.6
DNR_00835,24,M,O+,Karachi,24.879727350380303,67.05913696961537,1,3,22,Phone,Unhealthy,0.64
DNR_00836,30,F,B+,Quetta,30.144028253427827,66.9259950388821,0,1,65,SMS,Healthy,0.42499999999999993
DNR_00837,30,F,A+,Quetta,30.24742768631353,66.90364441829307,0,2,54,App,Healthy,0.6299999999999999
DNR_00838,45,M,O+,Islamabad,33.72574528333323,72.97483079722454,1,1,113,App,Minor issues,0.18500000000000005
DNR_00839,45,F,O-,Lahore,31.481037519759035,74.3012479729669,1,0,351,App,Healthy,0.05
DNR_00840,18,M,B+,Quetta,30.151909593427256,67.01963604463354,0,3,72,App,Healthy,0.59
DNR_00841,26,M,O+,Multan,30.22011842396338,71.4566647546184,0,1,89,App,Healthy,0.4049999999999999
DNR_00842,49,M,O+,Quetta,30.172598539612366,66.95697284862219,0,2,34,App,Minor issues,0.6299999999999999
DNR_00843,43,M,A+,Multan,30.131242613944067,71.45003513528373,0,3,10,App,Healthy,0.8999999999999999
DNR_00844,31,M,O+,Karachi,24.80809221067469,66.9760721613167,1,6,20,Phone,Healthy,0.9
DNR_00845,32,F,A+,Faisalabad,31.48289249607317,73.09159943133608,1,2,61,SMS,Unhealthy,0.395
DNR_00846,35,M,O+,Quetta,30.259106293983987,66.98965293940721,0,4,65,Phone,Healthy,0.575
DNR_00847,44,F,O+,Multan,30.117153031024092,71.51437979519304,0,7,89,App,Minor issues,0.605
DNR_00848,41,M,O-,Peshawar,33.94207587127693,71.6591037605651,0,4,110,Phone,Healthy,0.35
DNR_00849,28,F,B+,Quetta,30.22748280231554,67.02640661132097,0,9,99,SMS,Healthy,0.6549999999999999
DNR_00850,31,M,O+,Peshawar,34.000058892905635,71.53538103763188,0,1,26,SMS,Healthy,0.62
DNR_00851,33,M,O+,Karachi,24.806588453368313,66.99458525387992,1,4,100,App,Healthy,0.5
DNR_00852,35,M,B+,Quetta,30.2123015823905,66.9245913181184,0,5,72,App,Healthy,0.69
DNR_00853,34,F,A+,Multan,30.088811774712656,71.5878495104441,0,5,46,SMS,Minor issues,0.62
DNR_00854,50,M,O+,Quetta,30.197800198057216,66.98703669881162,0,5,96,SMS,Healthy,0.47
DNR_00855,35,M,A+,Peshawar,33.94376986803381,71.65175155676604,0,1,22,Phone,Healthy,0.64
DNR_00856,42,F,AB+,Quetta,30.1582913830357,66.92304278450986,0,8,65,App,Healthy,0.875
DNR_00857,31,M,O+,Multan,30.13108874826268,71.53124141220279,0,3,94,SMS,Healthy,0.38
DNR_00858,26,M,A+,Faisalabad,31.371567036096064,73.11830267434226,1,2,101,SMS,Unhealthy,0.19499999999999998
DNR_00859,32,M,B+,Islamabad,33.613113599518975,73.02755020459321,1,4,100,SMS,Healthy,0.4
DNR_00860,29,M,B+,Faisalabad,31.446529326707577,73.08435687444144,1,1,18,App,Healthy,0.76
DNR_00861,36,M,A+,Faisalabad,31.49449351112947,73.14040085237697,1,3,25,SMS,Healthy,0.725
DNR_00862,48,M,AB+,Karachi,24.934021040817054,66.93341156958266,1,3,64,App,Healthy,0.63
DNR_00863,31,M,O+,Lahore,31.62203676269922,74.26723044296881,1,0,277,App,Healthy,0.05
DNR_00864,18,M,A+,Lahore,31.587733479028564,74.26703716775359,1,2,116,App,Healthy,0.32000000000000006
DNR_00865,19,M,O+,Faisalabad,31.441147524995657,73.06497067673051,1,4,16,App,Minor issues,0.82
DNR_00866,24,M,A+,Islamabad,33.68922659678686,73.05565499396951,1,1,102,App,Healthy,0.33999999999999997
DNR_00867,35,M,B+,Faisalabad,31.37428511009722,73.05860437065449,1,3,94,App,Minor issues,0.38
DNR_00868,18,M,O-,Islamabad,33.70338083677784,72.99362638119675,1,2,102,App,Unhealthy,0.29
DNR_00869,32,M,O+,Lahore,31.576316954558443,74.28815756802707,1,1,116,SMS,Healthy,0.17000000000000004
DNR_00870,34,M,O+,Islamabad,33.66354754293501,73.0007248579055,1,3,101,SMS,Healthy,0.345
DNR_00871,43,F,A+,Islamabad,33.7604745086224,73.05328287317938,1,2,62,App,Healthy,0.59
DNR_00872,20,M,O+,Quetta,30.24824980635669,66.9199685227922,0,2,24,SMS,Minor issues,0.58
DNR_00873,45,F,B+,Peshawar,34.01082570778844,71.546872349226,0,4,21,App,Healthy,0.895
DNR_00874,49,F,AB-,Multan,30.222600926068175,71.51563688547455,0,4,96,App,Healthy,0.52
DNR_00875,32,F,A+,Karachi,24.829993152123446,66.98536078750791,1,1,69,App,Healthy,0.505
DNR_00876,53,F,B+,Karachi,24.811923959426203,67.00532941472785,1,4,105,App,Healthy,0.475
DNR_00877,29,F,A+,Lahore,31.54097329311021,74.37104924421027,1,3,65,App,Healthy,0.625
DNR_00878,27,M,B+,Lahore,31.551548934821373,74.27256761883312,1,4,87,App,Healthy,0.565
DNR_00879,33,F,B+,Multan,30.137152984156835,71.49044405849567,0,7,66,Phone,Healthy,0.72
DNR_00880,57,M,AB-,Karachi,24.89934442824435,66.98759756408177,1,2,45,App,Minor issues,0.575
DNR_00881,34,M,O+,Multan,30.22092861224913,71.46723082990111,0,3,69,Phone,Healthy,0.505
DNR_00882,18,M,O+,Lahore,31.55374816745119,74.31726667874588,1,3,34,App,Unhealthy,0.6799999999999999
DNR_00883,18,F,A+,Quetta,30.246105679408704,66.96132224223004,0,2,102,App,Healthy,0.39
DNR_00884,20,M,A+,Faisalabad,31.471165395714962,73.04541410664781,1,3,105,Phone,Healthy,0.32499999999999996
DNR_00885,46,M,A+,Islamabad,33.6938849690674,73.0420522934729,1,1,75,SMS,Healthy,0.375
DNR_00886,38,M,O+,Islamabad,33.7062497329623,72.98776830789305,1,1,91,App,Healthy,0.3949999999999999
DNR_00887,29,F,O+,Lahore,31.50886004184299,74.28269674616422,1,4,19,App,Healthy,0.905
DNR_00888,47,M,AB+,Peshawar,34.02549193434247,71.63943534691084,0,8,83,SMS,Healthy,0.6849999999999999
DNR_00889,24,M,B+,Multan,30.194773163289145,71.44770721288357,0,1,83,SMS,Healthy,0.33499999999999996
DNR_00890,32,M,B+,Lahore,31.491379583021864,74.28972941629038,1,1,115,App,Minor issues,0.17500000000000004
DNR_00891,34,M,B+,Islamabad,33.70663144404449,72.98019226888879,1,4,117,App,Healthy,0.41500000000000004
DNR_00892,32,M,A+,Faisalabad,31.424993973639733,73.13869090151334,1,5,95,App,Minor issues,0.475
DNR_00893,42,F,A+,Islamabad,33.662403628368175,73.05340725171571,1,7,23,App,Healthy,0.95
DNR_00894,36,M,O+,Lahore,31.547283843960756,74.31805009460557,1,3,116,SMS,Healthy,0.27
DNR_00895,28,F,O+,Lahore,31.596917078086207,74.35298483430556,1,4,27,SMS,Minor issues,0.665
DNR_00896,34,F,AB-,Multan,30.095734677812274,71.51857861737732,0,2,21,SMS,Minor issues,0.595
DNR_00897,33,M,A+,Karachi,24.8387109705198,67.05182619252436,1,5,93,App,Healthy,0.585
DNR_00898,18,F,A+,Faisalabad,31.386749481473874,73.1182136346037,1,5,15,Phone,Healthy,0.875
DNR_00899,29,M,O+,Multan,30.097555068981457,71.46573492038382,0,3,104,App,Healthy,0.42999999999999994
DNR_00900,25,M,A+,Faisalabad,31.415480783173244,73.06809959569277,1,1,115,App,Healthy,0.275
DNR_00901,35,M,O+,Multan,30.096527554879817,71.48538199539576,0,1,68,SMS,Healthy,0.4099999999999999
DNR_00902,42,M,A+,Faisalabad,31.434286715513945,73.09311648748061,1,8,17,App,Healthy,0.95
DNR_00903,54,M,A+,Karachi,24.93139519672081,67.07290665681332,1,5,99,App,Minor issues,0.45499999999999996
DNR_00904,35,M,O+,Peshawar,34.015785476649086,71.51143392622365,0,3,92,SMS,Healthy,0.39
DNR_00905,34,F,A+,Peshawar,33.980097086634366,71.64476564664128,0,7,105,App,Healthy,0.625
DNR_00906,18,M,AB+,Lahore,31.545654480608064,74.375301265084,1,2,72,Phone,Minor issues,0.33999999999999997
DNR_00907,38,M,A+,Karachi,24.84143840907108,66.95538384007722,1,3,23,App,Healthy,0.835
DNR_00908,20,M,O+,Islamabad,33.626145979184884,73.08986378870159,1,4,44,App,Healthy,0.78
DNR_00909,23,F,B+,Karachi,24.842264978699223,66.99421132264183,1,5,64,App,Healthy,0.73
DNR_00910,54,F,A+,Faisalabad,31.38449429200287,73.13595850671287,1,2,106,App,Healthy,0.37
DNR_00911,21,M,O+,Faisalabad,31.396790623163337,73.00114573511925,1,1,34,SMS,Minor issues,0.4799999999999999
DNR_00912,23,F,A+,Quetta,30.113400945614835,66.91793880986549,0,1,69,App,Healthy,0.505
DNR_00913,18,M,A+,Karachi,24.807695713787925,66.9792935989561,1,2,117,SMS,Minor issues,0.11500000000000002
DNR_00914,36,M,O+,Faisalabad,31.472097461014634,73.11513208005321,1,1,20,Phone,Healthy,0.65
DNR_00915,42,M,A+,Peshawar,34.06315747695426,71.6514160094264,0,3,30,SMS,Minor issues,0.6
DNR_00916,55,M,A+,Quetta,30.12337985588074,66.96774155868057,0,2,70,Phone,Healthy,0.44999999999999996
DNR_00917,24,M,B+,Lahore,31.485636542436836,74.27205638731755,1,2,73,SMS,Healthy,0.43499999999999994
DNR_00918,22,M,A+,Lahore,31.494137864187664,74.3631146818438,1,8,101,App,Healthy,0.695
DNR_00919,46,M,O+,Faisalabad,31.412563492777267,73.0460700690056,1,1,54,SMS,Healthy,0.48
DNR_00920,20,M,B+,Peshawar,34.02245920541009,71.65291287918564,0,5,36,App,Minor issues,0.7699999999999999
DNR_00921,34,M,B+,Karachi,24.840913850072095,66.99464499821183,1,4,92,App,Healthy,0.5399999999999999
DNR_00922,32,M,B+,Faisalabad,31.364263079037045,73.06800897886096,1,1,21,SMS,Minor issues,0.545
DNR_00923,41,M,B+,Faisalabad,31.44361257428382,73.10875986673759,1,7,11,App,Healthy,0.95
DNR_00924,28,M,B+,Faisalabad,31.380142557495464,73.09366721898421,1,2,93,App,Healthy,0.43499999999999994
DNR_00925,38,M,A+,Faisalabad,31.342503517854766,73.00631895233178,1,3,92,Phone,Healthy,0.39
DNR_00926,53,F,B+,Multan,30.177524480034418,71.50579174043817,0,3,16,SMS,Minor issues,0.67
DNR_00927,38,M,A-,Islamabad,33.641939534149266,73.01783592452112,1,4,115,App,Healthy,0.42500000000000004
DNR_00928,30,M,A+,Faisalabad,31.341153918431303,73.05127869405433,1,2,108,App,Healthy,0.36
DNR_00929,49,M,AB-,Peshawar,34.04635335620606,71.59457827737599,0,4,36,Phone,Healthy,0.72
DNR_00930,28,F,B+,Quetta,30.177937378811905,67.0055382343234,0,4,83,App,Healthy,0.585
DNR_00931,18,M,B+,Faisalabad,31.436372459768677,73.05723348885707,1,4,60,SMS,Healthy,0.6
DNR_00932,48,M,B+,Faisalabad,31.474053487701216,73.03335281678123,1,2,64,Phone,Healthy,0.48
DNR_00933,18,M,O+,Peshawar,34.053862084100174,71.5152132536384,0,1,58,App,Healthy,0.5599999999999999
DNR_00934,33,F,O+,Islamabad,33.68937018513115,73.03623694244592,1,2,107,App,Healthy,0.365
DNR_00935,18,M,O+,Faisalabad,31.407265677527732,73.08549161266488,1,4,60,App,Minor issues,0.6
DNR_00936,36,M,B+,Peshawar,34.02260999820304,71.64144345094991,0,4,105,SMS,Healthy,0.375
DNR_00937,18,M,B+,Lahore,31.6236387319373,74.38235328175794,1,1,23,SMS,Healthy,0.635
DNR_00938,19,M,AB-,Faisalabad,31.407395917576117,73.08967863083674,1,3,118,SMS,Minor issues,0.16000000000000003
DNR_00939,46,M,B+,Islamabad,33.72382936263717,73.09038481309446,1,3,117,App,Healthy,0.365
DNR_00940,35,F,B+,Faisalabad,31.37056928663965,73.06509014075628,1,1,19,SMS,Healthy,0.655
DNR_00941,18,F,A+,Islamabad,33.64255734757609,72.99189395965566,1,2,12,SMS,Healthy,0.74
DNR_00942,27,M,A+,Islamabad,33.674181265761874,73.07140752819258,1,3,40,App,Healthy,0.75
DNR_00943,32,M,O+,Lahore,31.514143518708554,74.35171297795293,1,2,76,App,Minor issues,0.41999999999999993
DNR_00944,46,M,O+,Multan,30.215033440466527,71.4583287265705,0,7,20,App,Healthy,0.95
DNR_00945,28,M,A-,Islamabad,33.66790320809264,73.10226967578438,1,4,21,SMS,Minor issues,0.6950000000000001
DNR_00946,39,F,O+,Peshawar,34.01851320941951,71.63313705322793,0,3,87,SMS,Minor issues,0.315
DNR_00947,19,F,B-,Quetta,30.119364293352593,67.02406995929886,0,4,54,Phone,Healthy,0.63
DNR_00948,31,M,B+,Quetta,30.24948001535281,66.92988134162935,0,2,77,SMS,Healthy,0.4149999999999999
DNR_00949,27,M,O+,Islamabad,33.698716951103115,73.04635737282452,1,2,19,App,Healthy,0.8049999999999999
DNR_00950,58,M,B-,Peshawar,34.0891304543945,71.64120936654123,0,9,85,App,Healthy,0.825
DNR_00951,19,F,B+,Multan,30.180763614138133,71.58973670902945,0,2,98,App,Healthy,0.41000000000000003
DNR_00952,34,M,A+,Faisalabad,31.445455774831384,73.03957726339426,1,0,390,App,Minor issues,0.05
DNR_00953,29,M,A+,Multan,30.09702860299934,71.58361246962116,0,2,37,App,Minor issues,0.615
DNR_00954,35,F,B+,Quetta,30.14794210425645,67.04481158473814,0,5,105,Phone,Minor issues,0.32499999999999996
DNR_00955,30,F,O+,Faisalabad,31.439016432425003,73.13981475960284,1,2,99,Phone,Minor issues,0.205
DNR_00956,20,F,B+,Karachi,24.905413069129583,66.9997706977738,1,3,112,App,Healthy,0.3899999999999999
DNR_00957,28,F,B-,Multan,30.093563290625095,71.47055493547735,0,3,107,App,Minor issues,0.31499999999999995
DNR_00958,46,M,O+,Quetta,30.217845683296645,66.96752188050175,0,2,69,SMS,Minor issues,0.355
DNR_00959,35,M,O+,Multan,30.180075808925736,71.4453921286114,0,7,92,App,Healthy,0.69
DNR_00960,25,M,O+,Peshawar,34.017618542568165,71.65564633389427,0,2,28,App,Healthy,0.7599999999999999
DNR_00961,47,F,A+,Faisalabad,31.488306915425536,73.0713383838634,1,1,9,SMS,Healthy,0.705
DNR_00962,42,F,O+,Lahore,31.514787572573024,74.2771038321191,1,0,325,SMS,Healthy,0.05
DNR_00963,18,M,B+,Quetta,30.13571794135658,67.04669747474547,0,2,93,Phone,Minor issues,0.23499999999999996
DNR_00964,43,F,A+,Multan,30.15148798131736,71.48678530647905,0,1,118,App,Healthy,0.26
DNR_00965,29,F,O+,Peshawar,33.94924980277781,71.55936722465768,0,7,116,App,Healthy,0.5700000000000001
DNR_00966,30,F,O+,Multan,30.226025579516538,71.57726119231417,0,1,84,SMS,Minor issues,0.22999999999999998
DNR_00967,30,M,O+,Lahore,31.5948395109489,74.30967391565613,1,2,81,App,Minor issues,0.3949999999999999
DNR_00968,22,M,O+,Faisalabad,31.469854222158155,73.11537329072617,1,4,48,App,Healthy,0.76
DNR_00969,29,M,O+,Faisalabad,31.37988791422306,73.09792883840916,1,2,65,App,Healthy,0.575
DNR_00970,32,F,B+,Multan,30.152521057287696,71.58433095603377,0,2,53,SMS,Healthy,0.5349999999999999
DNR_00971,33,F,B+,Lahore,31.587476656862734,74.30459609502918,1,5,10,SMS,Healthy,0.8999999999999999
DNR_00972,21,M,O+,Islamabad,33.66108826937286,73.06491991431632,1,3,33,Phone,Healthy,0.6849999999999999
DNR_00973,37,F,A+,Multan,30.118085101252248,71.5440452603113,0,8,52,SMS,Healthy,0.84
DNR_00974,37,M,B+,Islamabad,33.610979998231514,72.99659955570732,1,1,87,App,Minor issues,0.31499999999999995
DNR_00975,29,M,B+,Islamabad,33.65517078188688,73.05276780814282,1,4,86,Phone,Healthy,0.47
DNR_00976,26,M,O+,Karachi,24.914268646050694,67.04075173883508,1,0,400,App,Minor issues,0.05
DNR_00977,42,F,O+,Islamabad,33.64660127048131,73.01798165053818,1,6,43,SMS,Minor issues,0.685
DNR_00978,19,F,O+,Quetta,30.23628538580281,67.0001871164282,0,2,58,SMS,Healthy,0.51
DNR_00979,52,F,O+,Lahore,31.544939605021746,74.28976879308934,1,3,33,App,Healthy,0.7849999999999999
DNR_00980,19,M,O+,Quetta,30.21324466276271,66.97263192231388,0,3,69,App,Healthy,0.605
DNR_00981,42,M,O-,Karachi,24.826158631730863,67.05469258552586,1,1,75,App,Healthy,0.475
DNR_00982,18,F,A+,Peshawar,34.02836758255721,71.65596037674442,0,3,40,Phone,Healthy,0.65
DNR_00983,46,M,B+,Quetta,30.17949772419561,66.91008883582039,0,4,28,Phone,Healthy,0.7599999999999999
DNR_00984,20,M,O+,Multan,30.226163750828764,71.46187118739722,0,1,25,App,Healthy,0.725
DNR_00985,20,M,O+,Quetta,30.172448882422874,67.04783224495567,0,5,26,SMS,Healthy,0.82
DNR_00986,36,M,O+,Karachi,24.832686474928163,67.03814723477342,1,5,26,SMS,Unhealthy,0.72
DNR_00987,38,F,AB-,Lahore,31.57268304472322,74.3153073354699,1,4,74,App,Healthy,0.63
DNR_00988,55,M,O+,Peshawar,33.96348172812471,71.65490788956986,0,2,112,App,Healthy,0.33999999999999997
DNR_00989,30,F,O+,Faisalabad,31.402383397442026,73.10264688018866,1,1,37,App,Healthy,0.6649999999999999
DNR_00990,33,F,O+,Islamabad,33.73341651134693,73.01751620915381,1,5,89,App,Healthy,0.605
DNR_00991,53,F,O+,Multan,30.15583968573265,71.5865660861827,0,0,174,SMS,Healthy,0.05
DNR_00992,18,M,B+,Quetta,30.158717765157064,66.92481693319571,0,3,45,App,Healthy,0.725
DNR_00993,56,M,O+,Peshawar,33.97087683397247,71.6102978457375,0,3,91,App,Healthy,0.495
DNR_00994,37,M,B+,Multan,30.15241506747884,71.4575693009224,0,1,8,SMS,Healthy,0.71
DNR_00995,25,F,O+,Lahore,31.50948456082713,74.33203708908019,1,3,81,SMS,Healthy,0.44499999999999995
DNR_00996,60,M,B+,Karachi,24.84678310472308,66.99544503872495,1,2,119,SMS,Healthy,0.20500000000000002
DNR_00997,42,F,A+,Islamabad,33.68495113079103,72.98612967855992,1,1,16,App,Healthy,0.77
DNR_00998,29,F,O+,Lahore,31.536300249858805,74.37630056879239,1,1,111,SMS,Healthy,0.19499999999999995
DNR_00999,41,M,A+,Faisalabad,31.38041190235774,73.15377514028324,1,1,115,SMS,Healthy,0.17500000000000004
DNR_01000,41,F,O+,Lahore,31.511190827645798,74.37134540198603,1,6,47,App,Unhealthy,0.765
DNR_01001,36,M,O+,Quetta,30.17342608276821,66.95981465562436,0,0,179,App,Healthy,0.05
DNR_01002,51,F,A+,Multan,30.233327502747468,71.50261660529455,0,3,54,App,Healthy,0.6799999999999999
DNR_01003,29,F,A+,Quetta,30.121418231551498,66.92552833332051,0,3,42,SMS,Healthy,0.64
DNR_01004,30,F,A+,Lahore,31.573479715472644,74.36755837216589,1,2,84,Phone,Healthy,0.38
DNR_01005,23,M,A+,Faisalabad,31.461155383424074,73.02280650347946,1,6,90,SMS,Healthy,0.55
DNR_01006,28,M,O+,Lahore,31.547307493962634,74.26674044458841,1,3,84,SMS,Healthy,0.43000000000000005
DNR_01007,60,M,O+,Islamabad,33.612547548835096,72.96915988495667,1,4,76,SMS,Minor issues,0.42
DNR_01008,36,M,A+,Quetta,30.19513432809243,66.98368872403982,0,1,86,SMS,Healthy,0.31999999999999995
DNR_01009,44,M,B+,Quetta,30.24944495262941,67.03981170274817,0,5,44,SMS,Healthy,0.73
DNR_01010,27,F,O+,Karachi,24.831236024037906,66.93126169103127,1,1,110,SMS,Healthy,0.19999999999999996
DNR_01011,25,F,B+,Quetta,30.203188770039993,66.96673206293286,0,2,18,App,Healthy,0.8099999999999999
DNR_01012,21,M,O+,Multan,30.11463649810271,71.48005237520654,0,6,77,App,Healthy,0.715
DNR_01013,19,F,O+,Peshawar,34.00995476499934,71.64180774294543,0,3,60,Phone,Healthy,0.55
DNR_01014,30,F,B+,Quetta,30.217333541155167,67.02235562619248,0,3,93,SMS,Healthy,0.385
DNR_01015,40,F,AB-,Lahore,31.576429032376875,74.28425544864331,1,5,103,App,Healthy,0.5349999999999999
DNR_01016,40,M,A+,Karachi,24.85969601257283,66.95865502487352,1,1,38,SMS,Minor issues,0.45999999999999996
DNR_01017,34,M,B-,Islamabad,33.73687179014618,73.11101319530425,1,4,31,App,Healthy,0.845
DNR_01018,60,M,O+,Quetta,30.18971703179371,66.9728184476588,0,1,78,App,Healthy,0.45999999999999996
DNR_01019,29,F,A+,Faisalabad,31.380798597689054,73.02328853980708,1,2,81,App,Minor issues,0.3949999999999999
DNR_01020,24,F,B+,Multan,30.228902836367876,71.57273790166037,0,2,26,App,Healthy,0.7699999999999999
DNR_01021,47,F,A+,Karachi,24.918041985639793,66.93739888632727,1,4,117,SMS,Healthy,0.31500000000000006
DNR_01022,31,M,B+,Lahore,31.527562149664202,74.38013588449016,1,0,311,App,Healthy,0.05
DNR_01023,51,F,A+,Quetta,30.203334875349686,66.94853720405001,0,5,66,SMS,Healthy,0.62
DNR_01024,35,M,A-,Quetta,30.233370139180597,66.97078613321938,0,1,115,SMS,Healthy,0.17500000000000004
DNR_01025,41,M,O+,Islamabad,33.66210294502906,73.07429924078637,1,2,25,App,Minor issues,0.6749999999999999
DNR_01026,41,M,A+,Quetta,30.168411655728114,67.04188320923961,0,7,66,SMS,Healthy,0.72
DNR_01027,24,F,AB-,Faisalabad,31.40881259029577,73.12232429777377,1,6,115,SMS,Minor issues,0.32500000000000007
DNR_01028,29,F,B+,Karachi,24.937811187901943,66.94739194907434,1,4,48,App,Healthy,0.76
DNR_01029,18,M,A+,Multan,30.16942916161753,71.60133727616264,0,3,83,Phone,Healthy,0.43500000000000005
DNR_01030,23,F,A+,Peshawar,34.076725256062595,71.61262646311953,0,3,45,Phone,Healthy,0.625
DNR_01031,32,F,A+,Islamabad,33.64916491916204,73.05234667769719,1,4,17,Phone,Healthy,0.8150000000000001
DNR_01032,45,F,A+,Quetta,30.19969754890006,66.99390999394898,0,4,49,SMS,Minor issues,0.5549999999999999
DNR_01033,25,M,B+,Faisalabad,31.478955949189103,73.0125849477255,1,0,350,SMS,Minor issues,0.05
DNR_01034,22,M,B+,Multan,30.236207835126866,71.49032845751492,0,4,78,SMS,Healthy,0.51
DNR_01035,50,M,B+,Peshawar,33.938747478756774,71.64295109414648,0,4,17,App,Healthy,0.915
DNR_01036,44,M,O+,Faisalabad,31.495912752038567,73.01677070499895,1,5,57,SMS,Healthy,0.6649999999999999
DNR_01037,28,M,B+,Multan,30.198549590886785,71.59551488524049,0,2,60,SMS,Healthy,0.5
DNR_01038,46,M,B+,Karachi,24.909562009937478,67.07934001262377,1,1,55,App,Unhealthy,0.475
DNR_01039,19,M,AB-,Faisalabad,31.38352567919126,73.12466628205189,1,6,111,SMS,Healthy,0.44499999999999995
DNR_01040,27,F,A+,Multan,30.09433630743962,71.52753229201123,0,2,117,App,Healthy,0.31500000000000006
DNR_01041,44,M,A+,Quetta,30.232350020709102,66.90811154614954,0,2,103,App,Healthy,0.385
DNR_01042,19,M,A-,Lahore,31.553900896504825,74.35771831326362,1,3,23,App,Healthy,0.835
DNR_01043,36,M,B+,Islamabad,33.763841884088606,73.07814285785084,1,3,53,SMS,Healthy,0.585
DNR_01044,24,F,A+,Quetta,30.120139836460073,67.00878409082617,0,11,70,SMS,Healthy,0.9
DNR_01045,37,M,A+,Faisalabad,31.410869179813094,73.00431718233406,1,3,16,SMS,Healthy,0.77
DNR_01046,34,M,B+,Karachi,24.839833754458148,66.96743449201617,1,0,304,Phone,Healthy,0.05
DNR_01047,28,M,O+,Islamabad,33.68214808648583,73.09449259217128,1,5,66,Phone,Healthy,0.62
DNR_01048,38,M,B+,Karachi,24.82605716797779,66.9503923412551,1,1,96,Phone,Healthy,0.27
DNR_01049,24,F,O+,Peshawar,34.001812024690125,71.59218945468629,0,2,30,App,Minor issues,0.6499999999999999
DNR_01050,35,M,A-,Quetta,30.12104953718418,66.91716356576056,0,7,33,SMS,Minor issues,0.7849999999999999
DNR_01051,20,M,A+,Multan,30.129534605847972,71.57286985939118,0,3,35,App,Minor issues,0.6749999999999999
DNR_01052,32,F,B+,Lahore,31.477031154296494,74.3708710143209,1,3,10,Phone,Healthy,0.7999999999999999
DNR_01053,38,M,O+,Karachi,24.872219166982305,67.04848540502977,1,11,54,Phone,Healthy,0.95
DNR_01054,46,F,B+,Karachi,24.933526932214146,67.00779349262339,1,4,81,SMS,Healthy,0.495
DNR_01055,18,F,AB-,Lahore,31.47268625125919,74.3689207062914,1,1,7,SMS,Healthy,0.715
DNR_01056,22,M,B-,Faisalabad,31.480024932598536,73.07017671509342,1,0,202,App,Healthy,0.05
DNR_01057,31,F,A+,Quetta,30.249215805367545,66.9493930488074,0,7,107,SMS,Healthy,0.515
DNR_01058,37,M,O+,Peshawar,33.95334313986276,71.51639338128778,0,2,45,App,Healthy,0.6749999999999999
DNR_01059,26,M,O+,Islamabad,33.756746356400576,73.07647737084531,1,5,21,SMS,Healthy,0.845
DNR_01060,29,M,O-,Karachi,24.796499074554493,66.94389368807413,1,3,24,SMS,Healthy,0.73
DNR_01061,42,F,O+,Faisalabad,31.376339674177327,73.09462073906187,1,3,43,Phone,Healthy,0.635
DNR_01062,30,M,B+,Peshawar,33.94470111646454,71.57487176531926,0,1,74,App,Healthy,0.48
DNR_01063,45,M,B+,Quetta,30.102779653202486,66.98365204210695,0,2,50,SMS,Minor issues,0.44999999999999996
DNR_01064,32,M,O+,Faisalabad,31.386738054714495,73.06417934742687,1,5,91,SMS,Minor issues,0.39499999999999996
DNR_01065,38,M,A+,Lahore,31.55617036073841,74.29051013310196,1,3,34,SMS,Healthy,0.6799999999999999
DNR_01066,30,M,AB-,Quetta,30.25357831081077,66.99431678687245,0,3,64,App,Minor issues,0.53
DNR_01067,48,F,O+,Karachi,24.87635884024011,67.05541803545951,1,4,80,Phone,Healthy,0.5
DNR_01068,18,M,B+,Multan,30.12250980621038,71.47072660882375,0,5,117,App,Minor issues,0.365
DNR_01069,37,M,O+,Karachi,24.803044042927116,67.01013665304043,1,2,41,App,Healthy,0.695
DNR_01070,31,M,B+,Peshawar,34.076429057934405,71.65176535456494,0,2,25,SMS,Minor issues,0.575
DNR_01071,29,M,A-,Islamabad,33.65906076875999,73.0414678946483,1,4,53,App,Unhealthy,0.6349999999999999
DNR_01072,24,M,O+,Multan,30.174905880065594,71.44558467962915,0,3,93,App,Minor issues,0.385
DNR_01073,35,M,O+,Peshawar,34.05699443863963,71.58660103259224,0,3,84,Phone,Healthy,0.43000000000000005
DNR_01074,34,F,A+,Karachi,24.91126905588104,66.992328283253,1,1,7,SMS,Minor issues,0.615
DNR_01075,43,M,A-,Faisalabad,31.46087453509792,73.11062482150054,1,0,303,App,Healthy,0.05
DNR_01076,40,M,B+,Lahore,31.472865067146326,74.30858151741093,1,3,66,App,Healthy,0.62
DNR_01077,33,F,B+,Karachi,24.91004631910063,66.95648362888605,1,1,29,SMS,Healthy,0.605
DNR_01078,43,F,AB+,Islamabad,33.63785381141559,72.99927388704332,1,0,276,Phone,Healthy,0.05
DNR_01079,20,F,B+,Faisalabad,31.36527633542035,73.03010324113349,1,8,110,App,Healthy,0.6499999999999999
DNR_01080,43,F,A+,Peshawar,33.95551942318198,71.5109078914254,0,9,104,SMS,Healthy,0.63
DNR_01081,38,M,B+,Lahore,31.5135924755953,74.3992267484164,1,3,51,Phone,Healthy,0.595
DNR_01082,29,M,AB-,Peshawar,34.00762817979092,71.65056245902433,0,2,117,App,Healthy,0.31500000000000006
DNR_01083,37,M,AB+,Faisalabad,31.49721703625545,73.04294569540228,1,1,53,Phone,Healthy,0.485
DNR_01084,23,F,B+,Islamabad,33.71979524462765,72.97541434359304,1,1,41,SMS,Healthy,0.545
DNR_01085,46,F,B+,Islamabad,33.61748942422878,73.05939113870582,1,1,51,App,Healthy,0.595
DNR_01086,27,M,A+,Multan,30.117497465845197,71.47121705204157,0,1,92,App,Healthy,0.3899999999999999
DNR_01087,38,M,A+,Karachi,24.784543764773048,67.04865534485137,1,2,61,App,Healthy,0.595
DNR_01088,43,F,O-,Karachi,24.913902802007716,67.05256140734384,1,1,34,App,Unhealthy,0.58
DNR_01089,36,M,O+,Karachi,24.902955771274176,67.02115580120855,1,3,32,SMS,Healthy,0.69
DNR_01090,36,M,O+,Karachi,24.923113397845857,67.03203818672303,1,5,44,Phone,Healthy,0.73
DNR_01091,38,F,O+,Faisalabad,31.43818963388424,73.00962644145706,1,4,52,App,Healthy,0.74
DNR_01092,23,F,B+,Islamabad,33.72471413723362,73.00519791744301,1,0,367,App,Healthy,0.05
DNR_01093,53,M,A+,Karachi,24.92149010679747,67.02017688868197,1,0,266,App,Minor issues,0.05
DNR_01094,20,M,AB+,Quetta,30.117081054380762,66.89696617316623,0,5,83,SMS,Healthy,0.535
DNR_01095,44,F,A+,Faisalabad,31.43997819770443,73.04010577635215,1,7,63,App,Healthy,0.835
DNR_01096,53,M,A+,Quetta,30.106851326108565,66.9154289201637,0,2,94,App,Healthy,0.43000000000000005
DNR_01097,21,M,B+,Multan,30.219135505606108,71.56897930629924,0,6,12,SMS,Healthy,0.9400000000000001
DNR_01098,26,M,O+,Islamabad,33.68722889436059,73.07312828898228,1,6,27,App,Unhealthy,0.865
DNR_01099,23,M,O+,Faisalabad,31.40552978246667,73.03036514074387,1,5,93,SMS,Minor issues,0.38499999999999995
DNR_01100,49,M,AB+,Islamabad,33.71509456098308,73.04268438210458,1,4,34,App,Healthy,0.8299999999999998
DNR_01101,30,F,AB-,Islamabad,33.62117566344058,73.10807687653207,1,0,307,App,Healthy,0.05
DNR_01102,34,F,B+,Karachi,24.8805272028126,66.95934304637997,1,0,313,App,Healthy,0.05
DNR_01103,32,F,B-,Faisalabad,31.367479121954542,73.1574804869732,1,3,105,SMS,Healthy,0.32499999999999996
DNR_01104,29,M,O+,Karachi,24.851165299122815,67.02211353238306,1,1,41,SMS,Healthy,0.545
DNR_01105,48,F,B+,Karachi,24.815731206471185,66.96301981639722,1,3,113,App,Healthy,0.385
DNR_01106,33,M,O-,Lahore,31.615403832031717,74.26695900167398,1,0,200,App,Minor issues,0.05
DNR_01107,41,F,B+,Faisalabad,31.371637980586375,73.07209258856791,1,4,79,Phone,Healthy,0.505
DNR_01108,46,M,B+,Lahore,31.629331186274534,74.40466620721068,1,1,114,Phone,Unhealthy,0.08000000000000003
DNR_01109,36,F,O+,Lahore,31.500042580308534,74.34880875379824,1,2,51,Phone,Healthy,0.5449999999999999
DNR_01110,47,F,O+,Quetta,30.221893179960283,66.98897213958394,0,0,400,SMS,Minor issues,0.05
DNR_01111,53,F,O+,Lahore,31.596997907209484,74.40325623870666,1,3,66,App,Healthy,0.62
DNR_01112,18,F,A-,Lahore,31.57586035177098,74.27397968655518,1,0,336,App,Healthy,0.05
DNR_01113,49,M,A+,Multan,30.16052277858766,71.47353976278522,0,1,21,SMS,Healthy,0.645
DNR_01114,21,F,B+,Quetta,30.142733673359377,66.95915137128604,0,11,8,SMS,Healthy,0.95
DNR_01115,18,F,B+,Karachi,24.853032811192477,66.9586015346955,1,1,73,App,Minor issues,0.385
DNR_01116,40,M,B+,Quetta,30.159657176845705,66.98308831582636,0,2,48,SMS,Minor issues,0.45999999999999996
DNR_01117,37,M,O+,Quetta,30.106382867461743,66.97696193411484,0,3,80,SMS,Healthy,0.44999999999999996
DNR_01118,45,M,B+,Quetta,30.15052326811912,66.95617934825982,0,10,109,App,Minor issues,0.6549999999999999
DNR_01119,34,M,O+,Multan,30.12462285142255,71.52518238715267,0,3,84,App,Minor issues,0.43000000000000005
DNR_01120,34,M,O+,Islamabad,33.61581578836469,72.97402502163175,1,5,37,Phone,Healthy,0.765
DNR_01121,29,M,O+,Islamabad,33.72735725665514,73.10317171763714,1,3,8,App,Healthy,0.9099999999999999
DNR_01122,37,M,A+,Lahore,31.588071360949428,74.40958120482102,1,3,76,Phone,Minor issues,0.37
DNR_01123,38,M,O+,Faisalabad,31.48933040118904,73.1305978105783,1,1,90,App,Unhealthy,0.29999999999999993
DNR_01124,28,F,O+,Multan,30.101384982902367,71.50850084560821,0,1,89,SMS,Minor issues,0.20499999999999996
DNR_01125,41,M,A+,Quetta,30.188218440529848,66.96999813285173,0,5,111,App,Healthy,0.4949999999999999
DNR_01126,33,F,B+,Karachi,24.903920970561423,67.03277060305795,1,7,61,App,Healthy,0.845
DNR_01127,25,M,B+,Peshawar,34.07480003372233,71.54939150970382,0,4,36,App,Healthy,0.82
DNR_01128,22,F,B+,Multan,30.144563570530078,71.55462204894141,0,2,110,SMS,Healthy,0.24999999999999994
DNR_01129,30,M,A+,Peshawar,34.02581238840265,71.50565343895214,0,2,51,App,Healthy,0.6449999999999999
DNR_01130,60,M,B-,Peshawar,34.032253963439324,71.63921116088734,0,2,93,SMS,Healthy,0.33499999999999996
DNR_01131,37,F,O+,Quetta,30.175764424739643,66.94761461802662,0,2,52,App,Healthy,0.6399999999999999
DNR_01132,42,F,A+,Islamabad,33.69286508404927,72.97302946465787,1,3,104,App,Healthy,0.42999999999999994
DNR_01133,57,F,B+,Lahore,31.53144305830457,74.29654276742104,1,3,60,App,Minor issues,0.55
DNR_01134,31,M,B+,Quetta,30.127292114695038,67.03255317558028,0,6,26,App,Healthy,0.95
DNR_01135,41,M,O+,Karachi,24.899602840696293,66.98333886365306,1,5,115,App,Healthy,0.475
DNR_01136,25,F,O+,Faisalabad,31.45154745824908,73.07506480388496,1,6,74,App,Healthy,0.73
DNR_01137,42,M,AB-,Lahore,31.51377055640424,74.26479092940221,1,7,13,SMS,Healthy,0.95
DNR_01138,47,M,O+,Quetta,30.152422634065513,66.98607665166763,0,2,50,SMS,Healthy,0.5499999999999999
DNR_01139,52,M,B+,Karachi,24.921659051750776,66.99410905984256,1,4,39,SMS,Healthy,0.705
DNR_01140,27,F,A+,Islamabad,33.740375022524745,73.03430844136373,1,4,87,App,Minor issues,0.46499999999999997
DNR_01141,23,M,A+,Quetta,30.1291510910255,66.98597844254438,0,6,53,App,Minor issues,0.735
DNR_01142,31,M,O-,Faisalabad,31.424038006892072,73.10576511048829,1,6,23,App,Minor issues,0.885
DNR_01143,44,M,A+,Lahore,31.59159772791007,74.282996899933,1,1,84,Phone,Healthy,0.32999999999999996
DNR_01144,28,M,A+,Peshawar,34.00714975734334,71.54094265891,0,2,56,SMS,Healthy,0.5199999999999999
DNR_01145,30,M,B+,Karachi,24.8546046351685,66.97608523443455,1,1,53,SMS,Healthy,0.485
DNR_01146,41,M,O+,Karachi,24.927441916103938,66.97343765801226,1,3,119,App,Healthy,0.355
DNR_01147,36,F,B+,Karachi,24.894873046290897,66.99113578441172,1,3,88,App,Healthy,0.51
DNR_01148,18,M,O+,Lahore,31.485782419368313,74.31066314459342,1,6,31,App,Healthy,0.945
DNR_01149,31,M,B+,Karachi,24.824420362369416,66.99160527853738,1,2,62,SMS,Healthy,0.49
DNR_01150,31,M,A+,Multan,30.211340182584273,71.5747418921505,0,0,286,App,Healthy,0.05
DNR_01151,56,M,A+,Karachi,24.789086440990218,66.9218465172394,1,4,86,App,Healthy,0.57
DNR_01152,42,F,A+,Lahore,31.4843218288136,74.33106923688405,1,5,104,App,Healthy,0.5299999999999999
DNR_01153,23,F,O+,Lahore,31.623099240830285,74.27905651292434,1,1,75,SMS,Healthy,0.375
DNR_01154,45,F,A+,Multan,30.09472941257432,71.49724263458572,0,2,110,App,Healthy,0.35
DNR_01155,39,M,O+,Lahore,31.53816084728337,74.30078530203554,1,6,113,Phone,Healthy,0.43500000000000005
DNR_01156,32,M,O+,Karachi,24.84296986552807,66.99450414907943,1,1,116,App,Healthy,0.27
DNR_01157,38,M,A+,Multan,30.219173608086777,71.51067549374287,0,4,7,SMS,Healthy,0.8649999999999999
DNR_01158,39,F,B+,Karachi,24.928255825532037,67.01217280990059,1,3,49,SMS,Minor issues,0.505
DNR_01159,21,M,O+,Islamabad,33.71286408358163,73.12347869645525,1,5,61,Phone,Healthy,0.6449999999999999
DNR_01160,44,F,O+,Multan,30.233983444990578,71.55151929426448,0,6,107,SMS,Healthy,0.46499999999999997
DNR_01161,28,M,O+,Peshawar,34.0536902275472,71.58104720710215,0,5,24,App,Healthy,0.9299999999999999
DNR_01162,39,F,O+,Karachi,24.83011578058767,67.03916612542687,1,2,24,SMS,Minor issues,0.58
DNR_01163,49,F,A+,Karachi,24.81302188600501,66.98121967087314,1,3,58,App,Healthy,0.66
DNR_01164,18,M,O+,Multan,30.195780901762642,71.49749037629874,0,2,15,SMS,Minor issues,0.625
DNR_01165,40,M,A+,Faisalabad,31.40438294416433,73.1291336865049,1,4,94,App,Minor issues,0.43000000000000005
DNR_01166,26,F,O+,Multan,30.163789880340186,71.58996112923346,0,1,63,App,Healthy,0.5349999999999999
DNR_01167,34,F,O+,Multan,30.217132925249917,71.5283355083962,0,2,28,SMS,Healthy,0.6599999999999999
DNR_01168,18,M,A+,Karachi,24.811494471564423,67.02259871348382,1,3,36,Phone,Healthy,0.67
DNR_01169,51,M,O+,Karachi,24.907937294831054,66.95379973306216,1,2,20,App,Healthy,0.7999999999999999
DNR_01170,29,M,B+,Quetta,30.13898799331667,66.92322968078356,0,5,73,App,Healthy,0.6849999999999999
DNR_01171,38,M,O+,Quetta,30.23778808429395,66.97198731312753,0,1,41,Phone,Healthy,0.545
DNR_01172,36,F,B+,Quetta,30.18064680868315,67.01258849672487,0,3,22,App,Healthy,0.84
DNR_01173,18,F,A+,Faisalabad,31.406383565967133,73.01241725687844,1,3,86,App,Minor issues,0.42000000000000004
DNR_01174,30,F,O+,Peshawar,33.97616667554432,71.57468419755202,0,2,13,App,Healthy,0.8349999999999999
DNR_01175,33,M,B+,Peshawar,34.04937813933999,71.53181451982823,0,2,52,App,Healthy,0.6399999999999999
DNR_01176,23,F,O+,Faisalabad,31.416632594829267,73.14721057140329,1,10,56,SMS,Healthy,0.9199999999999999
DNR_01177,19,F,B-,Quetta,30.193929440869372,66.96040601359009,0,3,38,App,Healthy,0.76
DNR_01178,18,M,A-,Peshawar,34.08813550025852,71.62390326060425,0,8,64,App,Minor issues,0.7799999999999999
DNR_01179,22,F,B+,Multan,30.188932865926866,71.5490450135533,0,2,29,App,Healthy,0.7549999999999999
DNR_01180,24,F,A+,Lahore,31.527526286114398,74.37664943284562,1,5,97,App,Minor issues,0.46499999999999997
DNR_01181,44,M,A+,Lahore,31.57867063749715,74.30428608551908,1,2,86,App,Healthy,0.47
DNR_01182,35,M,O-,Karachi,24.894557514759164,66.98259563717563,1,1,93,App,Healthy,0.3849999999999999
DNR_01183,45,F,AB+,Peshawar,33.96153177717894,71.56879943567857,0,1,77,Phone,Minor issues,0.26499999999999996
DNR_01184,56,F,B+,Peshawar,33.984276618640344,71.56635743874605,0,3,13,SMS,Healthy,0.7849999999999999
DNR_01185,42,F,A+,Karachi,24.908305431490415,67.05137648346746,1,3,12,App,Healthy,0.89
DNR_01186,47,M,O+,Multan,30.235424078903673,71.57552230049578,0,1,106,App,Healthy,0.31999999999999995
DNR_01187,28,M,O+,Multan,30.194786757744488,71.4722014809804,0,0,256,SMS,Healthy,0.05
DNR_01188,36,M,A+,Lahore,31.487338119996384,74.35433474146649,1,3,82,App,Healthy,0.54
DNR_01189,35,M,O+,Multan,30.118996306637463,71.58926372622444,0,8,33,App,Minor issues,0.9349999999999999
DNR_01190,42,M,A+,Peshawar,33.94776956831589,71.51421313020913,0,1,64,App,Healthy,0.5299999999999999
DNR_01191,39,M,O+,Karachi,24.88834873476092,66.93722946273029,1,2,28,SMS,Healthy,0.6599999999999999
DNR_01192,41,M,A+,Karachi,24.787397495099118,66.9548709373502,1,3,31,SMS,Minor issues,0.595
DNR_01193,24,F,B+,Peshawar,34.08414054094067,71.57621708531012,0,1,51,Phone,Minor issues,0.39499999999999996
DNR_01194,39,M,B+,Islamabad,33.654835808678676,73.00623552472709,1,1,94,SMS,Healthy,0.28
DNR_01195,35,M,B+,Peshawar,33.987840840585555,71.51652837801348,0,1,87,App,Healthy,0.4149999999999999
DNR_01196,32,M,A+,Multan,30.081608868362792,71.4645631263125,0,3,64,SMS,Minor issues,0.43
DNR_01197,22,M,O-,Islamabad,33.74357649087333,73.05028624025955,1,4,30,App,Healthy,0.8499999999999999
DNR_01198,51,F,O+,Multan,30.08016084865782,71.50253289794139,0,1,23,Phone,Minor issues,0.535
DNR_01199,44,M,A+,Islamabad,33.68192578306218,73.08617274157118,1,7,88,SMS,Healthy,0.61
DNR_01200,25,F,B+,Quetta,30.244632441926544,67.01248443887812,0,13,114,Phone,Minor issues,0.68
DNR_01201,33,M,O+,Lahore,31.606788417669136,74.3443418585202,1,0,372,SMS,Healthy,0.05
DNR_01202,30,M,A+,Islamabad,33.762355137341956,73.04258848725325,1,2,98,SMS,Unhealthy,0.21
DNR_01203,41,F,A-,Multan,30.104769282046856,71.5959735805747,0,6,103,SMS,Healthy,0.485
DNR_01204,37,F,O+,Multan,30.129740127209004,71.50625837050237,0,3,55,App,Minor issues,0.575
DNR_01205,42,M,A+,Multan,30.09719569762406,71.46662102918951,0,6,32,App,Minor issues,0.84
DNR_01206,22,M,A+,Karachi,24.81650899468873,67.01325553375045,1,6,13,SMS,Healthy,0.9349999999999999
DNR_01207,26,F,O+,Islamabad,33.72216039806011,73.02896408077946,1,4,60,App,Healthy,0.7
DNR_01208,18,M,B+,Faisalabad,31.37945503177129,73.04565624042472,1,2,86,App,Healthy,0.47
DNR_01209,31,M,B+,Peshawar,33.95357699581723,71.5593379241555,0,7,12,Phone,Healthy,0.95
DNR_01210,18,F,AB-,Multan,30.163196486460993,71.5804389754631,0,1,49,App,Healthy,0.605
DNR_01211,38,F,O+,Islamabad,33.62460917835205,73.07409884443476,1,3,51,SMS,Minor issues,0.495
DNR_01212,22,M,O+,Karachi,24.80385212585467,67.0719623853884,1,1,32,SMS,Healthy,0.59
DNR_01213,30,F,B+,Quetta,30.219329589015665,67.03086039519464,0,3,18,App,Healthy,0.86
DNR_01214,39,F,O+,Islamabad,33.62415424203092,73.12739577671012,1,3,104,App,Unhealthy,0.32999999999999996
DNR_01215,39,F,B+,Faisalabad,31.492639312477955,73.00851001413004,1,3,46,App,Healthy,0.72
DNR_01216,55,F,O+,Multan,30.207166984349573,71.55696518618551,0,5,8,App,Healthy,0.95
DNR_01217,19,M,O-,Faisalabad,31.49550232674481,73.1045800497441,1,4,18,App,Healthy,0.9099999999999999
DNR_01218,25,F,AB-,Quetta,30.258250287995704,67.01623426960869,0,5,89,App,Healthy,0.605
DNR_01219,37,M,B+,Islamabad,33.7165773873046,73.05558160509321,1,6,70,App,Minor issues,0.65
DNR_01220,18,M,O+,Faisalabad,31.473969555299966,73.11263400505075,1,4,110,SMS,Minor issues,0.24999999999999994
DNR_01221,44,M,O+,Lahore,31.613254893904713,74.29716261517778,1,6,33,App,Healthy,0.9349999999999999
DNR_01222,32,F,O+,Multan,30.169609135510857,71.55343084896266,0,7,9,App,Healthy,0.95
DNR_01223,20,F,O+,Quetta,30.108813041372358,66.95189341661234,0,4,21,SMS,Healthy,0.795
DNR_01224,23,M,AB+,Peshawar,34.09015631574222,71.60081560745543,0,2,78,SMS,Healthy,0.4099999999999999
DNR_01225,24,M,O+,Lahore,31.565084876673886,74.29119792048071,1,4,94,App,Healthy,0.53
DNR_01226,18,F,A+,Faisalabad,31.412187804299467,73.13001122466362,1,1,16,SMS,Healthy,0.67
DNR_01227,44,M,A+,Quetta,30.113021918489995,66.97327495055366,0,3,47,App,Healthy,0.715
DNR_01228,41,F,B+,Karachi,24.857419738571316,67.03209613636179,1,4,109,SMS,Unhealthy,0.25499999999999995
DNR_01229,38,M,A+,Quetta,30.169185036585763,66.98642769590047,0,1,92,App,Healthy,0.3899999999999999
DNR_01230,36,M,O+,Faisalabad,31.468058869958806,73.0022594221518,1,3,18,SMS,Healthy,0.76
DNR_01231,42,M,B+,Faisalabad,31.471943030339148,73.08533708571642,1,4,57,SMS,Healthy,0.615
DNR_01232,48,F,A+,Faisalabad,31.48161636771837,73.02800626771689,1,2,8,SMS,Unhealthy,0.6599999999999999
DNR_01233,32,M,O+,Peshawar,33.955610558480124,71.53349678403454,0,0,264,SMS,Healthy,0.05
DNR_01234,36,M,B+,Faisalabad,31.357954739220318,73.04687246756977,1,4,99,SMS,Healthy,0.405
DNR_01235,26,F,O+,Multan,30.22889433854317,71.52801089146688,0,3,91,App,Healthy,0.495
DNR_01236,18,F,A+,Quetta,30.149869767859776,67.04072530506375,0,2,26,App,Healthy,0.7699999999999999
DNR_01237,36,F,A+,Peshawar,34.066162127309724,71.53843605689613,0,3,44,App,Healthy,0.73
DNR_01238,42,M,O+,Faisalabad,31.426331300277756,73.09378530220873,1,3,80,App,Healthy,0.5499999999999999
DNR_01239,34,M,A+,Quetta,30.160885170089923,67.03958558936515,0,8,16,App,Healthy,0.95
DNR_01240,36,M,O+,Islamabad,33.62731903202045,73.00050206350154,1,1,63,SMS,Minor issues,0.33499999999999996
DNR_01241,46,M,O+,Multan,30.137042761520913,71.55007088848087,0,3,62,SMS,Healthy,0.54
DNR_01242,18,F,A+,Quetta,30.225845450489075,66.95563070419539,0,2,48,SMS,Healthy,0.5599999999999999
DNR_01243,50,F,O+,Islamabad,33.69213900557372,72.97845349746866,1,3,38,App,Healthy,0.76
DNR_01244,18,M,B+,Islamabad,33.73209557860584,73.01168348590119,1,3,63,SMS,Healthy,0.535
DNR_01245,37,M,O-,Quetta,30.119560558814683,66.97923610774079,0,6,39,Phone,Minor issues,0.7050000000000001
DNR_01246,30,F,B+,Faisalabad,31.450072885718534,73.1375637359166,1,8,24,App,Healthy,0.95
DNR_01247,18,M,A+,Karachi,24.843030132938235,66.97632766209374,1,1,50,App,Minor issues,0.5
DNR_01248,20,F,AB-,Peshawar,34.01129789899863,71.52091155249961,0,2,72,SMS,Minor issues,0.33999999999999997
DNR_01249,18,M,B+,Lahore,31.560509724015503,74.30637918464286,1,8,25,SMS,Healthy,0.95
DNR_01250,41,F,A+,Islamabad,33.70179247848778,73.08098588201736,1,1,60,SMS,Healthy,0.44999999999999996
DNR_01251,44,M,A-,Peshawar,34.01829514615736,71.61545468959974,0,1,118,App,Unhealthy,0.16000000000000003
DNR_01252,30,F,O+,Multan,30.142542365515922,71.49493790598541,0,5,35,Phone,Minor issues,0.675
DNR_01253,57,M,O+,Multan,30.169550671645894,71.45843361933638,0,3,82,App,Healthy,0.54
DNR_01254,18,M,AB+,Quetta,30.12162854113538,66.97464883269669,0,3,107,SMS,Minor issues,0.21499999999999997
DNR_01255,37,F,A+,Peshawar,34.03360585712216,71.64624182490277,0,1,32,SMS,Healthy,0.59
DNR_01256,34,F,A+,Multan,30.236575511382796,71.55068785771235,0,2,66,SMS,Healthy,0.47
DNR_01257,43,F,AB-,Multan,30.23184358140055,71.55282354694627,0,2,81,SMS,Healthy,0.3949999999999999
DNR_01258,37,F,B+,Lahore,31.491031008092982,74.32012664536533,1,3,56,App,Healthy,0.6699999999999999
DNR_01259,41,M,B+,Lahore,31.61594722800143,74.30356243576017,1,3,34,App,Healthy,0.7799999999999999
DNR_01260,46,M,A+,Karachi,24.8230601260341,66.92145748927358,1,1,91,App,Healthy,0.3949999999999999
DNR_01261,44,M,B+,Islamabad,33.686884642059475,73.1108468572562,1,1,67,Phone,Unhealthy,0.31499999999999995
DNR_01262,27,F,A-,Karachi,24.83326828820509,66.97772283910174,1,3,115,App,Healthy,0.375
DNR_01263,30,M,O-,Quetta,30.178527379080705,66.9085590046991,0,6,22,App,Healthy,0.95
DNR_01264,30,M,O+,Karachi,24.90381161715583,66.96112156046163,1,4,50,Phone,Healthy,0.65
DNR_01265,37,M,B+,Islamabad,33.73424701665578,72.98529119886085,1,7,98,App,Healthy,0.66
DNR_01266,30,M,A+,Lahore,31.527177879385444,74.4028822512498,1,0,185,App,Healthy,0.05
DNR_01267,34,M,O+,Karachi,24.833694161726235,66.92615704660453,1,1,104,App,Healthy,0.32999999999999996
DNR_01268,36,F,B-,Karachi,24.908671213676616,67.03539135337762,1,1,74,App,Healthy,0.48
DNR_01269,48,M,A+,Quetta,30.234690066177414,66.95721576110293,0,1,107,SMS,Minor issues,0.11499999999999995
DNR_01270,39,M,O+,Karachi,24.782883832844956,67.03061002626002,1,4,89,App,Healthy,0.5549999999999999
DNR_01271,41,M,A+,Quetta,30.169292562389604,66.94131466064718,0,1,101,Phone,Healthy,0.24499999999999997
DNR_01272,25,M,A+,Lahore,31.49959763766464,74.30858221369591,1,7,82,SMS,Healthy,0.64
DNR_01273,42,M,O+,Multan,30.109245993463865,71.55793374383774,0,4,59,App,Minor issues,0.605
DNR_01274,18,F,A+,Peshawar,34.07177950691128,71.60112526540098,0,1,10,SMS,Healthy,0.7
DNR_01275,20,M,O+,Quetta,30.2484557330444,66.96320847632606,0,1,34,App,Unhealthy,0.58
DNR_01276,32,M,O+,Karachi,24.892725417844428,67.07791989458968,1,2,96,App,Healthy,0.42000000000000004
DNR_01277,18,M,B+,Karachi,24.829386398398942,66.96417937426993,1,3,96,SMS,Healthy,0.37
DNR_01278,44,M,B+,Quetta,30.1288802598487,66.8950857484962,0,8,55,App,Minor issues,0.825
DNR_01279,44,F,O+,Islamabad,33.62052187198508,72.99747440048726,1,4,55,App,Minor issues,0.6249999999999999
DNR_01280,18,F,B+,Islamabad,33.71367384203883,73.09117418310878,1,6,37,App,Healthy,0.915
DNR_01281,46,M,B+,Faisalabad,31.42261793017949,73.05855476560384,1,1,61,App,Minor issues,0.44499999999999995
DNR_01282,44,F,O+,Quetta,30.200529380539162,66.9912936200146,0,3,117,App,Healthy,0.365
DNR_01283,38,M,O-,Lahore,31.481680736186288,74.35105264365555,1,2,100,SMS,Minor issues,0.19999999999999998
DNR_01284,52,M,A+,Faisalabad,31.34500977698306,73.02977307641292,1,4,92,App,Healthy,0.5399999999999999
DNR_01285,31,M,O+,Faisalabad,31.494020185169386,73.14228608446838,1,1,74,Phone,Minor issues,0.27999999999999997
DNR_01286,31,M,A+,Quetta,30.248813172331385,66.97561910842762,0,2,59,App,Healthy,0.605
DNR_01287,36,M,A+,Multan,30.230428467471807,71.45462694253253,0,1,43,Phone,Healthy,0.535
DNR_01288,18,F,O+,Faisalabad,31.47724091519533,73.15454614681599,1,2,68,App,Healthy,0.5599999999999999
DNR_01289,41,M,A+,Quetta,30.196954940690393,66.92810793540961,0,3,50,SMS,Healthy,0.6
DNR_01290,30,M,B+,Peshawar,34.061503500357624,71.57337055790879,0,1,61,SMS,Minor issues,0.345
DNR_01291,32,F,B+,Islamabad,33.64736234435099,72.98695654331578,1,3,75,Phone,Healthy,0.475
DNR_01292,18,M,B+,Islamabad,33.74577639555663,73.11625967318173,1,2,57,App,Healthy,0.615
DNR_01293,21,M,A+,Multan,30.111095581691973,71.46348957410027,0,3,84,Phone,Unhealthy,0.33
DNR_01294,31,M,A+,Islamabad,33.74583782204303,73.0101461089159,1,1,44,App,Minor issues,0.53
DNR_01295,18,M,B-,Islamabad,33.60606531064979,73.02477730457697,1,2,19,Phone,Healthy,0.705
DNR_01296,37,F,O+,Islamabad,33.76100198195932,73.09240975887658,1,3,55,Phone,Healthy,0.575
DNR_01297,42,F,O+,Multan,30.11867522701028,71.54509674257554,0,3,97,SMS,Minor issues,0.265
DNR_01298,40,M,O+,Quetta,30.192866207921266,67.02423727376248,0,3,93,App,Healthy,0.485
DNR_01299,33,F,O+,Lahore,31.49343347032329,74.34024110194885,1,2,11,SMS,Healthy,0.7449999999999999
DNR_01300,35,M,B+,Faisalabad,31.416482941321558,73.11581679875898,1,1,99,Phone,Healthy,0.255
DNR_01301,39,M,O+,Lahore,31.579678692064075,74.29365568274194,1,5,48,Phone,Minor issues,0.61
DNR_01302,24,M,B+,Quetta,30.115837407784827,66.9792845679966,0,3,115,Phone,Unhealthy,0.17500000000000004
DNR_01303,18,F,A+,Peshawar,33.95260568240471,71.50266832967215,0,3,115,App,Healthy,0.375
DNR_01304,32,F,O-,Lahore,31.619875742658838,74.35954194890677,1,6,76,SMS,Healthy,0.62
DNR_01305,41,F,O+,Faisalabad,31.47443523419792,73.01269443092623,1,0,177,SMS,Minor issues,0.05
DNR_01306,29,M,A+,Quetta,30.17642534136118,66.93400941736206,0,3,69,SMS,Healthy,0.505
DNR_01307,45,M,O+,Peshawar,33.95145044987755,71.54797815859624,0,5,88,App,Minor issues,0.51
DNR_01308,36,M,A+,Lahore,31.538041669303638,74.28718024162448,1,0,150,Phone,Healthy,0.05
DNR_01309,20,F,O+,Multan,30.209145579220788,71.46288538743475,0,2,75,App,Minor issues,0.42499999999999993
DNR_01310,32,M,O+,Karachi,24.79290639063799,66.97449596643251,1,2,75,Phone,Healthy,0.42499999999999993
DNR_01311,36,M,AB+,Karachi,24.86557690250259,67.01703783757848,1,3,23,SMS,Healthy,0.735
DNR_01312,36,F,O+,Multan,30.12342088860081,71.5849643469142,0,4,7,SMS,Healthy,0.8649999999999999
DNR_01313,23,M,B+,Islamabad,33.73218936633631,73.09411698022149,1,0,388,App,Minor issues,0.05
DNR_01314,48,F,O-,Islamabad,33.73189611828988,73.12411427950671,1,3,89,App,Healthy,0.505
DNR_01315,46,F,O+,Quetta,30.114271522954766,67.05416346922819,0,1,115,Phone,Healthy,0.17500000000000004
DNR_01316,18,M,B+,Islamabad,33.76005581847899,73.0641788984698,1,3,68,App,Healthy,0.61
DNR_01317,33,M,O+,Multan,30.165394281741502,71.53109955841752,0,1,38,Phone,Healthy,0.5599999999999999
DNR_01318,44,M,B+,Lahore,31.537194521769223,74.35606023032258,1,3,99,App,Healthy,0.45499999999999996
DNR_01319,29,F,A+,Multan,30.236524849951977,71.44764474425602,0,0,172,App,Healthy,0.05
DNR_01320,20,M,AB+,Karachi,24.916592659266918,67.04568350040795,1,8,65,Phone,Healthy,0.775
DNR_01321,43,M,B+,Faisalabad,31.48407262542376,73.0378995853552,1,2,57,Phone,Unhealthy,0.41500000000000004
DNR_01322,41,F,O+,Lahore,31.49259225265677,74.380893043168,1,2,31,App,Healthy,0.7449999999999999
DNR_01323,27,F,B+,Karachi,24.79250324730495,67.05508995112648,1,1,44,SMS,Healthy,0.53
DNR_01324,37,F,O+,Islamabad,33.60639643202922,73.10087087885583,1,2,112,App,Healthy,0.33999999999999997
DNR_01325,21,M,A+,Quetta,30.21157022808643,66.9429212313535,0,2,18,SMS,Healthy,0.71
DNR_01326,49,M,O+,Faisalabad,31.355802666611538,73.00870012779373,1,3,114,SMS,Healthy,0.28
DNR_01327,45,M,A+,Lahore,31.602928815106896,74.37238456705599,1,5,109,SMS,Healthy,0.4049999999999999
DNR_01328,27,F,B+,Faisalabad,31.386965433489504,73.03547037685355,1,3,64,App,Healthy,0.63
DNR_01329,25,F,O+,Karachi,24.899601558174925,66.985164387821,1,0,283,App,Unhealthy,0.05
DNR_01330,29,M,B+,Faisalabad,31.47267407831813,73.12974941369585,1,6,9,SMS,Healthy,0.95
DNR_01331,46,M,O+,Multan,30.20603428169665,71.54836355131177,0,0,253,SMS,Healthy,0.05
DNR_01332,28,M,O+,Karachi,24.83437546561724,66.95942478676105,1,1,12,App,Minor issues,0.6900000000000001
DNR_01333,41,M,O+,Lahore,31.5191592180106,74.35187062034812,1,5,83,SMS,Minor issues,0.435
DNR_01334,18,M,O+,Islamabad,33.61157992611377,73.12573903573778,1,1,46,App,Healthy,0.62
DNR_01335,23,M,O+,Karachi,24.837763862981415,66.96628434877245,1,3,12,Phone,Healthy,0.79
DNR_01336,28,M,O+,Faisalabad,31.358722702387162,73.10704982683346,1,1,111,App,Healthy,0.29499999999999993
DNR_01337,45,M,AB-,Karachi,24.784489649709673,67.04847108752979,1,2,28,SMS,Minor issues,0.5599999999999999
DNR_01338,27,M,AB+,Islamabad,33.617000457531454,73.06805243541395,1,5,64,App,Healthy,0.73
DNR_01339,26,F,O+,Lahore,31.59271211442775,74.28936752423455,1,3,80,SMS,Healthy,0.44999999999999996
DNR_01340,22,F,B+,Multan,30.20048179428746,71.5164968332116,0,4,51,SMS,Healthy,0.6449999999999999
DNR_01341,25,M,O+,Peshawar,34.077508788958504,71.62436800012931,0,9,16,Phone,Healthy,0.95
DNR_01342,34,M,O+,Peshawar,34.025704137835255,71.65960472452345,0,4,81,SMS,Unhealthy,0.39499999999999996
DNR_01343,58,M,O+,Faisalabad,31.465581284977727,73.14232157512565,1,0,372,App,Minor issues,0.05
DNR_01344,28,M,B+,Lahore,31.514518771572725,74.32173252252741,1,4,86,Phone,Healthy,0.47
DNR_01345,23,M,O+,Faisalabad,31.494557401723892,73.12120341915686,1,1,17,App,Unhealthy,0.665
DNR_01346,31,M,AB+,Peshawar,33.98086001086347,71.56594531685948,0,2,44,App,Healthy,0.6799999999999999
DNR_01347,23,M,A+,Quetta,30.25212719339567,66.95478929529605,0,4,119,App,Minor issues,0.30500000000000005
DNR_01348,40,F,B+,Islamabad,33.611228091884385,73.1242890619801,1,3,28,Phone,Unhealthy,0.61
DNR_01349,46,M,A+,Multan,30.21398956549799,71.49140569602945,0,2,43,SMS,Healthy,0.585
DNR_01350,41,M,B+,Karachi,24.795660499225782,66.99564041536865,1,0,207,App,Healthy,0.05
DNR_01351,26,M,A-,Karachi,24.92749365630096,67.06869851979845,1,4,103,App,Healthy,0.485
DNR_01352,24,F,O+,Islamabad,33.701099107272974,73.00192162993227,1,3,8,App,Healthy,0.9099999999999999
DNR_01353,23,F,O+,Quetta,30.12308220801379,66.92915522255919,0,0,159,SMS,Minor issues,0.05
DNR_01354,55,M,A-,Karachi,24.849517558263017,66.99684554230382,1,5,30,Phone,Healthy,0.7999999999999999
DNR_01355,36,M,A-,Islamabad,33.627078062998365,73.01172485080369,1,1,32,App,Healthy,0.69
DNR_01356,44,M,A-,Faisalabad,31.480891742300326,73.02855252636736,1,2,44,App,Healthy,0.6799999999999999
DNR_01357,28,M,A-,Islamabad,33.636176849447814,73.11861066310298,1,6,102,Phone,Healthy,0.49
DNR_01358,28,M,B+,Faisalabad,31.394750780239818,73.10996422988214,1,2,99,App,Healthy,0.405
DNR_01359,36,M,O+,Faisalabad,31.453635789236976,73.09165829765381,1,2,9,Phone,Healthy,0.7549999999999999
DNR_01360,35,M,A+,Faisalabad,31.455875085750968,73.04974244629643,1,4,108,Phone,Healthy,0.36
DNR_01361,47,M,B+,Lahore,31.596422691023324,74.37143124972151,1,6,101,App,Healthy,0.595
DNR_01362,43,M,A+,Quetta,30.201286888467465,66.99722662326032,0,3,69,Phone,Minor issues,0.405
DNR_01363,26,M,O+,Multan,30.164873796432474,71.47147616448515,0,4,31,Phone,Healthy,0.745
DNR_01364,23,M,B+,Lahore,31.471999362862416,74.39380469589685,1,4,8,Phone,Healthy,0.86
DNR_01365,49,M,AB-,Faisalabad,31.44182586836701,73.07205959760434,1,4,75,Phone,Healthy,0.525
DNR_01366,42,M,B+,Peshawar,33.988732258216594,71.64871581742264,0,3,37,App,Unhealthy,0.6649999999999999
DNR_01367,45,M,B+,Peshawar,33.99605013166073,71.63571465737773,0,1,55,SMS,Healthy,0.475
DNR_01368,44,F,B+,Islamabad,33.749341242762796,72.98377601065083,1,4,11,SMS,Minor issues,0.7449999999999999
DNR_01369,30,M,A+,Karachi,24.84650474627456,67.00052478865378,1,7,108,SMS,Healthy,0.51
DNR_01370,21,F,AB+,Multan,30.082721685967098,71.49128471347296,0,2,21,App,Healthy,0.7949999999999999
DNR_01371,31,M,O+,Quetta,30.23681482113549,67.0470882393413,0,2,58,SMS,Healthy,0.51
DNR_01372,34,M,A+,Quetta,30.212413593083184,67.01358448910213,0,3,33,App,Minor issues,0.6849999999999999
DNR_01373,37,M,B+,Lahore,31.57508909466803,74.31278346981821,1,2,52,SMS,Healthy,0.5399999999999999
DNR_01374,40,F,O-,Karachi,24.783184810383617,66.94564005574048,1,2,77,Phone,Healthy,0.4149999999999999
DNR_01375,38,M,A+,Faisalabad,31.365265720318746,73.09064999136069,1,2,118,SMS,Healthy,0.21000000000000002
DNR_01376,45,M,B+,Quetta,30.232367983927226,67.02321306339734,0,8,86,App,Healthy,0.77
DNR_01377,41,M,O+,Multan,30.141999043112005,71.49579999141369,0,2,77,App,Healthy,0.5149999999999999
DNR_01378,36,M,O+,Multan,30.17853057095639,71.57038500703813,0,6,34,SMS,Healthy,0.83
DNR_01379,36,F,A+,Islamabad,33.65598474112005,72.98282070805223,1,2,79,SMS,Healthy,0.4049999999999999
DNR_01380,30,M,O+,Faisalabad,31.45121214621505,73.14639510304022,1,3,98,SMS,Healthy,0.36
DNR_01381,38,M,B+,Multan,30.179014104165436,71.56931435975805,0,8,13,SMS,Unhealthy,0.9349999999999999
DNR_01382,38,M,A+,Lahore,31.50894070683278,74.38840463243376,1,1,72,App,Healthy,0.49
DNR_01383,43,F,A+,Multan,30.100503124746606,71.44860253162192,0,5,80,App,Healthy,0.6499999999999999
DNR_01384,37,F,AB+,Quetta,30.14499408614873,67.0381367661722,0,0,387,SMS,Healthy,0.05
DNR_01385,34,M,B+,Islamabad,33.68296591319494,72.97141311494558,1,0,383,SMS,Healthy,0.05
DNR_01386,43,M,AB+,Lahore,31.519873589746418,74.40892838398322,1,3,28,SMS,Healthy,0.71
DNR_01387,26,F,O+,Karachi,24.881694144209213,67.05786942829066,1,4,71,Phone,Healthy,0.545
DNR_01388,37,M,B+,Islamabad,33.69183724346758,72.99324212293833,1,3,115,App,Healthy,0.375
DNR_01389,29,F,O-,Peshawar,34.01687915535088,71.5248753626541,0,1,81,App,Healthy,0.44499999999999995
DNR_01390,36,F,O+,Lahore,31.4830508416745,74.3742562756775,1,4,83,App,Healthy,0.585
DNR_01391,18,M,O+,Lahore,31.55793953825465,74.31069134038334,1,2,34,Phone,Healthy,0.6299999999999999
DNR_01392,28,F,B+,Peshawar,33.975014903751564,71.5321602309788,0,1,60,Phone,Minor issues,0.35
DNR_01393,25,F,A+,Quetta,30.193812622012597,66.9215044984747,0,3,71,App,Minor issues,0.495
DNR_01394,43,M,A+,Quetta,30.21933268321952,67.02554275193064,0,1,105,Phone,Healthy,0.22499999999999998
DNR_01395,44,M,A+,Quetta,30.201031754802873,66.90528260046172,0,0,201,SMS,Healthy,0.05
DNR_01396,29,M,O+,Peshawar,34.03162113526665,71.64086033468854,0,4,26,App,Healthy,0.8699999999999999
DNR_01397,19,F,B+,Quetta,30.151428985916837,67.02154341958274,0,4,7,App,Healthy,0.95
DNR_01398,32,M,O+,Multan,30.127812463190917,71.44644127993416,0,1,42,App,Healthy,0.64
DNR_01399,32,F,A+,Lahore,31.613499035826504,74.35346249335555,1,7,28,App,Minor issues,0.91
DNR_01400,29,M,A+,Peshawar,34.049602499732856,71.65190336976453,0,8,106,App,Healthy,0.6699999999999999
DNR_01401,29,F,A+,Peshawar,34.05599219254876,71.55134532715486,0,2,28,Phone,Healthy,0.6599999999999999
DNR_01402,44,M,O+,Faisalabad,31.38190647223143,73.01818144369614,1,1,53,App,Healthy,0.585
DNR_01403,25,M,A+,Peshawar,33.98060590626935,71.60348665736116,0,5,79,App,Healthy,0.6549999999999999
DNR_01404,31,F,A-,Islamabad,33.74773272401507,73.11478551727237,1,0,183,SMS,Healthy,0.05
DNR_01405,23,M,A+,Karachi,24.847112619022436,66.96925972360928,1,3,64,App,Minor issues,0.53
DNR_01406,30,M,B+,Karachi,24.8786713035191,66.98403239867501,1,1,47,SMS,Healthy,0.515
DNR_01407,41,F,B+,Faisalabad,31.472892102925666,73.1491326009011,1,3,18,SMS,Minor issues,0.66
DNR_01408,33,M,O+,Faisalabad,31.475822203263757,73.11498053755246,1,0,152,App,Unhealthy,0.05
DNR_01409,32,M,O+,Multan,30.221960893318126,71.60323040476435,0,1,49,Phone,Healthy,0.505
DNR_01410,34,F,B-,Faisalabad,31.3866864150465,73.0412963409535,1,3,39,App,Healthy,0.7549999999999999
DNR_01411,31,F,A+,Quetta,30.121842132119482,66.96871100201595,0,6,35,App,Healthy,0.925
DNR_01412,32,M,AB-,Faisalabad,31.40948475845842,73.01867972946377,1,7,48,Phone,Healthy,0.8099999999999999
DNR_01413,42,M,B+,Multan,30.20112303582533,71.52213300960759,0,3,63,App,Healthy,0.635
DNR_01414,29,M,A+,Multan,30.217159573128672,71.55041692443744,0,2,112,App,Healthy,0.33999999999999997
DNR_01415,35,F,O+,Karachi,24.814696075407422,67.02837983262077,1,2,95,App,Healthy,0.42500000000000004
DNR_01416,37,M,B+,Quetta,30.194283695938115,66.97942314209213,0,8,14,App,Healthy,0.95
DNR_01417,23,F,A+,Islamabad,33.7400491166407,72.98480567602411,1,7,37,SMS,Healthy,0.865
DNR_01418,33,M,A-,Quetta,30.224603369522338,66.92507255562381,0,2,73,Phone,Healthy,0.43499999999999994
DNR_01419,31,M,O+,Islamabad,33.62073029597674,73.04165265941167,1,2,63,Phone,Healthy,0.485
DNR_01420,27,M,O+,Karachi,24.785273799939443,67.02700168062553,1,2,9,Phone,Healthy,0.7549999999999999
DNR_01421,30,M,O+,Peshawar,33.959099207397614,71.58085046271187,0,1,50,App,Healthy,0.6
DNR_01422,53,M,O+,Islamabad,33.66560360461712,73.11638319342445,1,6,102,App,Healthy,0.59
DNR_01423,42,M,O+,Lahore,31.548678596351884,74.33297045467994,1,6,50,SMS,Healthy,0.75
DNR_01424,32,F,A+,Karachi,24.786410073203125,66.96368851914258,1,3,40,App,Healthy,0.75
DNR_01425,33,M,O+,Lahore,31.534429503860366,74.32646166799223,1,2,61,Phone,Healthy,0.495
DNR_01426,35,M,A+,Multan,30.203216424231023,71.50052129811871,0,5,66,App,Healthy,0.72
DNR_01427,36,M,A+,Multan,30.222745190501772,71.54443893599124,0,5,72,App,Healthy,0.69
DNR_01428,35,F,O-,Lahore,31.499675105920023,74.40757907549764,1,4,106,App,Healthy,0.47
DNR_01429,30,M,O+,Quetta,30.255699336652555,67.036001204344,0,2,36,App,Healthy,0.72
DNR_01430,38,M,A+,Karachi,24.87400541730047,66.99922917455818,1,1,26,SMS,Unhealthy,0.52
DNR_01431,33,M,O+,Faisalabad,31.3845053711359,73.03562602735194,1,5,78,App,Healthy,0.6599999999999999
DNR_01432,46,M,A+,Faisalabad,31.455789833945843,73.07151861640294,1,4,33,App,Healthy,0.835
DNR_01433,34,F,B-,Multan,30.079669768604933,71.50132022049563,0,6,45,App,Healthy,0.875
DNR_01434,18,F,AB-,Quetta,30.21631448683715,66.89831636446463,0,2,103,App,Healthy,0.385
DNR_01435,37,F,O-,Islamabad,33.72296198870635,73.12362649411048,1,4,18,App,Healthy,0.9099999999999999
DNR_01436,26,M,A+,Lahore,31.486969065338915,74.30742782206194,1,1,55,Phone,Healthy,0.475
DNR_01437,18,M,B+,Quetta,30.24545237364658,66.95081520901678,0,0,395,Phone,Healthy,0.05
DNR_01438,27,M,B+,Islamabad,33.687612437274254,73.02282391089697,1,2,36,App,Healthy,0.72
DNR_01439,54,M,B+,Quetta,30.155319650326263,66.9126304924124,0,3,54,SMS,Minor issues,0.48
DNR_01440,38,M,O-,Quetta,30.146165084199662,66.984302535849,0,2,44,SMS,Healthy,0.58
DNR_01441,41,M,B+,Karachi,24.787252495023402,66.96638276780303,1,7,68,SMS,Healthy,0.71
DNR_01442,36,M,O+,Islamabad,33.73785760822372,72.9758843273776,1,2,12,App,Healthy,0.84
DNR_01443,41,M,AB-,Multan,30.230089640719893,71.55901153587183,0,3,57,Phone,Healthy,0.5650000000000001
DNR_01444,29,M,A+,Quetta,30.13481724246995,66.97070844284646,0,1,19,SMS,Healthy,0.655
DNR_01445,18,M,A+,Multan,30.222166051981613,71.5877853824869,0,2,15,App,Healthy,0.825
DNR_01446,29,F,A+,Lahore,31.52129678435848,74.35610678675076,1,1,57,SMS,Healthy,0.46499999999999997
DNR_01447,29,F,O+,Lahore,31.51849937539768,74.3111734634002,1,3,54,App,Healthy,0.6799999999999999
DNR_01448,48,F,B+,Lahore,31.53960285050397,74.28577758003064,1,5,79,App,Minor issues,0.5549999999999999
DNR_01449,38,M,O+,Multan,30.14592706735915,71.51218090639287,0,1,100,SMS,Healthy,0.24999999999999997
DNR_01450,38,M,O+,Peshawar,33.9491486379574,71.52299369456198,0,3,35,App,Minor issues,0.6749999999999999
DNR_01451,20,F,A+,Peshawar,34.02192312824716,71.59099193606114,0,1,105,SMS,Healthy,0.22499999999999998
DNR_01452,34,M,A+,Quetta,30.173849250850058,67.01707928284992,0,3,35,App,Healthy,0.7749999999999999
DNR_01453,24,M,A+,Karachi,24.884680790504277,66.97445735272686,1,1,48,App,Minor issues,0.51
DNR_01454,30,M,O+,Quetta,30.119230828977194,66.98853879770566,0,4,38,SMS,Minor issues,0.61
DNR_01455,19,M,A+,Multan,30.195967858990763,71.52414874441195,0,1,44,App,Healthy,0.63
DNR_01456,29,M,A+,Faisalabad,31.453062726723143,73.14894499336057,1,6,84,App,Healthy,0.68
DNR_01457,36,F,A+,Lahore,31.566306505966068,74.28296550679185,1,1,44,App,Healthy,0.63
DNR_01458,40,M,O+,Quetta,30.162314222926682,67.04316711082674,0,4,112,App,Healthy,0.43999999999999995
DNR_01459,33,M,B+,Lahore,31.55717507960829,74.39506983338923,1,1,34,SMS,Minor issues,0.4799999999999999
DNR_01460,38,F,AB-,Karachi,24.810269256474598,67.05206801608156,1,4,92,App,Healthy,0.5399999999999999
DNR_01461,18,F,O+,Multan,30.15437463437323,71.49121184538309,0,6,45,SMS,Healthy,0.775
DNR_01462,40,M,B+,Islamabad,33.71602443256361,72.98507373426433,1,3,27,SMS,Healthy,0.715
DNR_01463,37,M,B+,Karachi,24.8430087036741,67.01398609183163,1,2,26,App,Healthy,0.7699999999999999
DNR_01464,24,M,A+,Multan,30.222629349654586,71.59894744403279,0,3,8,SMS,Healthy,0.8099999999999999
DNR_01465,25,M,A+,Islamabad,33.68450214073162,73.10566354611302,1,4,73,App,Healthy,0.635
DNR_01466,21,M,AB-,Quetta,30.124024434318383,66.99994934167768,0,4,18,SMS,Healthy,0.8099999999999999
DNR_01467,24,M,B+,Faisalabad,31.46001721389108,73.04756878161845,1,3,100,SMS,Healthy,0.35
DNR_01468,35,M,A-,Quetta,30.12865992595677,67.00836002937247,0,2,53,Phone,Healthy,0.5349999999999999
DNR_01469,36,M,A+,Islamabad,33.75723113548842,73.0235952352339,1,1,75,App,Healthy,0.475
DNR_01470,50,M,B+,Karachi,24.81777268964832,67.02754175542142,1,2,56,App,Healthy,0.6199999999999999
DNR_01471,44,M,A+,Islamabad,33.73376887731226,73.08512352837992,1,4,83,SMS,Unhealthy,0.385
DNR_01472,39,M,O-,Multan,30.14470898499772,71.45519918439618,0,2,93,Phone,Minor issues,0.23499999999999996
DNR_01473,35,M,O+,Faisalabad,31.397891538150944,73.10010704889378,1,1,21,SMS,Healthy,0.645
DNR_01474,40,M,O+,Karachi,24.938919338223215,67.01290474586065,1,1,47,SMS,Healthy,0.515
DNR_01475,40,M,O+,Quetta,30.21854462504636,66.96445008136492,0,4,10,SMS,Healthy,0.85
DNR_01476,22,M,A+,Karachi,24.887685319967517,66.95366633762507,1,3,96,SMS,Healthy,0.37
DNR_01477,44,F,B-,Faisalabad,31.34951441853131,73.0287486969976,1,5,55,App,Healthy,0.7749999999999999
DNR_01478,18,F,AB-,Quetta,30.232212118284384,66.97513604563726,0,2,99,App,Healthy,0.405
DNR_01479,44,M,O-,Faisalabad,31.398178916304083,73.01043881875175,1,2,83,App,Healthy,0.485
DNR_01480,26,M,A+,Islamabad,33.612636641408784,73.0543860836636,1,6,110,App,Healthy,0.5499999999999999
DNR_01481,18,M,A+,Islamabad,33.71692373022783,72.9787724509149,1,1,23,Phone,Healthy,0.635
DNR_01482,39,F,AB+,Peshawar,34.08408944798857,71.5805075212863,0,11,80,SMS,Minor issues,0.75
DNR_01483,23,M,O+,Multan,30.227408301731813,71.60248942873842,0,2,119,Phone,Healthy,0.20500000000000002
DNR_01484,32,F,O+,Quetta,30.22215774643349,66.91728618050125,0,2,46,App,Healthy,0.6699999999999999
DNR_01485,30,M,A+,Faisalabad,31.375698752276367,73.01076590429027,1,2,49,SMS,Minor issues,0.45499999999999996
DNR_01486,18,F,AB+,Islamabad,33.70010362059985,73.06588922411127,1,1,94,Phone,Minor issues,0.18
DNR_01487,43,M,B+,Lahore,31.475396013565778,74.34481668246417,1,1,59,App,Healthy,0.5549999999999999
DNR_01488,32,F,B+,Islamabad,33.640840821911624,73.11689944550437,1,2,103,SMS,Minor issues,0.18499999999999997
DNR_01489,34,M,A+,Lahore,31.578810594610687,74.38166777121793,1,3,53,SMS,Minor issues,0.485
DNR_01490,36,M,O+,Faisalabad,31.450214046033423,73.08702718784544,1,2,37,App,Healthy,0.715
DNR_01491,39,M,O+,Peshawar,33.965983300618085,71.57034397282371,0,2,23,Phone,Healthy,0.6849999999999999
DNR_01492,18,M,O+,Peshawar,34.05541105018656,71.62973760508679,0,3,30,App,Healthy,0.7999999999999999
DNR_01493,40,M,O+,Faisalabad,31.46801950270758,73.01135786811906,1,2,24,App,Healthy,0.7799999999999999
DNR_01494,32,M,O+,Karachi,24.92316795206576,67.08079420944739,1,5,78,App,Healthy,0.6599999999999999
DNR_01495,42,M,B+,Multan,30.11753181688591,71.53188339129193,0,1,59,App,Healthy,0.5549999999999999
DNR_01496,30,M,A+,Islamabad,33.675366694013036,73.01633502633742,1,1,55,Phone,Minor issues,0.37499999999999994
DNR_01497,33,M,B+,Faisalabad,31.380805639885494,73.11074346997907,1,7,18,SMS,Healthy,0.95
DNR_01498,52,M,O+,Quetta,30.144565415285165,66.92756878961569,0,5,35,SMS,Healthy,0.775
DNR_01499,24,M,O-,Islamabad,33.66398239760984,73.0985207535123,1,3,21,SMS,Healthy,0.745
DNR_01500,48,M,A-,Multan,30.080906344054824,71.57871203297825,0,5,65,SMS,Unhealthy,0.5249999999999999
DNR_01501,31,M,B+,Islamabad,33.649054797142234,73.06545963609688,1,7,14,SMS,Healthy,0.95
DNR_01502,36,M,A-,Quetta,30.129308287501246,66.96397359434663,0,4,56,App,Healthy,0.72
DNR_01503,32,M,O+,Peshawar,34.080608640442776,71.62121649181029,0,2,17,SMS,Minor issues,0.615
DNR_01504,45,M,A+,Islamabad,33.72556035464685,73.0224511015961,1,11,84,SMS,Healthy,0.83
DNR_01505,55,F,B+,Quetta,30.220184115048788,67.02418347133303,0,3,16,SMS,Minor issues,0.67
DNR_01506,25,M,B-,Faisalabad,31.40581360336852,73.11417523127592,1,4,66,Phone,Healthy,0.57
DNR_01507,39,F,O+,Quetta,30.137916305031624,67.04023401500604,0,4,78,App,Unhealthy,0.51
DNR_01508,35,M,A+,Islamabad,33.691248729009416,73.02190517650972,1,3,64,App,Healthy,0.63
DNR_01509,28,M,A+,Islamabad,33.73404151951261,73.06517986814062,1,0,218,SMS,Minor issues,0.05
DNR_01510,21,M,B+,Islamabad,33.67540938971367,72.97066266984929,1,2,84,SMS,Minor issues,0.28
DNR_01511,19,M,O+,Islamabad,33.639254799996145,72.97727357375571,1,3,8,App,Minor issues,0.8099999999999999
DNR_01512,33,F,O+,Peshawar,34.00547032258487,71.54178111334559,0,9,100,SMS,Unhealthy,0.55
DNR_01513,39,F,O+,Quetta,30.123304285658882,66.99387188870426,0,4,12,App,Healthy,0.94
DNR_01514,28,M,O+,Karachi,24.851149420904985,66.97187350979084,1,2,108,App,Healthy,0.36
DNR_01515,23,M,O+,Multan,30.08007890782164,71.58008894416987,0,4,50,Phone,Unhealthy,0.55
DNR_01516,33,F,B+,Karachi,24.793096662839577,66.99211002945087,1,5,99,SMS,Healthy,0.45499999999999996
DNR_01517,32,M,O+,Islamabad,33.71336260191914,72.97932290787922,1,5,98,SMS,Minor issues,0.36
DNR_01518,32,M,O+,Karachi,24.834297725600123,66.9864020082681,1,2,78,App,Minor issues,0.4099999999999999
DNR_01519,29,F,B+,Islamabad,33.611537692321384,73.11674936231383,1,2,69,SMS,Healthy,0.45499999999999996
DNR_01520,21,F,O+,Peshawar,34.04952287528619,71.6192269467213,0,2,46,App,Healthy,0.6699999999999999
DNR_01521,27,F,A+,Lahore,31.574829493148638,74.28761194975506,1,1,84,App,Healthy,0.42999999999999994
DNR_01522,30,F,A+,Karachi,24.871164381579753,67.08075007492832,1,2,108,Phone,Unhealthy,0.15999999999999995
DNR_01523,34,M,A+,Peshawar,34.01944102382446,71.50872904063118,0,5,112,SMS,Minor issues,0.2899999999999999
DNR_01524,21,M,B+,Quetta,30.146690449417914,66.93404463926396,0,0,231,App,Minor issues,0.05
DNR_01525,20,M,A+,Islamabad,33.759983496231335,73.07879170127039,1,4,25,App,Healthy,0.875
DNR_01526,42,M,A-,Islamabad,33.61663100294427,73.02586751934686,1,5,54,App,Healthy,0.7799999999999999
DNR_01527,34,M,O+,Faisalabad,31.470285426839286,73.01914500141825,1,1,85,App,Healthy,0.42499999999999993
DNR_01528,45,M,A+,Quetta,30.141444632572956,66.94090163033195,0,0,322,SMS,Healthy,0.05
DNR_01529,43,M,O+,Quetta,30.178872037497317,67.03603059860782,0,4,16,SMS,Healthy,0.82
DNR_01530,54,M,O+,Quetta,30.222281529181693,67.00882109991326,0,0,153,App,Healthy,0.05
DNR_01531,43,M,O+,Faisalabad,31.44840745039813,73.15748935741546,1,3,12,App,Healthy,0.89
DNR_01532,29,M,A-,Quetta,30.1889105249422,67.00891736184762,0,2,100,App,Healthy,0.4
DNR_01533,46,M,B-,Peshawar,34.05054873352675,71.51230040685981,0,6,80,SMS,Healthy,0.6
DNR_01534,52,F,A-,Multan,30.123786582657885,71.52123696758761,0,6,66,App,Minor issues,0.67
DNR_01535,44,M,O+,Faisalabad,31.419499837736833,73.02346102377844,1,4,115,SMS,Minor issues,0.22500000000000003
DNR_01536,49,M,A+,Multan,30.147673926564124,71.52628675060575,0,4,39,SMS,Healthy,0.705
DNR_01537,20,M,AB+,Lahore,31.559961014124966,74.40716826010369,1,2,14,App,Healthy,0.83
DNR_01538,32,M,A-,Islamabad,33.632946529952896,72.99081144972078,1,4,41,App,Healthy,0.7949999999999999
DNR_01539,44,F,A+,Multan,30.16952205166767,71.54337639955803,0,1,104,App,Healthy,0.32999999999999996
DNR_01540,44,M,O+,Karachi,24.8164813380782,66.94819132348117,1,1,113,App,Healthy,0.28500000000000003
DNR_01541,21,F,O+,Peshawar,34.041629377935685,71.52306050002095,0,4,43,SMS,Minor issues,0.585
DNR_01542,18,M,A+,Faisalabad,31.34435920639021,73.1416031096218,1,1,114,App,Healthy,0.28
DNR_01543,52,M,O+,Quetta,30.13230255022268,67.04568895333752,0,2,39,SMS,Healthy,0.605
DNR_01544,34,M,A+,Peshawar,34.08187923086836,71.61510014546671,0,3,91,App,Healthy,0.495
DNR_01545,35,F,O+,Quetta,30.121690885821675,66.93955251184896,0,2,19,App,Healthy,0.8049999999999999
DNR_01546,18,F,AB+,Multan,30.129838514514834,71.52602962762754,0,5,16,SMS,Healthy,0.87
DNR_01547,19,M,A+,Peshawar,34.04507001199104,71.64326360145179,0,6,16,SMS,Healthy,0.92
DNR_01548,36,M,O+,Multan,30.212128966520034,71.55068086833673,0,8,96,SMS,Healthy,0.62
DNR_01549,49,F,O+,Multan,30.171314939708957,71.58443837149521,0,2,18,SMS,Healthy,0.71
DNR_01550,41,M,O+,Quetta,30.217169709607038,66.94021594778512,0,1,113,App,Minor issues,0.18500000000000005
DNR_01551,38,M,AB-,Faisalabad,31.407491005024028,73.07761058430401,1,4,99,SMS,Healthy,0.405
DNR_01552,33,M,A+,Karachi,24.841546436775957,67.01452383293476,1,3,109,App,Healthy,0.4049999999999999
DNR_01553,26,M,B+,Multan,30.212010696210733,71.58490625168338,0,3,112,Phone,Minor issues,0.18999999999999995
DNR_01554,18,F,B+,Multan,30.15445344840934,71.46034531729094,0,2,95,App,Healthy,0.42500000000000004
DNR_01555,38,M,B-,Quetta,30.167778445429587,66.92319111044971,0,0,398,App,Healthy,0.05
DNR_01556,30,F,A+,Islamabad,33.7281890850093,73.04529819746031,1,11,101,SMS,Healthy,0.745
DNR_01557,19,F,B+,Quetta,30.142667818483694,66.9294169877646,0,1,107,SMS,Healthy,0.21499999999999997
DNR_01558,33,F,B+,Peshawar,33.985818937315024,71.56312054301385,0,4,97,SMS,Healthy,0.41500000000000004
DNR_01559,30,M,B+,Karachi,24.835074649091087,67.05206393352225,1,9,107,App,Healthy,0.7149999999999999
DNR_01560,35,M,B+,Peshawar,34.05972832039033,71.51815049928175,0,5,105,Phone,Healthy,0.42499999999999993
DNR_01561,59,F,A+,Lahore,31.585256595350646,74.39198606045149,1,3,68,SMS,Healthy,0.51
DNR_01562,38,M,A+,Islamabad,33.70918905326034,73.05088383976276,1,1,14,SMS,Healthy,0.68
DNR_01563,43,M,O+,Lahore,31.58455128072421,74.31002999744568,1,7,48,SMS,Healthy,0.8099999999999999
DNR_01564,27,M,B+,Quetta,30.250202207390835,66.90077199559865,0,9,14,App,Healthy,0.95
DNR_01565,18,M,AB+,Peshawar,33.96011128101717,71.54873462965995,0,6,99,App,Healthy,0.605
DNR_01566,30,M,A+,Lahore,31.599779334716864,74.32405707780751,1,4,14,App,Healthy,0.9299999999999999
DNR_01567,34,M,A+,Islamabad,33.685121546080246,73.08045827875422,1,3,96,Phone,Healthy,0.37
DNR_01568,18,F,O+,Multan,30.101795609111257,71.5626397436955,0,2,85,SMS,Healthy,0.375
DNR_01569,26,F,O+,Peshawar,34.00302443326993,71.61945733716897,0,2,95,Phone,Minor issues,0.225
DNR_01570,18,M,B+,Karachi,24.856124056502082,66.96769818462077,1,5,114,App,Healthy,0.48
DNR_01571,40,M,AB-,Islamabad,33.68971262458157,73.00703824603845,1,1,60,App,Minor issues,0.44999999999999996
DNR_01572,32,M,B+,Quetta,30.214132597384815,66.96736325648314,0,3,95,Phone,Minor issues,0.275
DNR_01573,27,M,O+,Faisalabad,31.428104522834953,73.1019509704001,1,4,113,App,Healthy,0.43500000000000005
DNR_01574,18,M,A+,Karachi,24.919072434308642,66.99946983393836,1,3,76,App,Healthy,0.57
DNR_01575,18,M,O+,Peshawar,34.069344001491835,71.6221930559068,0,8,65,SMS,Healthy,0.775
DNR_01576,55,M,B+,Quetta,30.123897915931355,66.94643087707638,0,4,14,App,Healthy,0.9299999999999999
DNR_01577,40,M,B+,Karachi,24.87068551940286,66.99929630211065,1,5,110,App,Healthy,0.4999999999999999
DNR_01578,58,M,O-,Islamabad,33.74178446562252,73.12674085742601,1,0,268,SMS,Healthy,0.05
DNR_01579,26,M,O+,Multan,30.079679923250787,71.52809024294395,0,3,95,App,Healthy,0.475
DNR_01580,27,M,O+,Faisalabad,31.40586915599726,73.02641553390761,1,1,119,Phone,Healthy,0.15500000000000003
DNR_01581,41,F,B+,Multan,30.0789813641271,71.46371332449374,0,5,16,Phone,Healthy,0.87
DNR_01582,20,F,A+,Multan,30.219827214922464,71.53510966130521,0,9,97,App,Healthy,0.7649999999999999
DNR_01583,31,M,O+,Multan,30.19181596800238,71.52800076547207,0,5,108,App,Healthy,0.5099999999999999
DNR_01584,46,M,B+,Islamabad,33.74078338795643,72.98955427942781,1,3,106,Phone,Healthy,0.31999999999999995
DNR_01585,48,M,A+,Karachi,24.855978949817477,67.08002965075609,1,1,91,App,Healthy,0.3949999999999999
DNR_01586,33,M,A+,Lahore,31.52266562086906,74.27337724626656,1,5,70,SMS,Healthy,0.6
DNR_01587,48,M,O+,Islamabad,33.659593191324255,72.97016071825966,1,4,45,SMS,Minor issues,0.575
DNR_01588,32,M,O+,Faisalabad,31.39676396849692,73.12181821427734,1,2,77,App,Healthy,0.5149999999999999
DNR_01589,24,F,B+,Multan,30.10188748848793,71.5618052925306,0,1,43,SMS,Healthy,0.535
DNR_01590,28,M,O+,Karachi,24.88387282052762,66.98237144256849,1,2,112,App,Healthy,0.33999999999999997
DNR_01591,43,M,AB-,Islamabad,33.70294195078432,73.11337675904441,1,2,30,Phone,Healthy,0.6499999999999999
DNR_01592,39,M,O+,Lahore,31.598236612528474,74.28703866484562,1,4,29,Phone,Healthy,0.755
DNR_01593,40,M,B-,Karachi,24.862572842082066,66.99145024336028,1,4,103,Phone,Healthy,0.385
DNR_01594,30,F,O+,Peshawar,33.997919465753206,71.62432713959876,0,4,68,SMS,Healthy,0.5599999999999999
DNR_01595,37,F,B+,Faisalabad,31.479325697428443,73.13385059534775,1,4,81,SMS,Healthy,0.495
DNR_01596,41,F,B-,Multan,30.148163490879647,71.5561159607279,0,5,22,App,Healthy,0.94
DNR_01597,48,M,O+,Quetta,30.238382150179966,67.03185957010515,0,4,25,SMS,Healthy,0.775
DNR_01598,36,F,B+,Quetta,30.2594640180595,67.0453051438224,0,2,47,App,Healthy,0.6649999999999999
DNR_01599,25,M,O+,Multan,30.13525862041235,71.4760821770735,0,5,109,Phone,Healthy,0.4049999999999999
DNR_01600,20,M,O+,Islamabad,33.60647912040564,73.0115844528121,1,5,63,Phone,Healthy,0.6349999999999999
DNR_01601,48,M,A+,Quetta,30.140286072628705,66.99504326588776,0,1,12,App,Healthy,0.79
DNR_01602,32,F,A+,Faisalabad,31.435207402744577,73.07181691499984,1,2,83,SMS,Healthy,0.385
DNR_01603,20,M,A+,Multan,30.136625417505307,71.54296727873596,0,0,342,SMS,Healthy,0.05
DNR_01604,31,F,A+,Lahore,31.536831613295156,74.3989285016053,1,4,31,Phone,Healthy,0.745
DNR_01605,29,M,A+,Karachi,24.825096506528144,67.05751213917038,1,8,12,App,Minor issues,0.95
DNR_01606,22,F,A+,Islamabad,33.65503684570519,73.08138943253661,1,4,95,SMS,Minor issues,0.325
DNR_01607,52,F,B+,Islamabad,33.668907693548654,73.10193466781107,1,4,62,SMS,Minor issues,0.49
DNR_01608,50,F,O+,Faisalabad,31.38066174803253,73.02671363678384,1,4,98,SMS,Healthy,0.41000000000000003
DNR_01609,35,M,A+,Multan,30.196992548515944,71.57895755155216,0,3,72,SMS,Healthy,0.49
DNR_01610,41,M,O+,Islamabad,33.73817690040623,72.98167523728155,1,2,52,App,Healthy,0.6399999999999999
DNR_01611,35,F,O+,Karachi,24.831500206173835,67.02135999065132,1,6,83,App,Healthy,0.685
DNR_01612,22,M,O+,Karachi,24.793703989311695,67.03698428252129,1,2,117,App,Healthy,0.31500000000000006
DNR_01613,48,M,A+,Multan,30.19708534926871,71.56299767500488,0,2,69,Phone,Minor issues,0.355
DNR_01614,59,M,B+,Islamabad,33.65488655678508,73.00405366081628,1,2,23,App,Healthy,0.7849999999999999
DNR_01615,27,M,O-,Islamabad,33.619185929310184,73.02472449648225,1,9,70,App,Healthy,0.8999999999999999
DNR_01616,18,M,A+,Peshawar,34.06807687064466,71.50637697499951,0,3,113,App,Healthy,0.385
DNR_01617,48,F,B+,Peshawar,34.00441654365888,71.60386127735485,0,2,115,SMS,Unhealthy,0.12500000000000003
DNR_01618,39,F,O+,Islamabad,33.73717722924129,73.09498720477694,1,3,111,SMS,Healthy,0.29499999999999993
DNR_01619,28,M,A+,Islamabad,33.751907100242725,73.05062477109233,1,2,57,App,Healthy,0.615
DNR_01620,19,M,B+,Quetta,30.160265625117187,66.98914252507838,0,3,105,SMS,Healthy,0.32499999999999996
DNR_01621,18,M,A+,Multan,30.10290007999111,71.52097934753264,0,7,82,App,Minor issues,0.64
DNR_01622,34,M,O-,Islamabad,33.63418571623807,72.97137999505878,1,2,77,App,Healthy,0.5149999999999999
DNR_01623,26,F,B+,Peshawar,34.01077153186095,71.53947419601985,0,1,24,SMS,Healthy,0.63
DNR_01624,30,F,A+,Quetta,30.25512250753521,67.0353892341069,0,11,16,SMS,Healthy,0.95
DNR_01625,23,F,AB-,Karachi,24.93333711044489,66.98522002038129,1,8,37,App,Minor issues,0.9149999999999999
DNR_01626,29,M,B+,Islamabad,33.75525541310797,72.99965394290864,1,2,115,Phone,Unhealthy,0.12500000000000003
DNR_01627,35,F,A+,Lahore,31.478308015740307,74.27806378387126,1,5,24,SMS,Minor issues,0.73
DNR_01628,37,F,O+,Islamabad,33.70977737625538,72.99996504569405,1,0,267,App,Healthy,0.05
DNR_01629,18,M,O+,Lahore,31.484126703124208,74.30275720361963,1,4,100,App,Healthy,0.5
DNR_01630,60,F,B-,Karachi,24.856028111111915,67.03098583015685,1,2,7,App,Healthy,0.8649999999999999
DNR_01631,24,F,A-,Faisalabad,31.484711957568912,73.06111182619155,1,2,27,App,Healthy,0.7649999999999999
DNR_01632,46,M,A-,Faisalabad,31.445959937727896,73.13872940743516,1,1,88,App,Healthy,0.4099999999999999
DNR_01633,45,M,B+,Islamabad,33.69822863286363,73.00337104702662,1,1,42,App,Healthy,0.64
DNR_01634,42,M,A+,Islamabad,33.604654646075446,73.06376723059617,1,1,86,App,Healthy,0.41999999999999993
DNR_01635,40,M,O+,Lahore,31.503497175052093,74.33326410051923,1,4,41,App,Healthy,0.7949999999999999
DNR_01636,28,M,A+,Quetta,30.207843669249147,66.97190432910303,0,6,45,App,Healthy,0.875
DNR_01637,20,M,O-,Lahore,31.486728889018206,74.39259662981348,1,6,16,App,Healthy,0.95
DNR_01638,20,M,A+,Multan,30.07945591826544,71.49594412451833,0,2,100,Phone,Minor issues,0.19999999999999998
DNR_01639,40,M,B+,Quetta,30.207031188299304,66.9625931307928,0,2,7,App,Healthy,0.8649999999999999
DNR_01640,18,M,B+,Multan,30.20588694323088,71.51694319060094,0,6,36,SMS,Healthy,0.82
DNR_01641,27,M,B+,Islamabad,33.62226754224955,72.99651433026878,1,2,7,SMS,Unhealthy,0.6649999999999999
DNR_01642,18,M,A+,Faisalabad,31.391938510356187,73.14856833218046,1,3,46,SMS,Healthy,0.62
DNR_01643,41,M,O+,Faisalabad,31.407582086859396,73.07346210785116,1,3,24,SMS,Minor issues,0.63
DNR_01644,18,M,A-,Islamabad,33.663487426963236,73.03601240594084,1,3,89,App,Healthy,0.505
DNR_01645,35,F,A+,Karachi,24.83780165788777,66.92390303889127,1,1,22,SMS,Healthy,0.64
DNR_01646,41,M,A+,Peshawar,34.02000296561561,71.56389433103637,0,2,96,App,Healthy,0.42000000000000004
DNR_01647,46,M,B+,Lahore,31.5386760874423,74.30755139735386,1,6,66,SMS,Healthy,0.67
DNR_01648,34,F,A+,Lahore,31.618862610450613,74.39487770247884,1,1,95,Phone,Minor issues,0.175
DNR_01649,28,M,O+,Islamabad,33.760694933228265,73.06995031730231,1,1,79,App,Healthy,0.45499999999999996
DNR_01650,30,F,B+,Multan,30.19738271987675,71.51250478544324,0,6,71,App,Minor issues,0.645
DNR_01651,35,M,B-,Multan,30.21139653076213,71.51424964533467,0,2,105,SMS,Minor issues,0.17499999999999996
DNR_01652,43,M,O+,Islamabad,33.731395754532514,73.07898114218587,1,0,227,SMS,Healthy,0.05
DNR_01653,25,M,B+,Lahore,31.589199166833,74.388129435856,1,2,31,SMS,Healthy,0.6449999999999999
DNR_01654,30,M,A+,Peshawar,33.98058600100598,71.50130816794298,0,2,15,App,Healthy,0.825
DNR_01655,28,M,A+,Multan,30.173352712142773,71.6010436195789,0,1,76,App,Healthy,0.47
DNR_01656,22,M,O+,Karachi,24.87852180462817,67.03760623525623,1,11,85,SMS,Healthy,0.8250000000000001
DNR_01657,51,M,B+,Quetta,30.162046322006706,67.04377963132579,0,1,74,SMS,Healthy,0.38
DNR_01658,21,M,B+,Islamabad,33.74109695823499,73.04773594323473,1,1,110,SMS,Healthy,0.19999999999999996
DNR_01659,37,M,O+,Quetta,30.236166668428556,67.04983577737642,0,5,7,App,Healthy,0.95
DNR_01660,18,M,B+,Islamabad,33.68913467990063,73.01654523684003,1,4,67,App,Healthy,0.6649999999999999
DNR_01661,18,F,B+,Quetta,30.12647748883279,66.95126022048579,0,7,116,App,Healthy,0.5700000000000001
DNR_01662,27,M,AB+,Faisalabad,31.416521100270366,73.03665497023496,1,3,60,Phone,Healthy,0.55
DNR_01663,45,F,O+,Peshawar,33.99831995155609,71.53430882739083,0,1,29,Phone,Healthy,0.605
DNR_01664,42,M,O+,Faisalabad,31.455513713811513,73.06327864149817,1,2,19,App,Minor issues,0.705
DNR_01665,29,M,A+,Quetta,30.223079947475405,66.99584410560803,0,9,67,Phone,Healthy,0.815
DNR_01666,45,F,A+,Multan,30.163200327792772,71.5076477386297,0,7,16,SMS,Healthy,0.95
DNR_01667,29,F,B+,Quetta,30.124914848523034,67.03473470351412,0,3,76,App,Minor issues,0.47
DNR_01668,46,M,O+,Faisalabad,31.365563306907834,73.1442649416665,1,3,10,App,Healthy,0.8999999999999999
DNR_01669,48,M,A+,Quetta,30.198820154743423,66.91717152668203,0,5,92,App,Healthy,0.59
DNR_01670,33,M,AB-,Peshawar,33.98700324965693,71.54049052067573,0,4,112,SMS,Minor issues,0.23999999999999994
DNR_01671,26,M,B+,Karachi,24.876914814047232,67.04748077813878,1,5,50,Phone,Healthy,0.7
DNR_01672,28,M,B+,Lahore,31.52875029144652,74.40354403152384,1,2,49,Phone,Healthy,0.5549999999999999
DNR_01673,21,M,O-,Islamabad,33.609342361363176,73.06031635973594,1,2,67,App,Healthy,0.565
DNR_01674,18,M,A+,Quetta,30.25544884598423,66.97503439026043,0,6,109,Phone,Minor issues,0.355
DNR_01675,29,M,A+,Islamabad,33.64357815263535,73.08342740211782,1,3,69,Phone,Minor issues,0.405
DNR_01676,34,M,A+,Multan,30.23678552802826,71.58284703529515,0,3,77,SMS,Minor issues,0.365
DNR_01677,18,M,B+,Islamabad,33.71892717635225,73.06501630659949,1,3,72,Phone,Healthy,0.49
DNR_01678,23,F,A+,Quetta,30.146674091400698,66.9587434778551,0,2,47,App,Healthy,0.6649999999999999
DNR_01679,35,F,A+,Islamabad,33.705082911455186,73.03830732911656,1,1,78,App,Minor issues,0.36
DNR_01680,30,F,O+,Faisalabad,31.464658966674545,73.114619074403,1,0,217,SMS,Healthy,0.05
DNR_01681,53,M,A+,Lahore,31.503313597469937,74.27914011265042,1,2,71,Phone,Minor issues,0.345
DNR_01682,26,M,O+,Multan,30.119099928548863,71.49214673114919,0,1,16,App,Healthy,0.77
DNR_01683,56,M,A+,Multan,30.083219142867712,71.46730335720542,0,2,35,App,Healthy,0.725
DNR_01684,31,M,O+,Islamabad,33.6534660368738,73.0824338692168,1,4,60,SMS,Healthy,0.6
DNR_01685,34,M,O+,Multan,30.196497306591507,71.55611320262975,0,7,25,App,Healthy,0.95
DNR_01686,36,M,O+,Quetta,30.235947064222888,66.98831685936803,0,5,114,App,Healthy,0.48
DNR_01687,37,M,O+,Islamabad,33.76377880339243,73.03283514117834,1,4,27,SMS,Healthy,0.765
DNR_01688,35,M,O+,Islamabad,33.684575246374955,73.0516339870624,1,4,58,SMS,Healthy,0.61
DNR_01689,41,M,O-,Faisalabad,31.48154137704357,73.00137721532434,1,2,53,SMS,Healthy,0.5349999999999999
DNR_01690,36,F,B+,Islamabad,33.70178259765865,73.08450189126643,1,3,58,App,Healthy,0.66
DNR_01691,54,M,O+,Quetta,30.244808324399234,67.02939634173661,0,6,79,App,Minor issues,0.605
DNR_01692,18,F,A+,Peshawar,33.99316965301543,71.50575448489009,0,1,32,Phone,Healthy,0.59
DNR_01693,26,M,AB-,Karachi,24.916156899096084,67.0071366545589,1,2,25,App,Unhealthy,0.6749999999999999
DNR_01694,32,M,A+,Quetta,30.140771531626307,67.01330972454868,0,2,34,SMS,Healthy,0.6299999999999999
DNR_01695,32,F,A+,Lahore,31.498088907957356,74.42030039845602,1,8,64,App,Healthy,0.8799999999999999
DNR_01696,43,M,O+,Multan,30.087687029726673,71.58940137392587,0,11,21,App,Minor issues,0.95
DNR_01697,49,M,O+,Lahore,31.54606516864809,74.27932323743931,1,4,19,App,Minor issues,0.805
DNR_01698,25,F,O+,Faisalabad,31.35662502269971,73.01244179338936,1,5,9,SMS,Healthy,0.9049999999999999
DNR_01699,43,M,B+,Lahore,31.47123639624323,74.33236090390818,1,3,65,SMS,Healthy,0.525
DNR_01700,46,F,A+,Quetta,30.22872253832213,66.99330612511103,0,6,57,SMS,Healthy,0.715
DNR_01701,52,M,O+,Faisalabad,31.43898051092211,73.05168230389033,1,1,51,App,Healthy,0.595
DNR_01702,28,M,O+,Multan,30.117343520332742,71.48894613575679,0,10,52,App,Minor issues,0.94
DNR_01703,53,M,O+,Quetta,30.128948845061757,66.89604276575947,0,6,50,App,Minor issues,0.75
DNR_01704,50,F,B+,Quetta,30.16892238678095,66.94374255668468,0,2,60,App,Healthy,0.6
DNR_01705,37,F,B+,Multan,30.108475280736435,71.46229387245519,0,1,39,SMS,Minor issues,0.45499999999999996
DNR_01706,27,M,O+,Islamabad,33.62086673880189,73.01590982705062,1,5,95,App,Healthy,0.575
DNR_01707,27,M,B+,Lahore,31.533098397905604,74.29108436671775,1,6,67,App,Healthy,0.7649999999999999
DNR_01708,24,M,A+,Islamabad,33.708958500761064,73.09409978119959,1,1,20,Phone,Unhealthy,0.55
DNR_01709,30,F,O+,Islamabad,33.652978899348724,72.99109784439352,1,5,16,App,Minor issues,0.87
DNR_01710,46,M,B+,Multan,30.14046675296151,71.51163978210172,0,0,230,App,Healthy,0.05
DNR_01711,37,F,B+,Quetta,30.25579772150146,67.01772777590061,0,2,63,App,Minor issues,0.485
DNR_01712,18,M,A+,Lahore,31.602908277670714,74.2673886396907,1,1,82,SMS,Healthy,0.33999999999999997
DNR_01713,20,M,B+,Peshawar,33.96939677669711,71.58097094755185,0,5,47,SMS,Healthy,0.715
DNR_01714,23,F,O+,Lahore,31.620339065171795,74.35847044271215,1,2,91,App,Healthy,0.44499999999999995
DNR_01715,41,F,A-,Multan,30.117475380039384,71.6028086716255,0,1,57,Phone,Healthy,0.46499999999999997
DNR_01716,38,M,O+,Karachi,24.839811812637002,67.06887697477845,1,7,49,SMS,Healthy,0.805
DNR_01717,40,M,O+,Multan,30.19469184328768,71.57678971179935,0,7,111,App,Unhealthy,0.495
DNR_01718,40,F,B+,Peshawar,33.9874547381076,71.5879536237273,0,0,201,SMS,Healthy,0.05
DNR_01719,46,F,B+,Faisalabad,31.461536114418394,73.00998062509385,1,2,114,App,Healthy,0.33000000000000007
DNR_01720,39,F,A+,Islamabad,33.67573445948037,73.1094336349187,1,0,395,Phone,Minor issues,0.05
DNR_01721,35,M,B+,Quetta,30.255230186634137,66.93644413144034,0,2,20,App,Healthy,0.7999999999999999
DNR_01722,32,M,O-,Karachi,24.858517204949973,66.92878497327766,1,0,314,App,Healthy,0.05
DNR_01723,41,M,AB-,Islamabad,33.60953344283078,73.04857384943138,1,3,100,App,Healthy,0.44999999999999996
DNR_01724,35,F,A+,Quetta,30.110537516563458,66.90708841152824,0,2,7,App,Healthy,0.8649999999999999
DNR_01725,22,M,B+,Karachi,24.916937751350083,67.01292803860008,1,0,286,App,Healthy,0.05
DNR_01726,27,M,A+,Lahore,31.60054092292412,74.33811442653094,1,0,342,App,Healthy,0.05
DNR_01727,18,F,O-,Multan,30.16953580300785,71.51754753285374,0,2,8,App,Healthy,0.8599999999999999
DNR_01728,29,F,A+,Quetta,30.14681020599169,66.99479035953071,0,2,98,Phone,Healthy,0.31
DNR_01729,40,M,O+,Islamabad,33.640062397842854,73.07582613001797,1,2,69,App,Healthy,0.5549999999999999
DNR_01730,42,M,B+,Multan,30.225557047551447,71.58781896567382,0,10,93,App,Minor issues,0.735
DNR_01731,26,F,B+,Lahore,31.485843438847333,74.34894752798309,1,0,347,App,Healthy,0.05
DNR_01732,40,F,O+,Lahore,31.5220937676794,74.31405379987771,1,12,16,SMS,Unhealthy,0.95
DNR_01733,35,M,O+,Islamabad,33.64167661602056,73.11508052174716,1,4,50,App,Unhealthy,0.65
DNR_01734,20,F,O+,Quetta,30.10386782203192,67.0338052460479,0,1,53,App,Minor issues,0.485
DNR_01735,37,F,O+,Karachi,24.81360116282819,66.98198078211571,1,2,59,App,Healthy,0.605
DNR_01736,26,F,O+,Lahore,31.55233938918317,74.28966127948355,1,1,111,SMS,Healthy,0.19499999999999995
DNR_01737,38,M,AB-,Islamabad,33.63495698300639,73.12552433658932,1,2,36,SMS,Healthy,0.62
DNR_01738,30,F,B+,Islamabad,33.60698327365786,73.02870466127803,1,2,91,SMS,Minor issues,0.24499999999999997
DNR_01739,42,M,AB+,Islamabad,33.61484889621037,73.11925049563385,1,3,15,App,Healthy,0.875
DNR_01740,35,F,O+,Multan,30.13984979376309,71.52031783334715,0,2,92,App,Healthy,0.43999999999999995
DNR_01741,30,F,O+,Multan,30.213086369334455,71.47327734170506,0,5,22,Phone,Healthy,0.84
DNR_01742,32,M,B+,Lahore,31.47948903364683,74.39198084365108,1,1,88,SMS,Minor issues,0.20999999999999996
DNR_01743,29,F,A+,Islamabad,33.63198719822721,73.1177066538794,1,0,308,App,Healthy,0.05
DNR_01744,32,F,A+,Faisalabad,31.48599271835016,73.12494908504769,1,1,63,SMS,Healthy,0.43499999999999994
DNR_01745,42,M,O+,Quetta,30.14222901518573,66.94637163761672,0,5,27,SMS,Minor issues,0.715
DNR_01746,24,F,O+,Quetta,30.245972309407776,66.9024399120086,0,5,41,App,Minor issues,0.745
DNR_01747,42,M,A+,Peshawar,33.990786625024306,71.5361319488193,0,3,91,App,Healthy,0.495
DNR_01748,47,M,O+,Quetta,30.24350294396487,66.96546653286744,0,4,101,App,Healthy,0.495
DNR_01749,42,F,A+,Karachi,24.92516127206905,66.94161177778587,1,2,25,App,Healthy,0.7749999999999999
DNR_01750,18,F,B+,Peshawar,34.01384827345457,71.63347429663177,0,7,107,SMS,Healthy,0.515
DNR_01751,30,M,O+,Peshawar,33.97108829457666,71.51365023749254,0,3,57,App,Minor issues,0.5650000000000001
DNR_01752,31,M,B+,Peshawar,33.96454028097395,71.60599909746779,0,3,76,App,Healthy,0.57
DNR_01753,24,M,AB-,Peshawar,33.97767613978373,71.64442514125312,0,5,49,SMS,Unhealthy,0.605
DNR_01754,29,M,B+,Lahore,31.47517605007641,74.40856232485743,1,5,89,SMS,Minor issues,0.40499999999999997
DNR_01755,26,M,O+,Lahore,31.571240904085773,74.39726065477701,1,10,35,Phone,Healthy,0.95
DNR_01756,27,M,B+,Karachi,24.810739722476857,67.0602241345608,1,0,296,App,Minor issues,0.05
DNR_01757,24,F,B+,Lahore,31.54007807955482,74.38279366869843,1,5,117,App,Healthy,0.46499999999999997
DNR_01758,29,F,B+,Islamabad,33.645245507789824,73.09701815985676,1,2,78,App,Minor issues,0.4099999999999999
DNR_01759,25,M,B+,Multan,30.199623091839637,71.48695813534631,0,14,67,App,Minor issues,0.95
DNR_01760,34,F,B+,Karachi,24.817040008944378,66.99428935016402,1,3,43,Phone,Healthy,0.635
DNR_01761,31,M,B+,Islamabad,33.6768103718235,73.05642776644744,1,4,16,App,Healthy,0.9199999999999999
DNR_01762,32,F,AB-,Lahore,31.55144473904953,74.28627334799768,1,0,251,SMS,Minor issues,0.05
DNR_01763,27,F,A+,Lahore,31.565849807906076,74.28788339071617,1,7,104,SMS,Healthy,0.53
DNR_01764,27,F,B+,Faisalabad,31.44899115961452,73.15864797569617,1,1,44,SMS,Healthy,0.53
DNR_01765,30,M,O+,Multan,30.17640948203356,71.57981820684749,0,3,23,App,Healthy,0.835
DNR_01766,28,F,O+,Peshawar,33.94282594914324,71.65556342047321,0,1,30,App,Healthy,0.7
DNR_01767,34,M,B+,Peshawar,34.00988066354027,71.52227918043322,0,6,24,Phone,Minor issues,0.78
DNR_01768,24,F,O+,Islamabad,33.63780076794988,73.08525367848053,1,3,16,SMS,Healthy,0.77
DNR_01769,18,M,O+,Faisalabad,31.469590600204768,73.12143486887466,1,4,9,App,Healthy,0.95
DNR_01770,23,F,O-,Quetta,30.162359946288365,66.92593940764495,0,4,8,SMS,Healthy,0.86
DNR_01771,33,F,O+,Islamabad,33.720556633781975,73.06164875658075,1,1,108,App,Healthy,0.30999999999999994
DNR_01772,32,F,O+,Lahore,31.471423045869777,74.28236672210767,1,1,71,SMS,Minor issues,0.295
DNR_01773,36,M,O+,Multan,30.147623517869498,71.57645845895394,0,4,56,SMS,Healthy,0.62
DNR_01774,35,M,A+,Lahore,31.61538098630906,74.31822035045056,1,4,87,App,Unhealthy,0.46499999999999997
DNR_01775,28,M,A-,Faisalabad,31.41264410951842,73.0926965718847,1,8,76,Phone,Healthy,0.72
DNR_01776,29,F,A+,Faisalabad,31.42165428936845,73.01327167305661,1,6,37,App,Healthy,0.915
DNR_01777,29,F,B-,Lahore,31.581955847410256,74.33279637015065,1,0,372,SMS,Healthy,0.05
DNR_01778,34,M,O+,Faisalabad,31.382138501768985,73.03936732878716,1,3,77,App,Healthy,0.565
DNR_01779,24,M,B+,Faisalabad,31.340068177582182,73.11319529901265,1,9,71,App,Healthy,0.895
DNR_01780,47,M,B+,Lahore,31.486334472605353,74.38854750836641,1,9,65,SMS,Healthy,0.825
DNR_01781,33,F,B+,Faisalabad,31.47726295390754,73.10590912540268,1,6,63,SMS,Healthy,0.6849999999999999
DNR_01782,18,M,O+,Faisalabad,31.430100083941117,73.01789573818056,1,4,71,SMS,Unhealthy,0.445
DNR_01783,36,F,B+,Multan,30.207945366375142,71.55982624013937,0,3,71,SMS,Healthy,0.495
DNR_01784,19,M,A+,Quetta,30.183442462536426,67.04543152022205,0,3,55,Phone,Healthy,0.575
DNR_01785,18,F,A+,Faisalabad,31.372566325625098,73.02801803029077,1,7,79,App,Minor issues,0.6549999999999999
DNR_01786,30,M,O+,Islamabad,33.72104917881086,73.10380881334656,1,1,23,Phone,Minor issues,0.535
DNR_01787,27,M,A+,Islamabad,33.64866119619131,73.09329356833433,1,3,49,App,Unhealthy,0.605
DNR_01788,43,M,A+,Multan,30.111000962923143,71.56822942469536,0,1,52,App,Minor issues,0.49
DNR_01789,49,M,O+,Quetta,30.12732928238478,66.9749738250454,0,2,26,SMS,Minor issues,0.57
DNR_01790,34,M,B+,Peshawar,33.97141134776656,71.6330892976592,0,2,94,SMS,Minor issues,0.23
DNR_01791,29,M,A+,Multan,30.179816000683534,71.56595031655156,0,4,98,App,Healthy,0.51
DNR_01792,28,M,A-,Islamabad,33.662234114736044,72.99337477955736,1,3,80,App,Healthy,0.5499999999999999
DNR_01793,19,M,O+,Lahore,31.581736528160942,74.35327764651322,1,5,37,SMS,Minor issues,0.665
DNR_01794,37,F,B+,Quetta,30.11473818770712,67.00886649083849,0,2,59,SMS,Healthy,0.505
DNR_01795,33,F,A+,Faisalabad,31.4232524403975,73.06258107830647,1,1,23,App,Healthy,0.735
DNR_01796,18,F,O+,Multan,30.124525961415074,71.5361170850882,0,3,28,SMS,Minor issues,0.61
DNR_01797,45,M,A-,Faisalabad,31.44480341242871,73.04290612734121,1,5,52,App,Healthy,0.7899999999999999
DNR_01798,32,M,A+,Lahore,31.573363208259973,74.29815489533588,1,2,32,App,Healthy,0.7399999999999999
DNR_01799,35,M,O+,Karachi,24.850931982963715,67.0101115756407,1,2,32,Phone,Healthy,0.6399999999999999
DNR_01800,36,F,O+,Lahore,31.570060817403146,74.40577666256706,1,2,71,SMS,Healthy,0.44499999999999995
DNR_01801,20,F,A+,Multan,30.205776051597066,71.51391035233763,0,8,46,SMS,Healthy,0.87
DNR_01802,31,M,O-,Islamabad,33.6259188483258,73.10549115198546,1,0,288,App,Unhealthy,0.05
DNR_01803,45,F,O+,Peshawar,34.081796712618136,71.65818067539627,0,7,48,SMS,Healthy,0.8099999999999999
DNR_01804,21,F,B+,Karachi,24.895916999469215,67.03591032574433,1,1,36,SMS,Healthy,0.57
DNR_01805,50,M,B+,Lahore,31.543338219378956,74.3336593525137,1,0,269,App,Minor issues,0.05
DNR_01806,19,M,O+,Lahore,31.573744411251006,74.40693466094446,1,2,93,App,Healthy,0.43499999999999994
DNR_01807,53,M,A+,Karachi,24.895719007058254,67.01226058022023,1,6,84,SMS,Healthy,0.5800000000000001
DNR_01808,53,F,A+,Multan,30.199798431328233,71.46623708594585,0,1,116,SMS,Healthy,0.17000000000000004
DNR_01809,18,M,A+,Islamabad,33.65728531927176,73.05907717838099,1,3,25,SMS,Healthy,0.725
DNR_01810,20,F,O-,Faisalabad,31.38831337483255,73.00018405467378,1,6,18,SMS,Healthy,0.91
DNR_01811,18,M,A+,Islamabad,33.61576214329463,72.97808059793684,1,7,106,SMS,Minor issues,0.42
DNR_01812,20,M,O+,Lahore,31.591111360489833,74.29229453052966,1,19,63,App,Healthy,0.95
DNR_01813,18,M,A+,Quetta,30.114865828497585,66.95956884571791,0,9,82,SMS,Healthy,0.74
DNR_01814,18,F,A+,Faisalabad,31.360161520537453,73.05402725394129,1,3,49,App,Healthy,0.705
DNR_01815,22,M,B+,Multan,30.092017518501954,71.48658089080027,0,2,16,App,Healthy,0.82
DNR_01816,21,M,B+,Multan,30.19779046189073,71.52871876380178,0,10,34,SMS,Healthy,0.95
DNR_01817,23,M,A+,Peshawar,33.93527662392092,71.65812059513226,0,0,165,SMS,Healthy,0.05
DNR_01818,29,M,O+,Islamabad,33.694538352364106,73.10539737986254,1,2,62,App,Minor issues,0.49
DNR_01819,22,F,O+,Peshawar,34.09112389963299,71.51601452502263,0,5,64,App,Healthy,0.73
DNR_01820,31,F,O+,Islamabad,33.717418810565434,73.10864751111505,1,3,39,SMS,Minor issues,0.5549999999999999
DNR_01821,30,M,O+,Faisalabad,31.487646887228,73.14121736674073,1,7,39,App,Healthy,0.95
DNR_01822,46,F,O+,Islamabad,33.713685128331676,73.0623170123559,1,1,29,Phone,Healthy,0.605
DNR_01823,36,M,O+,Lahore,31.616899862405536,74.41365092198212,1,2,32,SMS,Unhealthy,0.5399999999999999
DNR_01824,18,F,B+,Quetta,30.206792812817646,66.90547417323391,0,2,111,SMS,Minor issues,0.14499999999999993
DNR_01825,29,M,O+,Faisalabad,31.34465446204939,73.00847986960007,1,2,67,App,Minor issues,0.46499999999999997
DNR_01826,36,F,B+,Faisalabad,31.472249952544132,73.01490485921832,1,6,50,Phone,Healthy,0.75
DNR_01827,18,M,A+,Islamabad,33.68950810914239,73.03096958646407,1,0,383,SMS,Healthy,0.05
DNR_01828,46,M,O+,Islamabad,33.651273464517885,73.06811428397455,1,8,35,App,Minor issues,0.9249999999999999
DNR_01829,19,M,B+,Quetta,30.189600478797082,66.99254611776925,0,1,118,App,Healthy,0.26
DNR_01830,32,M,B-,Faisalabad,31.344661206708047,73.15058477684163,1,0,325,SMS,Healthy,0.05
DNR_01831,18,M,B+,Peshawar,34.053281128463695,71.58598674109932,0,1,34,SMS,Healthy,0.58
DNR_01832,35,M,O+,Lahore,31.60149938057112,74.37306645960057,1,2,104,App,Healthy,0.38
DNR_01833,38,M,B+,Faisalabad,31.44986929827299,73.14480593621074,1,3,66,App,Healthy,0.62
DNR_01834,23,M,O-,Multan,30.15674403334467,71.53628325290731,0,4,102,App,Healthy,0.49
DNR_01835,28,M,O+,Quetta,30.247689957774213,66.89575820553826,0,4,58,App,Healthy,0.71
DNR_01836,38,M,A+,Faisalabad,31.400386523278442,73.03563949185822,1,3,44,App,Healthy,0.73
DNR_01837,40,F,B+,Lahore,31.576665248892528,74.40471116638443,1,3,60,App,Healthy,0.65
DNR_01838,34,M,B+,Faisalabad,31.488443646763184,73.10363381745414,1,5,22,Phone,Healthy,0.84
DNR_01839,35,F,B+,Karachi,24.82519386935548,67.06527212866484,1,1,48,App,Healthy,0.61
DNR_01840,41,F,B+,Peshawar,33.94168789588929,71.62324025732175,0,1,96,App,Healthy,0.37
DNR_01841,60,M,A+,Karachi,24.925054742516508,66.99926588886558,1,3,84,SMS,Healthy,0.43000000000000005
DNR_01842,40,M,O+,Multan,30.226399091118594,71.50861272597886,0,5,79,App,Healthy,0.6549999999999999
DNR_01843,18,M,O+,Peshawar,33.99818499901638,71.64219594154838,0,5,25,App,Minor issues,0.825
DNR_01844,30,M,O+,Faisalabad,31.497289354128473,73.07413311810352,1,3,70,App,Healthy,0.6
DNR_01845,43,M,O+,Faisalabad,31.448978686578762,73.00988406005114,1,4,48,App,Healthy,0.76
DNR_01846,27,M,B+,Multan,30.08406830509052,71.59427849462465,0,5,25,App,Healthy,0.9249999999999999
DNR_01847,34,F,O+,Lahore,31.4719737824304,74.28803368475597,1,3,76,SMS,Healthy,0.47
DNR_01848,18,F,O+,Lahore,31.572761627216853,74.32620989830498,1,2,90,App,Healthy,0.44999999999999996
DNR_01849,35,M,O+,Karachi,24.834442180655017,67.03648897328242,1,3,106,App,Healthy,0.41999999999999993
DNR_01850,34,M,B+,Faisalabad,31.42709650106561,73.02203815201177,1,6,103,App,Healthy,0.585
DNR_01851,18,F,O+,Multan,30.080293889783125,71.56017719398727,0,3,102,App,Healthy,0.43999999999999995
DNR_01852,42,F,O+,Karachi,24.81808591433275,66.982094142298,1,6,39,App,Healthy,0.905
DNR_01853,24,M,A+,Faisalabad,31.43852585486793,73.08928220132063,1,0,295,App,Healthy,0.05
DNR_01854,27,M,A+,Quetta,30.144994952113162,66.99356785462709,0,5,104,Phone,Healthy,0.42999999999999994
DNR_01855,40,M,A+,Multan,30.235576396747465,71.51769748496906,0,0,275,SMS,Healthy,0.05
DNR_01856,36,F,O+,Peshawar,33.98089816169392,71.61745656558794,0,1,86,Phone,Healthy,0.31999999999999995
DNR_01857,48,F,B+,Islamabad,33.607749940099396,73.09677207663042,1,5,28,Phone,Healthy,0.8099999999999999
DNR_01858,54,M,B+,Multan,30.235498298886096,71.46490387530343,0,4,24,Phone,Minor issues,0.6799999999999999
DNR_01859,37,M,O+,Quetta,30.21715188657321,66.96602286213918,0,6,47,App,Healthy,0.865
DNR_01860,38,M,B+,Islamabad,33.6891898831438,73.00726113860244,1,5,88,SMS,Healthy,0.51
DNR_01861,34,F,B+,Faisalabad,31.396146384835664,73.07324014881635,1,3,31,SMS,Minor issues,0.595
DNR_01862,23,F,A+,Islamabad,33.627013038385186,72.98528402908185,1,6,56,SMS,Healthy,0.72
DNR_01863,42,F,O+,Faisalabad,31.403938855470283,73.03100555956027,1,3,63,Phone,Minor issues,0.435
DNR_01864,37,M,A-,Peshawar,33.93881366335627,71.53353252504584,0,4,47,App,Minor issues,0.6649999999999999
DNR_01865,25,M,O+,Multan,30.180098102571815,71.53691106283887,0,1,95,SMS,Minor issues,0.175
DNR_01866,31,F,O+,Islamabad,33.62528881345107,73.1169003949245,1,6,35,App,Minor issues,0.8250000000000001
DNR_01867,45,M,AB-,Peshawar,34.04319030534871,71.6264139610116,0,1,95,SMS,Minor issues,0.175
DNR_01868,39,M,O+,Faisalabad,31.352391515628447,73.14815002343869,1,1,9,Phone,Healthy,0.705
DNR_01869,34,M,A+,Lahore,31.56941706975609,74.31408000524455,1,9,114,App,Healthy,0.68
DNR_01870,29,F,B+,Islamabad,33.620639918234744,73.05780200896241,1,1,97,SMS,Healthy,0.265
DNR_01871,60,F,O+,Quetta,30.16534878253732,66.98486625141182,0,2,73,App,Minor issues,0.43499999999999994
DNR_01872,34,M,A+,Islamabad,33.76057995633287,73.07411905439544,1,1,83,SMS,Minor issues,0.235
DNR_01873,25,M,B+,Faisalabad,31.398699160667515,73.02637327319042,1,0,160,App,Healthy,0.05
DNR_01874,38,M,A+,Faisalabad,31.429505639769832,73.07067334672688,1,1,106,App,Healthy,0.31999999999999995
DNR_01875,54,M,B+,Multan,30.235550447803746,71.58673851286169,0,2,56,SMS,Minor issues,0.41999999999999993
DNR_01876,39,M,O+,Islamabad,33.62215549053299,73.11750462068434,1,5,10,SMS,Minor issues,0.7999999999999999
DNR_01877,36,F,O+,Multan,30.229301883919927,71.4581916311678,0,2,13,App,Healthy,0.8349999999999999
DNR_01878,41,M,A+,Karachi,24.939372288857772,66.97953455654532,1,4,36,SMS,Healthy,0.72
DNR_01879,18,M,B+,Peshawar,33.985970808155315,71.52720110708715,0,1,72,Phone,Healthy,0.39
DNR_01880,29,M,A+,Islamabad,33.61087291812042,73.08789961971652,1,6,38,App,Healthy,0.9099999999999999
DNR_01881,43,F,B+,Karachi,24.920226404116452,67.06934722483655,1,3,42,App,Healthy,0.74
DNR_01882,49,M,B+,Islamabad,33.66520270932721,72.97365730525885,1,4,83,App,Minor issues,0.485
DNR_01883,35,F,A+,Islamabad,33.76338449037566,73.0358222755518,1,2,106,App,Healthy,0.37
DNR_01884,28,F,O+,Islamabad,33.682612867118884,73.01056760478414,1,11,109,SMS,Healthy,0.705
DNR_01885,24,F,AB+,Faisalabad,31.419406605119487,73.01726404345393,1,2,46,SMS,Healthy,0.57
DNR_01886,29,F,A+,Karachi,24.791093467133052,67.01260540924245,1,4,21,App,Healthy,0.895
DNR_01887,31,M,O+,Karachi,24.909817799211904,67.06032553528416,1,1,86,App,Healthy,0.41999999999999993
DNR_01888,18,M,O+,Multan,30.178460466710806,71.49784410203235,0,1,107,Phone,Unhealthy,0.11499999999999995
DNR_01889,33,F,A+,Karachi,24.900070252998546,66.9340848959274,1,2,109,SMS,Healthy,0.25499999999999995
DNR_01890,33,M,AB+,Quetta,30.107799781032774,66.90770591305125,0,2,89,SMS,Healthy,0.355
DNR_01891,25,M,B+,Quetta,30.196673252041666,66.9247703808179,0,0,359,App,Unhealthy,0.05
DNR_01892,26,M,A+,Faisalabad,31.419213502891438,73.01182932788831,1,3,76,Phone,Healthy,0.47
DNR_01893,31,F,O+,Peshawar,33.95484164917811,71.62236664351914,0,5,56,SMS,Healthy,0.6699999999999999
DNR_01894,19,M,O-,Lahore,31.517175119354196,74.32956511782008,1,2,118,App,Minor issues,0.21000000000000002
DNR_01895,31,M,O+,Islamabad,33.6892881352031,73.07267474676436,1,1,113,SMS,Healthy,0.18500000000000005
DNR_01896,27,F,O+,Faisalabad,31.417027687721518,73.14353095413793,1,4,15,App,Healthy,0.925
DNR_01897,40,M,A+,Quetta,30.21437755380384,66.8969198310103,0,3,34,App,Minor issues,0.6799999999999999
DNR_01898,20,F,O+,Peshawar,34.04669215641151,71.59738109717154,0,3,62,SMS,Minor issues,0.44
DNR_01899,23,F,B+,Multan,30.196250823510844,71.52177180920893,0,6,47,SMS,Healthy,0.765
DNR_01900,26,M,A+,Islamabad,33.64089786065486,72.99518847031915,1,3,48,SMS,Healthy,0.61
DNR_01901,22,F,B+,Quetta,30.251034102216096,66.95951866920426,0,4,111,App,Minor issues,0.345
DNR_01902,33,F,B+,Lahore,31.536835546147387,74.26751677126093,1,5,52,App,Minor issues,0.69
DNR_01903,39,M,O+,Faisalabad,31.340232026379564,73.12572001707244,1,2,86,SMS,Healthy,0.37
DNR_01904,24,F,O+,Peshawar,33.937622298468696,71.57606611555804,0,3,66,Phone,Healthy,0.52
DNR_01905,49,M,O+,Quetta,30.25263132178046,66.98289258155545,0,3,19,App,Healthy,0.855
DNR_01906,33,M,B+,Multan,30.21375553388574,71.52287474261415,0,9,71,App,Healthy,0.895
DNR_01907,38,F,B+,Karachi,24.85697204013803,66.96739149692235,1,2,80,App,Healthy,0.4999999999999999
DNR_01908,44,M,O-,Quetta,30.2008413767798,66.94917288140113,0,2,19,App,Unhealthy,0.705
DNR_01909,35,M,A+,Peshawar,33.98010353963506,71.61646108004254,0,4,50,App,Healthy,0.75
DNR_01910,18,F,B-,Peshawar,34.0065325133443,71.56722009258999,0,2,27,Phone,Healthy,0.6649999999999999
DNR_01911,47,M,O+,Lahore,31.57111942848651,74.40789439660611,1,10,10,Phone,Minor issues,0.95
DNR_01912,40,M,O+,Islamabad,33.63550044348461,72.98824125562366,1,3,34,SMS,Healthy,0.6799999999999999
DNR_01913,24,M,A+,Lahore,31.5998315031286,74.30345585032532,1,1,30,SMS,Healthy,0.6
DNR_01914,54,M,B-,Peshawar,33.958736873416434,71.55196478901065,0,2,75,Phone,Healthy,0.42499999999999993
DNR_01915,36,M,B+,Multan,30.20188931488178,71.57150505267376,0,2,50,App,Healthy,0.6499999999999999
DNR_01916,27,M,O+,Faisalabad,31.373733331004463,72.99958851648236,1,4,66,SMS,Healthy,0.57
DNR_01917,18,M,A+,Peshawar,33.98620570717418,71.6581455310752,0,1,65,App,Healthy,0.5249999999999999
DNR_01918,34,M,B+,Faisalabad,31.485793466565116,73.09591302561803,1,5,23,SMS,Healthy,0.835
DNR_01919,52,M,O+,Lahore,31.509416235149754,74.3237614253795,1,4,105,SMS,Healthy,0.375
DNR_01920,40,F,B-,Islamabad,33.70866159458635,73.08987978069952,1,0,202,App,Healthy,0.05
DNR_01921,28,M,B+,Lahore,31.49481654686194,74.33466228442008,1,1,44,App,Healthy,0.63
DNR_01922,55,M,A-,Islamabad,33.649962044576284,73.06173685365741,1,4,92,App,Healthy,0.5399999999999999
DNR_01923,22,M,O+,Karachi,24.839711519124215,66.97154299701667,1,7,68,Phone,Healthy,0.71
DNR_01924,41,F,B+,Multan,30.105979749353658,71.54299312920102,0,1,62,App,Healthy,0.5399999999999999
DNR_01925,37,F,A+,Islamabad,33.74572153810466,72.97683746939036,1,6,22,SMS,Healthy,0.89
DNR_01926,36,F,O+,Karachi,24.797060514787177,66.94724107720866,1,1,66,Phone,Healthy,0.41999999999999993
DNR_01927,32,F,O+,Islamabad,33.65937169584137,72.97903224445874,1,0,398,App,Healthy,0.05
DNR_01928,18,M,O+,Quetta,30.124597441420672,67.02665535222229,0,2,113,SMS,Healthy,0.23500000000000004
DNR_01929,18,F,B+,Karachi,24.8170833847514,66.93014226856798,1,1,62,SMS,Minor issues,0.33999999999999997
DNR_01930,18,F,O+,Multan,30.084283173134537,71.4799401446325,0,6,80,SMS,Healthy,0.6
DNR_01931,36,M,O+,Faisalabad,31.40000404257293,73.10059289568693,1,3,14,App,Healthy,0.88
DNR_01932,41,M,B+,Islamabad,33.71593995921008,73.05590497301574,1,5,23,App,Healthy,0.9349999999999999
DNR_01933,58,M,B+,Lahore,31.525601045443803,74.2765003901262,1,9,58,App,Healthy,0.95
DNR_01934,27,F,B+,Faisalabad,31.423796797284304,73.14553210605106,1,1,32,App,Healthy,0.69
DNR_01935,56,F,O+,Peshawar,33.96725374669334,71.5977189620212,0,0,245,SMS,Healthy,0.05
DNR_01936,27,M,O+,Islamabad,33.67666396325685,73.03918695083065,1,1,118,App,Healthy,0.26
DNR_01937,46,F,A+,Faisalabad,31.344665614113154,73.12784173057881,1,3,41,App,Healthy,0.745
DNR_01938,27,F,O-,Faisalabad,31.471268751728235,73.10697301327508,1,3,58,SMS,Healthy,0.56
DNR_01939,53,F,A+,Islamabad,33.69509545494342,73.1094008686108,1,0,268,App,Healthy,0.05
DNR_01940,23,M,B+,Islamabad,33.74205728155843,73.0009164319272,1,2,99,App,Minor issues,0.305
DNR_01941,50,F,B+,Islamabad,33.725017382723394,73.11523103214702,1,3,53,App,Healthy,0.6849999999999999
DNR_01942,29,M,A+,Faisalabad,31.37776295122823,73.09771925018698,1,4,21,Phone,Minor issues,0.6950000000000001
DNR_01943,44,F,AB-,Karachi,24.929525508356107,66.96965144792206,1,5,113,Phone,Minor issues,0.28500000000000003
DNR_01944,20,M,B+,Lahore,31.573023538530812,74.4189504317083,1,1,101,App,Healthy,0.345
DNR_01945,36,F,B+,Islamabad,33.72767098969816,73.11166347198495,1,2,75,App,Healthy,0.5249999999999999
DNR_01946,38,M,O+,Faisalabad,31.439873565607382,73.15148799891689,1,3,83,Phone,Healthy,0.43500000000000005
DNR_01947,27,F,A-,Lahore,31.54253913239216,74.40543040091964,1,0,153,App,Healthy,0.05
DNR_01948,45,F,O+,Karachi,24.897729443611862,66.94562717687543,1,7,55,SMS,Healthy,0.775
DNR_01949,18,M,A+,Karachi,24.855212253299268,66.94910366279233,1,4,25,App,Healthy,0.875
DNR_01950,45,M,AB+,Faisalabad,31.453019333933796,73.03153178105585,1,3,9,Phone,Healthy,0.8049999999999999
DNR_01951,25,M,A+,Faisalabad,31.46765662837261,73.15843399277946,1,5,30,App,Healthy,0.8999999999999999
DNR_01952,24,M,B+,Faisalabad,31.41616441987987,73.03614334105917,1,3,11,App,Unhealthy,0.7949999999999999
DNR_01953,21,F,O+,Islamabad,33.73571427225169,73.05503451881873,1,4,100,App,Healthy,0.5
DNR_01954,34,M,AB-,Peshawar,33.990486039408445,71.52833403704192,0,1,49,App,Healthy,0.605
DNR_01955,37,M,B+,Islamabad,33.71202527078587,73.11020865299047,1,2,47,SMS,Healthy,0.565
DNR_01956,40,F,B+,Quetta,30.121822638717656,67.0429550520881,0,5,99,App,Healthy,0.5549999999999999
DNR_01957,44,M,B+,Peshawar,33.94184091728145,71.58151646055973,0,2,70,Phone,Healthy,0.44999999999999996
DNR_01958,50,F,A+,Peshawar,34.05416702289513,71.63667565727083,0,4,60,App,Healthy,0.7
DNR_01959,40,M,O-,Faisalabad,31.405036170817283,73.01700079354107,1,1,27,SMS,Healthy,0.615
DNR_01960,37,M,O+,Karachi,24.868771770268246,67.07186637764536,1,1,104,SMS,Healthy,0.22999999999999995
DNR_01961,20,F,A+,Faisalabad,31.455096751733386,73.1266060777346,1,1,90,App,Healthy,0.3999999999999999
DNR_01962,41,M,B+,Multan,30.13368149727562,71.5101797516439,0,1,23,SMS,Healthy,0.635
DNR_01963,44,F,O+,Multan,30.18853085386185,71.56543102873366,0,3,54,SMS,Healthy,0.58
DNR_01964,41,F,AB-,Faisalabad,31.34955306779735,73.15111769626922,1,2,119,App,Healthy,0.30500000000000005
DNR_01965,34,M,B+,Faisalabad,31.490248091476552,73.02966105139673,1,1,78,App,Healthy,0.45999999999999996
DNR_01966,39,M,O+,Lahore,31.481113784107,74.30414942423414,1,11,27,App,Minor issues,0.95
DNR_01967,27,F,B+,Islamabad,33.70000973799254,73.02280713404149,1,1,80,SMS,Healthy,0.35
DNR_01968,24,M,O+,Peshawar,34.03336850833099,71.50719998130693,0,1,107,SMS,Healthy,0.21499999999999997
DNR_01969,27,M,O+,Islamabad,33.742187979600224,73.02930084356417,1,0,239,App,Healthy,0.05
DNR_01970,48,M,O+,Multan,30.22935956951542,71.55447570730485,0,1,33,SMS,Minor issues,0.48499999999999993
DNR_01971,42,F,B+,Quetta,30.140145020942374,66.90972781429643,0,2,53,SMS,Healthy,0.5349999999999999
DNR_01972,52,M,A+,Multan,30.197348355457045,71.48352058234646,0,2,89,Phone,Healthy,0.355
DNR_01973,18,F,O+,Islamabad,33.676591838284196,73.06609476057363,1,5,76,SMS,Healthy,0.57
DNR_01974,39,M,A+,Peshawar,34.08468610943114,71.57160879548681,0,4,45,Phone,Minor issues,0.575
DNR_01975,20,M,B+,Multan,30.16320606786454,71.56079294797028,0,1,27,SMS,Minor issues,0.515
DNR_01976,41,M,O+,Peshawar,34.0715688099417,71.50687063895498,0,0,275,App,Healthy,0.05
DNR_01977,30,M,B+,Multan,30.15464339075833,71.48474682560646,0,0,189,Phone,Healthy,0.05
DNR_01978,53,M,A+,Multan,30.0845199481276,71.47412844794205,0,5,92,Phone,Minor issues,0.38999999999999996
DNR_01979,45,M,A+,Faisalabad,31.4673469616184,73.15078658245999,1,8,48,App,Healthy,0.95
DNR_01980,37,M,O+,Lahore,31.473488512275335,74.3429833057483,1,0,339,Phone,Healthy,0.05
DNR_01981,31,F,B+,Multan,30.179073119811395,71.4619124976857,0,2,54,SMS,Healthy,0.5299999999999999
DNR_01982,30,M,O+,Peshawar,33.94895887286994,71.64094496410925,0,5,28,SMS,Healthy,0.8099999999999999
DNR_01983,18,F,B+,Peshawar,34.07508527652923,71.51986174037947,0,2,32,Phone,Minor issues,0.5399999999999999
DNR_01984,42,M,B+,Multan,30.164847022740027,71.5340789558685,0,3,66,App,Healthy,0.62
DNR_01985,55,M,O-,Peshawar,33.96739156263755,71.5485548967519,0,0,255,App,Healthy,0.05
DNR_01986,19,F,B+,Islamabad,33.62244041328974,73.07444579075084,1,4,72,App,Minor issues,0.54
DNR_01987,49,M,O+,Faisalabad,31.475693709707723,73.12729604660697,1,6,60,App,Minor issues,0.7000000000000001
DNR_01988,18,M,B+,Quetta,30.188285207120654,66.99532476728129,0,1,25,App,Healthy,0.725
DNR_01989,34,F,O+,Multan,30.215289675903936,71.45577904271804,0,1,91,App,Healthy,0.3949999999999999
DNR_01990,36,M,AB-,Lahore,31.604063351614027,74.32147560217095,1,1,102,App,Minor issues,0.23999999999999996
DNR_01991,29,M,O+,Karachi,24.831978012729447,66.98424061406571,1,2,106,SMS,Healthy,0.26999999999999996
DNR_01992,41,M,A+,Islamabad,33.74310966818895,73.0876773610443,1,1,11,App,Healthy,0.7949999999999999
DNR_01993,49,M,A+,Faisalabad,31.477499391025816,73.10075511269245,1,2,65,SMS,Healthy,0.475
DNR_01994,37,M,B+,Quetta,30.104746241876263,66.9056134361764,0,3,16,SMS,Healthy,0.77
DNR_01995,30,M,O-,Faisalabad,31.400922774888077,73.07342113486548,1,5,16,SMS,Healthy,0.87
DNR_01996,38,F,B-,Faisalabad,31.387302698201392,73.15085935086002,1,2,69,SMS,Healthy,0.45499999999999996
DNR_01997,44,M,B+,Faisalabad,31.427630029110258,73.10824940667773,1,1,65,SMS,Healthy,0.42499999999999993
DNR_01998,47,M,A+,Lahore,31.54804808585075,74.31838560391991,1,3,54,App,Healthy,0.6799999999999999
DNR_01999,36,M,A+,Islamabad,33.74436024285429,73.0630094108981,1,2,40,SMS,Minor issues,0.5
DNR_02000,18,M,B-,Lahore,31.50039544652192,74.3171997575732,1,0,294,App,Unhealthy,0.05
DNR_02001,26,F,O+,Peshawar,34.03308859692878,71.626402941393,0,0,258,SMS,Healthy,0.05
DNR_02002,27,F,A+,Lahore,31.55654414691079,74.3149827982002,1,2,105,SMS,Healthy,0.27499999999999997
DNR_02003,20,F,B+,Lahore,31.516333778379675,74.30312434087483,1,4,63,App,Healthy,0.6849999999999999
DNR_02004,22,M,A+,Islamabad,33.68391291009783,73.00720141018823,1,1,91,App,Healthy,0.3949999999999999
DNR_02005,25,M,O+,Peshawar,34.03195740112311,71.54090571108392,0,0,267,SMS,Healthy,0.05
DNR_02006,34,F,A+,Quetta,30.24925951969005,67.04344891368753,0,4,96,App,Healthy,0.52
DNR_02007,24,M,AB-,Faisalabad,31.380512192786924,73.15615242207969,1,0,220,SMS,Healthy,0.05
DNR_02008,21,M,B+,Karachi,24.79981116378275,66.95007675648083,1,4,12,App,Healthy,0.94
DNR_02009,18,M,A+,Karachi,24.79789386046945,67.00673562186766,1,2,87,App,Healthy,0.46499999999999997
DNR_02010,22,M,O+,Multan,30.22010984618699,71.53555077431187,0,1,62,SMS,Healthy,0.43999999999999995
DNR_02011,27,M,O+,Peshawar,33.97350884345828,71.53577001693047,0,1,89,SMS,Healthy,0.30499999999999994
DNR_02012,48,M,A+,Peshawar,33.93867265052046,71.59395920123663,0,1,64,App,Healthy,0.5299999999999999
DNR_02013,21,F,O+,Faisalabad,31.34079049152669,73.02476332470319,1,2,21,App,Healthy,0.7949999999999999
DNR_02014,37,M,A+,Islamabad,33.643790872532584,73.03292435233709,1,5,85,SMS,Healthy,0.525
DNR_02015,18,M,A+,Lahore,31.470206937788454,74.37098585508882,1,5,27,Phone,Healthy,0.815
DNR_02016,60,M,A-,Quetta,30.165165538254293,66.96606129103007,0,0,204,App,Minor issues,0.05
DNR_02017,36,M,AB-,Faisalabad,31.370820602514513,73.10682978602829,1,0,247,App,Minor issues,0.05
DNR_02018,28,M,B-,Islamabad,33.66646410746362,73.03865031591243,1,6,21,App,Healthy,0.95
DNR_02019,42,M,O+,Karachi,24.84112628308342,67.04719119225025,1,1,69,SMS,Healthy,0.405
DNR_02020,40,M,O+,Quetta,30.24355241664755,66.95571104955725,0,7,100,App,Healthy,0.65
DNR_02021,27,F,AB-,Lahore,31.583791146946076,74.26710068973168,1,6,46,SMS,Healthy,0.77
DNR_02022,30,M,B+,Karachi,24.926170085649655,66.93541374482794,1,2,37,App,Healthy,0.715
DNR_02023,24,M,O+,Islamabad,33.629695711956664,73.00296188375192,1,5,89,Phone,Healthy,0.505
DNR_02024,32,M,B+,Peshawar,34.09166583941155,71.55883149438856,0,7,60,SMS,Minor issues,0.65
DNR_02025,18,F,O+,Lahore,31.477710411561002,74.27628085780769,1,3,99,App,Healthy,0.45499999999999996
DNR_02026,47,F,B+,Islamabad,33.7437613945436,72.99766321128499,1,8,101,App,Healthy,0.695
DNR_02027,34,M,O+,Karachi,24.789043445745243,67.02583950598608,1,3,94,App,Healthy,0.48
DNR_02028,21,F,O-,Islamabad,33.74758752070418,73.00569923560283,1,5,82,SMS,Minor issues,0.44
DNR_02029,18,F,O+,Multan,30.120547060748684,71.57020297419874,0,3,91,App,Minor issues,0.395
DNR_02030,40,M,A+,Peshawar,33.95943497721393,71.64964401672698,0,4,46,SMS,Healthy,0.67
DNR_02031,38,M,O+,Faisalabad,31.46812892248716,73.07924609396996,1,1,112,App,Healthy,0.2899999999999999
DNR_02032,40,F,B+,Lahore,31.490866557361993,74.4014701264965,1,5,82,App,Healthy,0.64
DNR_02033,21,F,B+,Islamabad,33.718033469474165,73.08204875060107,1,4,73,App,Healthy,0.635
DNR_02034,33,M,A+,Karachi,24.78079174261952,66.99482363272773,1,3,64,App,Healthy,0.63
DNR_02035,18,F,A+,Quetta,30.242006831604304,66.96965923424017,0,8,61,SMS,Healthy,0.795
DNR_02036,27,M,B+,Faisalabad,31.45789492822313,73.11936100188665,1,1,43,SMS,Healthy,0.535
DNR_02037,31,M,B+,Peshawar,33.940826667793864,71.51224673151945,0,6,76,Phone,Healthy,0.62
DNR_02038,21,F,AB+,Peshawar,33.98292287394241,71.50432013596838,0,2,67,Phone,Healthy,0.46499999999999997
DNR_02039,40,M,A+,Lahore,31.49324722672694,74.40203154858402,1,3,91,App,Healthy,0.495
DNR_02040,39,F,A+,Multan,30.100270452518913,71.588980572399,0,4,97,SMS,Healthy,0.41500000000000004
DNR_02041,39,F,O+,Quetta,30.240981349998346,66.96912788883496,0,4,59,App,Healthy,0.705
DNR_02042,34,M,O+,Lahore,31.516966893832727,74.2720990946657,1,6,76,Phone,Minor issues,0.52
DNR_02043,41,M,B+,Multan,30.124532165950267,71.57627507499762,0,2,65,Phone,Healthy,0.475
DNR_02044,37,M,O+,Faisalabad,31.391032379381034,73.04875468397377,1,2,58,SMS,Healthy,0.51
DNR_02045,43,M,O+,Karachi,24.823837377571927,66.92504936145485,1,7,87,App,Healthy,0.715
DNR_02046,23,M,B+,Karachi,24.878768166327824,66.97660811960908,1,3,58,App,Healthy,0.66
DNR_02047,42,M,B+,Faisalabad,31.408143655250658,73.07710269178558,1,8,36,SMS,Healthy,0.92
DNR_02048,21,F,O+,Faisalabad,31.418951638301955,73.1588831248857,1,1,45,SMS,Healthy,0.525
DNR_02049,38,M,A+,Islamabad,33.70603275035274,72.99093223626878,1,0,319,SMS,Healthy,0.05
DNR_02050,43,F,O+,Peshawar,33.941702663950934,71.5489656465198,0,4,98,App,Healthy,0.51
DNR_02051,46,F,O+,Peshawar,34.07630665558773,71.5688058387602,0,6,114,App,Minor issues,0.43000000000000005
DNR_02052,35,M,O-,Karachi,24.786693758756527,67.03745806975682,1,1,25,Phone,Healthy,0.625
DNR_02053,25,F,O+,Lahore,31.482495124851965,74.33713700496159,1,4,42,Phone,Healthy,0.6900000000000001
DNR_02054,19,F,A+,Islamabad,33.64569333803301,73.05727097376338,1,10,69,Phone,Unhealthy,0.755
DNR_02055,18,F,A+,Islamabad,33.629295732006725,73.07701316613597,1,1,96,SMS,Healthy,0.27
DNR_02056,44,F,B+,Islamabad,33.64364744632983,73.0982890967634,1,2,43,SMS,Minor issues,0.485
DNR_02057,33,M,O+,Peshawar,33.99975345379268,71.65283607243501,0,0,226,App,Healthy,0.05
DNR_02058,37,M,AB+,Faisalabad,31.463356232188882,73.14001938490412,1,3,93,App,Healthy,0.485
DNR_02059,29,M,AB+,Multan,30.1963037710188,71.51198664484808,0,5,47,SMS,Healthy,0.715
DNR_02060,35,M,O+,Lahore,31.575761173756508,74.38759456657642,1,1,102,SMS,Minor issues,0.13999999999999996
DNR_02061,31,F,O+,Quetta,30.175507862351367,66.89989528218959,0,5,46,SMS,Healthy,0.72
DNR_02062,24,F,O+,Lahore,31.618153682611318,74.32701514776757,1,2,17,App,Unhealthy,0.715
DNR_02063,18,M,B+,Lahore,31.496083108301296,74.2890707200503,1,3,106,App,Healthy,0.41999999999999993
DNR_02064,33,M,B+,Karachi,24.89868883319913,66.94510739972635,1,2,68,App,Healthy,0.5599999999999999
DNR_02065,18,M,O-,Karachi,24.802057328047066,67.07849217024275,1,3,103,App,Healthy,0.43499999999999994
DNR_02066,45,M,A+,Faisalabad,31.352003230381523,73.02553545018777,1,3,86,SMS,Healthy,0.42000000000000004
DNR_02067,38,M,O+,Peshawar,33.93503409841231,71.64810817908317,0,2,61,App,Healthy,0.595
DNR_02068,24,F,A-,Karachi,24.9145959724022,66.93256932939505,1,4,22,App,Healthy,0.8899999999999999
DNR_02069,35,M,O+,Quetta,30.202754244346707,67.00699083628045,0,3,119,SMS,Healthy,0.255
DNR_02070,56,M,A+,Multan,30.1316852172196,71.47094904257645,0,4,59,App,Healthy,0.705
DNR_02071,42,M,B+,Peshawar,33.99917504479643,71.62961453834832,0,0,228,App,Healthy,0.05
DNR_02072,28,M,B-,Multan,30.190017538255713,71.45078762412007,0,0,233,App,Healthy,0.05
DNR_02073,37,M,O-,Karachi,24.896343156854442,66.9662960417871,1,5,103,Phone,Healthy,0.43499999999999994
DNR_02074,27,M,O+,Lahore,31.48931896053538,74.36668976372273,1,4,51,SMS,Healthy,0.6449999999999999
DNR_02075,34,F,B+,Peshawar,34.07829434212831,71.6054890661643,0,3,19,App,Healthy,0.855
DNR_02076,33,M,B+,Islamabad,33.74089081325963,73.0082491132135,1,3,33,App,Healthy,0.7849999999999999
DNR_02077,22,M,B+,Multan,30.215511904148553,71.51683795935261,0,1,39,Phone,Minor issues,0.45499999999999996
DNR_02078,27,F,A+,Multan,30.2239789184946,71.53555099819677,0,1,85,App,Healthy,0.42499999999999993
DNR_02079,40,F,O+,Faisalabad,31.352914613350503,73.13918335350557,1,3,65,App,Healthy,0.625
DNR_02080,29,M,O+,Lahore,31.622830017850237,74.4087691033867,1,3,30,App,Healthy,0.7999999999999999
DNR_02081,23,F,B+,Faisalabad,31.392874078989276,73.09748030859592,1,2,62,App,Healthy,0.59
DNR_02082,30,M,O+,Faisalabad,31.37176988190151,73.05230286712688,1,1,105,SMS,Healthy,0.22499999999999998
DNR_02083,46,F,A+,Peshawar,34.01959762572483,71.59497804762418,0,2,68,App,Healthy,0.5599999999999999
DNR_02084,39,F,O+,Faisalabad,31.410792400078943,73.11415715321418,1,6,112,Phone,Minor issues,0.33999999999999997
DNR_02085,32,M,B+,Faisalabad,31.340866384276552,73.09339124191646,1,2,37,App,Healthy,0.715
DNR_02086,36,F,O+,Faisalabad,31.48425683293863,73.09650167328346,1,3,41,Phone,Minor issues,0.545
DNR_02087,48,M,O+,Peshawar,34.077642111363474,71.6368463557228,0,3,53,App,Healthy,0.6849999999999999
DNR_02088,26,F,A+,Peshawar,34.01991885093358,71.50698706343388,0,1,40,App,Healthy,0.6499999999999999
DNR_02089,35,F,B+,Quetta,30.11197691397952,67.02352541002467,0,5,36,App,Healthy,0.8699999999999999
DNR_02090,36,M,A-,Karachi,24.90784075537536,67.02350314458369,1,6,86,SMS,Unhealthy,0.47000000000000003
DNR_02091,27,M,A+,Karachi,24.866154401566135,67.00947748084968,1,6,50,App,Healthy,0.85
DNR_02092,26,F,A-,Peshawar,34.039976405144046,71.50277381668697,0,2,48,SMS,Healthy,0.5599999999999999
DNR_02093,27,M,O+,Lahore,31.490480396379333,74.3835056395662,1,3,33,Phone,Healthy,0.6849999999999999
DNR_02094,41,M,A+,Multan,30.145731902365796,71.56156588683595,0,1,79,App,Healthy,0.45499999999999996
DNR_02095,41,M,A+,Islamabad,33.69218890685918,72.97887436317947,1,4,13,App,Healthy,0.9349999999999998
DNR_02096,32,F,AB+,Lahore,31.5910516628079,74.30680817704814,1,1,111,App,Minor issues,0.19499999999999995
DNR_02097,32,M,A+,Islamabad,33.72912600404571,73.04234755615089,1,4,8,App,Minor issues,0.86
DNR_02098,23,M,A+,Islamabad,33.619124816505,72.99612376655088,1,1,15,SMS,Healthy,0.675
DNR_02099,31,F,B+,Islamabad,33.70365471520945,73.1230075384537,1,2,79,SMS,Minor issues,0.30499999999999994
DNR_02100,29,F,O-,Lahore,31.58002476846553,74.29466727061116,1,3,111,App,Healthy,0.3949999999999999
DNR_02101,55,F,A+,Islamabad,33.73122645053476,73.03708424857088,1,3,9,App,Minor issues,0.8049999999999999
DNR_02102,40,F,A+,Quetta,30.201798277286795,67.01875414083761,0,7,51,App,Healthy,0.895
DNR_02103,51,F,O+,Multan,30.223561241365392,71.5240000277489,0,12,71,App,Healthy,0.95
DNR_02104,22,F,B+,Multan,30.0833207171594,71.47499288430657,0,9,29,App,Minor issues,0.95
DNR_02105,33,M,O+,Multan,30.143985389172713,71.57890305868082,0,3,28,Phone,Healthy,0.71
DNR_02106,20,F,AB+,Lahore,31.559525966079384,74.28223902281866,1,5,26,SMS,Healthy,0.82
DNR_02107,18,M,B+,Peshawar,34.03499144770006,71.50569681547421,0,1,8,SMS,Healthy,0.71
DNR_02108,30,F,O+,Islamabad,33.61063020632106,72.98495187923302,1,2,18,SMS,Healthy,0.71
DNR_02109,33,F,A+,Lahore,31.62958491911058,74.30850689318173,1,8,7,SMS,Minor issues,0.95
DNR_02110,36,F,AB-,Islamabad,33.6523712216936,72.97153715770978,1,6,24,App,Healthy,0.95
DNR_02111,33,F,O+,Multan,30.16149269533504,71.54082735034414,0,2,66,App,Healthy,0.57
DNR_02112,27,M,O+,Islamabad,33.63361903321315,73.00186967480448,1,0,346,App,Minor issues,0.05
DNR_02113,37,F,O+,Islamabad,33.72517450101531,73.1139757134667,1,2,115,App,Minor issues,0.22500000000000003
DNR_02114,42,M,A+,Peshawar,34.08001110619589,71.60576395356362,0,2,16,Phone,Healthy,0.72
DNR_02115,44,M,B+,Karachi,24.795574796459555,66.97442264813071,1,3,30,App,Minor issues,0.7
DNR_02116,18,F,O+,Karachi,24.797792591394668,66.99741633405986,1,2,63,Phone,Healthy,0.485
DNR_02117,18,M,B+,Peshawar,34.08534514732503,71.6437039234568,0,3,7,App,Healthy,0.9149999999999999
DNR_02118,22,M,O+,Lahore,31.608370750980228,74.36453422032862,1,5,64,SMS,Healthy,0.63
DNR_02119,37,M,O+,Multan,30.209048101739675,71.5540916996356,0,1,10,App,Healthy,0.7999999999999999
DNR_02120,18,M,B+,Multan,30.204645762121498,71.56910196991187,0,3,115,SMS,Healthy,0.275
DNR_02121,38,M,B+,Karachi,24.842850582304564,67.0531040601823,1,3,59,App,Healthy,0.655
DNR_02122,60,M,O+,Peshawar,33.978097638188636,71.59912157566087,0,3,44,App,Healthy,0.73
DNR_02123,38,F,A+,Islamabad,33.7608505351956,73.0327871941456,1,1,89,SMS,Healthy,0.30499999999999994
DNR_02124,18,M,O+,Lahore,31.562532658433888,74.41834789818647,1,3,86,SMS,Minor issues,0.32
DNR_02125,60,M,A+,Lahore,31.586700397529842,74.37305090698565,1,3,25,Phone,Healthy,0.725
DNR_02126,27,M,O+,Karachi,24.895457840765445,67.05389531323459,1,4,60,SMS,Healthy,0.6
DNR_02127,24,M,O+,Lahore,31.573374134952545,74.28331906527137,1,8,107,App,Healthy,0.6649999999999999
DNR_02128,38,M,A-,Multan,30.18359915757364,71.58214099711782,0,12,103,SMS,Healthy,0.785
DNR_02129,59,M,B+,Lahore,31.575668568614446,74.34198613329995,1,4,114,Phone,Minor issues,0.23000000000000004
DNR_02130,31,F,B+,Islamabad,33.61422473585771,73.11012987035953,1,5,111,App,Healthy,0.4949999999999999
DNR_02131,27,M,B+,Islamabad,33.65035358984553,73.01325138759533,1,5,92,App,Healthy,0.59
DNR_02132,37,M,A+,Quetta,30.19363751208118,66.95065487659357,0,3,92,SMS,Healthy,0.39
DNR_02133,34,M,B+,Multan,30.23166130827736,71.48804231891687,0,2,66,Phone,Minor issues,0.37
DNR_02134,41,M,B+,Lahore,31.547444410496453,74.29861966236412,1,4,25,App,Healthy,0.875
DNR_02135,33,F,B+,Lahore,31.55322451712467,74.37398525593142,1,6,43,App,Healthy,0.885
DNR_02136,45,M,A+,Faisalabad,31.348074843844362,73.1522446610508,1,6,36,App,Healthy,0.9199999999999999
DNR_02137,37,M,B-,Faisalabad,31.487019460148762,73.13603602515887,1,4,30,App,Unhealthy,0.7499999999999999
DNR_02138,18,M,O-,Multan,30.101355408380773,71.44803120642588,0,1,78,App,Healthy,0.45999999999999996
DNR_02139,33,F,A+,Quetta,30.13074706200048,66.9123545977266,0,7,79,SMS,Healthy,0.6549999999999999
DNR_02140,32,M,A+,Islamabad,33.636314673601206,73.03221258758286,1,3,14,SMS,Healthy,0.78
DNR_02141,18,F,A+,Peshawar,34.03493907594236,71.64294113116847,0,2,52,App,Healthy,0.6399999999999999
DNR_02142,26,M,B-,Quetta,30.178704087814783,66.9639317106694,0,3,70,SMS,Healthy,0.5
DNR_02143,47,M,A+,Karachi,24.846417648108666,66.9281202794134,1,4,53,SMS,Healthy,0.6349999999999999
DNR_02144,44,M,B+,Multan,30.23364836281367,71.51550498800091,0,5,87,App,Healthy,0.615
DNR_02145,28,M,A+,Lahore,31.47157165250564,74.35759993945257,1,4,31,App,Healthy,0.845
DNR_02146,50,M,O+,Peshawar,33.94995727341272,71.64827074603642,0,2,36,Phone,Minor issues,0.52
DNR_02147,43,M,O+,Islamabad,33.70505711848529,73.08964571781303,1,3,28,SMS,Healthy,0.71
DNR_02148,35,M,A+,Peshawar,33.936017056615626,71.63522748814768,0,0,192,SMS,Healthy,0.05
DNR_02149,32,F,O+,Quetta,30.180392072704887,66.93169267645455,0,6,70,Phone,Healthy,0.65
DNR_02150,25,M,O+,Multan,30.14987692899261,71.55625024090325,0,6,58,App,Healthy,0.81
DNR_02151,22,M,O+,Multan,30.108307140078626,71.57647024402256,0,2,53,SMS,Healthy,0.5349999999999999
DNR_02152,27,M,O+,Lahore,31.49092050678134,74.33733681910189,1,3,23,App,Healthy,0.835
DNR_02153,26,F,O+,Lahore,31.585549902873236,74.32226278603926,1,11,26,App,Healthy,0.95
DNR_02154,34,F,A+,Faisalabad,31.34812287716105,73.14328503899463,1,1,7,SMS,Healthy,0.715
DNR_02155,29,M,O+,Islamabad,33.73926523377049,73.03515706471029,1,4,12,App,Healthy,0.94
DNR_02156,26,M,O+,Karachi,24.81738114030324,67.05111592775128,1,3,94,App,Healthy,0.48
DNR_02157,32,M,B+,Peshawar,34.079146217026775,71.59516926681873,0,1,40,Phone,Healthy,0.5499999999999999
DNR_02158,25,F,B+,Islamabad,33.763954825537525,73.05315564510883,1,2,33,Phone,Healthy,0.6349999999999999
DNR_02159,29,M,A-,Lahore,31.51436806210963,74.305236586912,1,3,26,SMS,Minor issues,0.62
DNR_02160,28,M,A+,Faisalabad,31.398084180560776,73.08477163761242,1,0,363,App,Healthy,0.05
DNR_02161,44,F,AB+,Faisalabad,31.374758051797155,73.11114313222592,1,2,118,SMS,Minor issues,0.11000000000000001
DNR_02162,30,F,O+,Quetta,30.21379183599664,67.02567269579794,0,2,67,App,Healthy,0.565
DNR_02163,21,M,O+,Lahore,31.551046556971436,74.3607042234226,1,0,354,App,Minor issues,0.05
DNR_02164,25,F,O+,Peshawar,33.9499658444639,71.54228243080625,0,8,115,App,Healthy,0.625
DNR_02165,25,M,A+,Karachi,24.813548059105532,67.04955920895341,1,3,36,App,Minor issues,0.67
DNR_02166,26,M,A+,Peshawar,34.002539585496095,71.60191671603528,0,2,106,App,Healthy,0.37
DNR_02167,46,M,A+,Quetta,30.23535613915644,66.89979361895692,0,4,24,App,Healthy,0.8799999999999999
DNR_02168,29,F,A+,Faisalabad,31.467535597232686,73.00395558519796,1,3,38,SMS,Healthy,0.66
DNR_02169,18,M,A+,Faisalabad,31.4480730242615,73.0760247805513,1,2,50,SMS,Healthy,0.5499999999999999
DNR_02170,32,F,B+,Peshawar,34.03593536466178,71.65548298717125,0,3,69,SMS,Healthy,0.505
DNR_02171,32,M,O+,Islamabad,33.7315503304413,73.04854321475698,1,9,32,App,Healthy,0.95
DNR_02172,45,M,O+,Lahore,31.565755726609403,74.3558216016531,1,4,20,App,Minor issues,0.7999999999999999
DNR_02173,44,M,B+,Faisalabad,31.460116585122318,73.0793264673968,1,2,35,App,Healthy,0.725
DNR_02174,38,F,O+,Quetta,30.10400021658438,66.99087386375528,0,4,53,App,Healthy,0.7349999999999999
DNR_02175,30,M,O+,Lahore,31.48389016881164,74.37942387628065,1,1,53,App,Healthy,0.585
DNR_02176,35,M,O+,Quetta,30.123683689400792,66.93810548485718,0,1,112,SMS,Healthy,0.18999999999999995
DNR_02177,26,M,O+,Multan,30.203122385235815,71.50495208460045,0,0,162,App,Minor issues,0.05
DNR_02178,40,M,A+,Multan,30.11596237708352,71.54123640272144,0,3,70,App,Healthy,0.6
DNR_02179,25,M,B+,Islamabad,33.70430370247198,73.06969919594896,1,5,38,SMS,Healthy,0.7599999999999999
DNR_02180,27,F,O-,Lahore,31.477217856273818,74.28318567364842,1,5,78,App,Healthy,0.6599999999999999
DNR_02181,18,M,A+,Karachi,24.898860994058815,66.96295725167462,1,1,63,Phone,Minor issues,0.33499999999999996
DNR_02182,34,F,O-,Peshawar,34.083943965731876,71.58300613593323,0,2,56,Phone,Healthy,0.5199999999999999
DNR_02183,22,M,A+,Peshawar,33.97375635046346,71.60817996676627,0,8,14,SMS,Healthy,0.95
DNR_02184,47,M,B+,Multan,30.16892726855896,71.55201922844289,0,1,12,App,Healthy,0.79
DNR_02185,29,F,B+,Lahore,31.59073671278595,74.28448166042358,1,11,119,App,Minor issues,0.655
DNR_02186,18,F,A-,Lahore,31.50999598841926,74.33751444548778,1,2,65,App,Unhealthy,0.475
DNR_02187,36,M,B+,Multan,30.197546874730186,71.56612528110816,0,6,119,App,Healthy,0.505
DNR_02188,37,F,O+,Quetta,30.158847618317523,66.98195507369421,0,2,19,SMS,Healthy,0.705
DNR_02189,43,M,O+,Faisalabad,31.351537097537317,73.0594633812758,1,2,56,Phone,Healthy,0.5199999999999999
DNR_02190,27,M,O+,Islamabad,33.68925679090645,73.11450391201741,1,1,110,SMS,Unhealthy,0.09999999999999994
DNR_02191,35,M,O+,Karachi,24.860855172966417,66.94965274061013,1,7,63,App,Healthy,0.835
DNR_02192,25,F,O+,Lahore,31.479544812957858,74.3737211683034,1,5,101,App,Minor issues,0.44499999999999995
DNR_02193,28,M,A+,Karachi,24.81344237980424,66.95568135510555,1,3,68,Phone,Healthy,0.51
DNR_02194,36,F,A+,Lahore,31.611056839786624,74.28314886721935,1,0,362,SMS,Healthy,0.05
DNR_02195,41,F,A+,Faisalabad,31.433976830070904,73.0832938262778,1,5,93,App,Healthy,0.585
DNR_02196,37,F,A+,Peshawar,33.973575411550186,71.51512699011668,0,2,113,App,Unhealthy,0.23500000000000004
DNR_02197,39,F,B+,Lahore,31.505814816712395,74.40478124414282,1,3,91,App,Healthy,0.495
DNR_02198,30,F,A+,Karachi,24.861481831141315,67.04244373660289,1,1,93,Phone,Healthy,0.2849999999999999
DNR_02199,34,M,B+,Quetta,30.22442613529271,67.01024577124598,0,3,36,Phone,Minor issues,0.5700000000000001
DNR_02200,22,M,O+,Lahore,31.599409949528454,74.35737444518416,1,1,92,App,Healthy,0.3899999999999999
DNR_02201,27,M,B+,Peshawar,34.082892236725236,71.53960173378992,0,1,79,App,Healthy,0.45499999999999996
DNR_02202,49,M,B+,Multan,30.20918654796958,71.54027153735126,0,7,18,App,Healthy,0.95
DNR_02203,48,F,AB+,Peshawar,34.03255881999979,71.55582681123487,0,1,56,SMS,Healthy,0.47
DNR_02204,49,F,O+,Peshawar,34.01915382699882,71.62399878618125,0,5,10,App,Healthy,0.95
DNR_02205,18,M,B+,Lahore,31.52457204651602,74.26782018359489,1,2,91,App,Healthy,0.44499999999999995
DNR_02206,27,M,O-,Lahore,31.5041936962206,74.35991433308821,1,6,102,SMS,Healthy,0.49
DNR_02207,33,M,O+,Islamabad,33.61915595862287,73.11730446023522,1,5,85,App,Healthy,0.625
DNR_02208,18,F,B-,Lahore,31.589243250850267,74.39633329182486,1,6,26,SMS,Healthy,0.87
DNR_02209,55,M,A+,Islamabad,33.672987123674595,73.12250606192437,1,2,116,App,Minor issues,0.22000000000000003
DNR_02210,19,F,B+,Karachi,24.90554908204858,66.92397501327854,1,5,93,App,Healthy,0.585
DNR_02211,22,M,O+,Karachi,24.84319435829858,67.06262633620193,1,3,104,SMS,Healthy,0.32999999999999996
DNR_02212,22,M,AB+,Quetta,30.15106051418818,67.01422580744368,0,3,77,App,Healthy,0.565
DNR_02213,47,M,O+,Lahore,31.47802833149123,74.33236695097574,1,1,15,App,Healthy,0.775
DNR_02214,33,M,B+,Karachi,24.848615769532984,67.01091933789748,1,2,87,App,Minor issues,0.365
DNR_02215,43,F,A+,Peshawar,34.089100649404934,71.51903257088911,0,7,36,SMS,Healthy,0.87
DNR_02216,29,M,B+,Faisalabad,31.392817484973,73.03708810777293,1,0,285,Phone,Minor issues,0.05
DNR_02217,47,F,AB-,Lahore,31.572921692293054,74.36192136717303,1,7,60,App,Healthy,0.85
DNR_02218,33,M,O+,Islamabad,33.70130912940771,72.97549860218453,1,5,24,App,Healthy,0.9299999999999999
DNR_02219,18,M,B+,Multan,30.169353999116154,71.5944938551614,0,3,105,App,Healthy,0.42499999999999993
DNR_02220,35,F,B+,Islamabad,33.72539499416095,73.08088586198424,1,2,109,SMS,Healthy,0.25499999999999995
DNR_02221,47,M,A+,Faisalabad,31.477132798648498,73.10418339201976,1,2,15,SMS,Minor issues,0.625
DNR_02222,41,F,A+,Faisalabad,31.446524687005383,73.15609771982932,1,2,49,SMS,Healthy,0.5549999999999999
DNR_02223,40,M,B-,Lahore,31.571584320917054,74.35460179224991,1,0,287,SMS,Healthy,0.05
DNR_02224,36,M,B+,Islamabad,33.65393492709336,73.06690537942922,1,5,19,App,Healthy,0.95
DNR_02225,41,F,O+,Lahore,31.603969820189878,74.39273238623066,1,2,71,Phone,Healthy,0.44499999999999995
DNR_02226,18,M,A+,Faisalabad,31.42757580204085,73.1491046456513,1,8,11,Phone,Healthy,0.95
DNR_02227,28,M,A+,Peshawar,33.95383466655872,71.62270665862286,0,2,16,App,Healthy,0.82
DNR_02228,31,F,O+,Quetta,30.1896655449665,67.05415070024061,0,3,66,App,Healthy,0.62
DNR_02229,53,M,A+,Islamabad,33.66228827496789,73.00693388726535,1,8,101,SMS,Healthy,0.595
DNR_02230,34,F,O+,Peshawar,34.091949867349506,71.63298217702278,0,6,8,SMS,Minor issues,0.86
DNR_02231,22,F,AB+,Lahore,31.53916371357601,74.26839038304001,1,2,56,Phone,Healthy,0.5199999999999999
DNR_02232,18,F,A+,Quetta,30.208048670275943,66.96446329195608,0,12,71,SMS,Healthy,0.9450000000000001
DNR_02233,52,M,A+,Quetta,30.200656453267104,67.04275382736827,0,6,65,SMS,Healthy,0.6749999999999999
DNR_02234,55,M,B+,Faisalabad,31.44770737085615,73.02241480952082,1,3,51,App,Healthy,0.695
DNR_02235,43,M,B+,Peshawar,33.95422974974147,71.63542925428395,0,4,61,App,Minor issues,0.595
DNR_02236,50,F,B+,Lahore,31.51941883279057,74.34504500049579,1,3,52,App,Minor issues,0.59
DNR_02237,51,M,O+,Karachi,24.901073255281133,66.92125650869191,1,7,54,SMS,Healthy,0.7799999999999999
DNR_02238,37,F,B+,Peshawar,33.94501679420286,71.50932414474104,0,11,112,App,Minor issues,0.69
DNR_02239,28,F,A+,Peshawar,33.965933263080494,71.59840237824302,0,3,9,App,Healthy,0.9049999999999999
DNR_02240,39,F,A+,Karachi,24.865149980325683,67.01903081956897,1,3,8,App,Healthy,0.9099999999999999
DNR_02241,18,M,O+,Peshawar,33.94369176561014,71.56574656745632,0,10,48,App,Healthy,0.95
DNR_02242,55,M,A+,Lahore,31.57243171473877,74.36391642811732,1,4,48,Phone,Minor issues,0.56
DNR_02243,45,M,B+,Multan,30.156743007231533,71.51573119106155,0,2,40,App,Healthy,0.7
DNR_02244,21,M,O+,Multan,30.193663393739723,71.56697461698415,0,3,46,Phone,Minor issues,0.52
DNR_02245,40,M,O+,Lahore,31.484431123144464,74.40319173499594,1,3,113,App,Healthy,0.385
DNR_02246,18,F,A+,Quetta,30.190267419265844,67.04419762683129,0,1,116,Phone,Unhealthy,0.07000000000000002
DNR_02247,28,M,A+,Karachi,24.866065764215946,66.93184529525077,1,2,96,App,Healthy,0.42000000000000004
DNR_02248,29,M,O+,Lahore,31.618721859543562,74.32086062979091,1,4,9,App,Healthy,0.95
DNR_02249,34,F,O+,Quetta,30.174080805600454,66.92778672677224,0,0,177,App,Minor issues,0.05
DNR_02250,18,F,AB+,Karachi,24.798719204400626,67.04115402853715,1,6,19,SMS,Healthy,0.905
DNR_02251,44,M,B+,Multan,30.164878046004098,71.60112929733391,0,4,18,App,Healthy,0.9099999999999999
DNR_02252,37,M,O+,Quetta,30.147276505407213,66.93733578752584,0,1,80,App,Healthy,0.44999999999999996
DNR_02253,34,M,AB-,Islamabad,33.6514426410559,72.97478020106921,1,3,118,App,Minor issues,0.26
DNR_02254,40,F,B+,Islamabad,33.64442014974594,72.9841584702949,1,0,163,App,Healthy,0.05
DNR_02255,36,M,O+,Lahore,31.549645329031083,74.34574252611436,1,4,60,Phone,Healthy,0.6
DNR_02256,35,F,O+,Faisalabad,31.41665205275329,73.13040157898544,1,2,118,App,Healthy,0.31000000000000005
DNR_02257,25,M,O+,Multan,30.23328854253276,71.47235913931432,0,2,60,App,Healthy,0.6
DNR_02258,18,M,A+,Quetta,30.16986896046861,67.01626055291416,0,5,60,SMS,Healthy,0.65
DNR_02259,59,F,O+,Faisalabad,31.473692171472667,73.02745465734424,1,3,18,SMS,Minor issues,0.66
DNR_02260,18,F,O+,Karachi,24.85264292302104,67.03930567491402,1,2,90,App,Healthy,0.44999999999999996
DNR_02261,29,M,A+,Peshawar,34.04391924968613,71.65961483063577,0,3,113,SMS,Healthy,0.28500000000000003
DNR_02262,41,M,A+,Quetta,30.24385000258098,66.97792438004002,0,4,33,Phone,Healthy,0.735
DNR_02263,21,F,AB+,Islamabad,33.627380716329036,73.07332568664631,1,1,41,SMS,Healthy,0.545
DNR_02264,46,M,O+,Islamabad,33.76314412821931,73.07649953984433,1,1,37,App,Healthy,0.6649999999999999
DNR_02265,33,F,O+,Islamabad,33.714279598933345,73.03268954979113,1,0,288,Phone,Minor issues,0.05
DNR_02266,25,M,O+,Multan,30.23457232662513,71.46709905415463,0,2,101,SMS,Healthy,0.295
DNR_02267,32,M,AB-,Karachi,24.88979791978421,66.95873506940598,1,2,96,SMS,Healthy,0.32
DNR_02268,37,M,B+,Faisalabad,31.363333913715927,73.14184824967215,1,1,108,SMS,Healthy,0.20999999999999996
DNR_02269,27,M,O+,Karachi,24.817467850711722,67.05578222205911,1,5,16,Phone,Healthy,0.87
DNR_02270,24,M,A+,Multan,30.12419881778761,71.46569810774105,0,6,17,SMS,Healthy,0.915
DNR_02271,38,F,O+,Multan,30.088062762793623,71.45834226036497,0,4,56,SMS,Healthy,0.62
DNR_02272,33,M,A+,Peshawar,34.08106699470973,71.61174485809187,0,3,61,App,Minor issues,0.545
DNR_02273,18,M,B+,Lahore,31.54131266731083,74.34001622924326,1,3,42,App,Healthy,0.74
DNR_02274,34,M,O-,Karachi,24.84157172720462,66.93357869725646,1,2,118,Phone,Healthy,0.21000000000000002
DNR_02275,24,M,A+,Multan,30.16265156923827,71.506415904119,0,4,62,Phone,Healthy,0.59
DNR_02276,44,M,A+,Quetta,30.124426451536472,67.02845409527956,0,1,52,SMS,Healthy,0.49
DNR_02277,27,M,B+,Quetta,30.20272890492933,66.9459206172008,0,12,63,Phone,Healthy,0.95
DNR_02278,20,M,B+,Lahore,31.528688946738093,74.37488026040712,1,3,82,SMS,Minor issues,0.34
DNR_02279,33,F,A+,Faisalabad,31.39895027056657,73.09822626544461,1,2,33,App,Unhealthy,0.6349999999999999
DNR_02280,27,F,B+,Karachi,24.924662680747236,66.94924515325829,1,2,32,SMS,Healthy,0.6399999999999999
DNR_02281,30,F,B-,Islamabad,33.678109730617514,73.03095072092546,1,6,74,App,Healthy,0.73
DNR_02282,32,M,A+,Peshawar,34.036431842984726,71.52179566512528,0,1,31,App,Healthy,0.695
DNR_02283,18,M,B+,Islamabad,33.63995154426848,73.11839683594056,1,3,69,SMS,Minor issues,0.405
DNR_02284,42,M,AB-,Karachi,24.793437111669146,67.02998471831798,1,7,24,App,Healthy,0.95
DNR_02285,19,M,B+,Islamabad,33.63286377243274,73.11910390217703,1,3,9,SMS,Minor issues,0.705
DNR_02286,59,M,O-,Quetta,30.210935628488386,66.94993200722901,0,1,110,Phone,Healthy,0.19999999999999996
DNR_02287,40,M,A+,Karachi,24.86141699870373,67.01068936299158,1,1,97,App,Unhealthy,0.265
DNR_02288,18,M,B+,Multan,30.139304654538126,71.58091956076466,0,1,102,App,Healthy,0.33999999999999997
DNR_02289,49,M,A+,Faisalabad,31.469977918460017,73.03497307334852,1,4,49,App,Healthy,0.7549999999999999
DNR_02290,19,M,A+,Karachi,24.912592572137076,66.93302154279507,1,4,9,Phone,Minor issues,0.7549999999999999
DNR_02291,54,F,AB-,Quetta,30.233083924704417,66.94837842176196,0,4,22,App,Healthy,0.8899999999999999
DNR_02292,37,M,A+,Karachi,24.829912876663457,66.97313935777383,1,7,61,SMS,Healthy,0.745
DNR_02293,18,M,O+,Islamabad,33.632161545617706,73.06700072432291,1,4,14,App,Healthy,0.9299999999999999
DNR_02294,38,M,B+,Multan,30.115603813885215,71.51310001297871,0,1,31,SMS,Healthy,0.595
DNR_02295,39,F,O+,Peshawar,34.0465401469043,71.6034299268751,0,1,89,App,Minor issues,0.30499999999999994
DNR_02296,29,M,AB+,Karachi,24.841969182700776,67.0057739386892,1,4,112,SMS,Healthy,0.33999999999999997
DNR_02297,38,F,A+,Peshawar,34.05220028499951,71.5215615035984,0,7,117,App,Healthy,0.5650000000000001
DNR_02298,37,M,O+,Lahore,31.55894877030427,74.38631774810351,1,14,97,App,Healthy,0.95
DNR_02299,29,M,B-,Peshawar,34.00350428273211,71.50983906549877,0,2,33,SMS,Minor issues,0.5349999999999999
DNR_02300,40,M,A+,Peshawar,34.02122638397479,71.54522609317142,0,2,86,App,Minor issues,0.37
DNR_02301,34,F,O+,Multan,30.196028300396407,71.55199036145164,0,2,59,App,Healthy,0.605
DNR_02302,18,M,O+,Peshawar,34.073686989924106,71.62651724590383,0,8,92,App,Healthy,0.74
DNR_02303,39,F,O+,Peshawar,34.0806778801902,71.6553215032613,0,5,10,App,Unhealthy,0.8999999999999999
DNR_02304,24,F,B+,Islamabad,33.60540120888053,72.9742043499504,1,2,97,App,Minor issues,0.315
DNR_02305,32,M,O+,Multan,30.114634330359397,71.59825381178429,0,2,93,App,Healthy,0.43499999999999994
DNR_02306,26,M,AB+,Faisalabad,31.371335027701342,73.05093625500193,1,1,119,App,Healthy,0.255
DNR_02307,33,M,B+,Multan,30.10664384565591,71.46095910096635,0,2,19,SMS,Healthy,0.705
DNR_02308,29,M,AB-,Peshawar,34.04967800079659,71.5235515807862,0,0,248,App,Healthy,0.05
DNR_02309,39,F,A+,Lahore,31.595912423373537,74.37869772533114,1,5,38,App,Minor issues,0.7599999999999999
DNR_02310,33,M,B+,Multan,30.159950243216503,71.56309975340805,0,4,65,App,Healthy,0.6749999999999999
DNR_02311,31,M,B+,Lahore,31.5046501822059,74.3937707591687,1,5,11,Phone,Healthy,0.8949999999999999
DNR_02312,55,F,A+,Karachi,24.790766493900176,66.95312897501776,1,2,81,SMS,Healthy,0.3949999999999999
DNR_02313,38,M,AB+,Multan,30.137845012829658,71.44619837618528,0,8,60,App,Healthy,0.8999999999999999
DNR_02314,40,M,O+,Islamabad,33.69283935902498,73.02310113590268,1,1,84,App,Healthy,0.42999999999999994
DNR_02315,38,M,A+,Quetta,30.172764395495584,67.02090767166693,0,3,59,SMS,Healthy,0.555
DNR_02316,31,F,B+,Islamabad,33.69432660835711,73.01040085053901,1,4,92,App,Unhealthy,0.43999999999999995
DNR_02317,27,M,O+,Peshawar,34.0339778424385,71.5822485068043,0,2,66,Phone,Healthy,0.47
DNR_02318,28,F,A+,Quetta,30.138374231540627,66.91135999130307,0,5,39,App,Healthy,0.855
DNR_02319,38,M,A-,Karachi,24.853846677836756,66.95551096329488,1,7,71,SMS,Healthy,0.695
DNR_02320,20,M,A+,Lahore,31.49948375072085,74.39765776253472,1,0,387,SMS,Healthy,0.05
DNR_02321,18,M,O+,Lahore,31.56806947228205,74.38215913211339,1,5,115,SMS,Healthy,0.375
DNR_02322,43,F,A-,Faisalabad,31.35005805974049,73.04761176766904,1,2,68,App,Minor issues,0.45999999999999996
DNR_02323,18,M,O+,Lahore,31.623964240556386,74.3898962705822,1,2,11,App,Healthy,0.8449999999999999
DNR_02324,22,F,B+,Islamabad,33.67126006322164,73.04615651612852,1,2,30,SMS,Healthy,0.6499999999999999
DNR_02325,29,M,A+,Quetta,30.14617484699146,67.04570373537487,0,2,116,App,Minor issues,0.22000000000000003
DNR_02326,36,M,O+,Islamabad,33.68409878150369,73.08237854247693,1,3,75,SMS,Unhealthy,0.375
DNR_02327,18,M,AB-,Faisalabad,31.338430093034262,73.09046691352646,1,4,55,SMS,Healthy,0.6249999999999999
DNR_02328,29,M,O+,Islamabad,33.67936176214187,73.05222001103242,1,2,107,App,Minor issues,0.26499999999999996
DNR_02329,33,M,O+,Quetta,30.121924058699104,67.04719775504864,0,4,21,SMS,Minor issues,0.6950000000000001
DNR_02330,35,F,B+,Lahore,31.590139836945635,74.27936902524795,1,1,107,App,Minor issues,0.21499999999999997
DNR_02331,28,F,B+,Faisalabad,31.368150473324377,73.00512513776228,1,1,67,SMS,Healthy,0.4149999999999999
DNR_02332,31,M,A+,Quetta,30.241372067100528,66.97797983944828,0,1,87,SMS,Minor issues,0.21499999999999997
DNR_02333,25,M,B+,Islamabad,33.71992711690062,73.10846244656109,1,1,53,SMS,Healthy,0.485
DNR_02334,34,F,B+,Lahore,31.479440961550107,74.39765671229665,1,4,98,SMS,Healthy,0.41000000000000003
DNR_02335,37,F,AB+,Lahore,31.507505974391158,74.32565617862392,1,3,63,App,Unhealthy,0.535
DNR_02336,30,M,B+,Faisalabad,31.34862534969674,73.13272945302943,1,4,54,SMS,Healthy,0.63
DNR_02337,33,M,O+,Multan,30.09247107866149,71.56953117259647,0,2,15,SMS,Minor issues,0.625
DNR_02338,33,M,O+,Multan,30.183741338281667,71.45969600942468,0,2,102,Phone,Healthy,0.29
DNR_02339,43,M,O+,Faisalabad,31.435932828454074,73.03051321886974,1,1,66,SMS,Healthy,0.41999999999999993
DNR_02340,32,M,B+,Quetta,30.17977843872658,66.99239155288626,0,2,53,App,Healthy,0.6349999999999999
DNR_02341,21,M,B+,Multan,30.11065929908443,71.46379267428723,0,6,72,App,Healthy,0.74
DNR_02342,41,F,A+,Quetta,30.122141607872848,66.9134265465806,0,1,112,App,Minor issues,0.18999999999999995
DNR_02343,41,F,A+,Karachi,24.80142039713059,66.95001311650496,1,8,14,App,Healthy,0.95
DNR_02344,18,M,A+,Quetta,30.218612746912875,66.97966483445161,0,4,97,App,Healthy,0.515
DNR_02345,45,M,O+,Peshawar,34.026501415005264,71.56953176829849,0,0,341,SMS,Healthy,0.05
DNR_02346,47,M,B+,Multan,30.183923008216926,71.49313442670899,0,3,17,App,Healthy,0.865
DNR_02347,28,M,O+,Faisalabad,31.383512069490802,73.12547391991423,1,2,28,App,Healthy,0.7599999999999999
DNR_02348,24,F,A+,Lahore,31.56192872813335,74.31586228354213,1,4,105,Phone,Minor issues,0.27499999999999997
DNR_02349,25,M,A+,Quetta,30.19442419413764,67.00710011106356,0,1,47,App,Minor issues,0.515
DNR_02350,25,M,A-,Faisalabad,31.455757319992966,72.99929777274771,1,2,74,SMS,Minor issues,0.32999999999999996
DNR_02351,45,F,A+,Peshawar,34.04612969348843,71.57994928982674,0,2,46,SMS,Healthy,0.57
DNR_02352,41,M,O+,Quetta,30.167617939442597,66.95244257158004,0,1,93,App,Healthy,0.3849999999999999
DNR_02353,32,M,B+,Islamabad,33.60872674438876,73.11854202556007,1,0,345,Phone,Healthy,0.05
DNR_02354,26,F,A+,Karachi,24.789310463646007,66.94079805641391,1,1,45,App,Healthy,0.625
DNR_02355,25,M,B+,Peshawar,34.030850688957486,71.5103429697074,0,5,47,App,Healthy,0.815
DNR_02356,40,F,A-,Quetta,30.13631219979523,66.91523724420071,0,4,45,Phone,Healthy,0.6749999999999999
DNR_02357,42,M,A+,Karachi,24.918948827646492,67.05354282231161,1,6,34,App,Healthy,0.9299999999999999
DNR_02358,37,F,A+,Lahore,31.47488127709591,74.27298364639842,1,3,107,SMS,Minor issues,0.21499999999999997
DNR_02359,37,M,B+,Quetta,30.222745998477745,66.96723577900953,0,3,45,Phone,Healthy,0.625
DNR_02360,18,M,A+,Peshawar,34.04333095524118,71.66018632620339,0,2,19,App,Healthy,0.8049999999999999
DNR_02361,45,M,B+,Lahore,31.486728004094196,74.39748323284398,1,0,392,App,Healthy,0.05
DNR_02362,18,M,B+,Karachi,24.799661534258437,67.04647609757683,1,2,110,App,Healthy,0.35
DNR_02363,38,M,O+,Faisalabad,31.42661493614894,73.01516035047689,1,1,81,Phone,Minor issues,0.24499999999999994
DNR_02364,30,M,A+,Karachi,24.787519750719515,66.92320064234357,1,4,44,App,Healthy,0.78
DNR_02365,32,M,A+,Islamabad,33.60927712844423,73.08306681803248,1,2,30,App,Healthy,0.7499999999999999
DNR_02366,39,F,A+,Quetta,30.16517389332409,66.91126663118183,0,1,29,App,Healthy,0.705
DNR_02367,49,M,A+,Islamabad,33.74363666749921,73.02567938123937,1,1,119,App,Healthy,0.255
DNR_02368,45,M,O+,Islamabad,33.62267293718345,72.99934857409572,1,9,53,App,Healthy,0.95
DNR_02369,30,M,B+,Islamabad,33.6612533628545,73.03604534271169,1,6,80,SMS,Healthy,0.6
DNR_02370,38,M,O+,Karachi,24.83410203308936,67.08106139725571,1,2,119,App,Healthy,0.30500000000000005
DNR_02371,42,F,A+,Peshawar,34.082112994121005,71.57081619777914,0,5,89,App,Minor issues,0.505
DNR_02372,22,M,B+,Quetta,30.15631739786285,66.90525192800118,0,9,92,App,Healthy,0.7899999999999999
DNR_02373,34,M,O+,Faisalabad,31.49477165063143,73.06357749425746,1,7,36,App,Healthy,0.95
DNR_02374,18,M,O+,Islamabad,33.61524979867351,72.98653672500917,1,1,19,SMS,Healthy,0.655
DNR_02375,60,M,B+,Quetta,30.10294365714672,66.99981651099048,0,3,88,App,Healthy,0.51
DNR_02376,47,M,B+,Peshawar,34.046989421675114,71.61370118621716,0,0,167,SMS,Healthy,0.05
DNR_02377,26,F,B+,Islamabad,33.614924611850576,73.0934132307674,1,2,53,App,Unhealthy,0.5349999999999999
DNR_02378,29,M,A+,Peshawar,34.038453450000446,71.59616933372224,0,2,46,App,Healthy,0.6699999999999999
DNR_02379,45,M,AB-,Peshawar,34.03868430622234,71.53228620512873,0,1,117,Phone,Healthy,0.16500000000000004
DNR_02380,33,M,A+,Faisalabad,31.457985081306237,73.01542886697159,1,1,17,App,Healthy,0.765
DNR_02381,40,F,O-,Lahore,31.547303422975414,74.35496286409636,1,3,82,App,Unhealthy,0.44000000000000006
DNR_02382,42,M,A+,Faisalabad,31.448221469363023,73.08156209820477,1,0,232,App,Healthy,0.05
DNR_02383,25,M,O+,Peshawar,34.006370876797455,71.50284567650199,0,4,110,Phone,Unhealthy,0.24999999999999994
DNR_02384,29,F,O-,Quetta,30.12213065369881,66.92929475959214,0,3,57,SMS,Unhealthy,0.465
DNR_02385,20,M,B+,Peshawar,34.00071870691171,71.63506439037127,0,1,20,SMS,Healthy,0.65
DNR_02386,27,F,A+,Multan,30.09271248799517,71.59384221413367,0,3,78,SMS,Healthy,0.45999999999999996
DNR_02387,20,F,AB+,Lahore,31.5681335167069,74.34567283806261,1,2,66,App,Healthy,0.57
DNR_02388,38,M,AB-,Quetta,30.255961808305333,67.04900307658006,0,0,380,App,Healthy,0.05
DNR_02389,29,F,B+,Multan,30.183337815413733,71.44978572575488,0,5,86,SMS,Healthy,0.52
DNR_02390,27,F,O+,Peshawar,33.98365825240028,71.52261850304689,0,6,74,Phone,Minor issues,0.53
DNR_02391,18,F,B+,Islamabad,33.6417020512713,73.12515696020168,1,6,69,SMS,Healthy,0.655
DNR_02392,18,F,B+,Karachi,24.78481087067068,67.00751519671299,1,6,83,SMS,Healthy,0.5850000000000001
DNR_02393,40,M,O+,Multan,30.212239002214567,71.50573998508862,0,1,73,App,Minor issues,0.385
DNR_02394,46,M,A+,Karachi,24.93016378726701,67.0028437254083,1,1,7,SMS,Healthy,0.715
DNR_02395,23,M,A+,Islamabad,33.672155922746285,73.11250985959134,1,3,65,SMS,Healthy,0.525
DNR_02396,26,M,A+,Quetta,30.248634399995723,66.97134171445916,0,4,26,SMS,Unhealthy,0.6699999999999999
DNR_02397,19,M,O+,Peshawar,33.976384230738546,71.6269753366571,0,2,40,App,Healthy,0.7
DNR_02398,18,F,B+,Islamabad,33.69269568105021,73.00759784280899,1,2,37,App,Healthy,0.715
DNR_02399,19,M,A+,Faisalabad,31.453658449384434,73.05574681328179,1,0,326,SMS,Healthy,0.05
DNR_02400,34,F,B+,Faisalabad,31.440588304755874,73.02817604014021,1,1,15,Phone,Healthy,0.675
DNR_02401,30,M,A-,Multan,30.137710336904203,71.53238775034983,0,4,26,SMS,Minor issues,0.6699999999999999
DNR_02402,34,F,A-,Karachi,24.80497030332656,66.99213142858936,1,6,7,App,Healthy,0.95
DNR_02403,47,M,O+,Quetta,30.156691418194768,67.01660787492175,0,2,36,App,Unhealthy,0.62
DNR_02404,33,F,B+,Peshawar,34.08982580134138,71.6541246535651,0,5,11,SMS,Healthy,0.8949999999999999
DNR_02405,37,F,O+,Quetta,30.198052838899002,67.03585348419655,0,5,100,SMS,Healthy,0.44999999999999996
DNR_02406,31,M,O+,Quetta,30.184153488022297,66.99131079384773,0,3,31,App,Unhealthy,0.695
DNR_02407,38,M,O+,Faisalabad,31.372312287567507,73.13185140060537,1,4,74,App,Healthy,0.63
DNR_02408,42,M,A+,Multan,30.23544172477685,71.54731552092417,0,2,112,App,Healthy,0.33999999999999997
DNR_02409,33,M,A+,Lahore,31.50383500723256,74.37875431214289,1,4,96,SMS,Healthy,0.42000000000000004
DNR_02410,38,F,B+,Lahore,31.558707003916556,74.27870328936649,1,1,80,App,Healthy,0.44999999999999996
DNR_02411,18,M,A+,Karachi,24.933683721826576,67.04117623350868,1,3,35,Phone,Healthy,0.6749999999999999
DNR_02412,45,M,O+,Peshawar,33.94005052789812,71.53141977798583,0,2,22,App,Healthy,0.7899999999999999
DNR_02413,49,M,O+,Peshawar,34.01020739407016,71.61895369039087,0,5,28,App,Minor issues,0.8099999999999999
DNR_02414,22,F,AB+,Faisalabad,31.43312755100517,73.09081753257871,1,2,38,SMS,Healthy,0.61
DNR_02415,37,M,O+,Peshawar,34.073607800484545,71.57437600998084,0,6,66,Phone,Healthy,0.67
DNR_02416,29,M,O+,Karachi,24.916346544689272,66.9378338034955,1,6,63,App,Healthy,0.7849999999999999
DNR_02417,29,M,O+,Lahore,31.621249588757788,74.35094640290997,1,3,77,Phone,Healthy,0.46499999999999997
DNR_02418,32,M,B+,Faisalabad,31.431083134169373,73.11053668725317,1,6,76,Phone,Healthy,0.62
DNR_02419,18,M,O+,Peshawar,34.07780371173231,71.5149473389713,0,1,12,App,Healthy,0.79
DNR_02420,39,M,O+,Islamabad,33.62425869123184,72.98946282987879,1,5,20,SMS,Healthy,0.85
DNR_02421,30,M,O+,Faisalabad,31.395810571487424,73.11061854268164,1,3,113,SMS,Healthy,0.28500000000000003
DNR_02422,34,M,A+,Islamabad,33.713642568884126,72.97779873913177,1,0,179,App,Healthy,0.05
DNR_02423,37,F,B+,Faisalabad,31.40539981211947,73.0388684590945,1,1,31,SMS,Healthy,0.595
DNR_02424,48,F,A+,Karachi,24.84028213996827,66.93002981812832,1,2,36,SMS,Healthy,0.62
DNR_02425,51,M,O+,Peshawar,33.95674187934245,71.58535645648394,0,0,317,SMS,Healthy,0.05
DNR_02426,40,M,O+,Islamabad,33.713585346204255,73.01173547161282,1,4,69,Phone,Unhealthy,0.455
DNR_02427,18,F,AB-,Quetta,30.152099917685007,66.96472863824621,0,3,62,App,Healthy,0.64
DNR_02428,39,M,A+,Islamabad,33.682804688544586,73.0387953694581,1,5,22,App,Minor issues,0.84
DNR_02429,33,M,O+,Quetta,30.150829161172815,66.93031722806964,0,4,111,SMS,Healthy,0.345
DNR_02430,21,F,A+,Karachi,24.905856888210213,66.96239416680208,1,2,63,App,Healthy,0.585
DNR_02431,36,M,B+,Lahore,31.536697435494077,74.37569574733875,1,3,22,Phone,Healthy,0.74
DNR_02432,18,M,B+,Islamabad,33.752456366507644,72.96936497570847,1,6,86,SMS,Healthy,0.5700000000000001
DNR_02433,35,F,B+,Faisalabad,31.385057972170166,73.15322463517431,1,1,104,App,Healthy,0.32999999999999996
DNR_02434,41,F,B+,Quetta,30.163997775285644,67.01720942534924,0,2,83,SMS,Healthy,0.385
DNR_02435,36,M,B+,Karachi,24.93805902917375,66.93586802512706,1,5,64,App,Healthy,0.73
DNR_02436,37,F,B-,Peshawar,33.9445949781014,71.62217887080244,0,0,354,SMS,Healthy,0.05
DNR_02437,44,F,O+,Quetta,30.17679205721732,66.97412547468141,0,5,39,SMS,Unhealthy,0.655
DNR_02438,30,M,O+,Karachi,24.931382971904714,66.99215413428631,1,2,93,App,Healthy,0.43499999999999994
DNR_02439,32,F,O+,Faisalabad,31.45292453147,73.12590453093424,1,1,45,App,Healthy,0.625
DNR_02440,38,F,A+,Quetta,30.24692348003939,66.90355539465413,0,5,38,App,Healthy,0.8599999999999999
DNR_02441,21,M,O+,Faisalabad,31.40681339472022,73.11052948697655,1,1,60,Phone,Healthy,0.44999999999999996
DNR_02442,32,F,AB-,Karachi,24.911740157837343,66.94810858040869,1,5,100,App,Healthy,0.5499999999999999
DNR_02443,21,F,O-,Islamabad,33.71555457981965,73.00510971644337,1,8,98,App,Healthy,0.71
DNR_02444,18,M,O+,Faisalabad,31.345543852366728,73.10723130133697,1,2,29,SMS,Unhealthy,0.5549999999999999
DNR_02445,20,M,O+,Islamabad,33.72276280244069,73.10707925262071,1,5,55,App,Healthy,0.7749999999999999
DNR_02446,38,F,O+,Lahore,31.583768037253293,74.33519190450366,1,4,34,Phone,Healthy,0.7299999999999999
DNR_02447,51,F,A+,Multan,30.22791359617804,71.5622503730483,0,4,67,SMS,Healthy,0.565
DNR_02448,21,F,B+,Faisalabad,31.444319687716327,73.10231038441839,1,1,65,App,Healthy,0.5249999999999999
DNR_02449,18,F,O+,Lahore,31.558514215110417,74.32432111569057,1,2,92,App,Minor issues,0.33999999999999997
DNR_02450,34,M,O+,Quetta,30.186664317728017,67.02319137912606,0,4,90,App,Healthy,0.5499999999999999
DNR_02451,25,M,A+,Lahore,31.584061309570483,74.2946979068675,1,9,54,SMS,Healthy,0.88
DNR_02452,31,M,O-,Islamabad,33.64708245294586,73.1109070772522,1,0,334,SMS,Minor issues,0.05
DNR_02453,26,M,O+,Islamabad,33.742515648865705,73.09395428056045,1,2,23,App,Minor issues,0.6849999999999999
DNR_02454,47,F,B+,Multan,30.158325037105804,71.52717017391325,0,2,87,Phone,Healthy,0.365
DNR_02455,37,M,B+,Lahore,31.57690414990844,74.3211143137713,1,1,67,App,Healthy,0.5149999999999999
DNR_02456,26,M,O+,Peshawar,33.99286108218245,71.5110531817378,0,1,43,App,Healthy,0.635
DNR_02457,35,M,O+,Multan,30.180185917241857,71.54904575190027,0,3,116,SMS,Healthy,0.27
DNR_02458,33,F,A+,Islamabad,33.62793336994246,73.04093893203776,1,2,54,App,Healthy,0.6299999999999999
DNR_02459,41,M,A+,Faisalabad,31.43753582592952,73.09178475583265,1,6,52,SMS,Healthy,0.74
DNR_02460,33,F,B+,Faisalabad,31.433816068721914,73.0480720082202,1,0,189,Phone,Minor issues,0.05
DNR_02461,29,F,B+,Multan,30.121378536033326,71.51680626225594,0,2,14,App,Healthy,0.83
DNR_02462,34,M,B+,Karachi,24.938539308498168,67.00757152393781,1,4,22,SMS,Minor issues,0.69
DNR_02463,47,F,A+,Lahore,31.602762648244795,74.36739159715937,1,6,119,App,Minor issues,0.405
DNR_02464,33,M,O+,Lahore,31.49385166017507,74.28163673861661,1,3,32,App,Minor issues,0.69
DNR_02465,41,M,B+,Karachi,24.93169223361202,67.01175299893627,1,2,36,App,Minor issues,0.62
DNR_02466,33,F,B+,Peshawar,34.02412733545795,71.53443458028768,0,6,71,Phone,Healthy,0.645
DNR_02467,36,M,O+,Karachi,24.781038015575742,66.93118492194613,1,0,153,App,Healthy,0.05
DNR_02468,18,M,B+,Quetta,30.18106770954284,66.99602065395935,0,4,98,App,Minor issues,0.41000000000000003
DNR_02469,41,F,B+,Faisalabad,31.357472433341986,73.08673856420947,1,3,57,SMS,Healthy,0.5650000000000001
DNR_02470,30,F,O+,Quetta,30.24656306810916,66.93263708817689,0,5,40,SMS,Healthy,0.7499999999999999
DNR_02471,21,M,O-,Multan,30.19831874376221,71.57068700599979,0,2,89,Phone,Healthy,0.355
DNR_02472,20,M,A+,Faisalabad,31.369197985786034,73.0485928031071,1,1,59,Phone,Healthy,0.45499999999999996
DNR_02473,50,F,B+,Faisalabad,31.338583986280625,73.11643363958966,1,5,22,SMS,Healthy,0.84
DNR_02474,45,F,B+,Faisalabad,31.397209325095854,73.12959285683506,1,5,53,App,Healthy,0.7849999999999999
DNR_02475,23,F,AB-,Quetta,30.102927225521732,67.00524505739936,0,2,40,App,Healthy,0.7
DNR_02476,25,M,A-,Quetta,30.244597935065396,66.95787798037068,0,3,112,App,Healthy,0.3899999999999999
DNR_02477,43,M,AB+,Multan,30.113467272504305,71.49005080571364,0,5,12,SMS,Unhealthy,0.79
DNR_02478,26,F,B+,Karachi,24.927309258164744,66.96411833006432,1,8,87,App,Minor issues,0.6649999999999999
DNR_02479,18,M,O+,Peshawar,34.05663340591747,71.56928344109022,0,6,114,App,Minor issues,0.43000000000000005
DNR_02480,36,M,O+,Lahore,31.560036274649896,74.32844102625764,1,3,80,App,Healthy,0.5499999999999999
DNR_02481,23,M,B+,Karachi,24.869984810489917,67.00430624220097,1,1,88,SMS,Healthy,0.30999999999999994
DNR_02482,33,M,O+,Peshawar,34.0126472112913,71.59879843648987,0,4,63,Phone,Healthy,0.585
DNR_02483,32,M,B+,Peshawar,33.94740549870652,71.57321530973529,0,0,259,App,Healthy,0.05
DNR_02484,54,M,A+,Lahore,31.4909321679969,74.40458872387593,1,4,52,App,Minor issues,0.64
DNR_02485,32,F,B+,Faisalabad,31.42745084909324,73.1387290829024,1,9,45,Phone,Healthy,0.9249999999999999
DNR_02486,46,M,O+,Karachi,24.93167729680586,67.0646715753694,1,5,27,SMS,Healthy,0.815
DNR_02487,38,M,O+,Karachi,24.86237948164267,67.07654246787706,1,2,117,SMS,Healthy,0.21500000000000002
DNR_02488,32,M,B+,Islamabad,33.62647515893969,73.01538765752923,1,7,108,SMS,Healthy,0.51
DNR_02489,23,M,A+,Karachi,24.88389696611336,66.94424454827347,1,9,62,SMS,Minor issues,0.74
DNR_02490,25,M,A+,Quetta,30.1281241846117,66.91754612398523,0,10,10,Phone,Healthy,0.95
DNR_02491,45,F,O+,Peshawar,34.04814127192693,71.65981252826859,0,4,37,App,Healthy,0.815
DNR_02492,27,F,A+,Islamabad,33.73612919935411,73.02335783124092,1,3,61,App,Healthy,0.645
DNR_02493,29,M,B+,Faisalabad,31.4189276177006,72.99956178322425,1,5,38,App,Healthy,0.8599999999999999
DNR_02494,34,M,O+,Faisalabad,31.451649059026863,73.00198989059697,1,7,74,App,Minor issues,0.68
DNR_02495,18,F,O+,Quetta,30.154547381699096,66.9390174376376,0,3,54,App,Healthy,0.6799999999999999
DNR_02496,18,M,O+,Faisalabad,31.413200432529305,73.02752005193602,1,2,23,App,Minor issues,0.6849999999999999
DNR_02497,31,M,B+,Islamabad,33.649199768930735,72.97724572230453,1,1,88,Phone,Minor issues,0.20999999999999996
DNR_02498,18,M,A+,Faisalabad,31.3798908103908,73.0715198344235,1,2,55,SMS,Healthy,0.5249999999999999
DNR_02499,18,M,AB+,Quetta,30.248797151607086,67.01858863875047,0,1,92,Phone,Healthy,0.2899999999999999
DNR_02500,28,M,O+,Faisalabad,31.4496823920644,73.15090661923766,1,3,83,App,Healthy,0.535
DNR_02501,25,M,B+,Karachi,24.922445372780874,66.93857316835052,1,2,56,SMS,Minor issues,0.41999999999999993
DNR_02502,29,F,O+,Lahore,31.476679134969554,74.3216363705485,1,9,72,App,Healthy,0.8899999999999999
DNR_02503,29,F,A-,Karachi,24.78771602343658,66.99508007282122,1,9,13,SMS,Healthy,0.95
DNR_02504,29,F,A+,Multan,30.118528109676898,71.5570057699084,0,5,53,App,Unhealthy,0.6849999999999999
DNR_02505,32,F,O+,Peshawar,34.04882024088768,71.61236029469137,0,3,24,SMS,Healthy,0.73
DNR_02506,33,M,A+,Faisalabad,31.432895692533652,73.09079349576632,1,2,54,SMS,Healthy,0.5299999999999999
DNR_02507,51,F,B+,Lahore,31.54525478306531,74.28209073340108,1,2,33,SMS,Healthy,0.6349999999999999
DNR_02508,26,F,O+,Peshawar,33.95760010835815,71.57636158776543,0,1,105,SMS,Healthy,0.22499999999999998
DNR_02509,38,F,A+,Karachi,24.904451382912068,66.92678346769549,1,2,47,App,Minor issues,0.565
DNR_02510,42,M,O+,Faisalabad,31.373484646182778,73.02840814155188,1,7,91,SMS,Healthy,0.595
DNR_02511,46,M,O+,Faisalabad,31.378965372948667,73.12133054156459,1,3,13,SMS,Healthy,0.7849999999999999
DNR_02512,42,F,O+,Lahore,31.60762707237364,74.42024217537124,1,3,44,App,Healthy,0.73
DNR_02513,19,M,A+,Quetta,30.25815622992247,67.05443293959065,0,3,85,App,Healthy,0.525
DNR_02514,45,F,AB-,Lahore,31.520567118597274,74.3000562408717,1,5,51,SMS,Unhealthy,0.595
DNR_02515,36,F,A+,Multan,30.223900720045446,71.5313307392209,0,5,119,Phone,Healthy,0.355
DNR_02516,26,M,O+,Faisalabad,31.346019352428286,73.0567169734585,1,4,58,App,Healthy,0.71
DNR_02517,47,M,B+,Islamabad,33.63364356189869,73.09984431186882,1,0,395,App,Healthy,0.05
DNR_02518,38,M,B+,Islamabad,33.6112008273761,73.06853104951362,1,3,24,Phone,Healthy,0.73
DNR_02519,29,M,O+,Peshawar,34.087166718343894,71.65998502433314,0,3,112,App,Healthy,0.3899999999999999
DNR_02520,31,M,B+,Quetta,30.122571873865763,67.0238706091582,0,0,174,SMS,Healthy,0.05
DNR_02521,37,F,B+,Quetta,30.12671041425925,66.89880688119663,0,2,72,App,Healthy,0.5399999999999999
DNR_02522,21,F,B+,Lahore,31.512587880442897,74.41407948370356,1,5,112,App,Minor issues,0.3899999999999999
DNR_02523,35,F,AB+,Multan,30.127699521523635,71.57192180016052,0,4,36,App,Healthy,0.82
DNR_02524,44,M,AB+,Karachi,24.91069296390967,67.06813565722796,1,3,106,App,Healthy,0.41999999999999993
DNR_02525,34,M,O+,Lahore,31.610261246093543,74.41825798592322,1,0,370,SMS,Healthy,0.05
DNR_02526,31,F,A+,Islamabad,33.658765485944734,73.037989869836,1,2,97,App,Minor issues,0.315
DNR_02527,36,M,A+,Karachi,24.915823969470424,66.99529129442567,1,3,33,SMS,Healthy,0.6849999999999999
DNR_02528,34,M,AB-,Multan,30.114395938714058,71.56505937784819,0,2,27,App,Healthy,0.7649999999999999
DNR_02529,22,M,O+,Quetta,30.254973555975035,67.01865781631632,0,0,223,Phone,Healthy,0.05
DNR_02530,40,M,A+,Peshawar,33.955169041082485,71.50552923593317,0,2,83,App,Healthy,0.485
DNR_02531,28,M,O+,Peshawar,33.94530551442148,71.58734177076803,0,3,17,SMS,Minor issues,0.665
DNR_02532,45,M,O-,Multan,30.220205102174592,71.59847509678059,0,1,105,App,Healthy,0.32499999999999996
DNR_02533,35,M,A+,Lahore,31.524174817689072,74.27091273694198,1,7,108,Phone,Healthy,0.51
DNR_02534,30,M,O+,Quetta,30.192217445198356,66.99806005122568,0,3,72,Phone,Healthy,0.49
DNR_02535,21,M,B+,Faisalabad,31.39989718212739,73.06937717170418,1,9,119,SMS,Healthy,0.555
DNR_02536,36,M,A+,Lahore,31.58080211095836,74.28364902209836,1,9,114,Phone,Healthy,0.5800000000000001
DNR_02537,47,F,O+,Lahore,31.5626685064541,74.41770882471388,1,2,86,SMS,Healthy,0.37
DNR_02538,27,M,O+,Karachi,24.916390599496975,66.94624808575412,1,0,250,App,Healthy,0.05
DNR_02539,44,M,O+,Multan,30.156416843190808,71.60255891239582,0,3,19,App,Healthy,0.855
DNR_02540,35,M,O+,Quetta,30.185758226030792,66.92440324018253,0,2,117,App,Healthy,0.31500000000000006
DNR_02541,25,M,O+,Peshawar,34.06128429200807,71.54973444310549,0,5,64,SMS,Healthy,0.63
DNR_02542,20,F,O+,Multan,30.180404165858064,71.58767552297324,0,3,70,SMS,Healthy,0.5
DNR_02543,60,F,O+,Lahore,31.556262218136535,74.40976391946555,1,1,90,App,Minor issues,0.29999999999999993
DNR_02544,24,M,O+,Lahore,31.53114417451928,74.33465148937695,1,3,32,Phone,Healthy,0.69
DNR_02545,26,F,A+,Karachi,24.9339300436202,67.06886473869335,1,4,36,App,Healthy,0.82
DNR_02546,45,M,A+,Peshawar,34.00718361773882,71.6376535784788,0,2,44,SMS,Unhealthy,0.48
DNR_02547,30,F,O+,Peshawar,33.98486957927643,71.56373861366085,0,3,12,SMS,Minor issues,0.6900000000000001
DNR_02548,18,M,A-,Multan,30.07885542259782,71.55597437508281,0,3,53,SMS,Healthy,0.585
DNR_02549,27,M,B+,Lahore,31.543838767588053,74.26754625746595,1,3,18,App,Healthy,0.86
DNR_02550,24,M,O+,Quetta,30.234496595862034,66.93110396351062,0,9,21,App,Minor issues,0.95
DNR_02551,29,F,O+,Lahore,31.485535945185465,74.39084187088966,1,2,66,App,Unhealthy,0.47
DNR_02552,18,F,O+,Islamabad,33.62431887035638,73.05955611613972,1,4,24,Phone,Healthy,0.7799999999999999
DNR_02553,40,M,O+,Islamabad,33.72804840878494,73.04840126246992,1,3,57,SMS,Healthy,0.5650000000000001
DNR_02554,57,M,B+,Peshawar,34.075915929452115,71.59153600829795,0,3,102,SMS,Healthy,0.33999999999999997
DNR_02555,18,M,O-,Multan,30.160182244830676,71.55831275578778,0,8,81,SMS,Healthy,0.695
DNR_02556,27,F,A+,Lahore,31.581598273949474,74.40089281689637,1,1,88,App,Minor issues,0.30999999999999994
DNR_02557,35,M,AB-,Lahore,31.61357434979961,74.39219293163903,1,2,83,SMS,Healthy,0.385
DNR_02558,24,M,B-,Faisalabad,31.420226181194902,73.02599941730783,1,1,42,App,Healthy,0.64
DNR_02559,18,F,O+,Karachi,24.827827286835497,66.94149373233947,1,5,42,App,Healthy,0.84
DNR_02560,18,F,O-,Multan,30.091688884827402,71.4894991378871,0,3,106,Phone,Healthy,0.31999999999999995
DNR_02561,24,F,A+,Multan,30.161484100517953,71.46245299814467,0,4,99,App,Healthy,0.505
DNR_02562,43,M,B-,Peshawar,33.93663326105252,71.52074527875867,0,2,11,SMS,Healthy,0.7449999999999999
DNR_02563,40,M,O+,Karachi,24.8250197154249,67.0354030592154,1,2,84,SMS,Unhealthy,0.28
DNR_02564,42,M,O-,Multan,30.22635882035159,71.55617241596677,0,3,30,App,Healthy,0.7999999999999999
DNR_02565,19,M,B+,Lahore,31.550234099451945,74.3304685905164,1,0,160,Phone,Minor issues,0.05
DNR_02566,18,F,B+,Quetta,30.231780552741814,66.95010949577718,0,6,100,App,Healthy,0.6
DNR_02567,24,F,O+,Faisalabad,31.40166138565909,73.0926299516868,1,7,47,App,Healthy,0.915
DNR_02568,18,M,O+,Faisalabad,31.363903860319457,73.09481439276892,1,5,16,App,Healthy,0.95
DNR_02569,31,M,AB+,Quetta,30.106340261340858,67.04618244070902,0,7,35,App,Minor issues,0.875
DNR_02570,19,M,O-,Karachi,24.82037063765782,67.07555774405225,1,3,43,Phone,Healthy,0.635
DNR_02571,38,M,O+,Peshawar,34.02579825410981,71.62873335035877,0,3,60,App,Healthy,0.65
DNR_02572,36,M,O+,Quetta,30.164738048788525,67.0365676955802,0,3,102,App,Healthy,0.43999999999999995
DNR_02573,34,F,B+,Quetta,30.24234795794556,66.95630635408624,0,7,53,App,Minor issues,0.785
DNR_02574,38,F,AB+,Peshawar,33.99286728031689,71.54901147124912,0,5,60,SMS,Healthy,0.65
DNR_02575,18,M,A+,Islamabad,33.758849971236565,73.03054259932004,1,2,33,App,Healthy,0.7349999999999999
DNR_02576,23,M,O+,Faisalabad,31.40469316213583,73.00046578238285,1,5,75,App,Healthy,0.6749999999999999
DNR_02577,18,M,B+,Quetta,30.161454454630242,66.96441438064821,0,6,119,App,Minor issues,0.405
DNR_02578,27,F,O+,Lahore,31.576174335357482,74.41074162448496,1,2,85,App,Minor issues,0.375
DNR_02579,51,F,AB-,Multan,30.093725897883388,71.52724993439931,0,3,29,App,Healthy,0.8049999999999999
DNR_02580,44,M,AB+,Peshawar,34.030058966815915,71.61045893552028,0,2,111,SMS,Minor issues,0.14499999999999993
DNR_02581,36,M,A+,Quetta,30.149581584629345,67.02630569781209,0,5,61,App,Healthy,0.7449999999999999
DNR_02582,27,M,A+,Multan,30.167052898810905,71.5736996712201,0,4,85,App,Healthy,0.575
DNR_02583,32,F,A+,Islamabad,33.63426543880577,73.02640132783259,1,10,114,Phone,Unhealthy,0.53
DNR_02584,28,M,B+,Lahore,31.621598215788886,74.26915751777757,1,4,21,App,Minor issues,0.795
DNR_02585,41,F,O+,Multan,30.16214031994284,71.50980684631824,0,4,70,SMS,Minor issues,0.45
DNR_02586,35,M,A+,Islamabad,33.66686468891637,73.07827263341393,1,3,97,Phone,Minor issues,0.265
DNR_02587,42,F,B+,Faisalabad,31.48118631854123,73.12669802101894,1,5,58,App,Healthy,0.76
DNR_02588,43,M,A+,Multan,30.232228694248114,71.51475378190365,0,2,111,App,Healthy,0.345
DNR_02589,34,M,B-,Quetta,30.22410731952523,66.95616924281391,0,1,44,App,Healthy,0.63
DNR_02590,27,F,B+,Islamabad,33.650088113415165,72.97144016129432,1,1,69,App,Healthy,0.505
DNR_02591,31,F,O+,Islamabad,33.75113040502059,73.01691591957574,1,11,61,Phone,Minor issues,0.845
DNR_02592,18,M,B+,Faisalabad,31.463844380783975,73.05849451286282,1,1,97,App,Healthy,0.365
DNR_02593,26,M,O+,Quetta,30.138124660078937,66.96751205309643,0,3,52,App,Minor issues,0.59
DNR_02594,28,F,O+,Islamabad,33.62338615034305,72.99695482457257,1,5,26,SMS,Healthy,0.82
DNR_02595,33,M,A+,Karachi,24.88480642450388,67.0144633937781,1,5,15,Phone,Unhealthy,0.775
DNR_02596,18,M,A-,Faisalabad,31.479780943046745,73.03325855493354,1,5,38,App,Minor issues,0.7599999999999999
DNR_02597,44,F,B+,Quetta,30.13596087568313,67.04876808870728,0,4,14,App,Minor issues,0.83
DNR_02598,24,F,O+,Peshawar,34.014309186864075,71.58543283965821,0,1,98,SMS,Healthy,0.26
DNR_02599,29,M,O+,Karachi,24.85216146189258,67.06768403865401,1,6,79,App,Healthy,0.705
DNR_02600,19,M,O+,Lahore,31.514397624133974,74.407001786299,1,3,105,App,Unhealthy,0.32499999999999996
DNR_02601,28,M,A-,Islamabad,33.746846963404074,73.0475888506992,1,3,57,App,Healthy,0.665
DNR_02602,52,M,O+,Lahore,31.57797287200131,74.37424015689973,1,6,19,Phone,Minor issues,0.805
DNR_02603,37,M,B+,Multan,30.148653531626223,71.51737461573131,0,9,8,SMS,Healthy,0.95
DNR_02604,34,M,B+,Islamabad,33.60494484738287,73.01248517540816,1,2,15,App,Healthy,0.825
DNR_02605,40,M,A+,Faisalabad,31.362400104062164,73.06939254190019,1,3,104,SMS,Healthy,0.32999999999999996
DNR_02606,38,M,O+,Islamabad,33.761853362996135,72.9737186471764,1,3,20,App,Healthy,0.85
DNR_02607,34,F,B+,Multan,30.126970203144918,71.49606617734804,0,6,97,App,Healthy,0.615
DNR_02608,34,F,AB+,Quetta,30.25462552835186,67.00576795433969,0,5,63,App,Healthy,0.7349999999999999
DNR_02609,30,M,A-,Peshawar,34.014100341789074,71.52681654728464,0,2,45,SMS,Healthy,0.575
DNR_02610,34,M,O+,Quetta,30.124467951486228,67.01909047173352,0,1,13,SMS,Healthy,0.6849999999999999
DNR_02611,43,M,A+,Peshawar,34.035986817903456,71.57804234884273,0,4,70,SMS,Healthy,0.55
DNR_02612,60,M,O+,Islamabad,33.74732021019435,73.07338382125245,1,2,85,Phone,Healthy,0.375
DNR_02613,26,M,O+,Lahore,31.600049051288003,74.29989430973447,1,1,98,App,Healthy,0.36
DNR_02614,37,M,AB-,Peshawar,34.07145825561724,71.61109038244902,0,3,42,App,Healthy,0.74
DNR_02615,38,F,A+,Lahore,31.537416295035865,74.27753721760186,1,0,350,App,Healthy,0.05
DNR_02616,40,M,O+,Quetta,30.255979707597632,66.90228986801081,0,3,88,App,Healthy,0.51
DNR_02617,29,M,A+,Faisalabad,31.46710812516021,73.13186238424008,1,9,65,Phone,Minor issues,0.725
DNR_02618,37,M,O+,Karachi,24.796664268868234,67.02426898565926,1,3,117,App,Healthy,0.365
DNR_02619,32,F,O-,Peshawar,33.96426160062085,71.51484249039132,0,5,66,SMS,Healthy,0.62
DNR_02620,47,F,A+,Faisalabad,31.37994213930861,73.13662468616756,1,0,311,App,Healthy,0.05
DNR_02621,20,F,B+,Islamabad,33.62762377706744,73.12464848791345,1,12,84,App,Healthy,0.95
DNR_02622,56,F,O-,Lahore,31.551037323208913,74.36515846966043,1,1,54,Phone,Minor issues,0.37999999999999995
DNR_02623,30,F,O+,Lahore,31.606990293861113,74.35417176369938,1,3,77,App,Unhealthy,0.46499999999999997
DNR_02624,32,F,A+,Multan,30.194980395982686,71.50149823346737,0,3,90,SMS,Healthy,0.4
DNR_02625,40,M,O+,Peshawar,33.99445450026523,71.50838943040397,0,1,69,Phone,Healthy,0.405
DNR_02626,19,M,A+,Multan,30.205298085504342,71.4555670556725,0,4,31,SMS,Healthy,0.745
DNR_02627,30,M,B+,Islamabad,33.64852475359981,73.10032770461596,1,1,51,App,Minor issues,0.495
DNR_02628,25,M,A+,Lahore,31.59324723348859,74.36811218552789,1,5,112,Phone,Minor issues,0.2899999999999999
DNR_02629,29,M,O+,Multan,30.10542236495172,71.55067575213592,0,2,62,App,Minor issues,0.49
DNR_02630,32,M,O+,Quetta,30.175564253922524,66.95346000240578,0,4,95,App,Minor issues,0.42500000000000004
DNR_02631,31,M,A+,Faisalabad,31.37822832938275,73.01073543558034,1,2,116,App,Healthy,0.32000000000000006
DNR_02632,55,M,A+,Karachi,24.895960781368814,66.93262334103285,1,4,53,App,Healthy,0.7349999999999999
DNR_02633,45,M,B-,Islamabad,33.753735234964516,72.98251183735874,1,1,95,App,Healthy,0.375
DNR_02634,23,F,A+,Lahore,31.549164184472268,74.39237656720263,1,2,38,SMS,Healthy,0.61
DNR_02635,31,M,A+,Faisalabad,31.40753548667001,73.02442731374104,1,4,26,App,Healthy,0.8699999999999999
DNR_02636,36,M,A+,Multan,30.183361182319885,71.46884738233982,0,4,98,App,Healthy,0.51
DNR_02637,35,M,O+,Lahore,31.62116158649958,74.3281653873238,1,2,29,SMS,Healthy,0.6549999999999999
DNR_02638,33,M,A+,Quetta,30.13429911007189,66.9213957898931,0,0,159,SMS,Healthy,0.05
DNR_02639,47,M,B+,Karachi,24.810359885325255,66.99115585748198,1,3,43,SMS,Unhealthy,0.535
DNR_02640,49,M,A+,Quetta,30.25401355668356,66.98056242540078,0,8,102,Phone,Healthy,0.59
DNR_02641,18,M,B+,Islamabad,33.75491273898001,73.07749004708727,1,0,210,SMS,Minor issues,0.05
DNR_02642,48,F,A+,Islamabad,33.70519444380994,73.02905699807265,1,2,80,App,Healthy,0.4999999999999999
DNR_02643,32,M,O+,Peshawar,34.03690947095736,71.52957024053714,0,9,36,SMS,Minor issues,0.87
DNR_02644,41,M,O+,Karachi,24.784463036459204,66.97695686980043,1,2,91,SMS,Healthy,0.345
DNR_02645,32,F,O+,Islamabad,33.751865731244195,73.04469007054196,1,8,25,SMS,Healthy,0.95
DNR_02646,24,F,O+,Quetta,30.14878725665711,66.98216088374302,0,5,76,Phone,Healthy,0.57
DNR_02647,18,F,B+,Islamabad,33.752137158905875,73.10947016270279,1,12,11,SMS,Healthy,0.95
DNR_02648,28,M,A+,Quetta,30.258297232238977,66.9361090503429,0,1,12,Phone,Healthy,0.6900000000000001
DNR_02649,29,M,O+,Lahore,31.544941563557604,74.26962160881622,1,6,50,App,Healthy,0.85
DNR_02650,39,F,AB-,Quetta,30.170420708559845,66.91258559332219,0,5,31,SMS,Unhealthy,0.695
DNR_02651,33,M,A+,Lahore,31.521075395305026,74.27152725884285,1,6,65,SMS,Healthy,0.6749999999999999
DNR_02652,48,M,B+,Karachi,24.806541919814368,66.94687636416276,1,1,67,App,Healthy,0.5149999999999999
DNR_02653,47,M,O+,Islamabad,33.65464217082748,73.01429694203873,1,7,112,App,Healthy,0.59
DNR_02654,23,M,AB-,Faisalabad,31.48561651907169,73.06533160082991,1,1,52,App,Healthy,0.59
DNR_02655,18,M,O+,Islamabad,33.7551353102247,73.0146455813233,1,5,38,SMS,Minor issues,0.6599999999999999
DNR_02656,47,M,A+,Faisalabad,31.43591787400402,73.0623835085027,1,1,72,App,Minor issues,0.39
DNR_02657,18,F,B+,Faisalabad,31.489159998008876,73.040456591315,1,1,41,SMS,Minor issues,0.445
DNR_02658,44,M,O+,Peshawar,33.977207096835585,71.58463192601093,0,4,105,Phone,Minor issues,0.27499999999999997
DNR_02659,42,F,A+,Peshawar,34.029931356106026,71.580580681348,0,4,112,App,Healthy,0.43999999999999995
DNR_02660,24,M,A+,Multan,30.184541257402387,71.53020857639616,0,1,15,Phone,Unhealthy,0.5750000000000001
DNR_02661,32,F,B+,Faisalabad,31.363230932359233,73.15387410794256,1,3,65,Phone,Healthy,0.525
DNR_02662,54,F,A+,Quetta,30.118222964644936,66.97159795136652,0,7,13,App,Healthy,0.95
DNR_02663,35,M,O+,Faisalabad,31.438847561013407,73.12459904157257,1,3,40,SMS,Healthy,0.65
DNR_02664,41,M,B+,Peshawar,33.94096677690081,71.5021257024323,0,7,75,App,Minor issues,0.6749999999999999
DNR_02665,28,M,B+,Faisalabad,31.361741072086733,73.09685014665537,1,5,20,App,Minor issues,0.85
DNR_02666,35,M,A+,Lahore,31.486761773701144,74.38820562242842,1,3,81,Phone,Minor issues,0.345
DNR_02667,53,M,B-,Faisalabad,31.45111660599101,73.06175701197424,1,1,119,App,Healthy,0.255
DNR_02668,42,M,O+,Multan,30.16636035792818,71.5137390588413,0,3,28,SMS,Unhealthy,0.61
DNR_02669,50,F,AB-,Lahore,31.527379393950167,74.31133514174121,1,2,23,Phone,Healthy,0.6849999999999999
DNR_02670,37,M,O+,Quetta,30.24932781145816,66.98311681076406,0,7,24,App,Healthy,0.95
DNR_02671,29,M,O+,Lahore,31.618946103371083,74.38213786961524,1,3,64,App,Healthy,0.63
DNR_02672,50,M,O+,Islamabad,33.66945239511479,73.07286372474168,1,1,105,App,Healthy,0.32499999999999996
DNR_02673,42,M,O+,Quetta,30.2184322423138,67.00296754694104,0,1,86,SMS,Healthy,0.31999999999999995
DNR_02674,30,F,A+,Peshawar,34.061635156752594,71.65867225331013,0,4,74,SMS,Healthy,0.53
DNR_02675,18,F,A+,Lahore,31.59022211830922,74.41708212724939,1,5,115,SMS,Healthy,0.375
DNR_02676,23,M,A+,Karachi,24.85080466800841,66.96686741941501,1,6,119,SMS,Unhealthy,0.30500000000000005
DNR_02677,18,M,O+,Karachi,24.79005125607868,66.9576409428317,1,1,25,App,Minor issues,0.625
DNR_02678,32,F,A+,Karachi,24.878220312004473,66.9659529474999,1,12,10,App,Minor issues,0.95
DNR_02679,37,M,O+,Faisalabad,31.485565052221745,73.02461728868361,1,1,110,App,Minor issues,0.19999999999999996
DNR_02680,52,M,B+,Lahore,31.491506747932725,74.28511072779916,1,2,31,SMS,Healthy,0.6449999999999999
DNR_02681,18,M,O-,Lahore,31.504813533970438,74.30418222223317,1,12,22,Phone,Healthy,0.95
DNR_02682,31,M,O+,Multan,30.202830113716477,71.50333201629259,0,3,41,App,Minor issues,0.645
DNR_02683,29,F,B+,Quetta,30.197393784746378,67.01514460183839,0,1,73,App,Healthy,0.485
DNR_02684,23,M,AB+,Lahore,31.478668006465725,74.41424994085253,1,4,13,App,Healthy,0.9349999999999998
DNR_02685,25,M,O+,Peshawar,34.01302179952935,71.53809804848319,0,3,42,SMS,Healthy,0.64
DNR_02686,26,M,A+,Faisalabad,31.3853608177405,73.00999622014349,1,3,81,App,Healthy,0.5449999999999999
DNR_02687,30,F,B+,Multan,30.08012168299063,71.5175750215503,0,5,37,SMS,Minor issues,0.665
DNR_02688,30,M,O+,Faisalabad,31.39772798116027,73.06939545761863,1,4,98,App,Healthy,0.51
DNR_02689,26,F,B+,Faisalabad,31.41201119199949,73.1232900658112,1,6,83,App,Minor issues,0.5850000000000001
DNR_02690,29,M,A-,Islamabad,33.730265558186055,73.06401523382152,1,0,361,App,Healthy,0.05
DNR_02691,60,F,AB+,Quetta,30.18569166983652,67.04227971129501,0,3,80,App,Healthy,0.5499999999999999
DNR_02692,20,M,A+,Multan,30.226481446104156,71.4736805940575,0,2,87,App,Healthy,0.46499999999999997
DNR_02693,21,M,O+,Peshawar,33.998072467754184,71.58590423665255,0,6,116,SMS,Healthy,0.42000000000000004
DNR_02694,42,F,O-,Lahore,31.5419191221397,74.3867073557621,1,2,42,App,Healthy,0.69
DNR_02695,40,M,O+,Lahore,31.488776129830978,74.33686233740569,1,5,67,App,Unhealthy,0.6149999999999999
DNR_02696,51,M,O+,Islamabad,33.73357478670861,73.0867395650556,1,8,37,Phone,Healthy,0.9149999999999999
DNR_02697,23,M,AB+,Quetta,30.177357001461207,67.00597375278002,0,6,15,Phone,Minor issues,0.8250000000000001
DNR_02698,47,F,AB-,Lahore,31.568808217498365,74.3038910646134,1,4,78,App,Healthy,0.61
DNR_02699,19,M,A+,Multan,30.156538679721383,71.47252615820825,0,3,12,Phone,Minor issues,0.6900000000000001
DNR_02700,37,M,B+,Quetta,30.18900900995064,66.92408606429522,0,5,25,SMS,Healthy,0.825
DNR_02701,34,M,O-,Lahore,31.578360352612144,74.37321587406505,1,2,113,App,Healthy,0.3350000000000001
DNR_02702,31,M,A-,Faisalabad,31.456406065387654,72.99934123631996,1,4,113,Phone,Minor issues,0.23500000000000004
DNR_02703,41,M,O+,Islamabad,33.74917497080983,72.97086346939174,1,3,16,App,Healthy,0.87
DNR_02704,33,M,B+,Peshawar,33.93687897118445,71.57483998944856,0,6,16,SMS,Minor issues,0.8200000000000001
DNR_02705,34,F,O+,Islamabad,33.68559789443535,73.02379773901865,1,2,73,SMS,Healthy,0.43499999999999994
DNR_02706,58,M,O-,Faisalabad,31.437826247336854,73.14370379979808,1,1,63,SMS,Healthy,0.43499999999999994
DNR_02707,36,M,A+,Lahore,31.588272944780034,74.32985837473055,1,2,71,App,Minor issues,0.44499999999999995
DNR_02708,42,M,B+,Quetta,30.125402875843108,66.95239083596138,0,4,92,App,Minor issues,0.43999999999999995
DNR_02709,38,M,B+,Quetta,30.22932339363645,66.91641139629813,0,11,44,App,Healthy,0.95
DNR_02710,52,F,B+,Lahore,31.481113739112118,74.41144968836866,1,4,111,App,Healthy,0.44499999999999995
DNR_02711,48,F,A+,Lahore,31.520228741785825,74.36997448394433,1,1,71,App,Healthy,0.495
DNR_02712,26,M,O+,Lahore,31.494367092139427,74.32897688752693,1,4,51,App,Healthy,0.7449999999999999
DNR_02713,37,F,A+,Multan,30.14653431222079,71.45705964595703,0,1,80,SMS,Healthy,0.35
DNR_02714,18,F,A+,Karachi,24.79623536676709,66.95386203480226,1,1,40,SMS,Healthy,0.5499999999999999
DNR_02715,43,M,A+,Faisalabad,31.429823460500756,73.13536682502149,1,5,108,Phone,Healthy,0.4099999999999999
DNR_02716,19,M,AB+,Faisalabad,31.36229440151973,73.15106109036068,1,4,108,SMS,Healthy,0.36
DNR_02717,36,M,O+,Multan,30.095524435891186,71.50449831659594,0,0,225,SMS,Minor issues,0.05
DNR_02718,48,M,B+,Quetta,30.147472680489575,66.89634977591511,0,2,89,SMS,Unhealthy,0.255
DNR_02719,25,F,O+,Islamabad,33.666714145933746,73.12611149028014,1,2,114,App,Healthy,0.33000000000000007
DNR_02720,30,F,A+,Multan,30.105925818169137,71.59339098384676,0,1,115,App,Minor issues,0.17500000000000004
DNR_02721,24,F,B+,Multan,30.127688540841078,71.49726675712579,0,7,104,SMS,Healthy,0.53
DNR_02722,35,F,B+,Quetta,30.219629492939465,67.01901132672471,0,2,13,App,Minor issues,0.7349999999999999
DNR_02723,29,M,B+,Lahore,31.56738240110983,74.37797744251509,1,0,205,App,Healthy,0.05
DNR_02724,42,M,O+,Karachi,24.891128321437794,66.92837554116764,1,4,69,App,Healthy,0.655
DNR_02725,31,M,O+,Lahore,31.58693822770786,74.41362574504743,1,2,105,SMS,Healthy,0.27499999999999997
DNR_02726,34,F,B+,Faisalabad,31.413369510486962,73.09749957409682,1,2,80,SMS,Healthy,0.3999999999999999
DNR_02727,33,M,A+,Peshawar,33.97942961284562,71.6110047506414,0,5,39,SMS,Unhealthy,0.655
DNR_02728,32,M,O+,Multan,30.08068438298346,71.47999442672156,0,2,19,App,Healthy,0.8049999999999999
DNR_02729,28,M,B+,Multan,30.07784095175551,71.44576122315864,0,6,115,SMS,Healthy,0.42500000000000004
DNR_02730,50,F,A+,Peshawar,33.96516832932588,71.51591778684121,0,2,57,App,Healthy,0.615
DNR_02731,29,M,O+,Faisalabad,31.42271362578767,73.03669092992524,1,3,12,App,Healthy,0.89
DNR_02732,41,F,AB-,Multan,30.207150674600534,71.47224657485484,0,3,71,App,Healthy,0.595
DNR_02733,24,F,A+,Karachi,24.892301036110158,66.9473422559531,1,5,68,App,Healthy,0.71
DNR_02734,31,M,B+,Lahore,31.558629600707228,74.40592566262103,1,4,96,Phone,Healthy,0.42000000000000004
DNR_02735,36,F,B+,Quetta,30.13241546160518,67.02532917795617,0,4,76,SMS,Minor issues,0.42
DNR_02736,28,M,A+,Peshawar,34.03597695346293,71.58727296389705,0,10,28,App,Healthy,0.95
DNR_02737,39,F,A+,Quetta,30.139453145592277,66.98334399617278,0,4,49,App,Healthy,0.7549999999999999
DNR_02738,20,F,O+,Karachi,24.805796204520615,67.065111029274,1,0,198,App,Healthy,0.05
DNR_02739,36,F,O+,Multan,30.23283063319183,71.50079241850104,0,2,51,SMS,Healthy,0.5449999999999999
DNR_02740,42,M,A+,Multan,30.129558694014843,71.59496329269916,0,3,80,Phone,Healthy,0.44999999999999996
DNR_02741,37,F,A+,Quetta,30.11499550758677,66.90195180108844,0,0,393,Phone,Healthy,0.05
DNR_02742,32,F,A+,Faisalabad,31.487493179962904,73.08272346780353,1,0,298,App,Healthy,0.05
DNR_02743,38,F,A+,Lahore,31.544434221228002,74.33473514895024,1,5,16,SMS,Healthy,0.87
DNR_02744,55,M,B+,Peshawar,34.029947331451176,71.59322886377959,0,7,17,SMS,Healthy,0.95
DNR_02745,33,M,O+,Multan,30.106011212747603,71.55298910967903,0,3,25,App,Healthy,0.825
DNR_02746,38,F,A+,Lahore,31.58104898657005,74.39511605057626,1,1,96,SMS,Healthy,0.27
DNR_02747,35,M,A+,Peshawar,33.95007212655349,71.55228764515903,0,2,79,Phone,Healthy,0.4049999999999999
DNR_02748,40,M,A+,Peshawar,33.98994857469338,71.53626251220983,0,4,10,SMS,Unhealthy,0.75
DNR_02749,22,M,B+,Multan,30.12515784369301,71.4667405897371,0,3,106,App,Healthy,0.41999999999999993
DNR_02750,42,F,O+,Islamabad,33.7031748079443,73.03558821786673,1,5,24,SMS,Healthy,0.83
DNR_02751,26,F,O+,Faisalabad,31.415508994366636,73.08908973846894,1,1,92,App,Healthy,0.3899999999999999
DNR_02752,18,M,A+,Islamabad,33.693863994922566,73.07759342901446,1,2,34,SMS,Healthy,0.6299999999999999
DNR_02753,21,F,O+,Islamabad,33.732836432609865,73.09621722558029,1,2,40,App,Healthy,0.7
DNR_02754,41,F,O+,Quetta,30.182838008145957,66.99578619997902,0,2,119,App,Minor issues,0.20500000000000002
DNR_02755,53,M,A+,Peshawar,33.99593130265828,71.62472491739307,0,1,101,SMS,Healthy,0.24499999999999997
DNR_02756,26,M,O+,Islamabad,33.70680155758234,73.09689256634056,1,0,152,SMS,Healthy,0.05
DNR_02757,54,F,O+,Lahore,31.474723845629725,74.32735545399134,1,3,64,App,Minor issues,0.53
DNR_02758,36,F,O+,Quetta,30.10959304792652,67.0293787652783,0,3,117,App,Healthy,0.365
DNR_02759,18,M,B+,Islamabad,33.639830324078254,73.05690511369379,1,1,35,App,Healthy,0.6749999999999999
DNR_02760,20,M,B+,Faisalabad,31.415194817429924,73.1057811666665,1,4,101,SMS,Healthy,0.395
DNR_02761,57,M,O+,Peshawar,34.053962053054384,71.51745780939261,0,0,338,App,Minor issues,0.05
DNR_02762,33,M,O-,Karachi,24.906828446305465,67.06753177153196,1,2,89,App,Unhealthy,0.355
DNR_02763,20,M,O+,Multan,30.186112025264855,71.4611916023638,0,5,27,App,Healthy,0.9149999999999999
DNR_02764,18,F,A+,Islamabad,33.75931855019368,73.02508982265879,1,1,81,SMS,Healthy,0.345
DNR_02765,39,M,B+,Faisalabad,31.494599666525556,73.10549463167747,1,3,77,SMS,Minor issues,0.365
DNR_02766,34,F,O+,Quetta,30.176576379244306,67.01036213983566,0,5,14,SMS,Healthy,0.88
DNR_02767,22,M,O+,Quetta,30.22838333949437,66.89999680055736,0,1,114,App,Minor issues,0.18000000000000005
DNR_02768,19,M,O+,Islamabad,33.64134819125102,73.1149294383712,1,1,50,Phone,Healthy,0.5
DNR_02769,21,M,O-,Peshawar,34.01243167433054,71.60694242446773,0,4,36,SMS,Healthy,0.72
DNR_02770,50,F,B+,Quetta,30.14794135663509,66.90117909834126,0,3,77,SMS,Healthy,0.46499999999999997
DNR_02771,21,M,A+,Karachi,24.876277043814884,67.06065883083068,1,1,105,App,Healthy,0.32499999999999996
DNR_02772,37,M,O-,Lahore,31.567138145885366,74.31668563498962,1,1,67,Phone,Healthy,0.4149999999999999
DNR_02773,30,M,A+,Multan,30.118879167436244,71.4940685086255,0,3,88,App,Minor issues,0.41000000000000003
DNR_02774,34,F,O+,Islamabad,33.69996603577475,73.06402516336092,1,2,59,SMS,Healthy,0.505
DNR_02775,39,M,O+,Faisalabad,31.338977062569974,73.13196987195234,1,0,359,App,Healthy,0.05
DNR_02776,21,F,O+,Multan,30.189742685352442,71.58279644229349,0,2,71,App,Healthy,0.5449999999999999
DNR_02777,24,M,O+,Lahore,31.621140776695498,74.41248292416205,1,2,110,App,Healthy,0.35
DNR_02778,37,M,A+,Quetta,30.12270982202686,67.05018568928637,0,1,38,App,Minor issues,0.5599999999999999
DNR_02779,23,M,B+,Islamabad,33.64382092373071,73.02334080800496,1,6,33,SMS,Healthy,0.835
DNR_02780,22,M,A+,Peshawar,34.041974941856,71.52774978885802,0,11,87,App,Healthy,0.915
DNR_02781,38,F,O+,Faisalabad,31.494399738195366,73.05153067799718,1,4,70,App,Healthy,0.65
DNR_02782,26,M,O+,Karachi,24.916968716617504,66.92864617734345,1,0,164,App,Healthy,0.05
DNR_02783,30,M,O+,Quetta,30.136651372438294,66.9535794373019,0,3,67,App,Healthy,0.615
DNR_02784,33,M,A+,Islamabad,33.740907973351774,73.01522745541588,1,0,262,Phone,Healthy,0.05
DNR_02785,36,F,AB+,Islamabad,33.76119716774353,73.04141397299699,1,1,22,SMS,Healthy,0.64
DNR_02786,20,M,AB-,Lahore,31.551387217395682,74.26844562661915,1,2,18,App,Healthy,0.8099999999999999
DNR_02787,32,M,B+,Quetta,30.209940934230136,66.93334334829508,0,7,18,App,Minor issues,0.95
DNR_02788,29,M,O-,Quetta,30.180764415711103,67.0373399104775,0,2,71,Phone,Healthy,0.44499999999999995
DNR_02789,51,F,B+,Islamabad,33.68043485369241,72.96944282842307,1,1,93,SMS,Healthy,0.2849999999999999
DNR_02790,38,F,B+,Islamabad,33.62395634170195,73.0785415203878,1,7,88,SMS,Healthy,0.61
DNR_02791,34,M,A+,Lahore,31.54692094751855,74.392524320679,1,1,119,Phone,Healthy,0.15500000000000003
DNR_02792,41,M,O+,Peshawar,34.044689452026326,71.53057864390914,0,2,18,Phone,Healthy,0.71
DNR_02793,23,M,B+,Karachi,24.8413239842576,66.94711364444791,1,2,18,SMS,Healthy,0.71
DNR_02794,25,F,B+,Karachi,24.910881221242015,66.94294827516991,1,2,23,Phone,Healthy,0.6849999999999999
DNR_02795,31,M,O+,Quetta,30.25526700585608,66.94963280803282,0,3,7,SMS,Healthy,0.815
DNR_02796,26,M,B+,Faisalabad,31.34571587435277,73.09439238051665,1,3,37,App,Healthy,0.7649999999999999
DNR_02797,18,M,O+,Karachi,24.92967979460211,67.03451923873469,1,5,28,SMS,Healthy,0.8099999999999999
DNR_02798,23,M,A+,Peshawar,33.981481500750306,71.5464983744266,0,4,93,SMS,Healthy,0.43499999999999994
DNR_02799,38,F,B+,Multan,30.176580508650638,71.5951660917055,0,0,390,SMS,Healthy,0.05
DNR_02800,44,F,A+,Quetta,30.189566400946187,67.03529467388502,0,2,106,SMS,Healthy,0.26999999999999996
DNR_02801,37,F,B-,Multan,30.16068388596346,71.59617165736951,0,6,79,SMS,Healthy,0.605
DNR_02802,18,F,AB+,Lahore,31.563109118011905,74.38058049251892,1,3,74,App,Healthy,0.58
DNR_02803,26,M,AB+,Faisalabad,31.368005029009936,73.09644974254049,1,3,79,App,Healthy,0.5549999999999999
DNR_02804,47,F,A-,Karachi,24.865359344314633,67.06764465313611,1,2,85,Phone,Minor issues,0.275
DNR_02805,24,M,O+,Karachi,24.81367770908529,67.00051435904568,1,5,12,SMS,Minor issues,0.79
DNR_02806,28,F,B+,Quetta,30.128956033666277,66.92982204870962,0,6,74,Phone,Healthy,0.63
DNR_02807,21,M,B+,Islamabad,33.62265231048507,72.98100656497255,1,7,90,SMS,Minor issues,0.5
DNR_02808,29,M,A-,Faisalabad,31.48462969510145,73.09133003865642,1,3,71,SMS,Healthy,0.495
DNR_02809,18,F,O+,Faisalabad,31.492571345858227,73.11432166201217,1,3,11,SMS,Minor issues,0.695
DNR_02810,36,M,O+,Karachi,24.839965044111757,66.94474911384614,1,2,30,App,Healthy,0.7499999999999999
DNR_02811,18,F,AB-,Lahore,31.484008843169217,74.39624942605137,1,1,85,App,Minor issues,0.32499999999999996
DNR_02812,51,M,B+,Faisalabad,31.491789568840268,73.0010021973238,1,2,45,App,Healthy,0.6749999999999999
DNR_02813,35,F,O+,Lahore,31.48914605961068,74.35570772304669,1,0,322,App,Healthy,0.05
DNR_02814,42,F,O+,Lahore,31.606153004567034,74.42116141957558,1,1,83,Phone,Healthy,0.33499999999999996
DNR_02815,25,M,A+,Islamabad,33.672654705717875,73.05973484322914,1,2,95,App,Healthy,0.42500000000000004
DNR_02816,38,F,O+,Peshawar,33.95468271022167,71.54584513035743,0,0,354,App,Healthy,0.05
DNR_02817,24,M,O+,Lahore,31.480848607618544,74.31852016426642,1,1,12,SMS,Healthy,0.6900000000000001
DNR_02818,42,F,A+,Quetta,30.12217774481179,66.96537932762963,0,8,115,App,Minor issues,0.525
DNR_02819,26,M,B+,Multan,30.11093772691873,71.48361911859331,0,1,21,SMS,Healthy,0.645
DNR_02820,35,M,A+,Multan,30.217310420246804,71.56510411949343,0,10,105,App,Healthy,0.7749999999999999
DNR_02821,49,F,O+,Multan,30.116909641129908,71.54900584370412,0,1,90,Phone,Healthy,0.29999999999999993
DNR_02822,41,F,A+,Lahore,31.526830936797523,74.38997662515308,1,5,56,SMS,Healthy,0.6699999999999999
DNR_02823,32,M,B+,Lahore,31.476513973975212,74.2850438281516,1,2,36,App,Healthy,0.72
DNR_02824,36,M,O+,Quetta,30.125145272475127,66.99012021472672,0,2,70,App,Healthy,0.5499999999999999
DNR_02825,26,F,A+,Quetta,30.14699764253746,66.97839840183521,0,3,92,App,Minor issues,0.39
DNR_02826,18,M,O+,Karachi,24.792946943753915,67.06402821539025,1,2,49,SMS,Healthy,0.5549999999999999
DNR_02827,22,M,A+,Islamabad,33.69006611393951,73.09880164498665,1,1,73,SMS,Healthy,0.385
DNR_02828,18,F,B+,Islamabad,33.624310355851016,72.99812550066623,1,1,119,App,Healthy,0.255
DNR_02829,29,M,O+,Quetta,30.12263358751131,66.96215174819055,0,8,37,Phone,Healthy,0.9149999999999999
DNR_02830,24,M,AB-,Faisalabad,31.446229153478846,73.07162602233417,1,3,110,App,Healthy,0.3999999999999999
DNR_02831,24,M,B+,Peshawar,33.938457238167935,71.56638183113948,0,4,87,App,Healthy,0.565
DNR_02832,18,F,B+,Quetta,30.24659083664331,67.03264273000575,0,6,45,App,Minor issues,0.775
DNR_02833,29,M,A+,Karachi,24.86655296841089,67.05841139693047,1,8,42,SMS,Healthy,0.89
DNR_02834,41,F,B+,Faisalabad,31.394096799507004,73.13600857971538,1,0,219,Phone,Minor issues,0.05
DNR_02835,29,M,A+,Islamabad,33.62612556501133,73.04645359688196,1,3,15,SMS,Minor issues,0.675
DNR_02836,44,M,AB+,Multan,30.23107688612932,71.602519089031,0,4,21,Phone,Minor issues,0.6950000000000001
DNR_02837,43,F,A+,Faisalabad,31.453334927756387,73.1317399839343,1,1,102,SMS,Healthy,0.23999999999999996
DNR_02838,20,M,AB-,Peshawar,34.016161140791674,71.53338742846057,0,2,64,SMS,Minor issues,0.38
DNR_02839,45,M,A+,Islamabad,33.64184582797819,73.03265247655388,1,2,61,Phone,Healthy,0.495
DNR_02840,24,F,B+,Faisalabad,31.339348598724655,73.00109302032314,1,3,77,App,Healthy,0.565
DNR_02841,28,F,B-,Lahore,31.536760983144433,74.26731072910582,1,1,36,SMS,Healthy,0.57
DNR_02842,48,M,B+,Islamabad,33.61072307639578,73.00981457160451,1,4,58,App,Healthy,0.71
DNR_02843,22,F,O+,Faisalabad,31.343576033263396,73.10347965793144,1,3,96,App,Healthy,0.47
DNR_02844,18,M,O+,Islamabad,33.61345553663644,73.0783226046738,1,3,117,SMS,Healthy,0.265
DNR_02845,39,F,A+,Islamabad,33.647715614904435,73.12755290162657,1,1,97,App,Healthy,0.365
DNR_02846,19,M,B+,Karachi,24.87928010209747,66.93690650920242,1,2,78,App,Healthy,0.5099999999999999
DNR_02847,54,M,O+,Faisalabad,31.342505804285267,73.11593036534235,1,7,81,App,Unhealthy,0.6449999999999999
DNR_02848,32,M,O+,Quetta,30.191693800982087,66.92774977586666,0,1,61,Phone,Minor issues,0.345
DNR_02849,33,M,O+,Quetta,30.129483547365204,66.89723820479513,0,2,106,SMS,Minor issues,0.16999999999999996
DNR_02850,31,F,A+,Multan,30.094761167208635,71.5774499553941,0,2,9,App,Healthy,0.8549999999999999
DNR_02851,45,M,O+,Quetta,30.160837199753658,66.90304168280946,0,3,38,SMS,Healthy,0.66
DNR_02852,35,M,B+,Quetta,30.249280018532236,66.91923142883662,0,2,37,SMS,Healthy,0.615
DNR_02853,32,M,A+,Faisalabad,31.466414023416167,73.1145306723303,1,5,30,SMS,Healthy,0.7999999999999999
DNR_02854,26,M,B+,Quetta,30.15403426445108,66.97112737250913,0,0,395,SMS,Healthy,0.05
DNR_02855,30,M,O+,Quetta,30.227470613006457,67.04951149584332,0,4,82,App,Healthy,0.59
DNR_02856,36,M,B+,Peshawar,34.0595907760079,71.60519575935777,0,6,7,App,Healthy,0.95
DNR_02857,41,M,O+,Lahore,31.476301031712588,74.34509057444644,1,8,117,SMS,Healthy,0.515
DNR_02858,27,F,A+,Quetta,30.228482396201642,66.93562173165823,0,4,63,App,Healthy,0.6849999999999999
DNR_02859,18,F,A+,Islamabad,33.7642069781017,72.98565349446473,1,6,8,SMS,Minor issues,0.86
DNR_02860,18,M,A+,Karachi,24.82179365142154,66.96028054510005,1,2,87,App,Healthy,0.46499999999999997
DNR_02861,49,M,O-,Faisalabad,31.486907769802084,73.02017913992842,1,5,64,App,Minor issues,0.63
DNR_02862,28,M,O+,Quetta,30.13414781302377,66.98903410466895,0,4,57,App,Healthy,0.715
DNR_02863,40,F,O+,Multan,30.08022282431524,71.48835554865013,0,3,20,Phone,Healthy,0.75
DNR_02864,34,F,B+,Faisalabad,31.43672385146928,73.03241906041431,1,1,23,App,Healthy,0.735
DNR_02865,28,M,A+,Islamabad,33.67965196124193,72.98052444931453,1,0,230,App,Minor issues,0.05
DNR_02866,18,M,A+,Multan,30.1858403577017,71.48815574272635,0,3,72,SMS,Unhealthy,0.39
DNR_02867,22,M,A+,Peshawar,33.94092886105944,71.51742299140251,0,2,27,SMS,Healthy,0.6649999999999999
DNR_02868,35,M,O+,Peshawar,33.962316725022106,71.56927872769892,0,3,31,SMS,Minor issues,0.595
DNR_02869,40,F,B-,Multan,30.143679820603488,71.52153511938573,0,2,43,SMS,Healthy,0.585
DNR_02870,23,M,AB-,Multan,30.138199068306836,71.45430598834497,0,7,15,App,Healthy,0.95
DNR_02871,37,M,B+,Islamabad,33.724272229374314,73.03803151981934,1,3,91,App,Healthy,0.495
DNR_02872,32,F,AB-,Karachi,24.879853796251265,67.01186060429886,1,3,93,SMS,Healthy,0.385
DNR_02873,20,M,O+,Karachi,24.90295460711609,67.07042639458642,1,4,88,App,Healthy,0.5599999999999999
DNR_02874,22,F,O-,Quetta,30.12025720795823,66.92658087943246,0,3,105,SMS,Healthy,0.32499999999999996
DNR_02875,31,M,O+,Peshawar,34.00684757941311,71.65259342841992,0,4,63,App,Healthy,0.6849999999999999
DNR_02876,25,M,O+,Peshawar,33.978891368426915,71.53049866503243,0,5,99,Phone,Healthy,0.45499999999999996
DNR_02877,18,F,O+,Karachi,24.896996450485787,67.03091107704496,1,2,98,Phone,Healthy,0.31
DNR_02878,38,F,B-,Islamabad,33.639248641159504,72.97765352051331,1,13,69,App,Healthy,0.95
DNR_02879,30,M,B+,Lahore,31.628750229076513,74.3361499251357,1,4,7,SMS,Healthy,0.8649999999999999
DNR_02880,27,M,A+,Karachi,24.905203187618408,67.08098357197044,1,3,59,SMS,Healthy,0.555
DNR_02881,26,M,O+,Faisalabad,31.474939834177963,73.0138752444559,1,4,83,App,Healthy,0.585
DNR_02882,36,M,A+,Lahore,31.548815538837363,74.41301100890249,1,7,69,SMS,Healthy,0.705
DNR_02883,47,F,B+,Peshawar,34.00857297985555,71.61511773826811,0,2,89,Phone,Healthy,0.355
DNR_02884,18,M,O+,Faisalabad,31.496238715937906,73.15125278039241,1,7,79,SMS,Healthy,0.6549999999999999
DNR_02885,28,F,AB-,Quetta,30.13899101600722,66.9031059515751,0,7,12,App,Healthy,0.95
DNR_02886,33,F,A+,Peshawar,33.97484658769913,71.5194985118989,0,3,113,SMS,Healthy,0.28500000000000003
DNR_02887,40,M,A+,Quetta,30.113426073978353,66.90979470689552,0,0,171,Phone,Healthy,0.05
DNR_02888,37,M,A+,Multan,30.19897673317591,71.59895644035919,0,1,21,App,Healthy,0.745
DNR_02889,41,M,O-,Multan,30.079426126561657,71.50298301353867,0,3,48,App,Minor issues,0.61
DNR_02890,39,M,O+,Quetta,30.15980989072734,66.98696066332722,0,1,16,App,Healthy,0.77
DNR_02891,25,M,O+,Multan,30.14815868037733,71.5594782459422,0,2,19,App,Healthy,0.8049999999999999
DNR_02892,21,M,B+,Islamabad,33.734018129896256,73.08091439496278,1,8,63,Phone,Healthy,0.785
DNR_02893,38,M,O+,Peshawar,33.97059875311057,71.57197813748891,0,3,54,App,Healthy,0.6799999999999999
DNR_02894,28,F,O+,Karachi,24.80321814607821,67.00604055193263,1,9,23,App,Minor issues,0.95
DNR_02895,22,M,O+,Islamabad,33.679211038049935,73.09424698022931,1,6,103,SMS,Minor issues,0.385
DNR_02896,42,M,A-,Islamabad,33.6595105296561,73.04060940782713,1,2,96,App,Minor issues,0.32
DNR_02897,37,M,O+,Peshawar,34.087066842483864,71.58876567495015,0,1,99,App,Minor issues,0.255
DNR_02898,22,M,B+,Multan,30.10577030275619,71.545947466963,0,2,72,App,Healthy,0.5399999999999999
DNR_02899,28,M,B+,Islamabad,33.62270756173535,72.97297314331631,1,2,54,SMS,Minor issues,0.42999999999999994
DNR_02900,20,M,O+,Karachi,24.78930513697297,66.94154589228815,1,4,42,App,Healthy,0.79
DNR_02901,30,M,O+,Karachi,24.900002017578334,66.94922496566832,1,2,116,App,Healthy,0.32000000000000006
DNR_02902,35,F,O+,Multan,30.088483004988248,71.45923140769612,0,7,116,Phone,Healthy,0.4700000000000001
DNR_02903,30,M,AB-,Multan,30.146201315444976,71.5651288154663,0,4,75,App,Healthy,0.625
DNR_02904,40,M,A+,Multan,30.127429049470226,71.56096497531654,0,2,14,Phone,Minor issues,0.63
DNR_02905,34,F,O+,Lahore,31.536733907160254,74.2986020836021,1,1,54,Phone,Unhealthy,0.37999999999999995
DNR_02906,55,M,B+,Karachi,24.81855565138679,66.97965215132143,1,7,12,App,Healthy,0.95
DNR_02907,18,F,A+,Lahore,31.60495508659947,74.30511567725524,1,4,58,Phone,Healthy,0.61
DNR_02908,29,M,AB+,Quetta,30.12590910408521,66.94585605115516,0,1,98,Phone,Healthy,0.26
DNR_02909,34,M,A+,Faisalabad,31.401078574482277,73.15699850116228,1,1,7,App,Unhealthy,0.715
DNR_02910,42,M,A-,Islamabad,33.75683256706314,73.10484811598064,1,3,26,Phone,Minor issues,0.62
DNR_02911,31,M,O+,Peshawar,34.0713681978533,71.57121965397673,0,0,375,App,Unhealthy,0.05
DNR_02912,18,F,O+,Peshawar,33.94788313586997,71.5260429906585,0,1,47,App,Healthy,0.615
DNR_02913,28,M,O+,Karachi,24.79811649604592,67.00274158261216,1,2,15,App,Unhealthy,0.725
DNR_02914,27,M,B+,Islamabad,33.65451312110912,73.01140003696882,1,2,112,Phone,Healthy,0.23999999999999994
DNR_02915,28,M,O+,Multan,30.138044591602902,71.46927766068873,0,8,70,App,Healthy,0.85
DNR_02916,22,M,O+,Faisalabad,31.434736199543778,73.11929359392676,1,2,113,SMS,Minor issues,0.13500000000000004
DNR_02917,18,M,O+,Faisalabad,31.44358796964998,73.043325964309,1,1,16,App,Unhealthy,0.67
DNR_02918,37,M,A+,Faisalabad,31.435993457905123,73.12295761045881,1,1,25,App,Healthy,0.725
DNR_02919,33,M,O+,Lahore,31.57669041656141,74.30096027634944,1,5,107,App,Healthy,0.5149999999999999
DNR_02920,40,M,A+,Faisalabad,31.418430433519234,73.02770321608068,1,2,81,App,Minor issues,0.3949999999999999
DNR_02921,23,M,B+,Peshawar,34.093891587740366,71.56532425720653,0,4,93,SMS,Healthy,0.43499999999999994
DNR_02922,27,F,O+,Faisalabad,31.34499878356665,73.01367728405117,1,1,19,App,Healthy,0.755
DNR_02923,27,F,B+,Lahore,31.598043556792984,74.2934380973901,1,3,41,SMS,Healthy,0.645
DNR_02924,28,F,O+,Quetta,30.251969894609324,66.96282143116497,0,5,19,App,Healthy,0.95
DNR_02925,39,F,O+,Lahore,31.60926720889239,74.32520808927163,1,1,48,App,Healthy,0.61
DNR_02926,28,F,O+,Karachi,24.875847920187383,67.00922140563496,1,4,82,Phone,Healthy,0.49
DNR_02927,36,M,A+,Karachi,24.78588939726157,66.92321301351768,1,2,58,App,Minor issues,0.51
DNR_02928,27,M,AB+,Lahore,31.589306166003826,74.35795104110555,1,1,20,App,Healthy,0.75
DNR_02929,28,M,A+,Quetta,30.24134017642777,67.01622726367468,0,4,22,App,Healthy,0.8899999999999999
DNR_02930,28,F,O+,Islamabad,33.7246009367831,72.97604856615276,1,5,35,SMS,Healthy,0.775
DNR_02931,42,M,O+,Multan,30.152165492560236,71.52872135907252,0,3,43,App,Unhealthy,0.635
DNR_02932,35,F,AB+,Karachi,24.816453100320935,67.00591746216493,1,1,91,App,Healthy,0.3949999999999999
DNR_02933,44,F,O+,Lahore,31.603639356140665,74.34721379831394,1,2,55,SMS,Healthy,0.5249999999999999
DNR_02934,18,M,O+,Quetta,30.136071616778313,66.91291217797456,0,2,101,SMS,Healthy,0.295
DNR_02935,49,M,B+,Peshawar,34.033491113746145,71.65665167359684,0,1,114,SMS,Healthy,0.18000000000000005
DNR_02936,28,M,AB-,Faisalabad,31.37821027383938,73.07756560093748,1,3,91,SMS,Unhealthy,0.295
DNR_02937,25,M,O+,Islamabad,33.744929065631894,73.05744531176482,1,2,26,SMS,Healthy,0.6699999999999999
DNR_02938,18,M,O-,Faisalabad,31.453647171397588,73.08694655614654,1,7,93,App,Healthy,0.6849999999999999
DNR_02939,24,F,B+,Peshawar,33.976102906071105,71.63940025173802,0,2,10,App,Healthy,0.8499999999999999
DNR_02940,38,M,A+,Lahore,31.495663082278107,74.39547848105614,1,5,13,Phone,Unhealthy,0.7849999999999999
DNR_02941,37,M,O+,Quetta,30.188037765255466,67.030506549425,0,2,90,SMS,Minor issues,0.24999999999999997
DNR_02942,31,M,A+,Karachi,24.88992225398601,66.93170691527953,1,2,73,App,Healthy,0.5349999999999999
DNR_02943,33,M,O+,Peshawar,33.99334833943484,71.62027084987116,0,5,83,SMS,Minor issues,0.435
DNR_02944,31,F,O+,Islamabad,33.66945156623679,73.01561068671161,1,3,24,App,Healthy,0.83
DNR_02945,28,M,O+,Quetta,30.15803658829501,67.05167602055194,0,4,29,Phone,Healthy,0.755
DNR_02946,29,F,A+,Faisalabad,31.38313108831469,73.03300100920536,1,4,46,App,Minor issues,0.67
DNR_02947,44,F,O+,Peshawar,33.9811693436406,71.6373447128449,0,6,114,Phone,Healthy,0.43000000000000005
DNR_02948,25,M,O+,Karachi,24.84871382136427,67.05059902630983,1,3,102,App,Healthy,0.43999999999999995
DNR_02949,49,M,O+,Faisalabad,31.39692815340947,73.01050292093403,1,1,39,App,Healthy,0.6549999999999999
DNR_02950,46,M,B+,Faisalabad,31.449725741971495,73.06378478049388,1,1,33,SMS,Unhealthy,0.48499999999999993
DNR_02951,32,F,O+,Faisalabad,31.375227607142754,73.08709209843958,1,2,36,Phone,Minor issues,0.52
DNR_02952,18,M,O+,Faisalabad,31.483933435557685,73.06639777843901,1,3,45,App,Minor issues,0.625
DNR_02953,31,F,O+,Peshawar,34.00291780573788,71.65396499338422,0,6,38,SMS,Healthy,0.8099999999999999
DNR_02954,20,M,O+,Islamabad,33.74267637924095,72.98979051812411,1,5,46,App,Minor issues,0.72
DNR_02955,45,F,A-,Islamabad,33.69916405307306,73.09031229720448,1,1,79,SMS,Healthy,0.355
DNR_02956,18,M,O+,Islamabad,33.75462212343155,72.97519831190398,1,3,106,App,Healthy,0.41999999999999993
DNR_02957,34,F,A+,Lahore,31.494261325664088,74.38948286196317,1,1,75,App,Healthy,0.475
DNR_02958,29,M,A+,Islamabad,33.678412157283496,72.9905154280146,1,2,119,SMS,Healthy,0.20500000000000002
DNR_02959,18,M,B+,Karachi,24.86070644023877,66.94070048718649,1,1,108,App,Healthy,0.30999999999999994
DNR_02960,35,M,O+,Multan,30.197922157323216,71.5218847102935,0,3,92,App,Unhealthy,0.39
DNR_02961,43,F,O+,Quetta,30.18461220485681,67.01921067021574,0,2,110,App,Unhealthy,0.24999999999999994
DNR_02962,53,F,O+,Karachi,24.832590819913957,66.99454299992527,1,6,56,SMS,Healthy,0.72
DNR_02963,39,M,O+,Peshawar,34.055278527014764,71.61014019003878,0,2,39,App,Healthy,0.705
DNR_02964,54,M,O+,Quetta,30.147841181560793,66.90231091910445,0,6,15,App,Healthy,0.95
DNR_02965,46,M,O+,Karachi,24.890010822733494,66.94411069435863,1,4,41,App,Minor issues,0.695
DNR_02966,19,F,O-,Islamabad,33.75173549642668,73.04404207913586,1,4,80,App,Healthy,0.6
DNR_02967,23,F,B+,Lahore,31.585225689725817,74.39734329504392,1,2,20,App,Healthy,0.7999999999999999
DNR_02968,25,M,B+,Multan,30.160221996210243,71.59468024306693,0,5,42,SMS,Minor issues,0.64
DNR_02969,30,F,A+,Lahore,31.594527535594125,74.38798732413687,1,6,102,App,Healthy,0.59
DNR_02970,36,M,B+,Karachi,24.87733745972157,66.9442664412907,1,2,13,SMS,Minor issues,0.6349999999999999
DNR_02971,30,M,B+,Karachi,24.917300707112997,66.98975028852408,1,4,78,Phone,Healthy,0.51
DNR_02972,39,M,O+,Lahore,31.535539021742622,74.27284368111698,1,4,81,SMS,Healthy,0.495
DNR_02973,57,M,A+,Quetta,30.14055056810234,66.96481347066228,0,1,94,App,Healthy,0.38
DNR_02974,18,M,A+,Karachi,24.822247515567735,67.05631251461615,1,3,89,App,Minor issues,0.405
DNR_02975,28,M,O-,Quetta,30.21278664948471,66.92307059162103,0,10,74,SMS,Healthy,0.83
DNR_02976,21,M,B+,Karachi,24.913521166957608,67.02529981227755,1,1,44,SMS,Minor issues,0.43
DNR_02977,46,M,A+,Quetta,30.224510049980317,66.92021833970163,0,1,71,App,Healthy,0.495
DNR_02978,23,F,B+,Islamabad,33.69673991688902,73.00513023299263,1,3,18,App,Healthy,0.86
DNR_02979,22,M,A-,Peshawar,34.06403545639416,71.53044887236308,0,4,75,App,Healthy,0.625
DNR_02980,40,F,A+,Peshawar,34.09450142857945,71.64297735055226,0,5,110,SMS,Healthy,0.3999999999999999
DNR_02981,20,M,B+,Quetta,30.187218749362557,67.0339362455266,0,3,33,SMS,Healthy,0.6849999999999999
DNR_02982,25,M,AB+,Lahore,31.61751614445927,74.33490371557127,1,1,53,SMS,Healthy,0.485
DNR_02983,21,F,AB+,Karachi,24.81025994416865,67.05472091715197,1,2,39,App,Healthy,0.705
DNR_02984,38,M,A-,Peshawar,34.06433438592025,71.52608554954911,0,6,11,App,Healthy,0.95
DNR_02985,18,M,B+,Lahore,31.505266784093266,74.35365146268904,1,2,109,Phone,Healthy,0.25499999999999995
DNR_02986,31,F,A+,Islamabad,33.660367047948576,73.08446441284745,1,3,61,App,Healthy,0.645
DNR_02987,35,F,B+,Karachi,24.877453803759657,66.94145528953315,1,7,92,SMS,Healthy,0.59
DNR_02988,18,F,A-,Lahore,31.6128692285211,74.28245967114239,1,6,25,SMS,Healthy,0.875
DNR_02989,35,M,B+,Karachi,24.911436668621587,66.93061994910887,1,4,47,App,Minor issues,0.6649999999999999
DNR_02990,54,F,A+,Quetta,30.127263275734922,67.03308202167297,0,1,55,App,Healthy,0.575
DNR_02991,32,M,O+,Lahore,31.589526970847373,74.35742146045402,1,6,113,SMS,Healthy,0.43500000000000005
DNR_02992,44,M,A+,Peshawar,34.06557032466267,71.56749133604548,0,2,34,Phone,Healthy,0.6299999999999999
DNR_02993,35,M,B+,Quetta,30.10693517611699,66.89663673003328,0,4,13,SMS,Healthy,0.8349999999999999
DNR_02994,35,F,O+,Faisalabad,31.36454463194152,73.12256355685919,1,3,79,SMS,Healthy,0.45499999999999996
DNR_02995,21,F,A+,Islamabad,33.609611909150466,73.0093476901796,1,3,96,Phone,Healthy,0.37
DNR_02996,29,M,O+,Lahore,31.62283894652418,74.30316259036813,1,1,95,App,Healthy,0.375
DNR_02997,22,M,O-,Islamabad,33.66427832654222,73.07221616402312,1,3,23,App,Healthy,0.835
DNR_02998,18,M,AB+,Karachi,24.93898969280439,66.96648878480023,1,2,87,SMS,Healthy,0.365
DNR_02999,28,F,A+,Karachi,24.86138698264737,67.00980143986766,1,5,106,App,Healthy,0.5199999999999999
DNR_03000,27,M,A+,Lahore,31.50899651998609,74.40362352495455,1,2,74,SMS,Minor issues,0.32999999999999996
DNR_03001,36,M,O+,Lahore,31.599595315810923,74.26786436704018,1,3,78,SMS,Healthy,0.45999999999999996
DNR_03002,36,M,A+,Multan,30.232046892391036,71.48801452597696,0,2,35,App,Healthy,0.725
DNR_03003,31,M,O+,Peshawar,34.055217095134786,71.56335148777134,0,2,63,App,Minor issues,0.485
DNR_03004,20,F,A+,Peshawar,33.95782287030545,71.65521693694164,0,4,36,App,Healthy,0.82
DNR_03005,37,M,O+,Quetta,30.12540849793621,67.04002631070004,0,7,116,App,Healthy,0.5700000000000001
DNR_03006,32,M,A+,Faisalabad,31.370503915907964,73.07080187514055,1,3,87,App,Healthy,0.515
DNR_03007,48,M,A+,Peshawar,33.94716216409563,71.5371528011559,0,2,58,App,Healthy,0.61
DNR_03008,24,M,O+,Quetta,30.25192650450953,66.97075240769207,0,3,53,App,Healthy,0.6849999999999999
DNR_03009,22,M,A-,Islamabad,33.6270987227216,72.97196477438254,1,3,96,App,Minor issues,0.37
DNR_03010,33,M,O+,Faisalabad,31.429373103371965,73.02443427078705,1,3,93,SMS,Healthy,0.385
DNR_03011,19,F,B+,Islamabad,33.614173507345974,72.99449445489067,1,4,98,App,Healthy,0.51
DNR_03012,43,M,B+,Lahore,31.520547208612072,74.30694492470012,1,1,63,Phone,Healthy,0.43499999999999994
DNR_03013,20,F,O+,Peshawar,34.06961059456989,71.58328795582217,0,0,313,App,Healthy,0.05
DNR_03014,51,M,A-,Multan,30.23331196084839,71.50479787780336,0,1,112,App,Healthy,0.2899999999999999
DNR_03015,38,F,O-,Karachi,24.911682162063567,67.0216252084707,1,2,24,SMS,Healthy,0.6799999999999999
DNR_03016,39,F,A+,Peshawar,34.052752603206244,71.6555603473275,0,3,97,SMS,Healthy,0.365
DNR_03017,18,M,B+,Quetta,30.160952610575574,66.98693297767433,0,6,50,App,Healthy,0.85
DNR_03018,33,F,O-,Peshawar,33.99168642413053,71.55777495059085,0,4,112,SMS,Healthy,0.33999999999999997
DNR_03019,24,M,O+,Islamabad,33.650773779726066,73.03722655963294,1,1,29,App,Healthy,0.705
DNR_03020,18,M,B+,Multan,30.195138542088618,71.52976476921094,0,3,8,SMS,Minor issues,0.71
DNR_03021,37,F,B+,Faisalabad,31.464997553679733,73.02069610915724,1,2,93,App,Healthy,0.43499999999999994
DNR_03022,29,F,O+,Peshawar,34.040353943806295,71.62512698241268,0,3,50,App,Healthy,0.7
DNR_03023,33,M,B-,Multan,30.1401864184961,71.53377186307792,0,4,109,App,Minor issues,0.355
DNR_03024,22,M,AB+,Faisalabad,31.45469377660252,73.10529011751869,1,1,30,App,Healthy,0.7
DNR_03025,39,M,O+,Islamabad,33.63459247125265,73.08957664677138,1,1,65,App,Healthy,0.5249999999999999
DNR_03026,18,F,A+,Karachi,24.806704039342026,67.06862929958525,1,3,107,Phone,Healthy,0.31499999999999995
DNR_03027,26,M,B+,Lahore,31.5665775256898,74.36841988122166,1,5,48,SMS,Minor issues,0.61
DNR_03028,37,M,A+,Quetta,30.0998394752768,67.04196972469215,0,3,44,App,Healthy,0.73
DNR_03029,39,F,A+,Karachi,24.811772849255934,66.93178052944805,1,2,100,Phone,Healthy,0.3
DNR_03030,37,F,A+,Karachi,24.898671813392948,66.93460435087074,1,0,333,App,Healthy,0.05
DNR_03031,28,M,B+,Lahore,31.495351536342955,74.39741662781677,1,3,103,SMS,Healthy,0.33499999999999996
DNR_03032,23,M,O-,Quetta,30.16697952366482,66.89840283028097,0,1,27,Phone,Healthy,0.615
DNR_03033,23,M,B+,Multan,30.14153732432234,71.59265502048146,0,1,96,App,Healthy,0.37
DNR_03034,35,F,A+,Karachi,24.801467856110243,66.96612083089158,1,3,86,App,Healthy,0.52
DNR_03035,29,F,A+,Islamabad,33.64092306731108,72.99565426411615,1,2,62,App,Healthy,0.59
DNR_03036,28,M,O+,Faisalabad,31.37366902360117,73.01691186485957,1,4,26,App,Healthy,0.8699999999999999
DNR_03037,24,F,A-,Karachi,24.879454905770988,66.96639828633373,1,4,55,App,Minor issues,0.6249999999999999
DNR_03038,54,M,B+,Lahore,31.531954305301866,74.30776348564616,1,5,67,Phone,Healthy,0.6149999999999999
DNR_03039,37,F,O+,Multan,30.152678937504877,71.58806154883905,0,8,20,App,Healthy,0.95
DNR_03040,39,M,B+,Quetta,30.167318374751392,67.00580744291356,0,5,71,Phone,Minor issues,0.495
DNR_03041,23,F,A+,Lahore,31.51409091310501,74.332170700656,1,4,25,SMS,Healthy,0.775
DNR_03042,18,M,O+,Islamabad,33.60756365122557,72.9817468263577,1,5,69,App,Healthy,0.705
DNR_03043,36,F,A+,Peshawar,33.964240338851425,71.64165276952826,0,1,40,App,Healthy,0.6499999999999999
DNR_03044,28,M,O+,Islamabad,33.72737318994547,72.99481492226008,1,7,63,App,Healthy,0.835
DNR_03045,37,M,B+,Islamabad,33.66659538876128,73.0087845477684,1,4,70,SMS,Healthy,0.55
DNR_03046,34,M,O-,Islamabad,33.66355569990319,73.00396311962426,1,5,103,Phone,Minor issues,0.33499999999999996
DNR_03047,38,F,O+,Peshawar,34.00981767675037,71.53215759982552,0,6,77,SMS,Healthy,0.615
DNR_03048,33,M,A+,Karachi,24.875999219297057,66.95744184301002,1,0,317,App,Unhealthy,0.05
DNR_03049,37,F,A+,Islamabad,33.619019240034596,73.08407808017554,1,0,273,SMS,Healthy,0.05
DNR_03050,30,M,A+,Peshawar,34.02804816815974,71.53575992092723,0,4,29,App,Minor issues,0.755
DNR_03051,27,M,O+,Quetta,30.203406943649163,66.96069043247346,0,4,98,App,Healthy,0.51
DNR_03052,21,M,O+,Peshawar,33.97912917877707,71.57362582856564,0,3,56,Phone,Healthy,0.57
DNR_03053,33,M,B+,Peshawar,34.089083018131426,71.5567244330388,0,7,114,SMS,Minor issues,0.38000000000000006
DNR_03054,30,M,A-,Lahore,31.507114408211866,74.35215243077828,1,2,103,SMS,Healthy,0.285
DNR_03055,43,F,AB+,Islamabad,33.68751475440593,73.09853622774783,1,0,318,App,Healthy,0.05
DNR_03056,21,F,B+,Karachi,24.892024472626375,67.01339834776296,1,4,92,App,Healthy,0.5399999999999999
DNR_03057,25,M,A+,Islamabad,33.70836993260533,73.10192046866668,1,2,7,App,Healthy,0.8649999999999999
DNR_03058,48,M,O+,Lahore,31.538244747869093,74.31759374830654,1,3,31,App,Minor issues,0.695
DNR_03059,20,M,A+,Quetta,30.181271368367252,66.92880384448415,0,2,47,App,Healthy,0.6649999999999999
DNR_03060,26,M,A+,Multan,30.152860512376837,71.57153335429152,0,1,21,App,Minor issues,0.645
DNR_03061,47,F,B+,Lahore,31.53535001831991,74.40081946892187,1,3,109,App,Healthy,0.4049999999999999
DNR_03062,25,F,A+,Faisalabad,31.419904118600037,73.08039363971596,1,2,22,App,Healthy,0.7899999999999999
DNR_03063,38,M,O+,Peshawar,34.06433410623843,71.5079705331173,0,3,32,SMS,Healthy,0.69
DNR_03064,28,M,O+,Quetta,30.12686559383437,66.97740596138668,0,5,90,App,Healthy,0.6
DNR_03065,25,M,A-,Quetta,30.227611194651434,66.99702887454349,0,2,26,App,Minor issues,0.6699999999999999
DNR_03066,36,F,B-,Peshawar,34.046115090197816,71.50988923270984,0,8,113,App,Minor issues,0.535
DNR_03067,35,M,B+,Faisalabad,31.47629097080406,73.10834703803454,1,1,8,SMS,Healthy,0.71
DNR_03068,20,M,B+,Lahore,31.480856502249505,74.38568096285206,1,3,67,App,Healthy,0.615
DNR_03069,32,M,AB+,Quetta,30.192816691419257,67.01767803053495,0,2,36,App,Minor issues,0.62
DNR_03070,31,M,A+,Multan,30.22637819666831,71.52338608984947,0,1,17,Phone,Minor issues,0.5650000000000001
DNR_03071,21,M,B+,Islamabad,33.72801840224776,73.00524086688,1,1,61,Phone,Minor issues,0.345
DNR_03072,18,M,A+,Karachi,24.829973756278452,66.96308632379963,1,5,84,SMS,Minor issues,0.43
DNR_03073,36,M,O+,Karachi,24.866389957960802,67.07368890469654,1,1,24,App,Healthy,0.73
DNR_03074,51,M,O-,Islamabad,33.70064064885655,72.97098442963714,1,1,75,App,Unhealthy,0.375
DNR_03075,24,M,A+,Peshawar,34.09402142450855,71.59631030390219,0,2,83,Phone,Healthy,0.385
DNR_03076,34,M,O+,Peshawar,33.976354167456904,71.59766130796731,0,1,51,App,Healthy,0.595
DNR_03077,28,M,O-,Peshawar,33.97946977097832,71.62631595092458,0,2,11,Phone,Healthy,0.7449999999999999
DNR_03078,30,F,A+,Faisalabad,31.45646094021242,73.07364534617028,1,7,32,Phone,Healthy,0.89
DNR_03079,48,M,B+,Peshawar,34.036442829819805,71.65311570530044,0,3,94,Phone,Healthy,0.38
DNR_03080,23,M,O+,Karachi,24.873483738212226,67.04199683861567,1,5,90,App,Healthy,0.6
DNR_03081,18,F,O+,Quetta,30.223383807445668,67.0423612913164,0,4,111,SMS,Healthy,0.345
DNR_03082,58,F,AB-,Karachi,24.85250292817916,66.92852101563744,1,1,44,App,Healthy,0.63
DNR_03083,43,M,O-,Quetta,30.240573680267243,66.92757393363843,0,5,34,SMS,Healthy,0.7799999999999999
DNR_03084,20,M,B+,Peshawar,34.07244045980643,71.57318185515325,0,5,119,SMS,Minor issues,0.255
DNR_03085,36,M,B+,Peshawar,34.03920511826291,71.62376307451247,0,1,119,Phone,Healthy,0.15500000000000003
DNR_03086,35,F,B-,Faisalabad,31.411222924646502,73.08171442244964,1,0,392,App,Minor issues,0.05
DNR_03087,32,F,AB-,Lahore,31.51379761320212,74.27564191496246,1,2,25,SMS,Healthy,0.6749999999999999
DNR_03088,21,M,B+,Peshawar,34.07652932869714,71.56208055169414,0,2,60,SMS,Healthy,0.5
DNR_03089,24,M,A+,Quetta,30.105094978058794,66.91635502080997,0,1,9,App,Healthy,0.8049999999999999
DNR_03090,23,M,A+,Quetta,30.127836842339356,67.0426528435007,0,3,48,App,Minor issues,0.61
DNR_03091,34,M,B-,Islamabad,33.69957793820081,73.06873425122613,1,1,88,App,Healthy,0.4099999999999999
DNR_03092,30,M,O+,Peshawar,34.07899844170316,71.51349567839938,0,8,9,SMS,Minor issues,0.95
DNR_03093,18,M,A+,Faisalabad,31.38572105474747,73.10432071108448,1,2,23,SMS,Healthy,0.6849999999999999
DNR_03094,40,M,B+,Karachi,24.805693616291077,66.95675262372318,1,3,33,SMS,Minor issues,0.585
DNR_03095,23,M,O+,Peshawar,33.99981104829659,71.63111798325401,0,1,35,Phone,Healthy,0.575
DNR_03096,47,F,O+,Quetta,30.120897466848245,67.01567429815965,0,3,30,SMS,Healthy,0.7
DNR_03097,48,M,O+,Faisalabad,31.344724582137978,73.05587756932056,1,5,26,SMS,Healthy,0.82
DNR_03098,26,F,B+,Peshawar,34.06542440466835,71.62686365576651,0,8,79,SMS,Healthy,0.705
DNR_03099,60,F,O+,Karachi,24.91303104789458,66.96461636271523,1,2,89,Phone,Minor issues,0.255
DNR_03100,27,F,B+,Lahore,31.560892888560023,74.42329241320897,1,3,106,App,Minor issues,0.31999999999999995
DNR_03101,36,M,B+,Multan,30.109113682461654,71.4652476992021,0,2,27,App,Healthy,0.7649999999999999
DNR_03102,26,M,B+,Faisalabad,31.493224960480855,73.06434042044127,1,7,14,App,Minor issues,0.95
DNR_03103,41,M,O+,Peshawar,34.08984649886057,71.63735111390051,0,1,51,App,Minor issues,0.495
DNR_03104,38,F,O+,Multan,30.174273151784462,71.50681225431504,0,3,63,App,Healthy,0.635
DNR_03105,18,M,B+,Peshawar,33.998704822150074,71.65513974172319,0,3,73,App,Healthy,0.585
DNR_03106,51,F,B+,Quetta,30.160112854779094,67.05264267634153,0,6,35,App,Minor issues,0.8250000000000001
DNR_03107,31,F,O-,Peshawar,34.0872158774543,71.58820585566515,0,3,37,Phone,Healthy,0.6649999999999999
DNR_03108,26,M,A+,Multan,30.1664564627585,71.51913860992207,0,3,18,App,Unhealthy,0.76
DNR_03109,24,M,A+,Islamabad,33.652577260305186,73.00742944905139,1,4,116,Phone,Healthy,0.32000000000000006
DNR_03110,43,M,O+,Faisalabad,31.468095755156302,73.01440330339356,1,5,115,SMS,Minor issues,0.275
DNR_03111,25,M,B+,Lahore,31.49446126312142,74.28376875672632,1,1,28,Phone,Healthy,0.61
DNR_03112,24,M,O+,Karachi,24.937322197220595,67.03284322422314,1,5,92,App,Healthy,0.59
DNR_03113,34,F,O+,Peshawar,34.08805344437648,71.54929354684495,0,8,40,SMS,Minor issues,0.8
DNR_03114,29,F,O+,Karachi,24.87094367936935,66.95593634507718,1,2,78,Phone,Healthy,0.4099999999999999
DNR_03115,18,M,O+,Faisalabad,31.482181334537945,73.13407863834328,1,3,80,SMS,Healthy,0.44999999999999996
DNR_03116,39,M,O+,Peshawar,34.06825172027512,71.56189910971776,0,2,9,SMS,Healthy,0.7549999999999999
DNR_03117,30,M,A+,Multan,30.130221043373446,71.60003935888938,0,7,76,App,Minor issues,0.67
DNR_03118,44,M,O+,Lahore,31.474656838572297,74.41279808922347,1,1,99,App,Minor issues,0.255
DNR_03119,34,F,B+,Faisalabad,31.427391890651872,73.09837058386883,1,2,96,App,Minor issues,0.32
DNR_03120,37,M,AB-,Faisalabad,31.397203451159356,73.08453169752563,1,6,114,App,Unhealthy,0.43000000000000005
DNR_03121,36,F,O+,Multan,30.077944504557333,71.54340992251456,0,4,73,App,Healthy,0.635
DNR_03122,29,M,A-,Peshawar,34.05623130651055,71.60476198234004,0,2,94,App,Healthy,0.43000000000000005
DNR_03123,25,F,B-,Faisalabad,31.46526443045065,73.04827657910675,1,1,104,SMS,Healthy,0.22999999999999995
DNR_03124,50,M,A+,Islamabad,33.6354673862483,73.07357618443808,1,4,75,App,Healthy,0.625
DNR_03125,41,M,B+,Karachi,24.812131886723478,66.94822932237777,1,6,39,App,Healthy,0.905
DNR_03126,29,M,AB+,Lahore,31.591587224511198,74.29229418259382,1,2,76,App,Minor issues,0.41999999999999993
DNR_03127,37,M,A+,Faisalabad,31.43361923709182,73.01045722469185,1,4,75,SMS,Minor issues,0.425
DNR_03128,43,M,B+,Lahore,31.586781984500707,74.39325841209164,1,4,35,App,Healthy,0.825
DNR_03129,25,F,O+,Faisalabad,31.33801366827456,73.04244937750504,1,1,57,App,Healthy,0.565
DNR_03130,37,M,B+,Peshawar,33.98543411849313,71.51101022758843,0,0,256,Phone,Minor issues,0.05
DNR_03131,23,F,O+,Faisalabad,31.46238274593002,73.09642813009178,1,1,49,App,Healthy,0.605
DNR_03132,41,F,A+,Multan,30.134664788353238,71.5222314019383,0,7,44,SMS,Minor issues,0.73
DNR_03133,21,M,A+,Faisalabad,31.38087752670249,73.06046426590989,1,2,112,SMS,Healthy,0.23999999999999994
DNR_03134,33,F,O+,Faisalabad,31.419421357395,73.05419010475434,1,3,96,App,Minor issues,0.37
DNR_03135,36,M,O+,Multan,30.211126850190034,71.48659152530581,0,1,27,SMS,Healthy,0.615
DNR_03136,48,F,A+,Multan,30.09621570577839,71.50863946791517,0,3,20,App,Healthy,0.85
DNR_03137,52,M,A+,Karachi,24.820032792630506,67.05371993742126,1,2,115,App,Healthy,0.32500000000000007
DNR_03138,38,M,O+,Islamabad,33.607339997904845,73.08968232103425,1,2,103,App,Healthy,0.385
DNR_03139,39,M,A+,Peshawar,34.02134042385117,71.60945561958432,0,1,33,App,Healthy,0.6849999999999999
DNR_03140,25,M,B+,Lahore,31.476084892748055,74.34579864293545,1,9,110,SMS,Healthy,0.6
DNR_03141,51,F,B+,Quetta,30.255336297194212,67.0139989018691,0,2,60,SMS,Healthy,0.5
DNR_03142,27,F,B+,Karachi,24.877992879459637,66.97517138239209,1,4,60,App,Healthy,0.7
DNR_03143,51,F,B+,Multan,30.216212262158063,71.56047998566238,0,2,93,App,Healthy,0.43499999999999994
DNR_03144,29,M,B+,Lahore,31.62737258103898,74.31159696834521,1,2,42,App,Healthy,0.69
DNR_03145,19,F,B+,Peshawar,34.069469056644444,71.57848112159083,0,2,102,Phone,Minor issues,0.18999999999999997
DNR_03146,20,M,AB-,Quetta,30.126710015393527,67.05164767107904,0,3,47,Phone,Healthy,0.615
DNR_03147,37,F,A+,Peshawar,34.06657195769877,71.60117223654476,0,2,64,App,Minor issues,0.48
DNR_03148,21,F,AB+,Karachi,24.803941510165643,66.98346761972734,1,2,101,App,Minor issues,0.295
DNR_03149,49,M,O+,Islamabad,33.63048149981539,73.03179451174852,1,0,291,App,Healthy,0.05
DNR_03150,34,M,O+,Peshawar,34.09407119924405,71.62829526195972,0,3,80,SMS,Healthy,0.44999999999999996
DNR_03151,37,F,O+,Karachi,24.85596139817014,66.92222166819101,1,2,57,App,Healthy,0.615
DNR_03152,18,M,O+,Multan,30.18921582693884,71.57129349348152,0,2,59,App,Healthy,0.605
DNR_03153,60,F,A+,Multan,30.108969811296376,71.51590688666191,0,0,347,App,Healthy,0.05
DNR_03154,39,M,B+,Karachi,24.897371146445135,67.0133526541618,1,6,113,SMS,Healthy,0.43500000000000005
DNR_03155,20,M,A+,Faisalabad,31.477644737729364,73.02786831680321,1,2,49,App,Healthy,0.6549999999999999
DNR_03156,36,M,A+,Quetta,30.255995685879718,66.91705886334066,0,1,67,Phone,Healthy,0.4149999999999999
DNR_03157,33,M,A+,Islamabad,33.734472723097234,73.11305455418638,1,4,46,App,Healthy,0.77
DNR_03158,29,M,AB-,Quetta,30.1080934050481,66.93284064536276,0,6,27,App,Minor issues,0.865
DNR_03159,52,M,O+,Faisalabad,31.454949445642114,73.14103590836652,1,5,79,App,Healthy,0.6549999999999999
DNR_03160,19,M,A+,Islamabad,33.69844293551526,72.96965183875511,1,3,49,SMS,Healthy,0.605
DNR_03161,54,M,O+,Karachi,24.899224788900923,67.02335512627221,1,1,21,Phone,Healthy,0.645
DNR_03162,21,M,O+,Peshawar,33.967004958113904,71.65134123904713,0,1,116,App,Healthy,0.27
DNR_03163,26,F,B+,Multan,30.095438224762056,71.54878276198433,0,14,64,SMS,Healthy,0.95
DNR_03164,29,M,B+,Karachi,24.787579667202294,67.05918643575549,1,2,68,SMS,Healthy,0.45999999999999996
DNR_03165,40,M,A-,Islamabad,33.648136693837024,73.06872631896798,1,6,61,SMS,Healthy,0.695
DNR_03166,31,F,O+,Islamabad,33.649442541853766,73.01355012684552,1,9,56,SMS,Unhealthy,0.77
DNR_03167,29,M,B+,Karachi,24.800024098489722,67.00878384169964,1,5,27,SMS,Healthy,0.815
DNR_03168,29,M,A+,Peshawar,34.070242919067134,71.6224342497947,0,4,15,App,Minor issues,0.8250000000000001
DNR_03169,35,M,B+,Faisalabad,31.397359148918877,73.01883567544618,1,6,96,App,Minor issues,0.52
DNR_03170,36,M,O+,Multan,30.232621195091745,71.5102422082693,0,3,82,App,Healthy,0.54
DNR_03171,24,F,B-,Peshawar,34.006825557784666,71.60295551604541,0,0,258,App,Healthy,0.05
DNR_03172,40,F,A-,Karachi,24.939788833407032,66.97965559647555,1,2,113,App,Healthy,0.3350000000000001
DNR_03173,33,M,O+,Lahore,31.50656391434597,74.37973371209479,1,1,11,SMS,Healthy,0.695
DNR_03174,40,F,B+,Faisalabad,31.39349776020832,73.06950603348264,1,3,58,App,Healthy,0.66
DNR_03175,31,M,O+,Islamabad,33.69891689878272,73.01711451859752,1,3,58,App,Healthy,0.66
DNR_03176,30,M,O+,Quetta,30.15825869805073,66.9105318113327,0,7,101,Phone,Healthy,0.545
DNR_03177,24,F,A+,Quetta,30.17343760128392,66.98662712208458,0,3,62,SMS,Healthy,0.54
DNR_03178,25,F,A+,Peshawar,34.00455635662606,71.6194750932893,0,3,108,SMS,Healthy,0.30999999999999994
DNR_03179,43,M,A+,Peshawar,34.076627953199214,71.5890966363371,0,1,108,App,Healthy,0.30999999999999994
DNR_03180,30,M,O+,Peshawar,34.02453058655263,71.56385809176795,0,2,40,App,Healthy,0.7
DNR_03181,36,F,B+,Quetta,30.13866198162296,67.01437472545392,0,2,106,App,Healthy,0.37
DNR_03182,26,M,B+,Multan,30.078456667430054,71.54768224599393,0,0,172,SMS,Healthy,0.05
DNR_03183,36,M,O+,Peshawar,33.96972221993167,71.63654941823171,0,2,108,App,Healthy,0.36
DNR_03184,28,M,A+,Multan,30.111153329092886,71.60462663862778,0,0,272,App,Healthy,0.05
DNR_03185,18,M,O+,Lahore,31.521245602369397,74.38569385056957,1,4,28,Phone,Minor issues,0.6599999999999999
DNR_03186,48,F,A-,Quetta,30.129693065998897,66.92145406417762,0,5,27,SMS,Healthy,0.815
DNR_03187,24,M,O+,Multan,30.216294590637858,71.54917289025866,0,4,60,App,Healthy,0.7
DNR_03188,45,M,O+,Lahore,31.579898374976608,74.26362127893597,1,2,29,App,Healthy,0.7549999999999999
DNR_03189,28,M,O+,Faisalabad,31.384933612988352,73.03308685093108,1,3,97,SMS,Healthy,0.365
DNR_03190,32,M,A+,Peshawar,34.03229726434838,71.62845126756748,0,3,86,SMS,Healthy,0.42000000000000004
DNR_03191,35,M,A+,Faisalabad,31.448406969001407,73.01939403674209,1,1,10,App,Minor issues,0.7
DNR_03192,27,M,A-,Islamabad,33.703973717200086,73.00017832144631,1,3,116,App,Healthy,0.37
DNR_03193,34,F,O+,Karachi,24.826195361071445,66.9604367829483,1,6,70,SMS,Healthy,0.65
DNR_03194,47,F,O+,Faisalabad,31.46265321916407,73.14527775336299,1,3,109,App,Healthy,0.4049999999999999
DNR_03195,38,M,B+,Lahore,31.611572448594544,74.34459712455254,1,9,50,App,Healthy,0.95
DNR_03196,38,F,A-,Islamabad,33.732824801162415,72.96845184150617,1,2,61,SMS,Healthy,0.495
DNR_03197,22,M,O+,Quetta,30.149910709869225,66.99482478917052,0,1,119,SMS,Healthy,0.15500000000000003
DNR_03198,20,F,O+,Islamabad,33.706850109091896,73.09447366479404,1,1,107,App,Minor issues,0.21499999999999997
DNR_03199,55,M,O+,Quetta,30.238766744463835,66.97071885321319,0,1,93,App,Healthy,0.3849999999999999
DNR_03200,37,F,B+,Quetta,30.19086794467688,66.89538725714904,0,3,110,App,Healthy,0.3999999999999999
DNR_03201,53,F,A+,Karachi,24.84547407478203,67.04987604068322,1,1,88,SMS,Healthy,0.30999999999999994
DNR_03202,37,F,B+,Faisalabad,31.479286108440398,73.12637416427418,1,1,67,SMS,Minor issues,0.31499999999999995
DNR_03203,27,F,A+,Islamabad,33.69960201740944,73.07121021974825,1,3,117,SMS,Healthy,0.265
DNR_03204,18,M,B+,Lahore,31.56101726465153,74.34110484078951,1,2,54,Phone,Healthy,0.5299999999999999
DNR_03205,29,M,B+,Islamabad,33.61678188893519,73.06369873551594,1,2,111,SMS,Healthy,0.24499999999999994
DNR_03206,46,F,B+,Peshawar,33.98517323138023,71.63918406567824,0,0,339,SMS,Healthy,0.05
DNR_03207,42,M,A+,Lahore,31.609282927747394,74.31105581652697,1,3,87,App,Healthy,0.515
DNR_03208,44,M,A+,Peshawar,33.95592196714979,71.52561175598932,0,3,56,App,Healthy,0.6699999999999999
DNR_03209,34,M,A+,Peshawar,34.07372383106974,71.51719270316308,0,4,112,SMS,Healthy,0.33999999999999997
DNR_03210,21,M,B+,Islamabad,33.71636851977495,72.99709239960319,1,5,25,App,Healthy,0.9249999999999999
DNR_03211,42,M,A+,Lahore,31.56435254065057,74.34856872628116,1,2,56,App,Healthy,0.6199999999999999
DNR_03212,19,F,B-,Lahore,31.49555846464754,74.32723066758528,1,2,83,SMS,Minor issues,0.28500000000000003
DNR_03213,36,M,B+,Quetta,30.179989915330832,66.91761501062987,0,4,8,App,Healthy,0.95
DNR_03214,28,F,O+,Peshawar,33.98777244527014,71.58796488687102,0,0,314,SMS,Healthy,0.05
DNR_03215,22,F,O+,Peshawar,34.09299194065486,71.53248856198539,0,2,38,App,Healthy,0.71
DNR_03216,46,F,B+,Islamabad,33.76112669479245,73.06381334287701,1,3,57,App,Healthy,0.665
DNR_03217,34,F,A-,Karachi,24.890571764712124,67.02086514252345,1,0,342,SMS,Healthy,0.05
DNR_03218,54,M,A+,Lahore,31.470293168564222,74.36294327823886,1,0,376,SMS,Healthy,0.05
DNR_03219,38,F,O+,Quetta,30.18668051946086,66.98682881460196,0,4,72,SMS,Healthy,0.54
DNR_03220,20,M,O+,Quetta,30.151424243684207,67.03913893856841,0,3,58,App,Healthy,0.66
DNR_03221,42,F,A+,Quetta,30.206281550844658,66.97863816254976,0,3,29,Phone,Healthy,0.705
DNR_03222,19,M,O+,Faisalabad,31.353980176915165,73.15367003256338,1,2,40,App,Healthy,0.7
DNR_03223,44,M,B+,Karachi,24.852125732776617,67.00446312268602,1,1,115,App,Healthy,0.275
DNR_03224,26,F,A+,Faisalabad,31.39518613037025,73.06545570929362,1,5,19,App,Healthy,0.95
DNR_03225,24,M,O+,Lahore,31.51130193689908,74.38677443670308,1,0,194,Phone,Minor issues,0.05
DNR_03226,36,M,B+,Islamabad,33.73771007743086,73.00015454751167,1,2,93,App,Minor issues,0.33499999999999996
DNR_03227,39,M,B+,Quetta,30.233639583776327,67.02629315789932,0,3,50,App,Minor issues,0.6
DNR_03228,31,F,A+,Quetta,30.13083773837755,67.03610350206161,0,2,74,App,Healthy,0.5299999999999999
DNR_03229,21,M,O-,Lahore,31.49743735528615,74.3911701781436,1,6,57,SMS,Healthy,0.715
DNR_03230,29,M,O+,Peshawar,34.092299083004846,71.62479745301324,0,2,32,SMS,Healthy,0.6399999999999999
DNR_03231,48,M,O+,Islamabad,33.72762527937085,73.06997520731235,1,10,19,SMS,Healthy,0.95
DNR_03232,44,F,B+,Quetta,30.243051817912885,67.03542237935898,0,2,62,Phone,Minor issues,0.39
DNR_03233,50,M,O+,Lahore,31.52771256703048,74.36110286253727,1,1,75,SMS,Healthy,0.375
DNR_03234,23,M,O+,Karachi,24.903911840841342,67.04138673135196,1,3,119,App,Healthy,0.355
DNR_03235,27,M,AB+,Peshawar,34.08753453042838,71.59218594986345,0,2,98,App,Healthy,0.41000000000000003
DNR_03236,28,F,AB-,Faisalabad,31.36045693166001,73.15631456579231,1,6,50,SMS,Healthy,0.75
DNR_03237,38,M,A+,Islamabad,33.73379875108792,72.97498721256426,1,1,119,App,Healthy,0.255
DNR_03238,29,M,O+,Peshawar,33.98813976707528,71.54535866738621,0,2,117,SMS,Minor issues,0.11500000000000002
DNR_03239,35,F,O+,Lahore,31.506077227421247,74.3537634201337,1,5,61,SMS,Healthy,0.6449999999999999
DNR_03240,38,M,B+,Islamabad,33.70194599495566,73.12080680163933,1,2,16,SMS,Healthy,0.72
DNR_03241,32,M,O+,Peshawar,34.09394877065307,71.61037773361525,0,2,89,Phone,Healthy,0.355
DNR_03242,21,F,O+,Peshawar,34.06925584984585,71.55170000098552,0,5,16,SMS,Healthy,0.87
DNR_03243,38,M,AB-,Faisalabad,31.363467760854594,73.10257245426946,1,0,390,App,Healthy,0.05
DNR_03244,42,M,A-,Karachi,24.868481790944035,67.03572904169881,1,2,48,SMS,Healthy,0.5599999999999999
DNR_03245,38,F,O+,Quetta,30.1824165976641,66.9107851169697,0,3,35,SMS,Healthy,0.6749999999999999
DNR_03246,48,F,O+,Karachi,24.87515687796311,67.02625251870943,1,1,67,App,Healthy,0.5149999999999999
DNR_03247,44,M,A+,Islamabad,33.752131670014286,73.09561664352937,1,5,60,App,Minor issues,0.65
DNR_03248,23,M,B+,Lahore,31.530737568835413,74.32149021113122,1,3,13,App,Healthy,0.8849999999999999
DNR_03249,28,M,O+,Peshawar,34.08437027027656,71.64895616835685,0,8,117,SMS,Minor issues,0.41500000000000004
DNR_03250,32,M,B+,Lahore,31.54174959586224,74.34401390531758,1,2,104,App,Healthy,0.38
DNR_03251,39,M,O-,Lahore,31.47875824307908,74.37694870912141,1,8,89,App,Minor issues,0.6549999999999999
DNR_03252,35,F,B-,Faisalabad,31.42474445346318,73.10114196029666,1,1,69,App,Minor issues,0.405
DNR_03253,22,M,B-,Faisalabad,31.38967372310551,73.0406184141047,1,6,42,App,Healthy,0.89
DNR_03254,27,M,B+,Quetta,30.183773010870688,67.05321326711004,0,1,90,App,Healthy,0.3999999999999999
DNR_03255,36,F,B+,Peshawar,33.96862095053526,71.58277013357437,0,0,325,App,Healthy,0.05
DNR_03256,30,M,O+,Quetta,30.148199991237632,66.97658844231077,0,5,92,SMS,Healthy,0.49
DNR_03257,40,M,A+,Quetta,30.133415661270057,66.93717192715465,0,3,96,App,Minor issues,0.37
DNR_03258,34,M,B+,Peshawar,33.93770306907326,71.57713786458801,0,2,61,App,Healthy,0.595
DNR_03259,23,M,O+,Quetta,30.249504669274803,67.02081620295989,0,7,63,SMS,Healthy,0.735
DNR_03260,47,M,A+,Islamabad,33.73356482036927,72.98386292514168,1,6,118,SMS,Healthy,0.41000000000000003
DNR_03261,49,F,A+,Peshawar,34.039906122427155,71.62248687088285,0,7,72,SMS,Healthy,0.6900000000000001
DNR_03262,28,M,O+,Faisalabad,31.339126854318867,73.06338639458183,1,3,91,App,Minor issues,0.395
DNR_03263,38,F,AB-,Karachi,24.874481821885055,66.95621137066011,1,1,8,Phone,Healthy,0.71
DNR_03264,31,F,B+,Lahore,31.506654843072777,74.30758415315782,1,1,54,App,Healthy,0.58
DNR_03265,20,F,A+,Faisalabad,31.482339223449376,73.1465112368181,1,6,64,App,Healthy,0.78
DNR_03266,28,M,O+,Quetta,30.19806934863778,67.03296035232373,0,3,47,App,Healthy,0.715
DNR_03267,44,F,O-,Islamabad,33.73245856047492,73.03866146988406,1,4,51,App,Healthy,0.7449999999999999
DNR_03268,34,F,A+,Faisalabad,31.35402400699008,73.0517831356767,1,0,356,SMS,Minor issues,0.05
DNR_03269,49,M,A+,Faisalabad,31.343237528511853,73.01941653957809,1,2,99,App,Healthy,0.405
DNR_03270,30,M,B+,Peshawar,34.01765252622825,71.6142453351285,0,4,79,SMS,Healthy,0.505
DNR_03271,32,M,O+,Islamabad,33.621147300591296,72.98011598543091,1,2,64,Phone,Healthy,0.48
DNR_03272,35,M,AB+,Multan,30.101881501598605,71.48119147646162,0,6,55,Phone,Healthy,0.725
DNR_03273,33,M,O+,Karachi,24.851735133735932,66.97298789561722,1,4,37,App,Healthy,0.815
DNR_03274,28,F,A+,Faisalabad,31.34399591801498,73.1013192185377,1,4,24,SMS,Healthy,0.7799999999999999
DNR_03275,24,F,B+,Quetta,30.12253978141799,66.99720952984514,0,2,107,SMS,Minor issues,0.16499999999999995
DNR_03276,40,M,A+,Islamabad,33.64654473415853,73.12411227320794,1,5,83,App,Healthy,0.635
DNR_03277,30,M,O+,Faisalabad,31.405721349865946,73.13609596455964,1,6,54,Phone,Minor issues,0.63
DNR_03278,41,F,A+,Karachi,24.87880495772278,66.99786253344848,1,6,111,App,Minor issues,0.44499999999999995
DNR_03279,32,F,B+,Lahore,31.62088452608373,74.32216823736788,1,1,23,Phone,Healthy,0.635
DNR_03280,57,F,O+,Multan,30.11486342800195,71.52634703315914,0,4,55,SMS,Healthy,0.6249999999999999
DNR_03281,27,F,A+,Lahore,31.6024786184415,74.31662827663327,1,2,65,SMS,Healthy,0.475
DNR_03282,50,M,A+,Islamabad,33.640682984288496,72.99590805485259,1,6,101,SMS,Unhealthy,0.395
DNR_03283,47,M,B-,Karachi,24.82138631832307,66.9606902271069,1,1,115,SMS,Healthy,0.17500000000000004
DNR_03284,25,M,B+,Quetta,30.226953465013864,67.03044944580905,0,4,110,Phone,Healthy,0.35
DNR_03285,51,F,B+,Multan,30.16906830353348,71.53206309581212,0,2,104,App,Healthy,0.38
DNR_03286,18,F,A-,Islamabad,33.701961496633174,73.03585116551356,1,5,103,SMS,Minor issues,0.33499999999999996
DNR_03287,36,M,O+,Lahore,31.57600469929462,74.32831831865852,1,3,103,Phone,Healthy,0.33499999999999996
DNR_03288,38,M,A+,Islamabad,33.730437702278145,73.0158763029072,1,1,96,Phone,Healthy,0.27
DNR_03289,32,M,B+,Multan,30.20826774902636,71.47744330598593,0,0,377,App,Healthy,0.05
DNR_03290,30,M,B+,Karachi,24.910358383988104,67.05860857248946,1,1,16,SMS,Healthy,0.67
DNR_03291,43,M,O+,Multan,30.20080408565311,71.44948748795022,0,6,63,Phone,Unhealthy,0.585
DNR_03292,25,M,B-,Multan,30.171122805338467,71.55803282825848,0,1,14,App,Healthy,0.78
DNR_03293,36,M,B+,Lahore,31.489398285579423,74.38300078184312,1,4,28,App,Healthy,0.8599999999999999
DNR_03294,30,F,B+,Karachi,24.900156878178308,67.06754329695762,1,6,48,App,Unhealthy,0.76
DNR_03295,27,M,A+,Karachi,24.801180950038006,67.02990789959304,1,1,14,App,Minor issues,0.68
DNR_03296,30,F,O+,Peshawar,34.09317082549185,71.6165316842052,0,5,112,SMS,Healthy,0.3899999999999999
DNR_03297,39,F,B+,Quetta,30.102383264224276,66.97089647753744,0,6,45,App,Healthy,0.875
DNR_03298,59,M,O+,Lahore,31.534276863193867,74.30749565026017,1,2,76,SMS,Healthy,0.41999999999999993
DNR_03299,47,M,O+,Lahore,31.542967393474633,74.39983458909445,1,1,23,SMS,Healthy,0.635
DNR_03300,30,F,B+,Islamabad,33.73456897923057,72.98550698741624,1,1,40,App,Minor issues,0.5499999999999999
DNR_03301,20,M,B+,Lahore,31.563229042938108,74.3836700919112,1,2,31,App,Healthy,0.7449999999999999
DNR_03302,29,F,A+,Peshawar,33.96027211623115,71.52973323212382,0,0,312,App,Healthy,0.05
DNR_03303,36,F,B+,Islamabad,33.61159699147501,73.00251310258781,1,2,73,SMS,Healthy,0.43499999999999994
DNR_03304,22,F,A+,Faisalabad,31.366624100378694,73.1273530585939,1,3,69,SMS,Healthy,0.505
DNR_03305,20,M,A+,Lahore,31.513073789524423,74.30976774550123,1,5,77,SMS,Minor issues,0.46499999999999997
DNR_03306,54,F,A-,Quetta,30.18555098780238,66.98662606597041,0,1,13,App,Healthy,0.7849999999999999
DNR_03307,23,M,A+,Lahore,31.513858932421172,74.38059441163412,1,7,88,App,Minor issues,0.61
DNR_03308,21,F,B+,Quetta,30.123610704180717,66.90984719886119,0,5,74,App,Minor issues,0.58
DNR_03309,41,M,A+,Quetta,30.2316239191971,66.92918500192586,0,10,33,SMS,Healthy,0.95
DNR_03310,20,M,A+,Islamabad,33.64341763491727,73.04718753811196,1,6,42,App,Healthy,0.89
DNR_03311,18,M,O+,Lahore,31.529536149814188,74.27185572736236,1,1,57,App,Healthy,0.565
DNR_03312,22,M,A+,Quetta,30.132780868318434,66.90848923721857,0,6,106,Phone,Healthy,0.47
DNR_03313,44,M,O+,Lahore,31.497032839526305,74.28022155264054,1,4,19,App,Healthy,0.905
DNR_03314,18,F,B+,Peshawar,33.94225397064106,71.60792207933115,0,1,45,App,Healthy,0.625
DNR_03315,30,M,O+,Islamabad,33.73863192507371,73.0329473840741,1,3,27,App,Minor issues,0.715
DNR_03316,30,M,A+,Lahore,31.57474731201878,74.30270257926523,1,2,56,Phone,Minor issues,0.41999999999999993
DNR_03317,42,F,O+,Islamabad,33.606357980876254,72.97321845933531,1,5,54,App,Healthy,0.7799999999999999
DNR_03318,36,M,O+,Peshawar,34.03852510773108,71.65128094522373,0,6,62,App,Healthy,0.79
DNR_03319,34,F,O+,Islamabad,33.650529060674785,72.98319222976664,1,4,28,Phone,Healthy,0.7599999999999999
DNR_03320,25,M,O+,Quetta,30.150205935138928,66.93597512879342,0,2,115,App,Healthy,0.32500000000000007
DNR_03321,46,F,B+,Karachi,24.848606381956145,66.96107580314374,1,2,31,App,Minor issues,0.6449999999999999
DNR_03322,34,F,B+,Lahore,31.47567732070864,74.42219420814456,1,6,81,App,Healthy,0.695
DNR_03323,18,M,O-,Lahore,31.53014491546135,74.36840240705911,1,1,114,SMS,Healthy,0.18000000000000005
DNR_03324,23,M,A+,Peshawar,33.953219486186704,71.53373752791408,0,3,82,SMS,Minor issues,0.34
DNR_03325,41,M,O+,Peshawar,33.96288949056103,71.52954567422512,0,2,54,App,Healthy,0.6299999999999999
DNR_03326,18,M,O-,Lahore,31.523385610094554,74.40118694340195,1,5,90,App,Healthy,0.6
DNR_03327,36,F,O+,Lahore,31.51744416538777,74.3922651591038,1,1,40,App,Healthy,0.6499999999999999
DNR_03328,43,M,B+,Karachi,24.84950774906802,66.9520322682233,1,3,99,App,Healthy,0.45499999999999996
DNR_03329,25,M,O+,Faisalabad,31.40796246546549,73.07171073069173,1,2,87,SMS,Healthy,0.365
DNR_03330,27,F,A+,Faisalabad,31.429655746162112,73.10101619828353,1,4,27,SMS,Healthy,0.765
DNR_03331,24,M,A+,Faisalabad,31.46190352498545,73.0526373350243,1,1,22,App,Healthy,0.74
DNR_03332,41,M,B+,Quetta,30.235330024846,66.93780177174558,0,6,18,App,Healthy,0.95
DNR_03333,23,F,B+,Lahore,31.572032946671126,74.27329258739898,1,8,55,App,Healthy,0.9249999999999999
DNR_03334,32,F,B+,Karachi,24.839815826152773,66.96097417507686,1,1,55,App,Minor issues,0.475
DNR_03335,25,F,A+,Lahore,31.628488700042933,74.30692718720888,1,5,77,App,Healthy,0.6649999999999999
DNR_03336,27,F,B+,Islamabad,33.69419088256426,73.07969873787093,1,4,46,SMS,Healthy,0.67
DNR_03337,44,F,B+,Faisalabad,31.426231084213526,73.05335342172138,1,2,54,SMS,Minor issues,0.42999999999999994
DNR_03338,31,M,O+,Multan,30.22530463170098,71.46901752736308,0,3,22,SMS,Healthy,0.74
DNR_03339,43,M,B+,Lahore,31.581354742877497,74.33053563693869,1,10,35,SMS,Minor issues,0.925
DNR_03340,22,M,A+,Lahore,31.575195777471805,74.32933188608709,1,3,90,App,Healthy,0.5
DNR_03341,22,M,A+,Lahore,31.595266760422312,74.32652742101041,1,6,86,SMS,Healthy,0.5700000000000001
DNR_03342,50,M,O+,Quetta,30.197146962394775,67.03730701775422,0,3,43,SMS,Healthy,0.635
DNR_03343,37,M,A+,Quetta,30.207609730704238,66.97501489053165,0,3,35,App,Minor issues,0.6749999999999999
DNR_03344,18,M,AB-,Multan,30.08217630892377,71.44859942843568,0,1,13,App,Healthy,0.7849999999999999
DNR_03345,39,F,B+,Quetta,30.223802486264823,67.01872267008312,0,1,48,App,Healthy,0.61
DNR_03346,60,F,O+,Peshawar,34.0236224709795,71.61435256054294,0,7,79,App,Healthy,0.7549999999999999
DNR_03347,30,M,O+,Multan,30.098590385889068,71.46449777471906,0,2,52,App,Healthy,0.6399999999999999
DNR_03348,36,M,A+,Peshawar,34.005723450656966,71.52993096557059,0,1,32,SMS,Minor issues,0.48999999999999994
DNR_03349,54,M,A+,Multan,30.103811644778965,71.57969167664353,0,2,45,SMS,Minor issues,0.475
DNR_03350,49,M,A+,Lahore,31.487121562027944,74.28579114035135,1,3,94,Phone,Healthy,0.38
DNR_03351,32,F,AB-,Multan,30.14076585748274,71.53652519009384,0,7,68,Phone,Healthy,0.71
DNR_03352,33,M,A+,Multan,30.189902540339283,71.50622283296418,0,3,37,App,Healthy,0.7649999999999999
DNR_03353,31,M,B+,Peshawar,33.939091970219245,71.60960848604323,0,3,85,App,Unhealthy,0.42500000000000004
DNR_03354,31,M,O+,Lahore,31.622649209677732,74.2807897878287,1,3,17,SMS,Healthy,0.765
DNR_03355,18,M,A+,Karachi,24.82020376220666,67.01736111301435,1,3,85,App,Minor issues,0.42500000000000004
DNR_03356,28,F,O+,Faisalabad,31.381548059430198,73.04260349571162,1,7,36,App,Healthy,0.95
DNR_03357,30,M,A+,Faisalabad,31.491119593483987,73.04288111426052,1,2,14,App,Minor issues,0.73
DNR_03358,34,F,O+,Faisalabad,31.38044835148884,73.11563926379928,1,3,102,SMS,Minor issues,0.24
DNR_03359,51,F,A-,Peshawar,33.97516726482953,71.58760462104217,0,2,60,App,Healthy,0.6
DNR_03360,33,M,O+,Islamabad,33.710466683122746,72.98118607651193,1,1,43,SMS,Healthy,0.535
DNR_03361,27,M,O-,Karachi,24.9217720341411,67.0576145271027,1,4,94,App,Healthy,0.53
DNR_03362,34,F,B+,Peshawar,33.94657659515878,71.59983510971334,0,5,87,Phone,Healthy,0.515
DNR_03363,23,M,O+,Karachi,24.821950713469917,67.06435099199142,1,4,53,Phone,Minor issues,0.5349999999999999
DNR_03364,20,F,O+,Islamabad,33.63792477946192,72.99949708389602,1,2,29,Phone,Unhealthy,0.5549999999999999
DNR_03365,35,M,A+,Peshawar,34.06897334926035,71.64900282501182,0,2,102,Phone,Healthy,0.29
DNR_03366,18,M,A-,Karachi,24.796521126526848,67.03340241523236,1,7,19,App,Minor issues,0.95
DNR_03367,23,M,B+,Lahore,31.485341769865713,74.37269522689513,1,5,118,Phone,Minor issues,0.26
DNR_03368,45,F,A+,Lahore,31.608489074426068,74.28945151549655,1,5,48,App,Healthy,0.8099999999999999
DNR_03369,18,F,B+,Multan,30.09870320181892,71.53027883217261,0,5,22,App,Healthy,0.94
DNR_03370,47,F,O+,Lahore,31.4817132670076,74.41230978189417,1,3,59,Phone,Minor issues,0.455
DNR_03371,32,M,B+,Faisalabad,31.38513024480365,73.06769252594414,1,7,46,SMS,Healthy,0.82
DNR_03372,40,M,O+,Faisalabad,31.439944345831055,73.0473664735492,1,1,83,Phone,Healthy,0.33499999999999996
DNR_03373,24,F,A+,Quetta,30.145602887879992,66.93492057519127,0,7,40,App,Healthy,0.95
DNR_03374,18,M,B+,Karachi,24.927913001651188,66.95594719792783,1,1,109,App,Healthy,0.30499999999999994
DNR_03375,21,M,A+,Quetta,30.11042868882003,66.98265880138071,0,5,7,Phone,Healthy,0.9149999999999999
DNR_03376,22,F,O+,Islamabad,33.72273498634325,73.11084739016897,1,1,20,App,Healthy,0.75
DNR_03377,38,M,A+,Islamabad,33.75387795713852,73.04254714954347,1,3,118,App,Minor issues,0.26
DNR_03378,36,M,A+,Islamabad,33.661822086508174,73.03036827793659,1,3,37,SMS,Minor issues,0.565
DNR_03379,38,M,B+,Peshawar,33.951954702843246,71.65896541837296,0,0,206,Phone,Healthy,0.05
DNR_03380,25,F,B+,Quetta,30.16410246854807,66.95349925084598,0,3,22,App,Healthy,0.84
DNR_03381,30,F,O+,Lahore,31.571804245095745,74.2774275235363,1,6,64,Phone,Healthy,0.68
DNR_03382,30,M,B+,Faisalabad,31.342142452787147,73.06034505385632,1,3,53,SMS,Healthy,0.585
DNR_03383,18,M,O+,Karachi,24.885325520611982,66.96501270173934,1,2,22,App,Minor issues,0.69
DNR_03384,44,F,O+,Faisalabad,31.49176294305441,73.13688334400658,1,8,65,App,Healthy,0.875
DNR_03385,18,M,A+,Peshawar,33.93582369685582,71.65544634227535,0,0,263,SMS,Healthy,0.05
DNR_03386,24,F,B+,Peshawar,34.093124073710435,71.62917311449014,0,8,95,SMS,Healthy,0.625
DNR_03387,18,M,O+,Lahore,31.500447836233977,74.37881840704837,1,1,82,App,Healthy,0.43999999999999995
DNR_03388,40,M,O-,Lahore,31.49769827641972,74.28840371032227,1,0,208,App,Healthy,0.05
DNR_03389,34,M,O+,Islamabad,33.661666538143066,73.06485931028253,1,1,91,Phone,Healthy,0.29499999999999993
DNR_03390,30,M,O+,Islamabad,33.6930791661596,73.04027937999408,1,3,43,App,Healthy,0.735
DNR_03391,30,F,O+,Faisalabad,31.37740395158175,73.10582221425736,1,3,47,App,Healthy,0.715
DNR_03392,33,F,B-,Lahore,31.540579403266484,74.28689902430145,1,3,49,App,Minor issues,0.605
DNR_03393,44,F,B+,Lahore,31.618416947360853,74.30988292813022,1,3,110,Phone,Healthy,0.29999999999999993
DNR_03394,35,M,B-,Quetta,30.221267339353993,66.97887053637535,0,6,82,SMS,Healthy,0.5900000000000001
DNR_03395,39,M,AB+,Faisalabad,31.354372266557288,73.04513175033334,1,3,83,App,Minor issues,0.43500000000000005
DNR_03396,29,F,O-,Islamabad,33.725848683889204,73.09376293311371,1,5,59,App,Healthy,0.7549999999999999
DNR_03397,36,M,B-,Islamabad,33.677061160573764,73.08514222407793,1,1,50,App,Healthy,0.6
DNR_03398,22,M,B+,Lahore,31.558574485404897,74.36123890531452,1,10,112,App,Healthy,0.7399999999999999
DNR_03399,34,M,O+,Islamabad,33.70719606546207,73.12279083173864,1,3,80,App,Minor issues,0.44999999999999996
DNR_03400,39,F,O+,Peshawar,33.95834543478173,71.53600698020924,0,3,68,SMS,Healthy,0.51
DNR_03401,29,F,A+,Multan,30.222117520856322,71.57642308907569,0,4,39,App,Minor issues,0.705
DNR_03402,30,M,B+,Islamabad,33.757651462393376,73.1142946515238,1,2,24,SMS,Healthy,0.6799999999999999
DNR_03403,27,F,A+,Islamabad,33.72592967724592,72.99775159584989,1,2,75,SMS,Healthy,0.42499999999999993
DNR_03404,26,F,O+,Quetta,30.201821243630455,67.00531527197127,0,5,73,SMS,Healthy,0.585
DNR_03405,44,M,O+,Peshawar,33.995361949284884,71.61696203642902,0,2,60,SMS,Healthy,0.5
DNR_03406,38,M,B+,Lahore,31.52910074377543,74.40658878317264,1,3,23,App,Minor issues,0.735
DNR_03407,22,M,O+,Quetta,30.166720752124647,66.98462220319404,0,3,118,App,Minor issues,0.26
DNR_03408,34,M,AB+,Lahore,31.551624522257274,74.29471220416892,1,2,16,App,Healthy,0.82
DNR_03409,24,F,A+,Lahore,31.51702175501508,74.31180703680495,1,4,114,SMS,Minor issues,0.23000000000000004
DNR_03410,32,F,B+,Lahore,31.471164046873458,74.30871747083104,1,4,22,App,Minor issues,0.7899999999999999
DNR_03411,45,M,A+,Islamabad,33.60516278777932,72.97300555776823,1,4,104,App,Healthy,0.48
DNR_03412,22,M,A+,Islamabad,33.643856082513686,73.1075968870143,1,4,22,App,Healthy,0.8899999999999999
DNR_03413,22,M,O+,Islamabad,33.75747007740135,73.11640664738273,1,7,19,App,Healthy,0.95
DNR_03414,18,M,A+,Peshawar,33.979408066468885,71.55952761870883,0,2,119,SMS,Healthy,0.20500000000000002
DNR_03415,24,M,O-,Lahore,31.523769938273023,74.35956540247335,1,4,39,SMS,Healthy,0.705
DNR_03416,41,M,AB+,Islamabad,33.62668791895551,73.02979997938438,1,2,91,SMS,Minor issues,0.24499999999999997
DNR_03417,35,M,O+,Faisalabad,31.367411359911944,73.1401794111373,1,3,26,App,Healthy,0.82
DNR_03418,18,M,O+,Lahore,31.494815890026377,74.28581352914479,1,5,57,App,Healthy,0.7649999999999999
DNR_03419,43,M,O+,Quetta,30.128093353206125,66.91407575530909,0,6,41,App,Minor issues,0.795
DNR_03420,45,F,A+,Quetta,30.237150059736393,67.02847405076616,0,8,111,App,Healthy,0.6449999999999999
DNR_03421,35,M,B-,Faisalabad,31.472240243709834,73.09291910938846,1,1,67,App,Healthy,0.5149999999999999
DNR_03422,51,M,O+,Faisalabad,31.36759144848731,73.00631332242249,1,1,95,Phone,Healthy,0.275
DNR_03423,22,M,B+,Karachi,24.814563428084462,67.02013922823153,1,5,7,SMS,Healthy,0.9149999999999999
DNR_03424,38,M,B+,Peshawar,33.93846862218834,71.61389730808946,0,1,73,App,Healthy,0.485
DNR_03425,37,M,B+,Quetta,30.160051668352533,67.00987065991998,0,5,16,App,Minor issues,0.87
DNR_03426,31,M,B+,Peshawar,34.03095233715666,71.50089317813766,0,4,73,SMS,Healthy,0.535
DNR_03427,30,M,O-,Lahore,31.524760593756387,74.39220822913339,1,2,84,App,Minor issues,0.38
DNR_03428,56,M,A+,Karachi,24.855695693523256,67.06766784389238,1,5,115,Phone,Healthy,0.375
DNR_03429,40,M,O+,Islamabad,33.65047037644132,73.00711005540363,1,2,48,App,Healthy,0.6599999999999999
DNR_03430,36,M,A+,Peshawar,33.96632987341604,71.59878460776723,0,3,37,App,Minor issues,0.6649999999999999
DNR_03431,22,F,A-,Quetta,30.16828177592752,66.90434613030504,0,2,44,App,Healthy,0.6799999999999999
DNR_03432,41,M,B+,Faisalabad,31.43007978267684,73.08770389123742,1,0,257,App,Healthy,0.05
DNR_03433,44,F,A+,Quetta,30.111668656631892,67.01041779592626,0,2,48,SMS,Healthy,0.5599999999999999
DNR_03434,23,M,O+,Karachi,24.880870173105116,67.02986042595786,1,2,79,SMS,Healthy,0.4049999999999999
DNR_03435,21,M,B+,Faisalabad,31.39164794164428,73.02077732495208,1,1,107,App,Healthy,0.31499999999999995
DNR_03436,18,M,B+,Peshawar,33.95708951875991,71.63149767164678,0,0,241,SMS,Healthy,0.05
DNR_03437,18,M,O+,Peshawar,34.014676829676375,71.51380022607573,0,4,10,App,Healthy,0.95
DNR_03438,38,F,A+,Lahore,31.58913322449308,74.33616893972179,1,1,39,App,Healthy,0.6549999999999999
DNR_03439,50,M,AB-,Faisalabad,31.36176042470181,73.03802635429267,1,1,62,SMS,Minor issues,0.33999999999999997
DNR_03440,59,F,O+,Islamabad,33.70461905839706,73.104133072734,1,3,46,App,Healthy,0.72
DNR_03441,38,M,O+,Quetta,30.14105675213728,66.97354220111264,0,2,61,SMS,Healthy,0.495
DNR_03442,39,M,A+,Quetta,30.240981544048108,66.94953235375347,0,2,50,App,Healthy,0.6499999999999999
DNR_03443,39,M,B+,Karachi,24.887467830694675,66.92595341765227,1,3,87,App,Minor issues,0.41500000000000004
DNR_03444,44,M,B+,Multan,30.146473212772744,71.5834277829087,0,6,89,App,Healthy,0.655
DNR_03445,52,F,B-,Karachi,24.93964771251637,66.97164762833484,1,1,94,SMS,Healthy,0.28
DNR_03446,55,M,O-,Quetta,30.16256030220272,67.04385636896058,0,2,74,Phone,Healthy,0.42999999999999994
DNR_03447,18,M,B+,Quetta,30.193988892156913,66.92055883665643,0,0,216,SMS,Healthy,0.05
DNR_03448,38,M,A+,Islamabad,33.607868835719614,73.03298736088928,1,14,14,SMS,Minor issues,0.95
DNR_03449,18,M,O+,Quetta,30.166809063156833,66.95629240099647,0,4,118,SMS,Unhealthy,0.21000000000000002
DNR_03450,36,F,O-,Faisalabad,31.460546504886594,73.11921101060784,1,2,74,SMS,Minor issues,0.32999999999999996
DNR_03451,36,F,A+,Lahore,31.520832269742673,74.26708558499084,1,4,49,SMS,Healthy,0.6549999999999999
DNR_03452,18,M,A+,Islamabad,33.62655728649252,72.98885846602383,1,2,27,SMS,Healthy,0.6649999999999999
DNR_03453,22,M,B+,Faisalabad,31.36776743358057,73.12508753594861,1,3,89,SMS,Minor issues,0.305
DNR_03454,18,M,B+,Peshawar,34.071736244796796,71.60740082637062,0,2,44,Phone,Healthy,0.58
DNR_03455,33,F,O+,Islamabad,33.67858256861921,73.10825529987447,1,3,43,Phone,Healthy,0.635
DNR_03456,31,M,B-,Multan,30.110077886855812,71.54885680977222,0,1,109,SMS,Healthy,0.20499999999999996
DNR_03457,33,M,O+,Quetta,30.25079897382861,67.04659956591608,0,1,10,SMS,Minor issues,0.6
DNR_03458,36,F,O+,Multan,30.086476045759277,71.53568176462498,0,3,23,SMS,Healthy,0.735
DNR_03459,50,F,O+,Multan,30.200049967443757,71.51614272467107,0,9,86,Phone,Healthy,0.72
DNR_03460,29,M,B+,Lahore,31.59511173217241,74.39288190889384,1,2,105,SMS,Minor issues,0.17499999999999996
DNR_03461,25,M,O+,Karachi,24.912770610703884,66.92543066108429,1,7,97,Phone,Minor issues,0.465
DNR_03462,22,F,O+,Multan,30.224396937213445,71.46514002955878,0,16,49,SMS,Healthy,0.95
DNR_03463,49,F,A+,Faisalabad,31.45843809081616,73.06675753728045,1,1,37,SMS,Healthy,0.565
DNR_03464,28,M,B+,Karachi,24.930860765620846,67.03171405365497,1,3,79,Phone,Healthy,0.45499999999999996
DNR_03465,29,M,B+,Multan,30.138490494500072,71.58119141132303,0,3,25,SMS,Healthy,0.725
DNR_03466,43,M,O+,Islamabad,33.700303034368844,72.97174429402624,1,6,23,Phone,Minor issues,0.785
DNR_03467,46,F,B-,Peshawar,34.073733912930244,71.52379141409583,0,2,63,SMS,Healthy,0.485
DNR_03468,40,M,A+,Karachi,24.84057206703415,67.05307922665247,1,2,82,Phone,Minor issues,0.29000000000000004
DNR_03469,34,F,AB+,Karachi,24.79825591091537,66.97629689892182,1,2,62,Phone,Healthy,0.49
DNR_03470,41,F,A+,Multan,30.085306010504645,71.59716538005343,0,3,16,SMS,Healthy,0.77
DNR_03471,33,F,B+,Faisalabad,31.440089179835482,73.00890017934066,1,0,336,SMS,Healthy,0.05
DNR_03472,52,M,O+,Islamabad,33.65878887366753,73.0778365725679,1,1,32,App,Minor issues,0.59
DNR_03473,53,F,O+,Multan,30.180816196462203,71.5212698903445,0,9,82,SMS,Healthy,0.74
DNR_03474,29,M,B+,Karachi,24.782623560027016,67.0686479035417,1,4,51,App,Healthy,0.7449999999999999
DNR_03475,26,M,O+,Islamabad,33.73490267988539,73.05572637746604,1,2,28,App,Healthy,0.7599999999999999
DNR_03476,28,M,AB-,Karachi,24.92660354997761,66.93753319655036,1,4,74,App,Healthy,0.63
DNR_03477,38,F,B+,Peshawar,34.0472762776647,71.57024903237034,0,2,61,SMS,Healthy,0.495
DNR_03478,18,M,B+,Quetta,30.256242559268944,66.91305163989685,0,1,26,App,Minor issues,0.62
DNR_03479,33,M,B+,Faisalabad,31.45573490513898,73.08251060185667,1,3,119,App,Healthy,0.355
DNR_03480,18,F,O+,Karachi,24.83203561237435,66.92559342052083,1,3,119,App,Healthy,0.355
DNR_03481,43,F,B+,Islamabad,33.690658963426316,73.06198999246094,1,3,72,App,Healthy,0.59
DNR_03482,26,M,B+,Lahore,31.621996852158805,74.4215822221368,1,6,42,SMS,Healthy,0.79
DNR_03483,25,M,A+,Faisalabad,31.400063410759184,73.10461330464128,1,3,13,SMS,Healthy,0.7849999999999999
DNR_03484,18,M,A-,Islamabad,33.65724014050892,73.09820142935239,1,2,74,SMS,Healthy,0.42999999999999994
DNR_03485,38,F,B+,Quetta,30.230165960448947,67.01921885037707,0,7,46,SMS,Healthy,0.82
DNR_03486,32,M,A+,Islamabad,33.67832414471956,73.04453837641948,1,5,115,App,Minor issues,0.375
DNR_03487,25,M,A+,Faisalabad,31.349141179368463,73.05845605145812,1,3,93,SMS,Healthy,0.385
DNR_03488,43,F,O+,Islamabad,33.755342049383906,73.03613505652724,1,4,23,App,Healthy,0.885
DNR_03489,29,F,O+,Peshawar,34.08144259215314,71.58612733997833,0,3,18,App,Healthy,0.86
DNR_03490,18,M,B+,Multan,30.199984116349995,71.48070164498755,0,1,117,SMS,Healthy,0.16500000000000004
DNR_03491,27,F,A-,Faisalabad,31.45750327628866,73.12000694083684,1,7,74,App,Healthy,0.78
DNR_03492,32,M,A+,Islamabad,33.72159804225055,73.072295715599,1,3,85,App,Healthy,0.525
DNR_03493,21,F,O+,Faisalabad,31.483184003213577,73.02252829713008,1,4,105,SMS,Healthy,0.375
DNR_03494,38,M,O+,Faisalabad,31.44602170907291,73.07731757103991,1,1,118,App,Healthy,0.26
DNR_03495,27,F,B-,Multan,30.188178329065103,71.51642564166242,0,9,63,SMS,Minor issues,0.735
DNR_03496,33,M,A+,Faisalabad,31.406350909870476,73.01834952468616,1,10,78,Phone,Healthy,0.8099999999999999
DNR_03497,29,M,A+,Karachi,24.850220398795447,67.04460091743321,1,5,15,App,Healthy,0.95
DNR_03498,36,M,B+,Islamabad,33.71340183007434,73.05174242874944,1,8,110,App,Healthy,0.6499999999999999
DNR_03499,20,M,O+,Islamabad,33.66306327899973,72.99373630077382,1,3,19,App,Healthy,0.855
DNR_03500,36,F,O+,Lahore,31.58372343674246,74.29500426609555,1,6,23,Phone,Healthy,0.885
DNR_03501,53,M,O+,Multan,30.089650207472133,71.48623963613973,0,0,196,App,Healthy,0.05
DNR_03502,19,F,A+,Quetta,30.176318520917608,66.9339194660441,0,1,61,App,Healthy,0.5449999999999999
DNR_03503,21,M,O+,Quetta,30.113018564877358,67.04614946404546,0,2,85,SMS,Healthy,0.375
DNR_03504,32,M,A+,Karachi,24.926224872721903,66.9881494413482,1,1,89,App,Healthy,0.4049999999999999
DNR_03505,26,M,O+,Quetta,30.13322958530119,66.93686466913782,0,5,56,App,Healthy,0.7699999999999999
DNR_03506,46,M,O+,Quetta,30.13232929475386,66.94598312054755,0,1,85,Phone,Minor issues,0.22499999999999998
DNR_03507,29,M,A+,Islamabad,33.634302567991966,73.01329008566195,1,5,89,App,Healthy,0.605
DNR_03508,40,M,B+,Faisalabad,31.481399442089653,73.07995716357723,1,2,18,App,Healthy,0.8099999999999999
DNR_03509,23,M,A+,Faisalabad,31.467970086998662,73.0027713193376,1,2,79,App,Minor issues,0.4049999999999999
DNR_03510,32,M,A-,Multan,30.145225218969426,71.46830043160759,0,4,60,App,Healthy,0.7
DNR_03511,45,M,O+,Peshawar,34.029759142281584,71.52713139341891,0,2,101,App,Minor issues,0.295
DNR_03512,24,F,A+,Islamabad,33.71467297601769,73.08544199108518,1,4,109,App,Minor issues,0.355
DNR_03513,40,F,O+,Quetta,30.206446351511815,66.95531845067728,0,2,57,SMS,Healthy,0.515
DNR_03514,44,M,O+,Karachi,24.814055438499334,66.9440185420221,1,1,55,SMS,Healthy,0.475
DNR_03515,44,F,B+,Multan,30.180694348449794,71.56097855582017,0,4,48,App,Healthy,0.76
DNR_03516,54,F,O+,Quetta,30.160822307393875,67.00904293747261,0,4,55,SMS,Minor issues,0.5249999999999999
DNR_03517,36,F,O+,Karachi,24.89628110360827,67.0153932642131,1,6,90,App,Healthy,0.65
DNR_03518,23,M,A+,Lahore,31.48793328939333,74.26416824065392,1,3,30,App,Healthy,0.7999999999999999
DNR_03519,58,F,AB-,Karachi,24.932436861742307,66.97484757015587,1,3,67,App,Healthy,0.615
DNR_03520,33,F,O+,Peshawar,33.96375368788838,71.60977085048029,0,3,12,Phone,Healthy,0.79
DNR_03521,27,M,O+,Islamabad,33.67114544981086,72.98206327386194,1,1,46,SMS,Healthy,0.52
DNR_03522,23,F,B+,Peshawar,34.06121914483401,71.5136755878214,0,6,70,Phone,Healthy,0.65
DNR_03523,37,F,A+,Quetta,30.257262732631226,67.0167651576663,0,2,91,SMS,Healthy,0.345
DNR_03524,36,M,B+,Multan,30.212988668684655,71.58439039023814,0,8,96,Phone,Minor issues,0.52
DNR_03525,48,F,O+,Faisalabad,31.494716506897035,73.10804090479431,1,4,95,Phone,Healthy,0.42500000000000004
DNR_03526,45,F,A+,Multan,30.146724062558643,71.5936789728675,0,9,91,App,Minor issues,0.695
DNR_03527,37,M,A+,Islamabad,33.69792472780637,72.98786671765684,1,2,110,Phone,Healthy,0.24999999999999994
DNR_03528,18,M,A+,Peshawar,34.05235144598903,71.55745652085261,0,2,37,App,Unhealthy,0.615
DNR_03529,40,M,A+,Quetta,30.21021265829417,66.91072697819362,0,1,57,SMS,Healthy,0.46499999999999997
DNR_03530,18,M,B+,Lahore,31.623010495873388,74.32906672693113,1,1,60,SMS,Healthy,0.44999999999999996
DNR_03531,30,M,B+,Multan,30.19409355480044,71.50834196185959,0,5,109,SMS,Healthy,0.4049999999999999
DNR_03532,30,F,A+,Quetta,30.125226448803037,66.96301827482253,0,2,71,Phone,Healthy,0.44499999999999995
DNR_03533,30,M,B+,Multan,30.18754585170116,71.51650740213822,0,4,91,SMS,Healthy,0.44499999999999995
DNR_03534,32,M,B-,Lahore,31.56605622343538,74.40631850790277,1,8,88,App,Minor issues,0.66
DNR_03535,18,M,A+,Quetta,30.229147758672227,66.98549609248096,0,1,97,App,Healthy,0.365
DNR_03536,41,M,O+,Peshawar,34.00441345730152,71.65642503858001,0,4,107,App,Healthy,0.46499999999999997
DNR_03537,36,F,B+,Karachi,24.869826991473865,67.07463471963649,1,1,41,SMS,Healthy,0.545
DNR_03538,37,M,O+,Karachi,24.82724540911293,67.04481307067968,1,3,9,Phone,Minor issues,0.705
DNR_03539,26,M,A-,Islamabad,33.695865146625,73.12044358151313,1,5,21,App,Healthy,0.945
DNR_03540,33,M,B-,Faisalabad,31.423501311460587,73.06972419066462,1,5,102,App,Minor issues,0.43999999999999995
DNR_03541,30,M,B-,Peshawar,34.03923812790043,71.62431885056924,0,3,113,App,Healthy,0.385
DNR_03542,30,M,A+,Islamabad,33.63335152631146,73.11956306429768,1,3,43,App,Healthy,0.735
DNR_03543,38,M,B-,Multan,30.114766327908708,71.4475656505751,0,5,110,App,Healthy,0.4999999999999999
DNR_03544,28,M,O+,Karachi,24.835083264343286,66.92321084135033,1,4,95,App,Minor issues,0.42500000000000004
DNR_03545,18,M,B+,Multan,30.168959306185524,71.59994626753684,0,2,22,App,Healthy,0.7899999999999999
DNR_03546,49,M,A+,Islamabad,33.64072990938542,72.99814521399507,1,1,7,App,Healthy,0.815
DNR_03547,45,M,A+,Multan,30.219329681446368,71.4470824130803,0,2,68,SMS,Healthy,0.45999999999999996
DNR_03548,33,F,A+,Karachi,24.906379418054534,67.06585176499473,1,2,58,Phone,Minor issues,0.41000000000000003
DNR_03549,37,F,B+,Islamabad,33.66255680651571,73.04303176553869,1,1,73,SMS,Healthy,0.385
DNR_03550,28,F,A+,Karachi,24.922160733153696,67.0315607285166,1,1,83,SMS,Healthy,0.33499999999999996
DNR_03551,18,F,A+,Islamabad,33.700009841784805,73.1121066328621,1,1,17,App,Healthy,0.765
DNR_03552,18,F,B-,Karachi,24.8595714918959,66.95442458062396,1,7,54,SMS,Healthy,0.7799999999999999
DNR_03553,18,M,O+,Islamabad,33.61489335632406,73.0288307559196,1,6,71,App,Healthy,0.745
DNR_03554,40,M,B+,Peshawar,34.08339655384302,71.58275813412503,0,1,47,SMS,Healthy,0.515
DNR_03555,39,F,AB-,Lahore,31.60668394087391,74.36941607334587,1,3,54,SMS,Healthy,0.58
DNR_03556,39,F,A+,Quetta,30.232939999502328,66.92953349046013,0,2,106,SMS,Minor issues,0.16999999999999996
DNR_03557,43,F,A+,Peshawar,34.07270826895594,71.63032464726058,0,7,10,App,Healthy,0.95
DNR_03558,54,M,B+,Karachi,24.819692510031544,67.04480233045079,1,0,386,SMS,Healthy,0.05
DNR_03559,55,F,A+,Peshawar,34.03881246358373,71.54862256603701,0,2,112,SMS,Healthy,0.23999999999999994
DNR_03560,22,F,A+,Peshawar,33.94006780189995,71.50430467148203,0,4,62,SMS,Minor issues,0.49
DNR_03561,48,F,O+,Faisalabad,31.343100974554872,73.0270789537573,1,3,116,App,Unhealthy,0.27
DNR_03562,37,M,B+,Multan,30.1090317967896,71.47245445351335,0,4,117,SMS,Healthy,0.31500000000000006
DNR_03563,36,F,A+,Lahore,31.54119385360155,74.40994853212631,1,1,19,SMS,Healthy,0.655
DNR_03564,30,M,O+,Peshawar,34.082533740216924,71.60721268895732,0,2,20,App,Healthy,0.7999999999999999
DNR_03565,18,F,O+,Peshawar,33.95703316251645,71.58995513605214,0,1,23,Phone,Healthy,0.635
DNR_03566,31,M,B+,Multan,30.078278490662452,71.60369314701974,0,2,12,App,Healthy,0.84
DNR_03567,35,M,O+,Peshawar,33.97131613479223,71.51085682933244,0,2,80,App,Healthy,0.4999999999999999
DNR_03568,37,F,A+,Faisalabad,31.375206458836036,73.03490750674081,1,5,90,SMS,Healthy,0.5
DNR_03569,27,M,B-,Lahore,31.614603621793474,74.28146805289057,1,1,101,App,Healthy,0.345
DNR_03570,26,M,B+,Karachi,24.837975156002823,67.0626870838889,1,0,220,Phone,Healthy,0.05
DNR_03571,40,F,O+,Quetta,30.129108583505303,67.00185406845085,0,12,81,SMS,Healthy,0.895
DNR_03572,46,M,O+,Islamabad,33.693041153234134,73.07620353182566,1,6,115,App,Healthy,0.525
DNR_03573,41,M,B+,Karachi,24.78725644750379,67.01768056118941,1,0,216,SMS,Healthy,0.05
DNR_03574,31,F,O+,Lahore,31.57618995387778,74.41130552433066,1,1,78,App,Healthy,0.45999999999999996
DNR_03575,19,M,B+,Faisalabad,31.44976602009684,73.1469090080796,1,1,55,SMS,Healthy,0.475
DNR_03576,22,M,B+,Peshawar,33.966967414912524,71.57126189667008,0,2,94,SMS,Healthy,0.33
DNR_03577,42,M,O-,Faisalabad,31.414100432127178,73.15323163235566,1,8,45,App,Healthy,0.95
DNR_03578,28,F,A+,Multan,30.21877522957504,71.47270797332914,0,5,23,App,Healthy,0.9349999999999999
DNR_03579,50,M,B+,Peshawar,34.03980043583164,71.56326079673741,0,3,118,App,Unhealthy,0.26
DNR_03580,32,M,A+,Karachi,24.87726117538483,66.99013797774374,1,9,36,App,Healthy,0.95
DNR_03581,18,M,AB-,Peshawar,34.05415706097373,71.65106398637214,0,3,28,App,Healthy,0.8099999999999999
DNR_03582,41,M,O+,Islamabad,33.690776462153,73.11472964780437,1,2,84,SMS,Minor issues,0.28
DNR_03583,45,M,A+,Multan,30.206112642407366,71.59652285467773,0,6,50,App,Healthy,0.85
DNR_03584,37,F,O+,Faisalabad,31.485161253161493,73.08399482397708,1,4,115,App,Minor issues,0.32500000000000007
DNR_03585,18,M,B+,Faisalabad,31.442034062805476,73.00824948957592,1,2,39,Phone,Healthy,0.605
DNR_03586,55,M,A+,Quetta,30.208523502331676,66.98347632667506,0,5,24,App,Healthy,0.9299999999999999
DNR_03587,29,F,O+,Lahore,31.59243738547693,74.33425014645886,1,4,117,App,Healthy,0.41500000000000004
DNR_03588,39,M,A+,Karachi,24.875175212126116,67.04085791249899,1,1,45,App,Healthy,0.625
DNR_03589,27,M,O+,Karachi,24.884203480314202,66.96089705504879,1,3,81,SMS,Healthy,0.44499999999999995
DNR_03590,35,F,B+,Faisalabad,31.44250782997102,73.02418530338343,1,2,49,App,Healthy,0.6549999999999999
DNR_03591,34,F,B+,Karachi,24.783227944335938,66.94463238068022,1,2,45,SMS,Healthy,0.575
DNR_03592,28,M,A-,Peshawar,34.08859113733737,71.6299236565402,0,4,73,App,Minor issues,0.535
DNR_03593,38,F,O+,Lahore,31.492300733858716,74.36190139170095,1,6,106,SMS,Minor issues,0.37
DNR_03594,19,F,A+,Quetta,30.124876943752707,66.9899926299452,0,2,82,App,Healthy,0.49
DNR_03595,33,M,B+,Karachi,24.889403582835808,66.9907239158845,1,2,75,SMS,Healthy,0.42499999999999993
DNR_03596,21,M,A+,Islamabad,33.676595342168,72.96805661173113,1,8,81,App,Healthy,0.7949999999999999
DNR_03597,26,M,B+,Peshawar,33.947956024853184,71.63864219975054,0,2,99,SMS,Minor issues,0.205
DNR_03598,25,M,O+,Karachi,24.781640543569246,67.04527819696212,1,3,94,App,Unhealthy,0.38
DNR_03599,45,M,A+,Lahore,31.61162869688636,74.38276417591587,1,0,293,App,Healthy,0.05
DNR_03600,18,M,B+,Karachi,24.844662408843742,67.04289719137739,1,1,35,App,Healthy,0.6749999999999999
DNR_03601,23,M,A+,Karachi,24.895712254463053,66.95401447075979,1,4,73,App,Healthy,0.635
DNR_03602,38,M,A+,Multan,30.16333511437295,71.56067622073435,0,9,14,App,Healthy,0.95
DNR_03603,18,M,B+,Peshawar,33.97397390822184,71.58841368802193,0,3,88,App,Healthy,0.51
DNR_03604,35,M,O+,Karachi,24.819689500098907,66.96603076488411,1,5,112,Phone,Healthy,0.3899999999999999
DNR_03605,39,M,B+,Lahore,31.555366751453324,74.35110478526241,1,2,61,App,Healthy,0.595
DNR_03606,18,M,O+,Karachi,24.890322611679082,66.93338757844147,1,8,110,SMS,Healthy,0.5499999999999999
DNR_03607,18,F,B+,Karachi,24.816262179583713,67.05567537771348,1,7,67,SMS,Healthy,0.715
DNR_03608,49,M,B+,Multan,30.189726200674635,71.60335714479153,0,5,53,SMS,Healthy,0.6849999999999999
DNR_03609,30,F,A+,Quetta,30.14880104719164,66.97277471116591,0,3,28,SMS,Healthy,0.71
DNR_03610,30,M,O+,Karachi,24.892499900194732,66.93705570418899,1,4,118,App,Healthy,0.41000000000000003
DNR_03611,31,M,B+,Karachi,24.823739080572878,66.97952941626473,1,9,107,App,Healthy,0.7149999999999999
DNR_03612,32,F,A+,Multan,30.094171929574372,71.47957065389011,0,6,116,SMS,Healthy,0.42000000000000004
DNR_03613,46,M,B+,Faisalabad,31.458555976725226,73.0986545247374,1,5,83,App,Minor issues,0.535
DNR_03614,35,F,O+,Islamabad,33.6800177510521,73.06659364427975,1,5,39,Phone,Healthy,0.755
DNR_03615,60,M,B+,Karachi,24.86046260790616,66.95891238012217,1,8,15,SMS,Healthy,0.95
DNR_03616,47,M,A+,Karachi,24.860776149005027,67.04111336829824,1,1,49,SMS,Healthy,0.505
DNR_03617,18,F,O+,Islamabad,33.66867600117315,73.10056898319921,1,3,22,App,Healthy,0.84
DNR_03618,50,F,B+,Lahore,31.548807020148605,74.33700262186342,1,2,12,Phone,Healthy,0.74
DNR_03619,47,M,AB-,Quetta,30.107246123559325,67.01171017901872,0,4,94,SMS,Minor issues,0.33
DNR_03620,18,M,A+,Multan,30.138424920989767,71.45591560628644,0,4,51,SMS,Healthy,0.6449999999999999
DNR_03621,47,M,B+,Quetta,30.21620339758207,66.89513575589281,0,1,17,App,Healthy,0.765
DNR_03622,18,F,O+,Faisalabad,31.447471649286975,73.0269585262611,1,3,45,App,Minor issues,0.625
DNR_03623,29,F,B+,Islamabad,33.66788514078897,73.05299828178539,1,4,34,SMS,Healthy,0.7299999999999999
DNR_03624,47,M,A-,Islamabad,33.66652770260953,73.02823722822505,1,3,59,App,Minor issues,0.555
DNR_03625,24,F,B+,Peshawar,33.99538471287633,71.58989722869326,0,0,381,App,Healthy,0.05
DNR_03626,54,F,O+,Islamabad,33.70093622260157,73.07041143363456,1,3,75,SMS,Healthy,0.475
DNR_03627,32,M,O+,Faisalabad,31.494084733225254,73.11859119562159,1,5,13,App,Healthy,0.95
DNR_03628,52,M,AB-,Karachi,24.93030674888808,66.98242828394154,1,2,81,SMS,Healthy,0.3949999999999999
DNR_03629,34,M,O+,Karachi,24.89955228745537,67.03079459908622,1,3,9,Phone,Healthy,0.8049999999999999
DNR_03630,26,M,O+,Quetta,30.144722530030982,66.91485235276053,0,1,118,App,Healthy,0.26
DNR_03631,50,M,O+,Karachi,24.938924228556157,66.98517656866551,1,1,22,App,Healthy,0.74
DNR_03632,33,M,A+,Islamabad,33.721055733335085,73.10174178844353,1,3,113,SMS,Healthy,0.28500000000000003
DNR_03633,43,M,O+,Peshawar,34.03328806692218,71.6003851401809,0,6,78,App,Healthy,0.71
DNR_03634,45,M,O+,Faisalabad,31.355660615776966,73.0865056420966,1,3,84,App,Healthy,0.53
DNR_03635,44,M,O+,Quetta,30.188262711119428,66.98052594502319,0,2,46,App,Healthy,0.6699999999999999
DNR_03636,21,M,AB+,Quetta,30.227926189332855,67.03166495198913,0,3,24,App,Healthy,0.83
DNR_03637,23,F,O+,Faisalabad,31.37001860169064,73.0141589408495,1,6,93,App,Unhealthy,0.535
DNR_03638,29,M,B-,Faisalabad,31.457175426801125,73.11962711536219,1,1,45,App,Minor issues,0.525
DNR_03639,38,M,A+,Peshawar,34.024688593753716,71.51186489401898,0,7,80,App,Healthy,0.75
DNR_03640,27,M,AB-,Faisalabad,31.430921918495965,73.09273958722775,1,4,15,SMS,Healthy,0.8250000000000001
DNR_03641,32,M,O-,Multan,30.18038031080162,71.4469748883481,0,5,77,App,Minor issues,0.565
DNR_03642,35,M,B-,Lahore,31.488087083278916,74.29908854327496,1,4,50,SMS,Healthy,0.65
DNR_03643,33,F,O+,Karachi,24.855933031051066,67.05885725308285,1,1,99,SMS,Healthy,0.255
DNR_03644,30,M,B+,Faisalabad,31.43432820705747,73.00810517254195,1,5,92,SMS,Healthy,0.49
DNR_03645,42,M,O+,Islamabad,33.72864398700345,73.04846354311097,1,4,74,SMS,Healthy,0.53
DNR_03646,37,M,B+,Faisalabad,31.43175945514221,73.1204607058893,1,0,372,App,Healthy,0.05
DNR_03647,31,M,B+,Islamabad,33.70553881129518,72.99117998865935,1,3,29,Phone,Healthy,0.705
DNR_03648,22,M,B-,Karachi,24.91408029694581,67.03319022133321,1,2,70,App,Healthy,0.5499999999999999
DNR_03649,34,M,B+,Karachi,24.932488816251126,66.96174972619065,1,0,311,SMS,Unhealthy,0.05
DNR_03650,50,M,B+,Lahore,31.582214404048276,74.29275154541334,1,9,93,Phone,Healthy,0.6849999999999999
DNR_03651,18,M,A+,Karachi,24.872131731698794,66.96287922410727,1,3,92,SMS,Healthy,0.39
DNR_03652,24,M,A+,Multan,30.114900667779224,71.4951322034712,0,1,35,SMS,Healthy,0.575
DNR_03653,60,M,O+,Lahore,31.544946937987586,74.32759085107006,1,3,83,App,Minor issues,0.43500000000000005
DNR_03654,40,F,O+,Peshawar,34.04632216294003,71.54943661542221,0,3,59,App,Healthy,0.655
DNR_03655,47,F,B+,Quetta,30.216500766124856,66.98498453615339,0,1,21,App,Healthy,0.745
DNR_03656,39,F,A+,Lahore,31.571468185825825,74.40632565029642,1,4,75,SMS,Healthy,0.525
DNR_03657,18,M,AB+,Quetta,30.132791320152037,67.04907857611381,0,0,252,SMS,Healthy,0.05
DNR_03658,20,M,A-,Karachi,24.857311487456396,66.95731806586576,1,3,69,App,Healthy,0.605
DNR_03659,44,M,O+,Lahore,31.57311429134695,74.38119604555486,1,2,101,App,Healthy,0.395
DNR_03660,36,F,O+,Peshawar,34.05049505380337,71.63022134448215,0,6,18,SMS,Minor issues,0.81
DNR_03661,37,M,A+,Lahore,31.519727400623015,74.40788598644068,1,4,47,App,Healthy,0.7649999999999999
DNR_03662,33,M,B+,Multan,30.104411342497503,71.56662467824462,0,1,39,SMS,Healthy,0.5549999999999999
DNR_03663,52,M,O-,Multan,30.116644116411816,71.57878544649355,0,0,321,App,Healthy,0.05
DNR_03664,32,M,A+,Islamabad,33.74751129443404,72.98243781380417,1,3,107,App,Healthy,0.4149999999999999
DNR_03665,26,F,B+,Multan,30.235850942461447,71.4461903006228,0,1,92,App,Healthy,0.3899999999999999
DNR_03666,28,F,O+,Islamabad,33.69066427247529,73.08096900389785,1,7,38,App,Healthy,0.95
DNR_03667,25,F,B+,Islamabad,33.65241310877653,73.01986606992497,1,5,95,App,Healthy,0.575
DNR_03668,29,M,A+,Karachi,24.842386960291957,66.93327492659974,1,3,52,SMS,Minor issues,0.49
DNR_03669,40,F,A+,Karachi,24.831823996515876,66.96384684808402,1,3,80,SMS,Healthy,0.44999999999999996
DNR_03670,33,F,A+,Lahore,31.508397908497198,74.32475696872606,1,3,34,App,Unhealthy,0.6799999999999999
DNR_03671,29,M,B+,Quetta,30.190975584014623,66.93239642290081,0,2,68,SMS,Minor issues,0.36
DNR_03672,37,M,O+,Islamabad,33.736035221888734,73.09308968791305,1,2,89,App,Healthy,0.45499999999999996
DNR_03673,26,M,A+,Faisalabad,31.465038631803445,73.01939064927154,1,3,25,SMS,Healthy,0.725
DNR_03674,34,F,B-,Karachi,24.862681967383242,66.95115130680817,1,5,39,App,Healthy,0.855
DNR_03675,38,M,O+,Islamabad,33.64121154603036,73.00600079724474,1,1,71,SMS,Healthy,0.395
DNR_03676,43,M,B+,Multan,30.11820429054696,71.45086519888369,0,0,284,App,Minor issues,0.05
DNR_03677,37,M,A+,Faisalabad,31.454393342688107,73.02735520799602,1,1,75,App,Healthy,0.475
DNR_03678,40,F,AB-,Islamabad,33.637072387766864,73.09929079908474,1,3,14,App,Healthy,0.88
DNR_03679,41,M,O-,Faisalabad,31.48775148501761,73.12821370470698,1,6,9,Phone,Healthy,0.95
DNR_03680,20,F,A+,Quetta,30.13959818769612,66.96330720043977,0,4,7,SMS,Minor issues,0.7649999999999999
DNR_03681,51,F,A-,Islamabad,33.61978018088281,73.10580193375388,1,6,106,App,Healthy,0.57
DNR_03682,40,M,O+,Quetta,30.132025464587844,66.90102169366124,0,3,106,App,Healthy,0.41999999999999993
DNR_03683,33,M,B+,Islamabad,33.67725268332036,73.1174298341212,1,6,64,App,Healthy,0.78
DNR_03684,31,F,A+,Peshawar,34.01761516924247,71.56988212445938,0,2,38,SMS,Healthy,0.61
DNR_03685,29,M,B+,Peshawar,34.047127394803155,71.57371217262778,0,3,103,App,Healthy,0.43499999999999994
DNR_03686,29,F,A+,Faisalabad,31.431478729786264,73.01270056501183,1,3,50,Phone,Minor issues,0.5
DNR_03687,18,M,B+,Karachi,24.815082848499323,67.00487591521824,1,2,22,App,Unhealthy,0.69
DNR_03688,33,F,A-,Karachi,24.838059453939,66.9902416188811,1,6,100,App,Healthy,0.6
DNR_03689,35,M,A+,Karachi,24.931689246392256,67.03089599606504,1,2,76,SMS,Healthy,0.41999999999999993
DNR_03690,30,M,A+,Islamabad,33.63331231799651,73.01335385562693,1,10,29,SMS,Healthy,0.95
DNR_03691,18,M,AB-,Multan,30.129926594518,71.58617094623614,0,2,67,Phone,Healthy,0.46499999999999997
DNR_03692,56,F,O+,Faisalabad,31.463046374093246,73.06446455852613,1,4,35,Phone,Healthy,0.725
DNR_03693,28,F,A+,Lahore,31.491414308053045,74.37750929073022,1,2,12,App,Healthy,0.84
DNR_03694,25,F,AB-,Quetta,30.18572950294951,66.92185098159254,0,1,114,App,Minor issues,0.18000000000000005
DNR_03695,31,M,B+,Islamabad,33.65727014491045,73.12475402257705,1,4,15,Phone,Minor issues,0.7250000000000001
DNR_03696,43,F,O+,Islamabad,33.67285321147986,72.99548874625631,1,7,74,Phone,Unhealthy,0.5800000000000001
DNR_03697,54,M,A+,Peshawar,34.055940186082566,71.58326828842976,0,0,352,App,Healthy,0.05
DNR_03698,24,M,O+,Multan,30.085783307160344,71.50655801786884,0,4,39,App,Healthy,0.8049999999999999
DNR_03699,34,M,B+,Karachi,24.903864877986273,67.05712462144389,1,1,20,SMS,Healthy,0.65
DNR_03700,23,M,B+,Quetta,30.22884200149821,66.99876354361581,0,3,60,SMS,Healthy,0.55
DNR_03701,36,M,O+,Peshawar,34.07391628611529,71.61379808651176,0,5,114,Phone,Healthy,0.38
DNR_03702,26,M,B+,Faisalabad,31.399966600808558,73.06549262336097,1,3,18,App,Minor issues,0.76
DNR_03703,27,M,O+,Quetta,30.144801425994974,66.9956188840808,0,4,119,App,Healthy,0.405
DNR_03704,25,M,B+,Peshawar,33.974136824885164,71.51729225628044,0,7,20,App,Healthy,0.95
DNR_03705,25,M,O-,Lahore,31.48390436319921,74.37785030689503,1,4,115,App,Healthy,0.42500000000000004
DNR_03706,18,F,O+,Lahore,31.517932503271034,74.40222191481271,1,6,72,SMS,Minor issues,0.54
DNR_03707,18,M,O-,Multan,30.11670047872448,71.50768613024294,0,3,74,App,Healthy,0.58
DNR_03708,21,M,A+,Peshawar,34.08137281881151,71.59737256275223,0,2,101,SMS,Minor issues,0.19499999999999998
DNR_03709,43,F,O+,Quetta,30.197924116984147,67.00446213398796,0,3,13,Phone,Minor issues,0.6849999999999999
DNR_03710,27,F,AB-,Multan,30.213250663507292,71.51628002008188,0,5,102,App,Healthy,0.5399999999999999
DNR_03711,24,M,O+,Faisalabad,31.463441305923492,73.07529171188985,1,3,72,Phone,Unhealthy,0.39
DNR_03712,49,M,B+,Islamabad,33.60800438222682,73.10655222153666,1,5,27,App,Minor issues,0.815
DNR_03713,43,M,B+,Islamabad,33.65208761287721,72.9800650163139,1,2,63,SMS,Healthy,0.485
DNR_03714,28,F,A+,Multan,30.171637688944564,71.57110261673012,0,6,42,SMS,Healthy,0.79
DNR_03715,28,M,O+,Faisalabad,31.403446589437248,73.06284847931512,1,1,56,App,Healthy,0.57
DNR_03716,35,F,O+,Multan,30.1165665859286,71.60221055254769,0,1,83,App,Healthy,0.43499999999999994
DNR_03717,29,F,A+,Quetta,30.128646942083584,66.92704556925882,0,3,17,App,Healthy,0.865
DNR_03718,18,F,A-,Karachi,24.888077100900045,66.92325660197938,1,6,59,SMS,Minor issues,0.605
DNR_03719,34,F,O+,Karachi,24.793289019620588,66.93068880035354,1,2,101,Phone,Healthy,0.295
DNR_03720,39,M,O+,Faisalabad,31.35044746098359,73.09510112639597,1,2,68,SMS,Minor issues,0.36
DNR_03721,18,F,B+,Peshawar,34.09397894988102,71.51438218229725,0,4,18,SMS,Minor issues,0.71
DNR_03722,32,M,AB-,Lahore,31.618363843007902,74.32788688338563,1,6,41,SMS,Healthy,0.795
DNR_03723,27,M,A+,Quetta,30.181516273597286,67.01725836711873,0,13,110,App,Minor issues,0.7999999999999999
DNR_03724,46,M,B+,Karachi,24.87406805988742,66.98508324569607,1,3,111,App,Healthy,0.3949999999999999
DNR_03725,22,F,A+,Quetta,30.198057615585117,67.01345985337836,0,2,39,SMS,Healthy,0.605
DNR_03726,43,F,B+,Islamabad,33.60708413844913,73.07060461871484,1,4,87,Phone,Healthy,0.46499999999999997
DNR_03727,27,M,A+,Multan,30.194299199796294,71.53678024724051,0,1,59,App,Healthy,0.5549999999999999
DNR_03728,28,M,B+,Islamabad,33.738508144618486,73.07676545686957,1,4,104,Phone,Healthy,0.38
DNR_03729,24,M,B+,Lahore,31.480457234354358,74.40370729561833,1,1,32,App,Healthy,0.69
DNR_03730,48,M,B+,Islamabad,33.64338175741817,73.05618212689254,1,7,90,App,Healthy,0.7
DNR_03731,45,F,O+,Multan,30.119284024781233,71.49277716491788,0,1,49,SMS,Healthy,0.505
DNR_03732,27,M,O+,Lahore,31.486197856398448,74.41240368578099,1,2,105,App,Healthy,0.375
DNR_03733,32,F,A+,Multan,30.18072235253532,71.57902843269986,0,5,56,App,Healthy,0.7699999999999999
DNR_03734,25,F,B+,Multan,30.14250596095755,71.49451500755033,0,1,64,SMS,Minor issues,0.32999999999999996
DNR_03735,47,F,B+,Islamabad,33.75138771997269,72.9801167784041,1,0,174,App,Unhealthy,0.05
DNR_03736,48,F,O+,Islamabad,33.74851231868824,73.12317917911817,1,1,27,SMS,Healthy,0.615
DNR_03737,33,F,B+,Karachi,24.930406398877178,67.04523123194929,1,4,7,App,Unhealthy,0.8649999999999999
DNR_03738,39,M,O+,Karachi,24.835696352048906,67.02071884952393,1,1,80,App,Healthy,0.44999999999999996
DNR_03739,50,M,A+,Peshawar,34.06198450323757,71.51265619673333,0,6,52,App,Minor issues,0.74
DNR_03740,25,M,A-,Islamabad,33.746335830084085,73.10635613850427,1,3,86,App,Healthy,0.52
DNR_03741,36,M,B+,Peshawar,34.071610332843186,71.59451546623747,0,0,195,App,Healthy,0.05
DNR_03742,31,M,A+,Peshawar,34.05746869926578,71.61767433459221,0,2,104,App,Minor issues,0.27999999999999997
DNR_03743,35,F,AB+,Faisalabad,31.358341643933745,73.09617204816583,1,0,216,Phone,Healthy,0.05
DNR_03744,24,F,O+,Lahore,31.52889606873302,74.33772964551993,1,1,112,App,Healthy,0.2899999999999999
DNR_03745,35,F,AB+,Faisalabad,31.365742220238822,73.08150166701601,1,4,39,SMS,Minor issues,0.605
DNR_03746,29,M,B-,Karachi,24.844952385006096,66.9525626935118,1,1,119,Phone,Healthy,0.15500000000000003
DNR_03747,18,M,B-,Islamabad,33.61444348793116,73.00365312261461,1,2,13,App,Healthy,0.8349999999999999
DNR_03748,36,M,A+,Islamabad,33.71187498239542,72.98386932398522,1,0,152,App,Healthy,0.05
DNR_03749,39,M,A-,Islamabad,33.72728862265689,73.0190626678188,1,6,93,SMS,Healthy,0.535
DNR_03750,18,M,A+,Quetta,30.151885812077467,67.03681523597666,0,3,73,App,Minor issues,0.485
DNR_03751,53,M,B+,Lahore,31.534757544635248,74.36181993691645,1,3,61,SMS,Healthy,0.545
DNR_03752,29,F,O+,Lahore,31.482825454109832,74.36249978398962,1,1,65,App,Healthy,0.5249999999999999
DNR_03753,50,F,O+,Quetta,30.219514087703757,67.05215237693872,0,3,48,Phone,Minor issues,0.51
DNR_03754,35,M,A+,Karachi,24.915132353794366,67.03347120953406,1,11,102,App,Minor issues,0.74
DNR_03755,31,M,O+,Multan,30.09725966382563,71.53058755643535,0,3,29,App,Minor issues,0.705
DNR_03756,37,M,B+,Lahore,31.54957541598778,74.41205930652384,1,0,188,SMS,Healthy,0.05
DNR_03757,22,M,A+,Quetta,30.160833365672353,66.91836169604119,0,3,35,SMS,Healthy,0.6749999999999999
DNR_03758,32,M,A+,Quetta,30.11361604760379,66.89562115432157,0,7,85,SMS,Minor issues,0.525
DNR_03759,31,M,O+,Multan,30.227417209085445,71.54626814755403,0,1,73,SMS,Healthy,0.385
DNR_03760,51,M,A+,Peshawar,33.96719787854898,71.52382276109518,0,5,102,SMS,Healthy,0.43999999999999995
DNR_03761,21,M,A+,Quetta,30.154136050290685,66.97393532363773,0,3,82,Phone,Healthy,0.44000000000000006
DNR_03762,38,M,A+,Peshawar,34.032609634816225,71.51463956915765,0,3,87,App,Healthy,0.515
DNR_03763,29,M,AB+,Islamabad,33.75248087087016,73.07070309560665,1,2,53,SMS,Healthy,0.5349999999999999
DNR_03764,42,F,O+,Multan,30.206462179875494,71.45192685152058,0,1,111,Phone,Healthy,0.19499999999999995
DNR_03765,24,M,O+,Faisalabad,31.463308105180992,73.13465174028926,1,9,39,App,Healthy,0.95
DNR_03766,36,F,O+,Faisalabad,31.49256623594888,73.00576528787376,1,7,39,App,Unhealthy,0.855
DNR_03767,32,M,O+,Karachi,24.874207784015013,66.97397712268311,1,6,44,SMS,Unhealthy,0.68
DNR_03768,30,M,A+,Lahore,31.522376624807126,74.39815962104132,1,6,27,App,Minor issues,0.865
DNR_03769,23,M,O+,Peshawar,34.08327937067801,71.57134760156632,0,2,9,SMS,Healthy,0.7549999999999999
DNR_03770,33,F,B+,Multan,30.17725045183848,71.48292479871996,0,2,56,Phone,Unhealthy,0.41999999999999993
DNR_03771,20,M,A+,Karachi,24.929096527931755,67.05603534277866,1,6,36,App,Healthy,0.9199999999999999
DNR_03772,26,M,O+,Karachi,24.869662011792887,66.92255944228422,1,4,82,SMS,Minor issues,0.39
DNR_03773,34,M,A+,Islamabad,33.745553134202524,73.08848645436456,1,3,20,SMS,Healthy,0.75
DNR_03774,26,M,O+,Karachi,24.89606495772633,66.96211615173439,1,3,15,App,Healthy,0.875
DNR_03775,33,F,B+,Faisalabad,31.364958150804924,73.11402129870598,1,2,34,App,Healthy,0.7299999999999999
DNR_03776,43,M,O+,Multan,30.2069206530611,71.56187231894467,0,9,44,SMS,Healthy,0.93
DNR_03777,29,F,O+,Quetta,30.157145126727467,66.90987611884749,0,1,65,App,Healthy,0.5249999999999999
DNR_03778,58,F,B+,Multan,30.19409405615456,71.46507513234319,0,2,38,App,Healthy,0.71
DNR_03779,18,F,B+,Faisalabad,31.459462270637832,73.06374193679653,1,3,103,SMS,Minor issues,0.235
DNR_03780,35,M,A+,Quetta,30.210002649427448,66.91887995552182,0,3,95,SMS,Healthy,0.375
DNR_03781,18,F,B+,Multan,30.107191408720777,71.58664496669633,0,3,46,Phone,Healthy,0.62
DNR_03782,32,M,O+,Peshawar,33.952725289496115,71.53543340629848,0,2,53,Phone,Minor issues,0.43499999999999994
DNR_03783,45,M,O+,Quetta,30.168135025948498,67.01139889275792,0,7,43,Phone,Healthy,0.8350000000000001
DNR_03784,18,F,A+,Quetta,30.180181091855136,66.9927298950542,0,2,104,Phone,Healthy,0.27999999999999997
DNR_03785,34,M,O+,Peshawar,34.05245056424228,71.59242513862307,0,2,19,App,Unhealthy,0.705
DNR_03786,41,F,B+,Lahore,31.501806577254726,74.4136205248327,1,4,63,App,Healthy,0.6849999999999999
DNR_03787,19,M,B+,Faisalabad,31.363382515101154,73.07957141993047,1,2,78,SMS,Healthy,0.4099999999999999
DNR_03788,21,M,O+,Multan,30.23221487723092,71.45519920185299,0,3,95,App,Healthy,0.475
DNR_03789,54,M,A-,Multan,30.14606677704306,71.49661688647343,0,4,117,Phone,Minor issues,0.21500000000000002
DNR_03790,48,M,A+,Karachi,24.848604125758616,66.97464322817804,1,2,69,SMS,Healthy,0.45499999999999996
DNR_03791,32,M,B+,Faisalabad,31.46258395676771,73.06883284639201,1,2,73,App,Minor issues,0.43499999999999994
DNR_03792,37,F,A+,Quetta,30.24945844836548,66.89626980413617,0,3,24,SMS,Healthy,0.73
DNR_03793,38,F,B+,Lahore,31.499089674736293,74.3972112381342,1,4,62,App,Healthy,0.69
DNR_03794,18,M,O+,Karachi,24.87279715184617,67.02545322837746,1,2,18,App,Healthy,0.8099999999999999
DNR_03795,24,M,O-,Lahore,31.596400848037135,74.2979946400944,1,1,95,SMS,Minor issues,0.175
DNR_03796,32,F,A+,Quetta,30.19063609894327,66.97818400235926,0,2,111,App,Healthy,0.345
DNR_03797,42,M,A+,Karachi,24.920579150994005,67.07643252720068,1,3,34,Phone,Minor issues,0.58
DNR_03798,46,M,A+,Lahore,31.481218314884313,74.40029315973955,1,1,77,Phone,Healthy,0.365
DNR_03799,40,F,B+,Lahore,31.53356110711127,74.42148232892379,1,3,8,App,Minor issues,0.8099999999999999
DNR_03800,27,M,B-,Islamabad,33.659608050304705,73.06162328776627,1,2,13,App,Minor issues,0.7349999999999999
DNR_03801,59,F,O+,Quetta,30.219438174563283,67.05349009919512,0,5,67,App,Healthy,0.7149999999999999
DNR_03802,29,M,O+,Lahore,31.502693622297155,74.41162861058326,1,12,7,App,Healthy,0.95
DNR_03803,45,F,O+,Peshawar,33.95950512136292,71.5854144981158,0,7,72,App,Healthy,0.79
DNR_03804,25,F,B+,Multan,30.20598313033737,71.5032089217399,0,2,103,SMS,Healthy,0.285
DNR_03805,45,M,B-,Islamabad,33.70824127478412,73.07291748587788,1,2,74,SMS,Minor issues,0.32999999999999996
DNR_03806,41,M,A-,Quetta,30.12200155845802,67.041269734095,0,4,66,App,Healthy,0.6699999999999999
DNR_03807,40,M,B+,Lahore,31.54613080191773,74.34551975983022,1,2,60,Phone,Healthy,0.5
DNR_03808,22,M,B+,Quetta,30.1033801349058,66.97187962392584,0,3,93,SMS,Minor issues,0.285
DNR_03809,31,M,A+,Peshawar,34.03214397967442,71.5108478544427,0,1,117,SMS,Minor issues,0.06500000000000002
DNR_03810,31,M,B+,Lahore,31.51752965313909,74.39055447123863,1,5,94,SMS,Healthy,0.48
DNR_03811,20,M,O+,Lahore,31.51379482195367,74.35023962623815,1,11,84,SMS,Healthy,0.83
DNR_03812,18,M,A+,Lahore,31.575774174130398,74.33973899740232,1,3,39,SMS,Healthy,0.6549999999999999
DNR_03813,35,M,B+,Quetta,30.105672065402757,66.89799872799115,0,1,42,SMS,Healthy,0.54
DNR_03814,18,M,A+,Islamabad,33.70658352655809,73.01684681718666,1,3,16,SMS,Healthy,0.77
DNR_03815,33,F,B+,Quetta,30.23737174540821,67.02311249442538,0,2,117,SMS,Healthy,0.21500000000000002
DNR_03816,24,M,O+,Karachi,24.878698645137067,67.06471516958923,1,4,114,SMS,Healthy,0.33000000000000007
DNR_03817,39,M,O-,Islamabad,33.699398777465596,73.04255939298271,1,0,371,App,Healthy,0.05
DNR_03818,48,F,A+,Karachi,24.821061781671457,66.99387666551924,1,2,86,App,Healthy,0.47
DNR_03819,25,M,O+,Islamabad,33.747508968328546,73.00988639117983,1,5,62,App,Healthy,0.74
DNR_03820,36,M,O+,Islamabad,33.68447704298111,73.03210653850384,1,1,27,Phone,Healthy,0.615
DNR_03821,43,M,B+,Multan,30.126943297499693,71.50786126548525,0,6,99,Phone,Healthy,0.505
DNR_03822,28,M,A+,Quetta,30.12406378397678,67.03271254675933,0,5,11,App,Healthy,0.95
DNR_03823,18,M,B-,Peshawar,34.05498027155647,71.62622101708408,0,1,98,App,Minor issues,0.26
DNR_03824,37,F,B+,Peshawar,34.08347456753443,71.51613536841108,0,4,43,App,Healthy,0.7849999999999999
DNR_03825,52,M,O+,Faisalabad,31.483453332975497,73.09959117403064,1,2,25,Phone,Healthy,0.6749999999999999
DNR_03826,19,M,O+,Lahore,31.574532172140003,74.41757281842003,1,1,106,App,Healthy,0.31999999999999995
DNR_03827,51,M,O+,Karachi,24.909798203889018,67.08063460809683,1,1,70,App,Healthy,0.5
DNR_03828,37,M,A+,Islamabad,33.69877875448363,73.08315828219575,1,4,69,SMS,Healthy,0.555
DNR_03829,22,F,A+,Islamabad,33.65549467693794,73.02230730332695,1,4,82,App,Healthy,0.59
DNR_03830,38,M,A+,Quetta,30.222453315547014,66.9009327377351,0,2,45,Phone,Healthy,0.575
DNR_03831,31,M,O+,Faisalabad,31.41161877363674,73.09762394900059,1,5,11,App,Healthy,0.95
DNR_03832,23,M,AB+,Quetta,30.173401906982395,67.02149242001319,0,2,28,SMS,Minor issues,0.5599999999999999
DNR_03833,18,M,O+,Peshawar,34.01964033164096,71.5507105685233,0,0,260,SMS,Healthy,0.05
DNR_03834,30,M,O-,Karachi,24.91036756675314,66.9589161152179,1,3,16,SMS,Healthy,0.77
DNR_03835,47,M,A+,Peshawar,33.97499786776655,71.66021429848426,0,5,15,App,Healthy,0.95
DNR_03836,32,F,B+,Lahore,31.52666733439354,74.34795010623257,1,4,30,App,Healthy,0.8499999999999999
DNR_03837,27,M,B+,Quetta,30.13410379899751,67.01965446482345,0,4,86,App,Healthy,0.57
DNR_03838,28,F,O+,Islamabad,33.70233468118584,72.97980570506108,1,5,65,SMS,Minor issues,0.5249999999999999
DNR_03839,41,M,A+,Faisalabad,31.387560960502125,73.09741784036959,1,2,44,App,Healthy,0.6799999999999999
DNR_03840,24,M,O-,Islamabad,33.69524419538265,73.03856071005896,1,4,76,App,Minor issues,0.52
DNR_03841,22,F,O+,Multan,30.108862753753176,71.5677230271985,0,5,24,App,Unhealthy,0.83
DNR_03842,18,F,A+,Multan,30.192846658502013,71.57363483462835,0,5,65,App,Healthy,0.7249999999999999
DNR_03843,49,F,B+,Islamabad,33.736297931128966,73.0500865858723,1,2,54,SMS,Healthy,0.5299999999999999
DNR_03844,35,F,B+,Multan,30.15284008837912,71.5395075951409,0,2,25,App,Minor issues,0.6749999999999999
DNR_03845,18,M,A+,Karachi,24.902873971561302,66.98355443514485,1,3,58,App,Healthy,0.66
DNR_03846,22,F,O+,Faisalabad,31.36937985086055,73.12746277385503,1,1,16,App,Healthy,0.77
DNR_03847,47,M,A+,Lahore,31.530117726138364,74.41132366417432,1,1,116,App,Healthy,0.27
DNR_03848,41,M,A+,Peshawar,34.06986430088657,71.6301019156202,0,8,110,SMS,Unhealthy,0.44999999999999996
DNR_03849,31,F,B+,Faisalabad,31.380256949697944,73.09975847906213,1,1,61,SMS,Healthy,0.44499999999999995
DNR_03850,28,M,B+,Lahore,31.520424093055922,74.30942563272063,1,3,92,App,Healthy,0.49
DNR_03851,18,M,B+,Faisalabad,31.47400027175488,73.14391362902674,1,2,100,SMS,Healthy,0.3
DNR_03852,37,M,O+,Quetta,30.209743911240253,66.91810151703112,0,3,35,App,Unhealthy,0.6749999999999999
DNR_03853,39,M,A+,Multan,30.11212204270906,71.57890021547225,0,3,85,SMS,Healthy,0.42500000000000004
DNR_03854,30,F,B+,Faisalabad,31.382713332488482,73.07856481339824,1,3,14,App,Minor issues,0.78
DNR_03855,27,M,B+,Lahore,31.511465676333756,74.3471564079807,1,5,95,App,Minor issues,0.475
DNR_03856,30,M,O+,Karachi,24.851566542063935,67.0077724255169,1,2,61,Phone,Healthy,0.495
DNR_03857,55,F,O+,Karachi,24.84388282952325,66.96767277997579,1,2,54,SMS,Minor issues,0.42999999999999994
DNR_03858,26,F,O+,Peshawar,34.04140194116017,71.5701784950595,0,4,18,App,Healthy,0.9099999999999999
DNR_03859,36,F,O+,Quetta,30.15950824599574,66.97230925610192,0,5,61,App,Healthy,0.7449999999999999
DNR_03860,56,F,A+,Karachi,24.795709462236154,66.94466508140778,1,4,9,SMS,Healthy,0.8549999999999999
DNR_03861,35,M,B+,Peshawar,33.98296869767067,71.5806606194853,0,3,54,App,Healthy,0.6799999999999999
DNR_03862,40,F,O+,Lahore,31.53163962197894,74.31117968384544,1,1,77,Phone,Healthy,0.365
DNR_03863,33,M,B+,Peshawar,34.02921157313928,71.51383032775078,0,8,77,App,Healthy,0.815
DNR_03864,19,M,A+,Multan,30.08076930569041,71.57044038990942,0,2,93,SMS,Healthy,0.33499999999999996
DNR_03865,45,M,A+,Karachi,24.900810213144474,67.02432766782697,1,2,102,Phone,Healthy,0.29
DNR_03866,48,M,O+,Faisalabad,31.491812493796566,73.07120057101568,1,4,68,SMS,Healthy,0.5599999999999999
DNR_03867,18,M,B+,Multan,30.107552513357525,71.60385521228889,0,0,371,App,Healthy,0.05
DNR_03868,32,M,B+,Karachi,24.833838215449184,66.96055645697949,1,0,268,App,Healthy,0.05
DNR_03869,18,M,A+,Quetta,30.15434849714351,66.92249956774893,0,3,97,SMS,Minor issues,0.265
DNR_03870,29,F,O+,Karachi,24.90177699993263,67.00916447113494,1,8,86,App,Healthy,0.77
DNR_03871,39,M,B+,Islamabad,33.7392867773152,73.06445746487606,1,1,24,SMS,Healthy,0.63
DNR_03872,48,M,AB-,Lahore,31.500439861348205,74.39787137448972,1,5,118,SMS,Minor issues,0.26
DNR_03873,30,M,O+,Islamabad,33.65660342737589,72.98141376471521,1,4,42,App,Minor issues,0.6900000000000001
DNR_03874,48,M,A-,Peshawar,33.99022578492417,71.50465972814094,0,4,115,App,Healthy,0.42500000000000004
DNR_03875,18,M,O+,Karachi,24.804786692226987,67.00799276962822,1,3,91,Phone,Minor issues,0.295
DNR_03876,30,M,B+,Islamabad,33.71744539261125,73.05850181925081,1,3,97,SMS,Healthy,0.365
DNR_03877,29,M,O+,Faisalabad,31.353994601837137,73.14773153277986,1,2,57,SMS,Healthy,0.515
DNR_03878,18,M,B+,Karachi,24.860750724091414,67.06630874864695,1,5,30,App,Healthy,0.8999999999999999
DNR_03879,34,F,O+,Lahore,31.530817894655243,74.31639353629734,1,1,113,App,Minor issues,0.18500000000000005
DNR_03880,21,F,O+,Faisalabad,31.42684489964318,73.05042162715057,1,2,84,App,Healthy,0.48
DNR_03881,37,M,B+,Islamabad,33.737636533884654,73.04110081527804,1,0,179,SMS,Healthy,0.05
DNR_03882,31,F,B+,Karachi,24.830326241117238,67.0717787728717,1,1,79,App,Healthy,0.45499999999999996
DNR_03883,29,F,A+,Peshawar,34.036603581509944,71.6352256174483,0,2,80,SMS,Healthy,0.3999999999999999
DNR_03884,32,F,A+,Quetta,30.13592772485858,66.93727146575468,0,1,119,SMS,Healthy,0.15500000000000003
DNR_03885,18,F,A+,Multan,30.19828881023363,71.5248796103193,0,1,45,SMS,Healthy,0.525
DNR_03886,34,F,B-,Karachi,24.825644984789975,67.00643268554066,1,1,18,SMS,Healthy,0.66
DNR_03887,31,M,O+,Faisalabad,31.35673082344699,73.01393674286702,1,0,262,SMS,Healthy,0.05
DNR_03888,33,M,O+,Islamabad,33.61263429877163,73.06299623858862,1,1,97,SMS,Healthy,0.265
DNR_03889,40,F,B-,Faisalabad,31.46643940434136,73.06526904834742,1,3,89,SMS,Minor issues,0.305
DNR_03890,31,M,O+,Quetta,30.16255275266966,67.03597805315205,0,6,59,Phone,Healthy,0.705
DNR_03891,33,M,A+,Islamabad,33.68627777109774,73.09433981749524,1,8,79,App,Healthy,0.8049999999999999
DNR_03892,22,M,B+,Peshawar,33.977938102416125,71.65873689422644,0,7,38,App,Healthy,0.95
DNR_03893,18,M,O+,Karachi,24.890344983268054,67.00564795701297,1,3,98,SMS,Healthy,0.36
DNR_03894,27,M,B+,Faisalabad,31.454626220461677,73.02821941042204,1,5,108,App,Healthy,0.5099999999999999
DNR_03895,40,F,A+,Faisalabad,31.359154684938773,73.06466273315165,1,1,12,App,Healthy,0.79
DNR_03896,31,M,O+,Faisalabad,31.48045930368449,73.0693452595188,1,2,107,Phone,Minor issues,0.16499999999999995
DNR_03897,18,M,O+,Multan,30.209566319473108,71.46799041425734,0,3,96,App,Healthy,0.47
DNR_03898,32,M,B+,Lahore,31.617347710375835,74.27476145333061,1,3,111,Phone,Minor issues,0.19499999999999995
DNR_03899,29,F,O+,Quetta,30.119512432777903,66.98362378191598,0,6,34,SMS,Unhealthy,0.73
DNR_03900,18,M,O+,Faisalabad,31.442505288501128,73.02596802779128,1,0,158,App,Unhealthy,0.05
DNR_03901,27,M,O+,Multan,30.203546964100713,71.479408020421,0,2,108,Phone,Healthy,0.25999999999999995
DNR_03902,25,M,O+,Islamabad,33.73470325497194,73.11023551863137,1,3,109,App,Minor issues,0.30499999999999994
DNR_03903,55,F,A-,Peshawar,33.971250525331556,71.6472408394841,0,2,34,Phone,Healthy,0.6299999999999999
DNR_03904,30,M,B+,Lahore,31.61049275773977,74.31529899198833,1,4,72,App,Healthy,0.64
DNR_03905,28,M,O+,Lahore,31.58416439246493,74.27136962403416,1,3,40,SMS,Healthy,0.65
DNR_03906,37,F,B-,Islamabad,33.658213079938015,73.05297328924999,1,5,93,SMS,Minor issues,0.38499999999999995
DNR_03907,19,F,B+,Karachi,24.901250951677167,67.04902912187609,1,1,92,App,Healthy,0.3899999999999999
DNR_03908,20,F,O+,Islamabad,33.62730761295486,73.09624579945381,1,3,43,App,Healthy,0.735
DNR_03909,41,M,A-,Faisalabad,31.396426163593556,73.12721430219395,1,1,38,Phone,Unhealthy,0.45999999999999996
DNR_03910,19,M,A-,Peshawar,34.022097032543286,71.50488608369676,0,2,67,SMS,Unhealthy,0.365
DNR_03911,43,M,O+,Peshawar,33.974857029781,71.51252571978218,0,4,69,Phone,Healthy,0.555
DNR_03912,57,M,AB+,Peshawar,34.02462922501717,71.65481329061355,0,5,22,Phone,Minor issues,0.74
DNR_03913,22,F,AB-,Multan,30.16141735527126,71.52234578380524,0,0,183,SMS,Healthy,0.05
DNR_03914,50,F,B+,Lahore,31.509955728723334,74.28880086980529,1,5,9,SMS,Healthy,0.9049999999999999
DNR_03915,34,M,B+,Quetta,30.175622312731402,67.0016452831953,0,5,106,App,Minor issues,0.41999999999999993
DNR_03916,34,M,O+,Quetta,30.129040207126025,66.98407326162642,0,2,69,App,Healthy,0.5549999999999999
DNR_03917,32,M,O+,Islamabad,33.68873136759718,73.0178551133376,1,1,100,App,Healthy,0.35
DNR_03918,32,F,O+,Karachi,24.89322932865153,67.04144311891034,1,2,67,App,Healthy,0.565
DNR_03919,29,M,B-,Islamabad,33.64846828466633,73.04762627475203,1,0,243,Phone,Healthy,0.05
DNR_03920,20,M,AB+,Karachi,24.847108387579453,67.0610113839465,1,4,108,Phone,Healthy,0.36
DNR_03921,45,M,A+,Faisalabad,31.446951351261788,73.09048436728396,1,9,62,App,Healthy,0.94
DNR_03922,31,M,O+,Karachi,24.78956434612427,67.00662860606735,1,6,118,App,Healthy,0.51
DNR_03923,47,F,O+,Peshawar,33.96726611019778,71.59215838356924,0,3,45,Phone,Minor issues,0.525
DNR_03924,44,M,O-,Lahore,31.555285393556616,74.36668226109798,1,6,40,SMS,Healthy,0.7999999999999999
DNR_03925,30,M,A+,Faisalabad,31.433106995288764,73.03575919915984,1,6,98,App,Healthy,0.61
DNR_03926,27,M,O+,Multan,30.190091170191433,71.54425372785839,0,1,109,SMS,Healthy,0.20499999999999996
DNR_03927,35,M,O+,Karachi,24.860116231643325,67.07809465018155,1,4,26,SMS,Healthy,0.7699999999999999
DNR_03928,35,F,A+,Karachi,24.872133165229197,66.92849522709746,1,2,110,SMS,Healthy,0.24999999999999994
DNR_03929,45,F,O+,Multan,30.113795153743066,71.46880313621703,0,4,31,SMS,Healthy,0.745
DNR_03930,39,M,B-,Peshawar,34.01125875542819,71.55497453559103,0,2,32,SMS,Healthy,0.6399999999999999
DNR_03931,45,M,B-,Peshawar,33.99451264371215,71.55213422919577,0,2,105,Phone,Healthy,0.27499999999999997
DNR_03932,32,M,B+,Lahore,31.4830251074343,74.35984671478852,1,3,34,SMS,Healthy,0.6799999999999999
DNR_03933,34,F,A-,Islamabad,33.71575858518983,72.98561190642705,1,5,65,SMS,Healthy,0.6249999999999999
DNR_03934,36,F,O+,Lahore,31.601976135967046,74.35685182248598,1,1,42,App,Minor issues,0.54
DNR_03935,52,M,O+,Peshawar,34.04589609988938,71.52895075762318,0,0,170,SMS,Healthy,0.05
DNR_03936,36,F,A-,Multan,30.180822250168614,71.55822480882335,0,3,59,App,Minor issues,0.555
DNR_03937,46,M,O+,Faisalabad,31.3869146568746,73.09984633226793,1,4,68,App,Healthy,0.6599999999999999
DNR_03938,34,M,O+,Quetta,30.255717800506364,66.95522267980802,0,1,89,SMS,Healthy,0.30499999999999994
DNR_03939,50,M,O+,Quetta,30.242892340849075,67.03364783844512,0,0,342,SMS,Healthy,0.05
DNR_03940,27,M,A+,Peshawar,34.06397291687297,71.54373370209706,0,12,36,Phone,Healthy,0.95
DNR_03941,40,M,O+,Islamabad,33.74266303889603,73.12166140123674,1,2,36,App,Healthy,0.72
DNR_03942,33,M,A+,Peshawar,34.002032032846216,71.5571938656365,0,7,14,App,Healthy,0.95
DNR_03943,31,M,B+,Islamabad,33.71552365219498,73.12294087888463,1,4,118,Phone,Healthy,0.31000000000000005
DNR_03944,52,F,O+,Islamabad,33.639731802860005,73.09300241937589,1,1,66,SMS,Minor issues,0.31999999999999995
DNR_03945,21,M,A+,Karachi,24.91352947257701,67.07702678434687,1,2,110,SMS,Healthy,0.24999999999999994
DNR_03946,35,F,A+,Lahore,31.583419110624373,74.38394274036898,1,2,104,App,Healthy,0.38
DNR_03947,42,M,O+,Islamabad,33.75800025747571,73.0204214104904,1,4,19,Phone,Healthy,0.805
DNR_03948,22,M,A+,Karachi,24.92764501353547,67.04864963186117,1,0,312,App,Healthy,0.05
DNR_03949,23,M,O+,Peshawar,34.06318037665626,71.52667342490902,0,1,64,Phone,Healthy,0.42999999999999994
DNR_03950,30,M,A+,Faisalabad,31.459915812877465,73.09773308717877,1,3,24,SMS,Minor issues,0.63
DNR_03951,19,F,A-,Faisalabad,31.495270098153245,73.03897140996818,1,9,10,App,Minor issues,0.95
DNR_03952,52,M,A+,Lahore,31.588380616976256,74.33799572897982,1,2,83,App,Minor issues,0.385
DNR_03953,21,F,B+,Karachi,24.877518222478354,66.92364387685615,1,1,102,App,Healthy,0.33999999999999997
DNR_03954,26,M,AB+,Quetta,30.110608589297133,67.02951376872649,0,4,64,App,Healthy,0.6799999999999999
DNR_03955,45,M,O+,Peshawar,34.04790638366328,71.5513958223579,0,3,78,App,Minor issues,0.45999999999999996
DNR_03956,48,F,O+,Islamabad,33.668488376306584,73.04673349013173,1,1,79,App,Healthy,0.45499999999999996
DNR_03957,57,M,A+,Karachi,24.83888956114224,67.0591928912969,1,2,76,SMS,Healthy,0.41999999999999993
DNR_03958,18,F,O+,Lahore,31.561630974006945,74.35759713280108,1,4,104,App,Healthy,0.48
DNR_03959,40,M,AB-,Faisalabad,31.393481538980623,73.08124146550752,1,3,49,App,Unhealthy,0.605
DNR_03960,40,M,O+,Quetta,30.23195926588886,66.91077727900974,0,3,81,App,Minor issues,0.44499999999999995
DNR_03961,36,M,O+,Quetta,30.2004514071204,67.0291211577406,0,7,13,App,Healthy,0.95
DNR_03962,40,M,O+,Lahore,31.498294139996204,74.31049924211281,1,2,53,App,Healthy,0.6349999999999999
DNR_03963,29,M,O+,Multan,30.191832699559846,71.51828180322323,0,6,91,SMS,Healthy,0.545
DNR_03964,20,M,O+,Karachi,24.80078215933864,67.05253990174778,1,0,232,Phone,Healthy,0.05
DNR_03965,36,M,A+,Quetta,30.15683915753873,66.9804914270153,0,1,111,SMS,Healthy,0.19499999999999995
DNR_03966,35,M,A+,Islamabad,33.64814125379549,72.99227001811904,1,4,87,SMS,Healthy,0.46499999999999997
DNR_03967,36,M,A+,Islamabad,33.61579302739941,73.06289700262624,1,2,84,Phone,Healthy,0.38
DNR_03968,18,M,A+,Faisalabad,31.4197106816778,73.12912583507966,1,1,58,App,Healthy,0.5599999999999999
DNR_03969,43,F,A+,Karachi,24.912267286225863,67.038341606681,1,4,34,SMS,Minor issues,0.6299999999999999
DNR_03970,23,F,B-,Multan,30.127109660638855,71.59865968009701,0,3,103,SMS,Healthy,0.33499999999999996
DNR_03971,52,F,AB-,Multan,30.188221043941034,71.58223144135053,0,3,58,Phone,Healthy,0.56
DNR_03972,18,M,B+,Karachi,24.90830669497325,66.94888842325066,1,3,34,Phone,Healthy,0.6799999999999999
DNR_03973,30,M,A+,Islamabad,33.673293324280166,73.08709688512148,1,0,254,App,Minor issues,0.05
DNR_03974,18,M,AB-,Multan,30.146712042376333,71.49545083767346,0,7,107,App,Minor issues,0.515
DNR_03975,21,M,A+,Quetta,30.106445686971142,66.91961483723489,0,2,37,App,Healthy,0.715
DNR_03976,51,M,B+,Quetta,30.204140967440637,66.99030342870401,0,1,36,SMS,Healthy,0.57
DNR_03977,37,M,O+,Lahore,31.537293313484167,74.40966462470682,1,1,12,SMS,Healthy,0.6900000000000001
DNR_03978,34,M,A+,Peshawar,34.08163370404783,71.62294647950448,0,5,69,App,Healthy,0.705
DNR_03979,18,M,O+,Karachi,24.85839474963076,67.00325107980304,1,2,81,SMS,Healthy,0.3949999999999999
DNR_03980,38,M,O+,Peshawar,34.09080979811648,71.56301826602989,0,3,117,App,Healthy,0.365
DNR_03981,44,M,AB-,Peshawar,34.01070114696947,71.58620508329136,0,4,8,App,Unhealthy,0.86
DNR_03982,39,M,B+,Multan,30.172841522748165,71.60378178628746,0,6,81,App,Healthy,0.695
DNR_03983,38,M,A+,Quetta,30.188888694496516,67.01638614673651,0,1,66,App,Healthy,0.5199999999999999
DNR_03984,26,M,O+,Karachi,24.895025705156655,66.94615487897887,1,3,39,App,Minor issues,0.6549999999999999
DNR_03985,30,M,A+,Peshawar,34.07336829458521,71.5720885748319,0,3,57,App,Healthy,0.665
DNR_03986,42,M,B+,Islamabad,33.68692240446004,73.08424427872232,1,1,47,App,Healthy,0.615
DNR_03987,49,F,O+,Peshawar,34.03158567123824,71.65286799822367,0,6,54,App,Minor issues,0.73
DNR_03988,52,M,A+,Multan,30.180146917409065,71.50036871182554,0,2,45,Phone,Healthy,0.575
DNR_03989,53,M,B+,Quetta,30.161804515505796,66.93714967556511,0,1,91,App,Healthy,0.3949999999999999
DNR_03990,26,M,B+,Peshawar,33.9946118784766,71.63944357032918,0,3,42,SMS,Healthy,0.64
DNR_03991,26,M,B+,Karachi,24.849677171236795,66.97727508610348,1,2,14,App,Healthy,0.83
DNR_03992,39,M,B+,Quetta,30.24798053215801,66.90930477202389,0,2,106,App,Healthy,0.37
DNR_03993,36,M,A+,Quetta,30.1024012012002,66.9001795865711,0,4,65,App,Minor issues,0.575
DNR_03994,41,M,A+,Islamabad,33.63862849206951,73.09118485902515,1,7,47,App,Minor issues,0.8150000000000001
DNR_03995,41,F,B+,Lahore,31.548920649823565,74.35275352163437,1,0,154,SMS,Healthy,0.05
DNR_03996,42,M,A+,Faisalabad,31.425600946999175,73.10682763151371,1,2,113,App,Healthy,0.3350000000000001
DNR_03997,47,M,O+,Islamabad,33.664391762584806,73.09879032207736,1,5,68,SMS,Healthy,0.61
DNR_03998,42,M,O+,Karachi,24.939508373250188,67.00226493224325,1,3,80,Phone,Healthy,0.44999999999999996
DNR_03999,36,F,O+,Peshawar,33.96840493627552,71.63596174227712,0,3,90,SMS,Healthy,0.4
DNR_04000,39,M,B+,Peshawar,33.95058347510305,71.53482881833695,0,0,280,App,Healthy,0.05
DNR_04001,26,M,A+,Islamabad,33.711800077652256,72.97229952615488,1,4,55,App,Healthy,0.7249999999999999
DNR_04002,38,M,O+,Islamabad,33.754294144804504,73.12564652960033,1,3,103,App,Healthy,0.43499999999999994
DNR_04003,32,M,B-,Karachi,24.934583825115944,66.98714425229322,1,2,39,App,Healthy,0.705
DNR_04004,43,F,B+,Quetta,30.210709925931276,66.95247620713684,0,7,68,App,Healthy,0.8099999999999999
DNR_04005,38,M,A+,Lahore,31.594178255900513,74.36469382081535,1,2,17,App,Healthy,0.815
DNR_04006,19,M,O+,Lahore,31.51561519479627,74.3231648519781,1,0,159,App,Minor issues,0.05
DNR_04007,40,F,B+,Faisalabad,31.395508115862384,73.10458722668763,1,12,112,Phone,Healthy,0.74
DNR_04008,37,M,A+,Faisalabad,31.474134497677127,73.02566028362774,1,8,49,App,Minor issues,0.855
DNR_04009,23,F,AB+,Islamabad,33.611351123129886,73.05466239466791,1,1,39,App,Healthy,0.6549999999999999
DNR_04010,31,M,O+,Peshawar,33.98202606173912,71.5445657490324,0,5,52,App,Healthy,0.7899999999999999
DNR_04011,29,M,O+,Peshawar,33.948263616950975,71.52298561081128,0,7,17,App,Healthy,0.95
DNR_04012,33,M,O+,Peshawar,33.98009571230739,71.54896895594035,0,6,28,SMS,Minor issues,0.76
DNR_04013,43,M,O+,Islamabad,33.69027057774569,73.10172274316893,1,3,19,SMS,Healthy,0.755
DNR_04014,41,M,O+,Faisalabad,31.396718603898943,73.03531820204618,1,0,268,App,Healthy,0.05
DNR_04015,57,M,A+,Karachi,24.805099933076214,67.02974639327603,1,3,42,Phone,Healthy,0.64
DNR_04016,23,M,A+,Islamabad,33.64416582249348,73.05970050779433,1,6,12,SMS,Healthy,0.9400000000000001
DNR_04017,18,M,O+,Islamabad,33.61920238184137,73.0481177030657,1,3,106,App,Minor issues,0.31999999999999995
DNR_04018,20,F,O+,Karachi,24.879202174765105,67.03848203086295,1,5,49,SMS,Minor issues,0.605
DNR_04019,29,F,B+,Multan,30.12610380855355,71.52269231954719,0,6,15,SMS,Healthy,0.925
DNR_04020,57,M,A+,Lahore,31.50497111203889,74.27615871448624,1,1,80,App,Unhealthy,0.35
DNR_04021,44,M,A+,Peshawar,34.094907272881144,71.59047807339846,0,6,43,App,Minor issues,0.785
DNR_04022,18,M,O+,Islamabad,33.64143293938228,73.0182780563309,1,2,95,Phone,Healthy,0.325
DNR_04023,24,M,AB+,Islamabad,33.66218535653837,72.96811817037168,1,2,66,App,Healthy,0.57
DNR_04024,45,F,A+,Faisalabad,31.354013999338044,73.10479314338866,1,2,21,Phone,Healthy,0.695
DNR_04025,53,M,B+,Karachi,24.910191874941876,66.97768999176374,1,3,23,App,Healthy,0.835
DNR_04026,45,F,O+,Quetta,30.173035942516474,67.00082277772034,0,5,73,App,Minor issues,0.585
DNR_04027,37,M,O+,Karachi,24.816297458141797,67.05835623010769,1,2,34,App,Healthy,0.7299999999999999
DNR_04028,21,F,O+,Peshawar,34.090132196575716,71.57246441293205,0,5,107,SMS,Healthy,0.4149999999999999
DNR_04029,41,M,O+,Peshawar,34.054647034370504,71.66032062293871,0,12,52,App,Healthy,0.95
DNR_04030,41,M,O+,Multan,30.210852908355363,71.44760742085475,0,0,253,Phone,Healthy,0.05
DNR_04031,45,M,A+,Quetta,30.21225169239748,66.98404339438136,0,2,73,App,Minor issues,0.43499999999999994
DNR_04032,43,M,A-,Lahore,31.48269427035661,74.42303212691999,1,3,12,App,Minor issues,0.79
DNR_04033,46,M,A+,Islamabad,33.6559390661071,73.03128636879617,1,2,99,App,Healthy,0.405
DNR_04034,25,M,O+,Karachi,24.864068584394463,66.99532066283159,1,4,29,App,Healthy,0.855
DNR_04035,18,M,B+,Faisalabad,31.421012059439352,73.04255982016177,1,1,35,SMS,Healthy,0.575
DNR_04036,47,M,O+,Karachi,24.90999977906528,66.92515650614288,1,6,45,Phone,Healthy,0.775
DNR_04037,27,M,A-,Karachi,24.933620852619672,67.05895961415996,1,0,342,App,Healthy,0.05
DNR_04038,25,F,O+,Islamabad,33.734939726007255,73.11737712425824,1,3,101,SMS,Minor issues,0.245
DNR_04039,18,M,O+,Karachi,24.902122344950588,67.05424358121402,1,6,45,App,Healthy,0.875
DNR_04040,56,F,O+,Karachi,24.826558242861896,66.93488096097089,1,7,53,App,Healthy,0.885
DNR_04041,44,F,B+,Faisalabad,31.374391939201786,73.03642696254919,1,3,53,SMS,Healthy,0.585
DNR_04042,18,F,O+,Peshawar,34.08309884469801,71.56034409682765,0,4,19,SMS,Unhealthy,0.7050000000000001
DNR_04043,38,M,B+,Karachi,24.911666962827585,67.03740283622042,1,2,77,App,Healthy,0.5149999999999999
DNR_04044,38,M,AB+,Islamabad,33.69777712547792,73.02945628994287,1,3,22,SMS,Minor issues,0.64
DNR_04045,25,M,B+,Multan,30.195851870314385,71.52131960459661,0,4,37,App,Healthy,0.815
DNR_04046,35,F,O+,Quetta,30.148350172762093,66.96341150724228,0,1,16,App,Healthy,0.77
DNR_04047,52,F,O+,Quetta,30.24671977643499,67.02184477537422,0,1,77,SMS,Healthy,0.365
DNR_04048,18,F,A+,Faisalabad,31.493159824682778,73.03807621254396,1,2,45,SMS,Minor issues,0.475
DNR_04049,24,M,A-,Peshawar,34.04720726022511,71.65906527319596,0,1,26,App,Healthy,0.72
DNR_04050,35,F,O+,Lahore,31.546756808373228,74.36103328737082,1,3,11,SMS,Minor issues,0.695
DNR_04051,36,M,O+,Karachi,24.85713055185403,66.9577392801103,1,0,243,App,Healthy,0.05
DNR_04052,37,M,A+,Karachi,24.802499598144294,66.92501961859845,1,1,85,Phone,Healthy,0.32499999999999996
DNR_04053,46,F,B+,Peshawar,34.05501845867988,71.56340318644317,0,1,28,App,Minor issues,0.61
DNR_04054,36,M,A+,Peshawar,33.951259891913736,71.54785530217006,0,2,112,SMS,Healthy,0.23999999999999994
DNR_04055,43,F,A+,Islamabad,33.641324240111466,73.08267556733767,1,3,94,App,Minor issues,0.38
DNR_04056,27,M,O+,Multan,30.164061028940157,71.50811915554706,0,2,17,SMS,Healthy,0.715
DNR_04057,40,F,B+,Lahore,31.603100158706006,74.36735152713628,1,4,118,App,Healthy,0.41000000000000003
DNR_04058,37,M,A+,Lahore,31.47736567190505,74.27643269737216,1,9,76,App,Healthy,0.8699999999999999
DNR_04059,23,F,A+,Multan,30.20837620178068,71.51276118277765,0,3,33,SMS,Healthy,0.6849999999999999
DNR_04060,18,M,A-,Lahore,31.59311056912778,74.3633578568778,1,0,293,App,Healthy,0.05
DNR_04061,24,M,O+,Karachi,24.888313751578174,67.01006658720016,1,9,42,Phone,Healthy,0.9400000000000001
DNR_04062,21,M,A+,Peshawar,33.995074878731025,71.59217371585905,0,6,69,Phone,Healthy,0.655
DNR_04063,25,M,A+,Multan,30.153991409692594,71.47636274408562,0,1,112,SMS,Minor issues,0.08999999999999993
DNR_04064,56,F,O+,Islamabad,33.683406436677295,73.1101348796653,1,3,103,SMS,Healthy,0.33499999999999996
DNR_04065,18,F,O-,Multan,30.227690241769313,71.60000833658816,0,8,86,Phone,Minor issues,0.5700000000000001
DNR_04066,18,F,O+,Lahore,31.628310394633182,74.35111205460574,1,2,58,App,Healthy,0.61
DNR_04067,22,F,O+,Lahore,31.627147886941,74.39511158247879,1,5,73,SMS,Healthy,0.585
DNR_04068,25,M,B+,Multan,30.113235090766512,71.44954892167513,0,3,95,SMS,Unhealthy,0.275
DNR_04069,43,M,O+,Karachi,24.81889773366876,67.0021788705221,1,5,50,SMS,Healthy,0.7
DNR_04070,37,M,A+,Peshawar,34.00452726635208,71.50289208559585,0,3,105,App,Minor issues,0.32499999999999996
DNR_04071,21,M,O+,Peshawar,34.05246762541308,71.60587427327596,0,3,71,SMS,Healthy,0.495
DNR_04072,39,F,O+,Peshawar,34.063806604626556,71.62930692297722,0,2,95,App,Minor issues,0.325
DNR_04073,26,F,O+,Peshawar,34.031802142674586,71.60043882127722,0,11,60,App,Healthy,0.95
DNR_04074,27,M,O-,Islamabad,33.726257651778766,73.00920211150799,1,2,22,App,Healthy,0.7899999999999999
DNR_04075,38,F,O+,Lahore,31.53837273541301,74.37615594936567,1,3,14,SMS,Healthy,0.78
DNR_04076,60,M,B+,Faisalabad,31.387457639197294,73.15447492420978,1,14,111,Phone,Healthy,0.845
DNR_04077,38,M,B+,Karachi,24.831975931074535,67.00104914350378,1,2,88,SMS,Healthy,0.36
DNR_04078,33,M,O+,Multan,30.202577633493245,71.45382580601087,0,4,102,App,Healthy,0.49
DNR_04079,42,M,B+,Lahore,31.618351407491865,74.27194087749925,1,1,21,SMS,Healthy,0.645
DNR_04080,50,F,B+,Multan,30.120131462758216,71.50732775911536,0,6,20,App,Healthy,0.95
DNR_04081,18,M,O+,Quetta,30.163293916267477,67.01097534420786,0,3,29,App,Healthy,0.8049999999999999
DNR_04082,49,M,O+,Peshawar,33.96303345516025,71.55161598890388,0,0,226,App,Minor issues,0.05
DNR_04083,45,F,B+,Quetta,30.17265966750404,67.04171209787923,0,4,77,App,Healthy,0.615
DNR_04084,31,M,A+,Islamabad,33.65493554268317,73.02330107377463,1,2,81,Phone,Minor issues,0.29499999999999993
DNR_04085,39,M,A+,Lahore,31.578850341850924,74.27535847180413,1,4,87,App,Healthy,0.565
DNR_04086,41,M,O+,Quetta,30.134746878803355,66.97943296840869,0,1,54,Phone,Healthy,0.48
DNR_04087,45,M,B+,Multan,30.094045611811055,71.50326285942563,0,1,30,App,Healthy,0.7
DNR_04088,26,M,A+,Lahore,31.472006191376497,74.27047379403292,1,10,20,App,Healthy,0.95
DNR_04089,30,M,O+,Multan,30.16998584027768,71.4714805335382,0,2,71,Phone,Healthy,0.44499999999999995
DNR_04090,18,M,A+,Lahore,31.615158053157998,74.4019191504136,1,2,82,SMS,Healthy,0.39
DNR_04091,34,F,O+,Quetta,30.13223564615634,66.92248237328133,0,3,21,SMS,Healthy,0.745
DNR_04092,60,M,A+,Islamabad,33.660229713522604,72.99732272067388,1,3,105,SMS,Healthy,0.32499999999999996
DNR_04093,18,M,O+,Peshawar,33.98218826667991,71.58766319736237,0,3,39,App,Healthy,0.7549999999999999
DNR_04094,41,M,A+,Quetta,30.19789151971124,66.96378111453298,0,5,29,SMS,Healthy,0.8049999999999999
DNR_04095,38,F,A+,Islamabad,33.721305965003054,73.02445719200612,1,7,11,App,Healthy,0.95
DNR_04096,39,M,A+,Karachi,24.78587777384909,66.93947175204568,1,3,18,Phone,Minor issues,0.66
DNR_04097,48,M,B+,Islamabad,33.744738154045244,73.00117859722386,1,12,99,SMS,Healthy,0.805
DNR_04098,44,M,O+,Karachi,24.81920033798485,66.92722581271354,1,2,58,Phone,Healthy,0.51
DNR_04099,18,F,B+,Karachi,24.824174650004867,66.94387527675289,1,3,8,SMS,Healthy,0.8099999999999999
DNR_04100,30,F,O+,Quetta,30.118156484151616,66.9645582422823,0,6,19,App,Healthy,0.95
DNR_04101,26,M,AB-,Karachi,24.84718685539897,66.98452324521674,1,4,113,Phone,Healthy,0.3350000000000001
DNR_04102,48,M,A-,Peshawar,34.051301322789264,71.54938779879718,0,1,51,App,Healthy,0.595
DNR_04103,21,M,B-,Islamabad,33.75525878016813,73.0302255647416,1,9,115,App,Healthy,0.675
DNR_04104,31,M,O+,Quetta,30.145783087170305,67.02120463220403,0,8,62,App,Healthy,0.8899999999999999
DNR_04105,34,M,O+,Islamabad,33.66955468633094,72.99073220479501,1,1,54,SMS,Healthy,0.48
DNR_04106,44,F,A+,Lahore,31.517014905042522,74.28264244584878,1,2,56,SMS,Healthy,0.5199999999999999
DNR_04107,19,M,A+,Multan,30.175943816391403,71.60141598179946,0,2,47,SMS,Minor issues,0.46499999999999997
DNR_04108,37,M,A+,Faisalabad,31.363988580832896,73.0521266599327,1,8,89,App,Healthy,0.7549999999999999
DNR_04109,31,M,O+,Lahore,31.558127916688264,74.27127907181307,1,5,113,App,Minor issues,0.385
DNR_04110,48,M,B+,Quetta,30.13740186356287,67.04239741953731,0,1,24,SMS,Healthy,0.63
DNR_04111,60,F,B-,Quetta,30.154177978737536,67.03425856909318,0,2,15,Phone,Healthy,0.725
DNR_04112,45,M,B+,Faisalabad,31.390737929554334,73.02456517707952,1,3,106,App,Healthy,0.41999999999999993
DNR_04113,22,M,B+,Quetta,30.21245989368355,66.98334612552917,0,6,16,SMS,Healthy,0.92
DNR_04114,28,M,O+,Karachi,24.874709770177223,67.07619918002838,1,2,87,Phone,Healthy,0.365
DNR_04115,42,M,B-,Faisalabad,31.419199809321157,73.11217178587822,1,4,66,Phone,Minor issues,0.47
DNR_04116,46,M,O+,Peshawar,34.07092730503487,71.55001972344735,0,3,9,App,Minor issues,0.8049999999999999
DNR_04117,29,F,O+,Lahore,31.6232398872997,74.3865067639053,1,3,67,App,Healthy,0.615
DNR_04118,38,F,B+,Lahore,31.52611990967218,74.3286824265992,1,4,111,App,Healthy,0.44499999999999995
DNR_04119,33,M,B+,Peshawar,34.04389910839601,71.62614071947243,0,1,60,Phone,Healthy,0.44999999999999996
DNR_04120,34,F,A+,Lahore,31.522717323574707,74.32946834665724,1,2,104,App,Healthy,0.38
DNR_04121,23,M,B-,Faisalabad,31.497571255909268,72.99918997505843,1,3,86,Phone,Healthy,0.42000000000000004
DNR_04122,30,M,B-,Peshawar,33.941236141679276,71.62154202283506,0,4,113,SMS,Minor issues,0.23500000000000004
DNR_04123,38,F,A+,Lahore,31.501926806138655,74.37709118533336,1,5,61,App,Minor issues,0.6449999999999999
DNR_04124,45,M,B+,Karachi,24.85406102298811,67.03002139524023,1,1,54,Phone,Healthy,0.48
DNR_04125,39,M,A+,Multan,30.17628842320623,71.4812650047863,0,5,93,SMS,Healthy,0.485
DNR_04126,27,F,B-,Quetta,30.219432172878285,67.01188361982953,0,4,87,Phone,Healthy,0.46499999999999997
DNR_04127,42,M,A+,Quetta,30.19490304823714,66.96964676988736,0,2,94,SMS,Minor issues,0.23
DNR_04128,42,M,A-,Karachi,24.815952272142464,67.00443929738611,1,4,109,Phone,Minor issues,0.25499999999999995
DNR_04129,27,M,B+,Peshawar,33.958285408632,71.55897921935782,0,5,108,SMS,Minor issues,0.30999999999999994
DNR_04130,42,M,AB-,Peshawar,34.02237571450826,71.62321826298023,0,2,64,App,Healthy,0.58
DNR_04131,22,F,A-,Quetta,30.24529883234089,66.98595566154545,0,1,29,SMS,Healthy,0.605
DNR_04132,38,M,B+,Quetta,30.19767511807639,67.02027294152097,0,0,300,App,Healthy,0.05
DNR_04133,40,F,A+,Faisalabad,31.482104809334956,73.10461161438542,1,3,63,App,Healthy,0.635
DNR_04134,18,F,O+,Karachi,24.845178718735614,67.06600026572744,1,2,18,SMS,Healthy,0.71
DNR_04135,49,M,B+,Quetta,30.14536947905325,66.93216153299537,0,4,66,SMS,Minor issues,0.47
DNR_04136,33,F,A+,Peshawar,34.084869241476454,71.61788013894453,0,4,80,App,Healthy,0.6
DNR_04137,38,M,B+,Peshawar,33.98770237202025,71.6007679450951,0,11,28,App,Healthy,0.95
DNR_04138,46,F,B+,Karachi,24.87226826849714,66.98977092771992,1,0,268,SMS,Healthy,0.05
DNR_04139,50,M,O+,Peshawar,34.01450068155511,71.56716235526322,0,7,83,SMS,Minor issues,0.535
DNR_04140,24,F,B+,Quetta,30.231609802315333,67.05355720556567,0,2,24,App,Healthy,0.7799999999999999
DNR_04141,44,F,B+,Multan,30.181844758593943,71.46055786934659,0,3,77,App,Unhealthy,0.46499999999999997
DNR_04142,27,F,B+,Quetta,30.201691355347492,66.92592882909334,0,3,102,App,Minor issues,0.33999999999999997
DNR_04143,18,F,A+,Karachi,24.842764672212446,66.94617555144859,1,1,22,App,Healthy,0.74
DNR_04144,38,M,A+,Peshawar,34.07967039726864,71.56590803621012,0,1,93,App,Healthy,0.3849999999999999
DNR_04145,43,M,B+,Peshawar,34.05148726604853,71.53637333093523,0,5,114,App,Minor issues,0.38
DNR_04146,26,F,A-,Islamabad,33.65456991578859,73.0752554810416,1,2,105,App,Healthy,0.375
DNR_04147,23,M,O+,Peshawar,34.045395507876435,71.53063993041474,0,2,104,App,Healthy,0.38
DNR_04148,18,F,O+,Quetta,30.226553702893703,66.94775827632692,0,1,8,App,Healthy,0.8099999999999999
DNR_04149,33,M,O+,Islamabad,33.67663753212296,73.1260808829807,1,6,74,App,Healthy,0.73
DNR_04150,39,F,O+,Karachi,24.792482864564136,66.98799546582028,1,3,71,App,Healthy,0.595
DNR_04151,36,M,B-,Peshawar,33.997660471333454,71.62305541224494,0,2,91,App,Healthy,0.44499999999999995
DNR_04152,35,M,B+,Multan,30.101095989319813,71.55322012859871,0,9,40,SMS,Unhealthy,0.85
DNR_04153,28,F,O+,Quetta,30.164635384015284,67.0399802770064,0,2,65,App,Healthy,0.575
DNR_04154,54,M,O+,Peshawar,34.03617126706411,71.55884843920016,0,3,41,SMS,Healthy,0.645
DNR_04155,44,M,B+,Multan,30.227389586277805,71.50425654088225,0,4,30,App,Healthy,0.8499999999999999
DNR_04156,39,M,AB-,Islamabad,33.63835935738765,73.02115284651363,1,1,57,App,Unhealthy,0.46499999999999997
DNR_04157,43,M,B+,Faisalabad,31.387858150390304,73.12607368289993,1,2,94,SMS,Minor issues,0.23
DNR_04158,26,M,O+,Quetta,30.215507975149876,66.90487462790352,0,3,20,Phone,Healthy,0.75
DNR_04159,36,F,B+,Karachi,24.912669572596787,66.98514918261237,1,1,86,SMS,Healthy,0.31999999999999995
DNR_04160,28,M,A+,Faisalabad,31.405854218351593,73.14776095609999,1,2,59,SMS,Minor issues,0.405
DNR_04161,39,M,O-,Lahore,31.6215236092772,74.37184553373261,1,2,77,App,Healthy,0.5149999999999999
DNR_04162,37,M,B+,Peshawar,34.08156127388743,71.50430111803733,0,5,54,App,Healthy,0.7799999999999999
DNR_04163,24,F,AB+,Lahore,31.60543494459246,74.3040562250487,1,4,56,App,Healthy,0.72
DNR_04164,18,M,B+,Peshawar,33.95332083390044,71.52967144385352,0,6,18,App,Healthy,0.95
DNR_04165,31,M,A+,Multan,30.114493751034935,71.56245067781829,0,6,47,App,Healthy,0.865
DNR_04166,43,F,O+,Peshawar,34.06031146126843,71.5980040413698,0,2,63,App,Minor issues,0.485
DNR_04167,22,M,O-,Karachi,24.927843083116894,66.92783979624019,1,3,80,App,Healthy,0.5499999999999999
DNR_04168,20,M,B+,Lahore,31.540815430293797,74.30835652358749,1,7,106,SMS,Healthy,0.52
DNR_04169,50,M,O+,Islamabad,33.722054102494084,73.0535716548075,1,1,102,SMS,Healthy,0.23999999999999996
DNR_04170,42,M,O+,Peshawar,33.965962509096535,71.52590470801945,0,2,75,Phone,Healthy,0.42499999999999993
DNR_04171,35,F,A+,Multan,30.23443611740688,71.47168576519655,0,1,100,SMS,Unhealthy,0.14999999999999997
DNR_04172,43,F,B+,Islamabad,33.66290797355565,73.06063437777047,1,2,92,App,Healthy,0.43999999999999995
DNR_04173,35,M,A-,Quetta,30.210617663457292,66.89811239796487,0,0,153,SMS,Healthy,0.05
DNR_04174,36,M,A+,Islamabad,33.6455311398945,73.09855113902012,1,5,28,App,Healthy,0.9099999999999999
DNR_04175,40,M,B+,Lahore,31.509797348057358,74.34277088693077,1,1,89,App,Healthy,0.4049999999999999
DNR_04176,23,F,O+,Quetta,30.19675932659219,66.96165187039146,0,1,14,App,Healthy,0.78
DNR_04177,33,M,B+,Faisalabad,31.360764671927548,73.0974714693951,1,2,103,App,Healthy,0.385
DNR_04178,27,M,B+,Lahore,31.553292428042052,74.39089046773759,1,3,68,SMS,Healthy,0.51
DNR_04179,35,M,A+,Lahore,31.481092130502994,74.3666241891812,1,7,67,Phone,Healthy,0.715
DNR_04180,24,M,O+,Karachi,24.859530655902066,67.0243758039426,1,1,90,App,Healthy,0.3999999999999999
DNR_04181,38,F,O+,Quetta,30.182249767602176,67.02218375706823,0,5,82,SMS,Healthy,0.54
DNR_04182,48,M,A+,Multan,30.153012007438438,71.58409122407106,0,1,22,App,Healthy,0.74
DNR_04183,48,F,A+,Lahore,31.613310718397155,74.40441876537108,1,5,70,App,Healthy,0.7
DNR_04184,25,F,O-,Peshawar,33.99469290217429,71.61020766934163,0,5,83,SMS,Healthy,0.535
DNR_04185,18,M,B+,Karachi,24.937036658736236,67.01011870331872,1,2,93,App,Healthy,0.43499999999999994
DNR_04186,56,M,O+,Quetta,30.17520497660777,67.00574226917557,0,2,35,App,Healthy,0.725
DNR_04187,37,F,A+,Quetta,30.127088005399,66.97172614749353,0,6,58,Phone,Healthy,0.7100000000000001
DNR_04188,23,M,A+,Karachi,24.826297001583683,66.95708966410713,1,10,90,App,Healthy,0.8499999999999999
DNR_04189,41,F,B+,Multan,30.189402067842085,71.5485986731434,0,4,57,App,Healthy,0.715
DNR_04190,18,M,O+,Karachi,24.7862980407314,67.05368836456614,1,3,25,App,Healthy,0.825
DNR_04191,24,F,O+,Quetta,30.18864277670015,66.95293930533894,0,2,101,App,Healthy,0.395
DNR_04192,23,F,O+,Karachi,24.871155368129678,66.94725557037124,1,1,12,App,Healthy,0.79
DNR_04193,40,F,A+,Multan,30.090605342402405,71.60326115917513,0,5,17,SMS,Healthy,0.865
DNR_04194,47,M,A-,Islamabad,33.680139362560546,73.07164755675878,1,2,94,Phone,Minor issues,0.23
DNR_04195,31,F,A+,Faisalabad,31.47690497875112,73.06666175198708,1,2,107,Phone,Healthy,0.26499999999999996
DNR_04196,33,M,A+,Quetta,30.221413435944317,66.95044778126638,0,4,67,SMS,Healthy,0.565
DNR_04197,41,M,A+,Peshawar,34.038751386601646,71.509485013105,0,3,33,SMS,Healthy,0.6849999999999999
DNR_04198,23,M,O+,Islamabad,33.651075316142254,73.11848524345558,1,5,108,SMS,Healthy,0.4099999999999999
DNR_04199,34,F,AB+,Lahore,31.627027844634785,74.38637605799408,1,4,25,App,Minor issues,0.775
DNR_04200,47,F,A+,Faisalabad,31.46143142126008,73.10897632585517,1,4,60,SMS,Healthy,0.6
DNR_04201,36,M,B+,Multan,30.22425734401321,71.57889722639345,0,2,23,SMS,Healthy,0.6849999999999999
DNR_04202,56,M,B+,Karachi,24.87649386908686,66.92852823576919,1,5,36,SMS,Healthy,0.7699999999999999
DNR_04203,21,M,O+,Multan,30.121505191651426,71.53901692215476,0,4,108,App,Healthy,0.45999999999999996
DNR_04204,27,M,O+,Faisalabad,31.383318634193504,73.00632124180059,1,0,354,App,Healthy,0.05
DNR_04205,18,M,O+,Islamabad,33.69365457291213,73.00135595619994,1,1,108,App,Healthy,0.30999999999999994
DNR_04206,33,M,A+,Islamabad,33.698985992228124,72.98344739344282,1,3,60,App,Healthy,0.65
DNR_04207,22,M,A+,Karachi,24.908808933798053,67.05895636075832,1,2,94,Phone,Healthy,0.33
DNR_04208,21,F,O+,Multan,30.166124481759443,71.60417450385916,0,1,22,App,Healthy,0.74
DNR_04209,33,M,O+,Lahore,31.561999998297754,74.28244551227102,1,1,101,App,Healthy,0.345
DNR_04210,30,F,O+,Multan,30.181633502572772,71.55580879552006,0,3,115,App,Healthy,0.375
DNR_04211,24,F,O+,Faisalabad,31.44306256205848,73.0660745758351,1,2,43,App,Healthy,0.6849999999999999
DNR_04212,51,M,A+,Quetta,30.15339143597074,66.94810116207182,0,2,19,SMS,Healthy,0.705
DNR_04213,22,M,O+,Peshawar,34.01248314848112,71.6271695768214,0,2,57,SMS,Minor issues,0.41500000000000004
DNR_04214,31,F,A+,Lahore,31.598398466160198,74.33887685877292,1,6,61,Phone,Minor issues,0.595
DNR_04215,33,F,A+,Peshawar,33.93578717862926,71.52842078803047,0,2,72,App,Healthy,0.5399999999999999
DNR_04216,35,M,B+,Karachi,24.821031195214026,66.99701035245259,1,1,68,App,Healthy,0.5099999999999999
DNR_04217,34,F,O+,Islamabad,33.684245838947234,73.05355365558555,1,7,102,App,Healthy,0.64
DNR_04218,37,F,B+,Lahore,31.537511724479216,74.40188359716265,1,4,39,SMS,Minor issues,0.605
DNR_04219,40,F,A+,Peshawar,34.029348845473706,71.58718130817978,0,6,29,SMS,Healthy,0.855
DNR_04220,37,M,B+,Islamabad,33.74575642463197,73.08925867153991,1,8,100,App,Healthy,0.7
DNR_04221,18,F,O+,Karachi,24.93991846048378,67.03662698962165,1,4,16,App,Healthy,0.9199999999999999
DNR_04222,23,M,A+,Lahore,31.470221773923942,74.31612692098922,1,5,9,App,Minor issues,0.9049999999999999
DNR_04223,29,M,O+,Quetta,30.257859390423647,66.98802829528903,0,4,44,App,Unhealthy,0.68
DNR_04224,18,M,AB-,Peshawar,33.97960800152003,71.65689263454436,0,1,49,App,Healthy,0.605
DNR_04225,26,M,O+,Peshawar,34.042052761732904,71.56563976945738,0,2,81,App,Healthy,0.4949999999999999
DNR_04226,42,F,O+,Islamabad,33.62617650297314,72.98907006504682,1,5,98,App,Minor issues,0.45999999999999996
DNR_04227,47,F,AB+,Faisalabad,31.391646059767353,73.03947171068008,1,6,9,App,Healthy,0.95
DNR_04228,37,M,O+,Lahore,31.490585812580004,74.36530650234675,1,0,176,App,Healthy,0.05
DNR_04229,29,M,O+,Lahore,31.59904820399875,74.40977447215386,1,0,364,App,Healthy,0.05
DNR_04230,37,F,AB+,Peshawar,33.98048301017076,71.57355092200304,0,4,115,App,Healthy,0.42500000000000004
DNR_04231,18,F,B+,Faisalabad,31.35880935910409,73.01133966981138,1,5,63,App,Minor issues,0.6349999999999999
DNR_04232,42,M,O+,Peshawar,34.013123205351334,71.62182738208526,0,6,60,SMS,Healthy,0.7000000000000001
DNR_04233,27,M,B+,Karachi,24.88031326344224,67.00280513073363,1,0,231,SMS,Healthy,0.05
DNR_04234,18,M,B+,Islamabad,33.651832285642506,73.05156165391217,1,1,58,App,Healthy,0.5599999999999999
DNR_04235,39,M,A+,Peshawar,33.957321572394406,71.65060266086024,0,10,102,SMS,Healthy,0.69
DNR_04236,45,F,B+,Peshawar,34.080813152701054,71.55107581047318,0,2,83,App,Healthy,0.485
DNR_04237,35,F,O+,Peshawar,34.05678877509852,71.52859649889095,0,1,48,Phone,Healthy,0.51
DNR_04238,33,M,O+,Multan,30.149341204027447,71.45066053539317,0,2,80,SMS,Unhealthy,0.29999999999999993
DNR_04239,31,M,O+,Multan,30.207818606635204,71.53136304554401,0,8,13,App,Healthy,0.95
DNR_04240,50,F,B+,Faisalabad,31.371537308866728,73.02459473275896,1,7,24,SMS,Minor issues,0.8300000000000001
DNR_04241,18,M,A-,Peshawar,34.061023685267585,71.6492147890004,0,5,16,App,Healthy,0.95
DNR_04242,35,F,B+,Lahore,31.57584436361527,74.31766786583204,1,3,61,App,Healthy,0.645
DNR_04243,28,M,B+,Multan,30.101426916129935,71.525831035273,0,0,246,Phone,Healthy,0.05
DNR_04244,37,F,B+,Lahore,31.482498969693886,74.38254074202447,1,5,22,SMS,Healthy,0.84
DNR_04245,22,M,A+,Lahore,31.5710272539937,74.39372253268967,1,1,36,SMS,Healthy,0.57
DNR_04246,40,F,B-,Quetta,30.127557481566523,67.04764637070939,0,5,119,App,Minor issues,0.355
DNR_04247,44,M,A+,Faisalabad,31.460736551805198,73.00804954711758,1,5,58,App,Healthy,0.76
DNR_04248,51,M,O+,Islamabad,33.61414330060663,72.98803233873362,1,5,52,SMS,Healthy,0.69
DNR_04249,48,M,A+,Multan,30.132602548379676,71.592814844525,0,3,105,SMS,Healthy,0.32499999999999996
DNR_04250,18,M,B-,Multan,30.19962834921696,71.60025337943124,0,1,54,App,Healthy,0.58
DNR_04251,18,M,O+,Quetta,30.211857263474386,66.9306690752281,0,4,103,SMS,Healthy,0.385
DNR_04252,45,M,B+,Quetta,30.11643983275362,66.97126817938216,0,1,7,SMS,Healthy,0.715
DNR_04253,39,M,AB+,Islamabad,33.729894742231636,73.01357826676336,1,4,28,SMS,Healthy,0.7599999999999999
DNR_04254,44,F,B+,Peshawar,34.07480056684407,71.56131818176355,0,4,98,App,Minor issues,0.41000000000000003
DNR_04255,32,M,B-,Peshawar,34.05438046416179,71.56949749100144,0,1,41,SMS,Minor issues,0.445
DNR_04256,36,F,O+,Multan,30.231874839889745,71.47098556900433,0,2,89,App,Minor issues,0.355
DNR_04257,58,M,O+,Peshawar,33.939641187203605,71.60597767382743,0,5,74,App,Healthy,0.6799999999999999
DNR_04258,18,M,O+,Multan,30.170729399729137,71.53975194167792,0,2,8,SMS,Minor issues,0.6599999999999999
DNR_04259,48,F,A-,Islamabad,33.70618880757708,73.06304237561586,1,1,82,App,Healthy,0.43999999999999995
DNR_04260,31,M,O+,Multan,30.116690247745417,71.52676435464494,0,6,38,App,Minor issues,0.8099999999999999
DNR_04261,42,F,O+,Peshawar,33.99514739292119,71.58758827999097,0,2,68,App,Minor issues,0.45999999999999996
DNR_04262,60,M,B+,Peshawar,34.0226983079613,71.66021385368788,0,1,114,App,Minor issues,0.18000000000000005
DNR_04263,32,M,A+,Karachi,24.8255325632068,67.05039862880436,1,0,243,SMS,Healthy,0.05
DNR_04264,38,M,B+,Lahore,31.496212123956077,74.38631145517923,1,1,59,SMS,Healthy,0.45499999999999996
DNR_04265,34,M,O+,Quetta,30.19915918851863,66.96902879201988,0,5,42,App,Healthy,0.84
DNR_04266,18,F,A+,Islamabad,33.69533535464198,73.06575686560875,1,4,44,App,Healthy,0.78
DNR_04267,39,M,B+,Islamabad,33.71453262942933,73.02977563077688,1,2,26,App,Healthy,0.7699999999999999
DNR_04268,33,M,A+,Quetta,30.23985307303678,67.0481311021326,0,4,25,App,Healthy,0.875
DNR_04269,41,M,O+,Lahore,31.580048608866864,74.28455703332313,1,3,24,SMS,Minor issues,0.63
DNR_04270,41,F,O-,Faisalabad,31.44499760648446,73.08383496156362,1,0,388,App,Healthy,0.05
DNR_04271,18,F,O+,Faisalabad,31.353404910890657,73.00983617292673,1,5,45,App,Healthy,0.825
DNR_04272,44,M,O+,Islamabad,33.65166339424912,73.0152362449642,1,3,103,SMS,Healthy,0.33499999999999996
DNR_04273,32,M,A+,Karachi,24.856473485458704,66.98281476693752,1,7,7,SMS,Healthy,0.95
DNR_04274,28,M,O+,Lahore,31.557208034874794,74.31162968257793,1,2,116,App,Healthy,0.32000000000000006
DNR_04275,39,M,A+,Islamabad,33.72015927011632,72.98254990709516,1,3,79,SMS,Healthy,0.45499999999999996
DNR_04276,57,M,B-,Karachi,24.81274400300821,67.04476459421694,1,3,81,SMS,Healthy,0.44499999999999995
DNR_04277,24,M,A+,Faisalabad,31.352440669031175,73.12665470718926,1,3,76,SMS,Healthy,0.47
DNR_04278,35,M,B+,Karachi,24.807062556640606,66.99761123234232,1,1,115,App,Minor issues,0.17500000000000004
DNR_04279,45,M,B+,Multan,30.154052459726074,71.59099570533381,0,1,72,App,Minor issues,0.39
DNR_04280,33,M,A+,Multan,30.12589787889318,71.44620577216905,0,4,53,App,Healthy,0.7349999999999999
DNR_04281,40,M,A+,Faisalabad,31.4565623168507,73.11587774426626,1,5,56,App,Minor issues,0.6699999999999999
DNR_04282,36,M,A+,Multan,30.111794251919775,71.56764193845466,0,2,60,App,Healthy,0.6
DNR_04283,41,M,A+,Quetta,30.12950231830307,66.9332746604566,0,1,66,App,Healthy,0.5199999999999999
DNR_04284,30,F,O+,Karachi,24.879779331262487,67.06235618302321,1,10,36,App,Minor issues,0.95
DNR_04285,34,F,B+,Lahore,31.607187620479245,74.35327735294624,1,3,102,App,Healthy,0.43999999999999995
DNR_04286,35,M,B+,Peshawar,34.01952668870855,71.51173771021175,0,1,62,App,Healthy,0.5399999999999999
DNR_04287,18,M,B+,Faisalabad,31.469920254912708,73.01633078331483,1,13,40,App,Healthy,0.95
DNR_04288,29,M,A+,Peshawar,33.96575092353932,71.56330881400612,0,1,11,App,Healthy,0.7949999999999999
DNR_04289,41,M,A+,Lahore,31.59136005424385,74.40456024496862,1,0,174,App,Healthy,0.05
DNR_04290,25,M,B+,Islamabad,33.715723615301265,72.97897275356208,1,3,20,Phone,Healthy,0.75
DNR_04291,55,M,O+,Multan,30.167609576096822,71.54384090427774,0,7,40,App,Healthy,0.95
DNR_04292,43,F,A+,Quetta,30.238489243829456,66.91292232184311,0,4,17,App,Healthy,0.915
DNR_04293,57,F,A+,Karachi,24.8242889338883,67.04894207971512,1,3,119,SMS,Unhealthy,0.15500000000000003
DNR_04294,48,M,B+,Quetta,30.17575988126987,66.95753448646657,0,7,110,App,Minor issues,0.5
DNR_04295,31,M,A+,Quetta,30.157096954044682,67.03254613238933,0,4,115,App,Healthy,0.42500000000000004
DNR_04296,35,M,O+,Faisalabad,31.356827505581823,73.00327559723287,1,1,44,App,Healthy,0.63
DNR_04297,43,M,B+,Multan,30.181871687140966,71.58134422849636,0,4,103,SMS,Healthy,0.385
DNR_04298,20,F,A+,Islamabad,33.760648599108315,73.12326711219666,1,0,347,Phone,Minor issues,0.05
DNR_04299,18,F,A+,Peshawar,33.96792388207963,71.56842408752314,0,4,58,SMS,Minor issues,0.51
DNR_04300,34,F,O+,Islamabad,33.75063957943582,73.10592598933852,1,6,86,SMS,Healthy,0.5700000000000001
DNR_04301,43,F,B+,Peshawar,34.09289038749441,71.5401509745338,0,10,74,App,Healthy,0.9299999999999999
DNR_04302,39,F,O+,Quetta,30.18346639234876,66.89642440412204,0,3,15,App,Healthy,0.875
DNR_04303,22,M,B+,Karachi,24.8480369910692,66.96104354746652,1,3,18,App,Healthy,0.86
DNR_04304,23,M,O+,Karachi,24.923028377407213,67.04563059016576,1,2,7,SMS,Healthy,0.7649999999999999
DNR_04305,33,M,AB-,Multan,30.21754345137011,71.47227592249322,0,8,111,SMS,Healthy,0.5449999999999999
DNR_04306,37,M,A+,Karachi,24.80344250212264,67.05724688144844,1,5,58,SMS,Healthy,0.66
DNR_04307,39,M,B+,Multan,30.228788090154723,71.56373112344069,0,2,11,App,Healthy,0.8449999999999999
DNR_04308,40,M,AB+,Lahore,31.561877330201646,74.33093288858142,1,5,22,SMS,Healthy,0.84
DNR_04309,38,M,O+,Islamabad,33.72455856174851,73.03643848874046,1,4,41,SMS,Healthy,0.695
DNR_04310,23,M,AB-,Multan,30.167514766265377,71.54648494376244,0,4,64,App,Healthy,0.6799999999999999
DNR_04311,42,M,O+,Karachi,24.846491125601933,66.99133611588965,1,1,69,App,Healthy,0.505
DNR_04312,18,M,B+,Faisalabad,31.488996824159276,73.04161983177455,1,0,220,SMS,Healthy,0.05
DNR_04313,47,M,B+,Karachi,24.7976038658826,66.97436661627913,1,1,87,App,Healthy,0.4149999999999999
DNR_04314,45,F,B+,Quetta,30.157136040155155,66.94330554485902,0,4,97,App,Healthy,0.515
DNR_04315,34,M,O+,Faisalabad,31.39717943291594,73.02762201765066,1,2,99,App,Minor issues,0.305
DNR_04316,25,M,O+,Lahore,31.481330665557472,74.34984239013339,1,1,114,SMS,Minor issues,0.08000000000000003
DNR_04317,55,M,O+,Karachi,24.792880481063516,67.00372352419801,1,5,101,Phone,Minor issues,0.345
DNR_04318,58,M,A+,Karachi,24.89418436192345,66.96423814089188,1,1,59,SMS,Healthy,0.45499999999999996
DNR_04319,18,F,O-,Multan,30.15854914874203,71.48577807527172,0,0,251,SMS,Healthy,0.05
DNR_04320,32,F,A+,Faisalabad,31.35232077644901,73.04180679450864,1,1,44,Phone,Healthy,0.53
DNR_04321,20,M,O+,Faisalabad,31.388361743308078,73.15780078961606,1,3,40,SMS,Healthy,0.65
DNR_04322,43,F,B+,Quetta,30.136738778153035,66.89611124617007,0,1,39,SMS,Healthy,0.5549999999999999
DNR_04323,39,M,A+,Quetta,30.179246885318083,66.91897373075062,0,1,44,SMS,Healthy,0.53
DNR_04324,27,M,B+,Faisalabad,31.447918242842803,73.10957448646901,1,3,105,SMS,Minor issues,0.22499999999999998
DNR_04325,37,F,A+,Faisalabad,31.37122549985716,73.12675480343148,1,3,85,App,Minor issues,0.42500000000000004
DNR_04326,34,M,B+,Faisalabad,31.389975056931654,73.10776883233902,1,6,81,Phone,Minor issues,0.495
DNR_04327,60,M,AB-,Lahore,31.566429492632853,74.27720539246367,1,4,51,App,Minor issues,0.6449999999999999
DNR_04328,38,F,AB+,Peshawar,34.06356450997969,71.62701531250431,0,6,118,App,Healthy,0.51
DNR_04329,52,F,A+,Karachi,24.881238344683503,67.01101566690446,1,4,76,App,Minor issues,0.52
DNR_04330,39,M,A+,Quetta,30.210364376616447,66.9226352856284,0,3,51,SMS,Healthy,0.595
DNR_04331,25,M,B+,Multan,30.19107185855402,71.49368094889081,0,4,90,SMS,Healthy,0.44999999999999996
DNR_04332,34,M,B-,Islamabad,33.69657243353045,73.0148893886306,1,3,46,SMS,Healthy,0.62
DNR_04333,24,F,A-,Faisalabad,31.47315853576079,73.01996889800387,1,5,35,SMS,Unhealthy,0.675
DNR_04334,35,M,B+,Karachi,24.89949774795651,67.08046781154624,1,3,102,App,Unhealthy,0.33999999999999997
DNR_04335,35,F,A-,Lahore,31.575662239245364,74.30913059184208,1,2,37,App,Healthy,0.715
DNR_04336,33,F,B+,Lahore,31.535187888707636,74.29765737346506,1,1,12,App,Healthy,0.79
DNR_04337,28,M,O+,Islamabad,33.682226136014975,72.98247542262894,1,7,110,Phone,Healthy,0.5
DNR_04338,52,F,AB+,Karachi,24.93525291860812,66.9376503741806,1,7,56,App,Healthy,0.8699999999999999
DNR_04339,37,F,A+,Multan,30.22982620486604,71.56292671162896,0,2,36,SMS,Healthy,0.62
DNR_04340,18,M,AB-,Islamabad,33.751760268656234,73.01404714523999,1,1,11,SMS,Healthy,0.695
DNR_04341,20,M,O-,Islamabad,33.73034807624394,73.10981976763436,1,1,34,SMS,Minor issues,0.4799999999999999
DNR_04342,36,F,O+,Lahore,31.599248456039277,74.3776706877222,1,2,43,App,Healthy,0.6849999999999999
DNR_04343,35,F,A+,Peshawar,33.96829898839984,71.64742863600078,0,3,39,Phone,Healthy,0.6549999999999999
DNR_04344,57,M,O+,Islamabad,33.67997649623853,73.10037019539212,1,5,53,SMS,Unhealthy,0.585
DNR_04345,34,M,B+,Multan,30.161449740964535,71.60296505436914,0,2,29,SMS,Healthy,0.6549999999999999
DNR_04346,53,M,O+,Peshawar,34.08417759504501,71.65026139188055,0,3,90,SMS,Healthy,0.4
DNR_04347,24,M,B+,Karachi,24.84491260030007,66.96183257611015,1,0,256,App,Healthy,0.05
DNR_04348,43,F,O+,Karachi,24.8192787904982,67.04241976196356,1,4,98,Phone,Minor issues,0.31
DNR_04349,22,M,A+,Lahore,31.616630027591555,74.29766171197845,1,5,66,SMS,Healthy,0.62
DNR_04350,39,F,A+,Peshawar,33.9888371050001,71.6141717262086,0,0,384,SMS,Healthy,0.05
DNR_04351,29,M,A-,Islamabad,33.72088144185015,73.0412585906085,1,1,28,SMS,Minor issues,0.51
DNR_04352,41,M,B+,Karachi,24.808313099019927,67.07012743589259,1,5,42,SMS,Healthy,0.74
DNR_04353,20,M,A+,Multan,30.165596222840442,71.47104792198533,0,4,12,SMS,Minor issues,0.74
DNR_04354,30,M,B+,Peshawar,33.99993860293858,71.61698205997888,0,4,67,App,Healthy,0.6649999999999999
DNR_04355,23,M,B+,Multan,30.111901242529086,71.53627453990768,0,2,61,SMS,Healthy,0.495
DNR_04356,26,F,B+,Quetta,30.206781835996637,66.91637555238614,0,5,43,App,Minor issues,0.735
DNR_04357,29,M,A+,Faisalabad,31.45720379814194,73.00064020289416,1,3,41,App,Healthy,0.745
DNR_04358,26,F,A+,Karachi,24.85868690500282,67.04537393205257,1,2,26,App,Minor issues,0.6699999999999999
DNR_04359,32,M,B+,Multan,30.147042975129438,71.57411329491046,0,0,256,Phone,Healthy,0.05
DNR_04360,31,M,O+,Quetta,30.212808180898573,66.98630224223602,0,2,115,SMS,Minor issues,0.12500000000000003
DNR_04361,18,F,B+,Islamabad,33.711981845158626,73.07855032534026,1,5,53,SMS,Healthy,0.6849999999999999
DNR_04362,37,M,O+,Quetta,30.12796038562738,66.96057533544017,0,1,72,Phone,Minor issues,0.29
DNR_04363,32,M,B+,Islamabad,33.658850209611614,73.01856593222814,1,4,80,SMS,Healthy,0.5
DNR_04364,38,M,B+,Islamabad,33.70009323958138,72.99352555015342,1,1,102,SMS,Healthy,0.23999999999999996
DNR_04365,18,M,B-,Quetta,30.237256726931854,67.02403445010228,0,1,103,App,Healthy,0.33499999999999996
DNR_04366,44,M,O+,Lahore,31.53969412891265,74.29232819709443,1,4,87,SMS,Healthy,0.46499999999999997
DNR_04367,56,M,AB+,Lahore,31.575828349247022,74.40824457184755,1,3,93,App,Healthy,0.485
DNR_04368,36,M,B-,Quetta,30.245483277506526,67.01642984274984,0,2,87,App,Healthy,0.46499999999999997
DNR_04369,31,F,B+,Faisalabad,31.344275583186676,73.06007556618106,1,4,97,SMS,Minor issues,0.315
DNR_04370,27,M,B+,Islamabad,33.67879748930896,73.08704106306867,1,3,17,App,Healthy,0.865
DNR_04371,48,M,O+,Multan,30.17876030871243,71.5398687504571,0,2,88,SMS,Healthy,0.36
DNR_04372,47,M,A+,Islamabad,33.66831047087112,73.1157639325703,1,3,119,SMS,Minor issues,0.15500000000000003
DNR_04373,27,M,O-,Lahore,31.628565505764332,74.28432295564347,1,4,92,App,Healthy,0.5399999999999999
DNR_04374,40,M,B+,Quetta,30.182941676462743,66.96945649044491,0,3,95,App,Minor issues,0.375
DNR_04375,18,F,A+,Faisalabad,31.367798165961524,73.119246432614,1,6,102,App,Healthy,0.59
DNR_04376,18,M,O+,Faisalabad,31.46069164888066,73.1109337580137,1,4,35,App,Healthy,0.825
DNR_04377,22,F,O+,Multan,30.110718609393814,71.59459690310493,0,3,13,SMS,Healthy,0.7849999999999999
DNR_04378,18,M,A+,Karachi,24.922602272417144,66.95256446547842,1,5,80,App,Healthy,0.6499999999999999
DNR_04379,22,M,A+,Faisalabad,31.396741494892385,73.1006387734962,1,2,110,SMS,Healthy,0.24999999999999994
DNR_04380,32,F,O+,Multan,30.225007284894755,71.48800115273563,0,5,119,App,Healthy,0.45499999999999996
DNR_04381,26,M,O+,Peshawar,33.994469523135116,71.65013963232884,0,4,29,SMS,Healthy,0.755
DNR_04382,30,F,B+,Quetta,30.102450003306444,67.05135895687646,0,1,94,SMS,Healthy,0.28
DNR_04383,46,M,O+,Faisalabad,31.45446502713203,73.10968573263177,1,5,28,SMS,Healthy,0.8099999999999999
DNR_04384,33,M,B+,Multan,30.176815849147697,71.47007471365342,0,8,57,SMS,Healthy,0.8150000000000001
DNR_04385,18,M,O+,Multan,30.109215040979016,71.60005552281238,0,2,81,App,Minor issues,0.3949999999999999
DNR_04386,26,F,B+,Peshawar,34.05113243336863,71.52174584022305,0,2,31,App,Healthy,0.7449999999999999
DNR_04387,25,F,O+,Faisalabad,31.411090272681246,73.1447285460081,1,9,92,SMS,Healthy,0.69
DNR_04388,18,M,AB-,Faisalabad,31.44894172045266,73.00275716128114,1,3,12,App,Healthy,0.89
DNR_04389,30,M,A+,Islamabad,33.67169694481367,73.02317125572904,1,5,17,SMS,Minor issues,0.765
DNR_04390,20,M,O+,Multan,30.079369333262587,71.51464590234089,0,4,111,SMS,Healthy,0.345
DNR_04391,29,F,A+,Peshawar,33.940891767028894,71.60389717681139,0,4,111,App,Healthy,0.44499999999999995
DNR_04392,38,M,O+,Quetta,30.232414109001446,66.98732096872155,0,2,53,App,Minor issues,0.5349999999999999
DNR_04393,38,M,O+,Peshawar,33.949244307149144,71.6174141054165,0,1,32,SMS,Healthy,0.59
DNR_04394,32,M,O+,Islamabad,33.631423412171245,72.98440613942772,1,2,54,App,Healthy,0.6299999999999999
DNR_04395,33,M,A+,Lahore,31.50264371673198,74.37186629994605,1,2,75,Phone,Healthy,0.42499999999999993
DNR_04396,55,M,A+,Islamabad,33.650644859704045,73.0000700174288,1,3,17,SMS,Minor issues,0.665
DNR_04397,25,M,O+,Multan,30.183503602329395,71.50378018870161,0,0,223,App,Healthy,0.05
DNR_04398,47,M,O+,Quetta,30.217932933201997,66.90956636669122,0,7,8,App,Healthy,0.95
DNR_04399,18,F,A+,Quetta,30.159966899229822,67.00426340787756,0,3,74,Phone,Healthy,0.48
DNR_04400,37,F,B+,Quetta,30.21497062748012,67.02729274891124,0,5,29,SMS,Healthy,0.8049999999999999
DNR_04401,29,M,A+,Islamabad,33.69468484250763,73.06364232337438,1,1,70,Phone,Healthy,0.4
DNR_04402,25,M,A+,Karachi,24.786041643814098,66.92276024363322,1,7,96,SMS,Healthy,0.5700000000000001
DNR_04403,35,M,B+,Multan,30.148278423795546,71.60108602497442,0,4,86,Phone,Healthy,0.47
DNR_04404,24,F,B+,Islamabad,33.727406997773194,73.1097509072912,1,3,110,Phone,Healthy,0.29999999999999993
DNR_04405,18,M,O+,Quetta,30.200616148447327,66.93970290314121,0,2,45,SMS,Healthy,0.575
DNR_04406,48,M,B+,Karachi,24.78441342253622,66.95275240346866,1,3,31,SMS,Healthy,0.695
DNR_04407,20,M,B+,Faisalabad,31.440160098492605,73.0885763423293,1,6,25,SMS,Healthy,0.875
DNR_04408,31,M,B+,Quetta,30.166754703849946,67.04881857344466,0,7,81,SMS,Healthy,0.6449999999999999
DNR_04409,18,F,O+,Quetta,30.254764846651327,66.9813299017435,0,8,31,SMS,Healthy,0.945
DNR_04410,36,F,B-,Lahore,31.575168943514534,74.32583857216446,1,1,18,SMS,Healthy,0.66
DNR_04411,26,M,AB-,Lahore,31.518170866370383,74.33549759068792,1,1,29,App,Minor issues,0.605
DNR_04412,51,M,B+,Faisalabad,31.409209692088886,73.03838185440932,1,3,47,SMS,Healthy,0.615
DNR_04413,32,M,O+,Faisalabad,31.372291494492725,73.00559228739151,1,1,52,App,Healthy,0.59
DNR_04414,36,M,O+,Lahore,31.56100374866119,74.35827082599246,1,16,100,App,Healthy,0.95
DNR_04415,37,F,O+,Faisalabad,31.380434834158823,73.0346666152217,1,3,60,SMS,Healthy,0.55
DNR_04416,44,F,O+,Islamabad,33.63268865766137,72.98583567679722,1,2,33,SMS,Healthy,0.6349999999999999
DNR_04417,39,F,A+,Quetta,30.172099746350643,66.8958174461378,0,5,96,App,Healthy,0.57
DNR_04418,36,M,O+,Faisalabad,31.399081729444465,72.99921068332756,1,8,42,App,Healthy,0.95
DNR_04419,41,M,A+,Lahore,31.513892746233413,74.3324500186618,1,7,66,App,Healthy,0.82
DNR_04420,43,F,O+,Multan,30.107302030536435,71.4634267768055,0,3,62,Phone,Healthy,0.54
DNR_04421,27,M,O-,Multan,30.189300403968105,71.60154550465482,0,5,64,SMS,Healthy,0.63
DNR_04422,46,M,B+,Peshawar,34.037155779079235,71.64497053150991,0,4,110,SMS,Healthy,0.35
DNR_04423,31,M,A+,Islamabad,33.639857743662425,73.00256800257301,1,2,90,App,Healthy,0.44999999999999996
DNR_04424,26,M,B+,Multan,30.093566748875286,71.48064792565778,0,4,58,SMS,Healthy,0.61
DNR_04425,38,M,A+,Faisalabad,31.392197756988292,73.13583337278595,1,5,35,Phone,Healthy,0.775
DNR_04426,36,M,B+,Karachi,24.79167278616948,67.05799074670588,1,1,64,Phone,Minor issues,0.32999999999999996
DNR_04427,37,F,AB+,Peshawar,33.94376784251305,71.62012777723591,0,7,54,App,Healthy,0.8799999999999999
DNR_04428,38,F,O+,Islamabad,33.62294972385131,73.11403556671281,1,6,28,SMS,Minor issues,0.76
DNR_04429,25,M,A+,Karachi,24.87279388744222,67.0285948725855,1,4,33,Phone,Healthy,0.735
DNR_04430,44,F,A+,Faisalabad,31.35103742706974,73.06839591869706,1,0,387,SMS,Healthy,0.05
DNR_04431,29,F,O+,Karachi,24.878351152548696,66.94471650299721,1,5,101,SMS,Healthy,0.44499999999999995
DNR_04432,32,F,A+,Faisalabad,31.483147561687694,73.15177541263272,1,0,363,Phone,Minor issues,0.05
DNR_04433,22,F,AB+,Quetta,30.195826011017044,66.90839669722759,0,1,54,Phone,Healthy,0.48
DNR_04434,29,F,O+,Faisalabad,31.382711765738115,73.0555823009529,1,2,118,App,Minor issues,0.21000000000000002
DNR_04435,23,F,O+,Faisalabad,31.38042983346146,73.10561605016251,1,2,57,Phone,Minor issues,0.41500000000000004
DNR_04436,18,F,A+,Quetta,30.248426595105155,66.97436427278902,0,1,66,Phone,Healthy,0.41999999999999993
DNR_04437,35,M,B+,Lahore,31.47080480831702,74.32750824449803,1,2,7,SMS,Healthy,0.7649999999999999
DNR_04438,44,M,O-,Quetta,30.215130368319542,66.9989466467256,0,1,69,SMS,Healthy,0.405
DNR_04439,29,F,AB-,Faisalabad,31.388880143034918,73.10690387651121,1,3,109,App,Healthy,0.4049999999999999
DNR_04440,42,M,O+,Quetta,30.186526785995802,67.03887478366069,0,3,100,App,Healthy,0.44999999999999996
DNR_04441,37,F,O+,Multan,30.217468255376275,71.54323298426122,0,9,93,SMS,Minor issues,0.585
DNR_04442,44,M,O+,Karachi,24.920670662290505,67.002374951421,1,1,88,App,Healthy,0.4099999999999999
DNR_04443,27,M,A+,Lahore,31.505085877031117,74.39011405487595,1,6,39,App,Minor issues,0.805
DNR_04444,37,F,B+,Quetta,30.19664816956096,67.03040789582187,0,0,292,SMS,Healthy,0.05
DNR_04445,18,M,O+,Peshawar,34.026315287068854,71.56522981555483,0,7,114,SMS,Healthy,0.4800000000000001
DNR_04446,25,M,B-,Karachi,24.803257081883594,66.92893251028364,1,2,43,App,Healthy,0.6849999999999999
DNR_04447,25,M,B+,Peshawar,34.059155849341415,71.65112795840388,0,2,62,App,Minor issues,0.49
DNR_04448,31,F,A+,Islamabad,33.66953116698245,72.9747001829105,1,1,36,App,Minor issues,0.57
DNR_04449,45,M,O+,Peshawar,33.94110256887012,71.62440727347351,0,4,108,App,Healthy,0.45999999999999996
DNR_04450,36,F,O+,Peshawar,34.07504504961061,71.50527393844155,0,1,55,App,Healthy,0.575
DNR_04451,18,M,A+,Faisalabad,31.48338906682935,73.07934036053983,1,4,91,SMS,Healthy,0.44499999999999995
DNR_04452,40,M,O+,Quetta,30.19485936212242,66.93027017317326,0,5,88,App,Healthy,0.61
DNR_04453,39,M,B+,Faisalabad,31.415937851259578,73.02176553355262,1,4,115,App,Healthy,0.42500000000000004
DNR_04454,34,F,O+,Lahore,31.516156940913557,74.32105387369907,1,2,119,SMS,Healthy,0.20500000000000002
DNR_04455,22,F,A-,Quetta,30.20771726799142,66.99533612076479,0,9,76,App,Minor issues,0.7699999999999999
DNR_04456,25,M,B+,Quetta,30.228827537519212,66.92624017482387,0,4,65,SMS,Minor issues,0.475
DNR_04457,39,M,B-,Quetta,30.163936675743418,66.97010611532833,0,5,53,App,Unhealthy,0.6849999999999999
DNR_04458,29,M,A+,Peshawar,33.95656010981332,71.62567087455027,0,1,7,App,Minor issues,0.715
DNR_04459,22,F,O+,Faisalabad,31.3573535515768,73.06153674920434,1,3,43,App,Healthy,0.735
DNR_04460,19,M,A+,Quetta,30.149150642677263,66.97853494182523,0,7,117,App,Minor issues,0.4650000000000001
DNR_04461,20,M,AB-,Peshawar,34.043019629017195,71.57779869681653,0,8,19,Phone,Unhealthy,0.905
DNR_04462,54,M,B+,Quetta,30.17837142903986,67.00441052472037,0,10,47,App,Healthy,0.95
DNR_04463,27,M,O+,Islamabad,33.62554190007005,72.98177791123008,1,5,90,SMS,Healthy,0.5
DNR_04464,18,F,O+,Islamabad,33.628619448973616,73.10034859903189,1,1,106,App,Healthy,0.31999999999999995
DNR_04465,26,M,O+,Peshawar,34.06902971460736,71.54992396831537,0,3,83,App,Minor issues,0.43500000000000005
DNR_04466,26,M,O+,Lahore,31.47875045311389,74.38723434451842,1,3,114,App,Unhealthy,0.28
DNR_04467,20,M,B+,Multan,30.20030672918279,71.47504685001253,0,2,56,Phone,Healthy,0.5199999999999999
DNR_04468,36,M,O+,Quetta,30.23249136503181,66.93178968583125,0,1,99,App,Healthy,0.355
DNR_04469,28,F,O+,Lahore,31.470760599809328,74.27723158331297,1,4,29,SMS,Healthy,0.755
DNR_04470,18,M,B-,Islamabad,33.621840457097086,73.09820168089529,1,1,10,Phone,Healthy,0.7
DNR_04471,42,F,A+,Karachi,24.925235537407694,67.0692980690837,1,2,99,App,Healthy,0.405
DNR_04472,30,M,O+,Multan,30.186446227839983,71.54652802155682,0,3,39,Phone,Minor issues,0.5549999999999999
DNR_04473,32,F,B+,Faisalabad,31.386597902113355,73.12011199167799,1,4,82,SMS,Healthy,0.49
DNR_04474,41,M,O+,Peshawar,34.013733794239414,71.65095158334476,0,2,74,App,Healthy,0.5299999999999999
DNR_04475,29,F,AB-,Karachi,24.934318259480758,67.04974295444615,1,5,69,SMS,Healthy,0.605
DNR_04476,38,M,O+,Islamabad,33.763340721110296,73.05099092613739,1,6,77,App,Healthy,0.715
DNR_04477,24,M,A+,Faisalabad,31.41862956628021,73.07136536270666,1,3,75,App,Healthy,0.575
DNR_04478,34,M,B-,Faisalabad,31.450363434196124,73.07946298218093,1,7,26,App,Healthy,0.95
DNR_04479,35,F,O+,Multan,30.177734602867474,71.49523075488904,0,2,73,SMS,Healthy,0.43499999999999994
DNR_04480,29,M,O+,Multan,30.088317350028795,71.51945057498216,0,6,89,App,Healthy,0.655
DNR_04481,46,M,B+,Lahore,31.627284779560004,74.3038824536996,1,5,26,SMS,Healthy,0.82
DNR_04482,23,M,B+,Peshawar,33.96041405321016,71.65842182476759,0,2,44,App,Unhealthy,0.58
DNR_04483,30,M,B+,Quetta,30.184964305124883,66.98145370190856,0,2,51,Phone,Healthy,0.5449999999999999
DNR_04484,24,F,O+,Multan,30.090144868758866,71.55132023698017,0,2,91,SMS,Healthy,0.345
DNR_04485,34,M,B+,Lahore,31.504123701425534,74.40940892013315,1,2,36,App,Minor issues,0.62
DNR_04486,23,M,A+,Karachi,24.802502260155837,66.94164313432607,1,3,94,App,Minor issues,0.38
DNR_04487,26,F,O+,Faisalabad,31.351151922532228,73.12555636195503,1,5,97,App,Minor issues,0.46499999999999997
DNR_04488,47,M,O+,Faisalabad,31.351059125277235,73.14661607452173,1,2,16,App,Minor issues,0.72
DNR_04489,44,M,A+,Faisalabad,31.394404355416093,73.07291773032175,1,3,104,SMS,Minor issues,0.22999999999999998
DNR_04490,44,M,O+,Karachi,24.85731198389135,67.05082385182676,1,5,14,SMS,Healthy,0.88
DNR_04491,28,F,B+,Lahore,31.59537856023387,74.41285390178075,1,7,68,SMS,Minor issues,0.61
DNR_04492,27,M,B+,Peshawar,34.05500084405626,71.61990987134698,0,2,50,App,Healthy,0.6499999999999999
DNR_04493,26,F,O+,Islamabad,33.66268745214807,73.08173029287188,1,2,21,App,Healthy,0.7949999999999999
DNR_04494,26,F,A+,Multan,30.162409287123076,71.52595413328686,0,1,63,App,Healthy,0.5349999999999999
DNR_04495,36,F,B+,Quetta,30.24866172033429,67.03622411147455,0,3,23,App,Healthy,0.835
DNR_04496,49,M,B+,Lahore,31.5427151241268,74.42002090191639,1,4,45,App,Healthy,0.7749999999999999
DNR_04497,31,M,O+,Islamabad,33.751572009003944,73.0022018092126,1,2,94,SMS,Healthy,0.33
DNR_04498,31,M,O+,Faisalabad,31.34455315748379,73.13987273182747,1,7,33,SMS,Healthy,0.8849999999999999
DNR_04499,31,M,B+,Multan,30.22818814143941,71.5629487929319,0,5,39,App,Healthy,0.855
DNR_04500,25,F,O+,Quetta,30.175255783275436,67.03236042677923,0,4,51,SMS,Healthy,0.6449999999999999
DNR_04501,29,M,B+,Lahore,31.62938273875954,74.3855712297359,1,9,19,App,Healthy,0.95
DNR_04502,28,M,O+,Quetta,30.12572867833949,67.0537952226992,0,1,46,App,Healthy,0.62
DNR_04503,33,F,O+,Lahore,31.489047558714187,74.39623896695129,1,0,351,SMS,Healthy,0.05
DNR_04504,47,M,A-,Faisalabad,31.42689551972167,73.04095426087684,1,1,31,Phone,Healthy,0.595
DNR_04505,27,M,B+,Multan,30.10910981875716,71.4466749463395,0,1,119,SMS,Healthy,0.15500000000000003
DNR_04506,38,M,A+,Multan,30.16868723412287,71.55086119375288,0,5,47,SMS,Minor issues,0.615
DNR_04507,48,M,B+,Multan,30.12120626156697,71.50127031911437,0,4,7,Phone,Healthy,0.8649999999999999
DNR_04508,30,M,O+,Islamabad,33.76415700418955,73.05126817957326,1,6,44,SMS,Healthy,0.78
DNR_04509,47,F,B+,Peshawar,34.04025181330358,71.65753150970961,0,3,100,App,Unhealthy,0.35
DNR_04510,39,F,B+,Lahore,31.47435428456416,74.32580778077764,1,2,65,Phone,Healthy,0.475
DNR_04511,33,M,B+,Karachi,24.829808755062952,67.0347514147828,1,4,118,App,Healthy,0.41000000000000003
DNR_04512,30,F,A+,Islamabad,33.6177061524502,73.03362315421893,1,1,7,SMS,Healthy,0.715
DNR_04513,31,M,B+,Islamabad,33.73343847649744,73.08146002136739,1,6,110,SMS,Minor issues,0.35
DNR_04514,20,M,O+,Karachi,24.9014528831927,67.06852337239313,1,4,50,SMS,Healthy,0.65
DNR_04515,47,M,O-,Multan,30.1058625751601,71.50885985539105,0,3,19,App,Healthy,0.855
DNR_04516,45,M,B+,Quetta,30.22593007969737,66.9630232525729,0,2,8,App,Healthy,0.8599999999999999
DNR_04517,43,M,A+,Karachi,24.79237579959014,66.97646736037737,1,3,108,App,Unhealthy,0.30999999999999994
DNR_04518,34,F,AB+,Peshawar,33.96366499117893,71.6263596569197,0,4,115,SMS,Minor issues,0.22500000000000003
DNR_04519,24,F,O+,Peshawar,34.013401361524494,71.56546676935551,0,8,101,SMS,Healthy,0.595
DNR_04520,42,M,O+,Karachi,24.797701959483998,66.97037172008238,1,2,23,App,Healthy,0.7849999999999999
DNR_04521,42,F,O+,Lahore,31.50987828047203,74.362555934234,1,5,69,SMS,Healthy,0.605
DNR_04522,42,F,O+,Peshawar,34.0732410821034,71.58443191570134,0,3,70,SMS,Healthy,0.5
DNR_04523,23,M,A+,Quetta,30.13981428583326,66.96864308560374,0,1,50,SMS,Minor issues,0.39999999999999997
DNR_04524,30,M,O+,Multan,30.168809888310097,71.45922999651745,0,2,29,Phone,Healthy,0.6549999999999999
DNR_04525,39,F,B+,Peshawar,34.007670299545644,71.65067700025116,0,1,44,SMS,Healthy,0.53
DNR_04526,30,M,A+,Quetta,30.193245332855682,66.95810455336353,0,3,46,App,Unhealthy,0.62
DNR_04527,28,M,O+,Lahore,31.505495358031546,74.2913521634783,1,2,25,App,Healthy,0.7749999999999999
DNR_04528,35,M,A+,Peshawar,34.07832882197733,71.6462874433554,0,2,26,SMS,Unhealthy,0.57
DNR_04529,37,M,B+,Multan,30.135405902761228,71.55402385755055,0,4,59,SMS,Healthy,0.605
DNR_04530,46,M,O+,Quetta,30.208806482762864,66.94432071408966,0,4,47,App,Healthy,0.7649999999999999
DNR_04531,30,M,A+,Quetta,30.229139915732013,67.01182519177996,0,1,81,SMS,Healthy,0.345
DNR_04532,25,F,O+,Peshawar,34.01634177988985,71.61055759064679,0,8,13,App,Healthy,0.95
DNR_04533,46,F,A+,Quetta,30.220790030197794,66.94988358339494,0,8,100,SMS,Healthy,0.6
DNR_04534,54,M,O+,Islamabad,33.74231878918403,73.09875730781607,1,0,278,App,Unhealthy,0.05
DNR_04535,18,F,O+,Lahore,31.628557500380747,74.32931552428461,1,2,52,Phone,Minor issues,0.43999999999999995
DNR_04536,43,M,B+,Lahore,31.53299813461263,74.34244714324218,1,1,80,App,Healthy,0.44999999999999996
DNR_04537,42,M,A+,Faisalabad,31.47750041389286,73.04131404401701,1,4,106,App,Healthy,0.47
DNR_04538,24,M,B+,Multan,30.20858236501618,71.54618211887488,0,4,55,App,Healthy,0.7249999999999999
DNR_04539,37,F,A+,Islamabad,33.72252427429987,73.01191219708164,1,9,19,App,Healthy,0.95
DNR_04540,57,M,O+,Islamabad,33.62515335055969,72.9716628636058,1,3,56,SMS,Healthy,0.57
DNR_04541,18,M,B+,Lahore,31.585696007052533,74.37227617110221,1,7,34,SMS,Healthy,0.88
DNR_04542,23,F,A+,Islamabad,33.64579172116847,73.10830468219159,1,7,42,Phone,Healthy,0.84
DNR_04543,26,M,A+,Islamabad,33.60960610186201,73.12275398111586,1,6,25,App,Minor issues,0.875
DNR_04544,36,M,B+,Peshawar,33.99449975481619,71.56496617314856,0,1,20,App,Healthy,0.75
DNR_04545,26,M,A+,Karachi,24.829171018047354,67.03955326724632,1,2,38,App,Healthy,0.71
DNR_04546,21,M,AB+,Quetta,30.254614451697982,67.03507577094416,0,1,78,App,Healthy,0.45999999999999996
DNR_04547,33,M,O+,Quetta,30.21284381878086,67.02914896372474,0,1,103,App,Minor issues,0.23499999999999996
DNR_04548,20,M,O+,Multan,30.160144045627664,71.58399588758107,0,12,119,Phone,Healthy,0.7050000000000001
DNR_04549,32,M,B+,Lahore,31.532830909761525,74.30858122530903,1,3,107,App,Healthy,0.4149999999999999
DNR_04550,38,M,A+,Faisalabad,31.407101378614385,73.0050748354526,1,3,73,Phone,Healthy,0.485
DNR_04551,46,M,O-,Quetta,30.19889298238103,66.93731301082546,0,3,63,App,Minor issues,0.535
DNR_04552,42,M,O+,Karachi,24.826088344309525,67.05161463731504,1,4,22,SMS,Minor issues,0.69
DNR_04553,35,M,O+,Lahore,31.546970196442835,74.34893118737956,1,5,54,SMS,Healthy,0.6799999999999999
DNR_04554,41,F,A+,Karachi,24.822679330291628,67.0620843545693,1,4,110,App,Unhealthy,0.35
DNR_04555,38,M,A+,Lahore,31.607786733620795,74.267076471218,1,3,52,SMS,Unhealthy,0.49
DNR_04556,43,M,O+,Islamabad,33.64753466156222,73.11933685874111,1,4,59,App,Healthy,0.705
DNR_04557,25,M,O+,Islamabad,33.65943013452134,73.08908419023577,1,13,19,App,Minor issues,0.95
DNR_04558,33,M,O+,Karachi,24.896891866878853,67.0588147847746,1,1,61,App,Healthy,0.5449999999999999
DNR_04559,20,M,B+,Quetta,30.235182170575026,67.00693572943419,0,2,58,App,Healthy,0.61
DNR_04560,34,F,O+,Lahore,31.533560291150142,74.27877645223461,1,0,303,App,Minor issues,0.05
DNR_04561,19,M,O+,Lahore,31.56541546631409,74.3577199511539,1,3,115,App,Healthy,0.375
DNR_04562,32,F,AB+,Multan,30.223640079794478,71.52461670318988,0,4,95,SMS,Healthy,0.42500000000000004
DNR_04563,42,F,B+,Islamabad,33.76107380095924,73.04618461119983,1,4,91,Phone,Healthy,0.44499999999999995
DNR_04564,25,M,O+,Faisalabad,31.396138430260546,73.14093163050408,1,5,23,SMS,Minor issues,0.735
DNR_04565,18,F,O+,Quetta,30.132597590209667,66.98105471096126,0,6,77,App,Healthy,0.715
DNR_04566,18,M,B+,Multan,30.20638489843682,71.48137968441762,0,7,81,App,Unhealthy,0.6449999999999999
DNR_04567,18,M,A+,Quetta,30.15237011969082,66.9405597230078,0,4,68,App,Minor issues,0.5599999999999999
DNR_04568,18,F,B-,Peshawar,33.944240916507646,71.50208254407542,0,2,112,App,Healthy,0.33999999999999997
DNR_04569,60,M,B+,Faisalabad,31.463740010011147,73.12767418058637,1,0,359,SMS,Minor issues,0.05
DNR_04570,37,M,A+,Karachi,24.83279952443375,67.02096798942395,1,3,82,App,Healthy,0.54
DNR_04571,26,F,B-,Karachi,24.924860011190713,67.08054248168759,1,2,108,SMS,Healthy,0.25999999999999995
DNR_04572,36,M,O+,Lahore,31.569913329657872,74.32307881154503,1,1,44,Phone,Healthy,0.53
DNR_04573,30,M,A+,Islamabad,33.7293980652977,72.9877716673174,1,5,115,App,Healthy,0.475
DNR_04574,43,M,O+,Multan,30.229112960813183,71.55024343436057,0,5,37,App,Healthy,0.865
DNR_04575,42,M,O+,Karachi,24.80712119516165,66.96044203309799,1,3,110,Phone,Minor issues,0.19999999999999996
DNR_04576,35,F,B+,Islamabad,33.60909625763912,73.06345873947461,1,7,56,Phone,Unhealthy,0.6699999999999999
DNR_04577,25,M,A+,Islamabad,33.73308968985081,73.07711877320159,1,3,71,SMS,Minor issues,0.395
DNR_04578,18,M,O+,Karachi,24.87818127383862,66.95550029393841,1,2,9,App,Unhealthy,0.7549999999999999
DNR_04579,38,M,AB+,Karachi,24.886988199362005,67.00617200973036,1,5,34,App,Healthy,0.8799999999999999
DNR_04580,40,F,A+,Multan,30.09771042800873,71.59027050015386,0,3,45,Phone,Minor issues,0.525
DNR_04581,29,M,AB+,Peshawar,34.08052694912045,71.55595442378201,0,5,54,App,Unhealthy,0.6799999999999999
DNR_04582,18,M,A+,Lahore,31.590737947922417,74.34126615581512,1,5,25,Phone,Healthy,0.825
DNR_04583,18,M,O+,Faisalabad,31.381343239821227,73.11377041293323,1,6,12,SMS,Healthy,0.9400000000000001
DNR_04584,18,M,O+,Peshawar,33.94854331438039,71.52559024677994,0,4,13,SMS,Healthy,0.8349999999999999
DNR_04585,27,M,A+,Faisalabad,31.48708762368499,73.13541229058683,1,2,53,SMS,Healthy,0.5349999999999999
DNR_04586,38,M,AB+,Peshawar,33.993420751865536,71.5752260674066,0,5,57,App,Minor issues,0.6649999999999999
DNR_04587,23,M,B+,Peshawar,34.07984219233805,71.5951797812474,0,6,116,SMS,Healthy,0.42000000000000004
DNR_04588,45,M,AB+,Peshawar,34.06789104535648,71.5530351665556,0,1,13,App,Healthy,0.7849999999999999
DNR_04589,45,M,A+,Quetta,30.153973467177025,67.02692914689612,0,5,116,App,Healthy,0.47
DNR_04590,23,F,B+,Islamabad,33.71847956462539,73.01995442993294,1,5,41,SMS,Healthy,0.745
DNR_04591,37,M,B+,Multan,30.08407137064615,71.59169200569681,0,0,215,App,Healthy,0.05
DNR_04592,20,M,A-,Peshawar,33.99136748385588,71.61214305782309,0,3,64,Phone,Healthy,0.53
DNR_04593,38,F,O+,Faisalabad,31.47540846164465,73.0803463376005,1,2,119,App,Healthy,0.30500000000000005
DNR_04594,27,F,A+,Quetta,30.171324500569867,67.028818284812,0,3,80,App,Healthy,0.5499999999999999
DNR_04595,52,M,B-,Islamabad,33.64981949496195,73.08118630103763,1,6,78,SMS,Healthy,0.61
DNR_04596,24,M,B+,Lahore,31.599657427753712,74.30333110971752,1,3,106,Phone,Healthy,0.31999999999999995
DNR_04597,18,M,A+,Karachi,24.920566533673924,67.06393316894076,1,1,106,App,Healthy,0.31999999999999995
DNR_04598,55,M,O+,Faisalabad,31.404568748309426,73.1425221103968,1,3,11,App,Healthy,0.8949999999999999
DNR_04599,43,F,AB+,Quetta,30.1899823775064,67.02109473874779,0,3,26,App,Healthy,0.82
DNR_04600,18,F,B+,Lahore,31.524660971953438,74.26837955333009,1,1,69,App,Healthy,0.505
DNR_04601,45,M,B+,Quetta,30.103131453055862,66.94318013444415,0,4,7,App,Healthy,0.95
DNR_04602,25,F,O-,Quetta,30.15747149829548,67.02384308703273,0,3,111,App,Healthy,0.3949999999999999
DNR_04603,38,F,A+,Karachi,24.79721503502898,67.06612432814704,1,1,57,SMS,Healthy,0.46499999999999997
DNR_04604,25,M,O+,Islamabad,33.69330949993212,73.09434891773437,1,3,83,App,Healthy,0.535
DNR_04605,42,M,A+,Islamabad,33.73262721861283,73.12121508412721,1,0,377,SMS,Minor issues,0.05
DNR_04606,24,M,B+,Multan,30.232714158210506,71.55018434215027,0,4,101,App,Healthy,0.495
DNR_04607,46,F,A-,Quetta,30.224971074405623,66.95197941989734,0,2,54,SMS,Healthy,0.5299999999999999
DNR_04608,21,M,AB-,Karachi,24.89550629807808,66.96809249768367,1,4,83,App,Healthy,0.585
DNR_04609,50,M,O+,Islamabad,33.72695339402994,72.98285835498065,1,2,58,SMS,Healthy,0.51
DNR_04610,46,F,B+,Lahore,31.611646706826956,74.38814982154146,1,3,111,App,Healthy,0.3949999999999999
DNR_04611,47,M,AB+,Multan,30.16962059611757,71.59906283474369,0,7,82,SMS,Healthy,0.64
DNR_04612,30,M,B+,Islamabad,33.61847921556641,73.02686861359096,1,3,97,SMS,Healthy,0.365
DNR_04613,35,F,B+,Peshawar,34.06959504271103,71.52821384721244,0,3,90,App,Healthy,0.5
DNR_04614,23,M,O+,Karachi,24.889158536545715,66.95907830785228,1,8,8,SMS,Healthy,0.95
DNR_04615,40,M,B+,Lahore,31.61524352879815,74.37011030977858,1,1,81,App,Healthy,0.44499999999999995
DNR_04616,22,F,B+,Multan,30.236585272493432,71.45494542655896,0,0,264,SMS,Minor issues,0.05
DNR_04617,18,M,O+,Islamabad,33.68755729987542,73.08833048948755,1,4,77,App,Minor issues,0.515
DNR_04618,45,M,B+,Quetta,30.234731765561563,66.91661833255189,0,0,213,SMS,Healthy,0.05
DNR_04619,18,M,O+,Peshawar,33.964815666369034,71.62304797268482,0,3,7,SMS,Healthy,0.815
DNR_04620,31,M,B+,Lahore,31.51367022348431,74.26839777247626,1,2,20,SMS,Healthy,0.7
DNR_04621,18,M,B+,Faisalabad,31.417184752225005,73.13036895360243,1,2,55,SMS,Healthy,0.5249999999999999
DNR_04622,55,M,B+,Faisalabad,31.447295898310013,73.08704658121391,1,4,116,SMS,Healthy,0.32000000000000006
DNR_04623,42,M,B-,Peshawar,34.01923592382177,71.60670022545852,0,4,7,SMS,Healthy,0.8649999999999999
DNR_04624,29,M,A-,Faisalabad,31.429045864363438,73.11160210682745,1,5,16,SMS,Unhealthy,0.77
DNR_04625,22,M,A+,Islamabad,33.70897511680623,72.99925747267609,1,9,19,SMS,Healthy,0.95
DNR_04626,42,M,A-,Faisalabad,31.473502490467453,73.14929883461636,1,3,14,SMS,Minor issues,0.68
DNR_04627,33,F,O+,Peshawar,34.0943599495981,71.58359770949349,0,5,74,App,Healthy,0.6799999999999999
DNR_04628,45,F,O+,Peshawar,34.06004036759218,71.52384305196165,0,7,57,App,Healthy,0.865
DNR_04629,27,F,A+,Multan,30.156003254815783,71.47461821058192,0,2,72,App,Healthy,0.5399999999999999
DNR_04630,33,M,B+,Lahore,31.5128746268907,74.42059975417472,1,4,101,App,Healthy,0.495
DNR_04631,25,F,O+,Peshawar,34.04809505567938,71.65879739036659,0,2,110,App,Minor issues,0.24999999999999994
DNR_04632,33,F,B+,Lahore,31.522452380761933,74.3570594647706,1,2,117,App,Healthy,0.31500000000000006
DNR_04633,35,F,B-,Multan,30.18177618124419,71.55147353629596,0,4,44,SMS,Healthy,0.68
DNR_04634,20,F,B+,Faisalabad,31.44632021951929,73.00775787731014,1,8,112,App,Healthy,0.6399999999999999
DNR_04635,19,M,O+,Multan,30.19727774438736,71.54916536610645,0,2,60,App,Healthy,0.6
DNR_04636,38,M,O+,Peshawar,34.08147815135025,71.5269974110924,0,2,55,App,Unhealthy,0.5249999999999999
DNR_04637,18,M,B+,Islamabad,33.74564965340055,73.09584177920007,1,6,41,Phone,Healthy,0.795
DNR_04638,19,M,O+,Lahore,31.538707003835533,74.30360960046757,1,4,89,App,Healthy,0.5549999999999999
DNR_04639,39,F,O-,Karachi,24.872610219303,67.01256386619926,1,5,95,App,Healthy,0.575
DNR_04640,32,M,A+,Multan,30.1373505897848,71.4611050750678,0,4,45,App,Healthy,0.7749999999999999
DNR_04641,27,M,AB-,Islamabad,33.646497806917296,72.99790591386848,1,1,43,App,Healthy,0.635
DNR_04642,58,M,O+,Peshawar,34.07884684493937,71.5662210561159,0,7,13,SMS,Minor issues,0.885
DNR_04643,35,F,O+,Quetta,30.107419275783794,66.93966387287242,0,3,114,SMS,Healthy,0.28
DNR_04644,50,M,B+,Karachi,24.89973758025217,67.00196508347463,1,4,19,App,Minor issues,0.805
DNR_04645,47,F,A+,Quetta,30.12010554366486,66.90804344717114,0,1,73,App,Healthy,0.485
DNR_04646,18,M,B+,Faisalabad,31.385275536752197,73.13220134502247,1,8,86,SMS,Minor issues,0.5700000000000001
DNR_04647,18,M,A+,Karachi,24.783731291607968,66.94993045238417,1,1,85,App,Healthy,0.42499999999999993
DNR_04648,38,M,B+,Karachi,24.925270544934406,67.00170803153709,1,3,72,SMS,Healthy,0.49
DNR_04649,41,M,O+,Faisalabad,31.455051721688328,73.11782193064634,1,3,109,App,Healthy,0.4049999999999999
DNR_04650,39,M,O+,Quetta,30.124302836343197,67.03731116530699,0,8,16,App,Healthy,0.95
DNR_04651,18,M,B+,Peshawar,34.084737994910675,71.63219697339522,0,2,98,App,Healthy,0.41000000000000003
DNR_04652,37,M,O-,Faisalabad,31.351229536544786,73.01930143323358,1,2,94,App,Healthy,0.43000000000000005
DNR_04653,43,M,A+,Lahore,31.533402951497905,74.27051771885816,1,2,27,App,Healthy,0.7649999999999999
DNR_04654,28,M,B+,Quetta,30.103347305367613,67.01705358641809,0,1,51,Phone,Healthy,0.495
DNR_04655,30,M,O+,Islamabad,33.626615344779786,72.97656223058038,1,3,41,App,Healthy,0.745
DNR_04656,42,M,A+,Quetta,30.215643717234236,66.91303753853764,0,2,68,SMS,Healthy,0.45999999999999996
DNR_04657,19,M,A-,Peshawar,33.93543845930005,71.57447766108147,0,5,70,App,Healthy,0.7
DNR_04658,29,M,O+,Lahore,31.60560273664364,74.33618239849746,1,1,47,App,Healthy,0.615
DNR_04659,20,F,O+,Lahore,31.59701852792218,74.35549593768532,1,4,13,Phone,Healthy,0.8349999999999999
DNR_04660,30,M,A+,Lahore,31.51332293544975,74.30870017482528,1,1,53,App,Minor issues,0.485
DNR_04661,41,M,O+,Karachi,24.85639285609448,66.93007040712402,1,4,11,Phone,Healthy,0.8449999999999999
DNR_04662,46,M,O+,Lahore,31.50605234121331,74.28726490515638,1,2,112,Phone,Healthy,0.23999999999999994
DNR_04663,32,M,A+,Quetta,30.200292806349818,67.00445741335263,0,3,112,SMS,Minor issues,0.18999999999999995
DNR_04664,51,F,B+,Lahore,31.6066910392461,74.36799129341354,1,2,77,SMS,Healthy,0.4149999999999999
DNR_04665,37,M,A+,Peshawar,33.950764200746896,71.59758667543096,0,1,20,SMS,Minor issues,0.55
DNR_04666,22,M,B+,Islamabad,33.67106361713777,73.09013247318043,1,2,10,SMS,Healthy,0.7499999999999999
DNR_04667,40,M,B+,Faisalabad,31.412473960042664,73.13838164726846,1,3,57,App,Healthy,0.665
DNR_04668,38,M,A+,Islamabad,33.64656751007233,73.04003395348677,1,1,74,App,Minor issues,0.38
DNR_04669,37,M,A+,Lahore,31.6022526964267,74.3830705453748,1,3,106,App,Healthy,0.41999999999999993
DNR_04670,19,M,O+,Lahore,31.569283851301215,74.35188789698901,1,1,10,App,Healthy,0.7999999999999999
DNR_04671,24,F,A+,Faisalabad,31.469161040741678,73.11827600807035,1,7,48,App,Minor issues,0.8099999999999999
DNR_04672,40,M,A+,Faisalabad,31.35535051566841,73.05967458830492,1,2,119,SMS,Healthy,0.20500000000000002
DNR_04673,28,M,O+,Peshawar,33.972880748472065,71.61080755135325,0,1,28,App,Unhealthy,0.61
DNR_04674,43,M,O+,Multan,30.133045805360208,71.50299338676034,0,1,58,App,Healthy,0.5599999999999999
DNR_04675,50,F,O+,Quetta,30.139375795790524,66.99907360562518,0,4,77,SMS,Healthy,0.515
DNR_04676,35,M,O+,Quetta,30.182861148646065,67.00914203860357,0,5,59,App,Healthy,0.7549999999999999
DNR_04677,26,M,O+,Quetta,30.200516871376056,67.04349222659202,0,3,113,App,Healthy,0.385
DNR_04678,18,F,A+,Multan,30.212049901924857,71.51963353150065,0,3,109,App,Healthy,0.4049999999999999
DNR_04679,30,F,A-,Faisalabad,31.40071321556559,73.13819575583022,1,1,97,App,Healthy,0.365
DNR_04680,32,M,B-,Quetta,30.12896604810973,66.91270551154729,0,5,80,App,Minor issues,0.5499999999999999
DNR_04681,33,F,O+,Karachi,24.913531160583,67.02632368357541,1,6,96,SMS,Unhealthy,0.42000000000000004
DNR_04682,18,F,A+,Karachi,24.91841855576648,66.9242947788471,1,1,67,App,Healthy,0.5149999999999999
DNR_04683,41,M,O-,Quetta,30.110680515086134,66.9395341024927,0,4,7,SMS,Healthy,0.8649999999999999
DNR_04684,28,M,A+,Karachi,24.92027716965235,67.08024618865959,1,2,58,SMS,Healthy,0.51
DNR_04685,44,M,B+,Lahore,31.60474140711101,74.37053234403965,1,1,86,SMS,Healthy,0.31999999999999995
DNR_04686,48,F,B+,Faisalabad,31.34596039949015,73.04350483530882,1,2,31,App,Healthy,0.7449999999999999
DNR_04687,27,M,O+,Quetta,30.116628995422325,66.94873624852514,0,0,279,App,Unhealthy,0.05
DNR_04688,30,M,A+,Peshawar,33.93950742359655,71.57903713566017,0,3,42,Phone,Healthy,0.64
DNR_04689,46,M,O+,Peshawar,34.02506891928416,71.51843097137271,0,2,88,App,Healthy,0.45999999999999996
DNR_04690,42,M,O+,Karachi,24.915788175678404,67.07644950042325,1,5,62,App,Minor issues,0.64
DNR_04691,30,M,O+,Multan,30.18356329972692,71.57243289256371,0,3,35,SMS,Minor issues,0.575
DNR_04692,40,F,A+,Peshawar,34.01435825628868,71.51743450382283,0,3,17,App,Healthy,0.865
DNR_04693,18,M,O+,Faisalabad,31.41366138766901,73.05719698050181,1,2,14,SMS,Healthy,0.73
DNR_04694,49,M,O+,Karachi,24.86223472357902,67.07211957080409,1,1,25,App,Healthy,0.725
DNR_04695,60,M,B+,Lahore,31.618261253098193,74.3702668423153,1,4,51,App,Unhealthy,0.6449999999999999
DNR_04696,43,F,A+,Islamabad,33.66626057401229,73.06049022187025,1,6,24,App,Healthy,0.95
DNR_04697,32,M,O+,Islamabad,33.61724059835867,72.99992350743005,1,4,67,App,Healthy,0.6649999999999999
DNR_04698,53,F,A-,Multan,30.207076949466348,71.46280974805038,0,3,119,SMS,Healthy,0.255
DNR_04699,43,M,B+,Peshawar,33.97323607883244,71.50651147438631,0,4,65,SMS,Healthy,0.575
DNR_04700,29,M,O+,Peshawar,33.98634987669158,71.56343037835404,0,2,37,App,Healthy,0.715
DNR_04701,34,M,A+,Multan,30.115167477523592,71.57979642540394,0,1,81,SMS,Healthy,0.345
DNR_04702,39,M,A+,Karachi,24.904788326154783,67.07407671972626,1,4,25,App,Healthy,0.875
DNR_04703,38,M,B+,Karachi,24.875242445963018,67.02741253312735,1,3,42,App,Healthy,0.74
DNR_04704,30,M,A+,Karachi,24.807132373286063,66.9415055501669,1,4,97,App,Healthy,0.515
DNR_04705,37,M,O+,Multan,30.226732289800733,71.57181452651537,0,0,267,SMS,Healthy,0.05
DNR_04706,36,M,O+,Multan,30.211339645097297,71.54796723671957,0,8,64,SMS,Healthy,0.7799999999999999
DNR_04707,18,M,O+,Quetta,30.224755951982775,66.98500702628955,0,0,327,SMS,Healthy,0.05
DNR_04708,42,M,O+,Lahore,31.572218246554453,74.29662333515851,1,5,11,SMS,Healthy,0.8949999999999999
DNR_04709,39,M,AB+,Karachi,24.785765215655626,67.01511767866697,1,1,89,SMS,Healthy,0.30499999999999994
DNR_04710,41,F,B+,Karachi,24.897991661247275,66.9511952272183,1,4,43,SMS,Healthy,0.6849999999999999
DNR_04711,38,M,A-,Multan,30.17538981110642,71.47643266215262,0,0,240,Phone,Healthy,0.05
DNR_04712,49,M,B+,Quetta,30.256036896520573,67.02405385556322,0,2,45,Phone,Minor issues,0.475
DNR_04713,33,M,O+,Quetta,30.223641715958998,66.98767355518724,0,2,108,SMS,Healthy,0.25999999999999995
DNR_04714,41,F,O+,Karachi,24.783202637266925,66.94444510547889,1,7,33,App,Healthy,0.95
DNR_04715,18,M,A+,Quetta,30.14434481702029,66.98852580803663,0,4,60,App,Healthy,0.7
DNR_04716,21,M,AB+,Faisalabad,31.425311601492513,73.10155993806714,1,4,80,SMS,Healthy,0.5
DNR_04717,43,M,AB-,Multan,30.19952573281231,71.5829255539747,0,2,10,App,Unhealthy,0.7499999999999999
DNR_04718,33,M,B+,Islamabad,33.684847544917744,73.06936574983307,1,1,104,App,Healthy,0.32999999999999996
DNR_04719,48,M,O+,Quetta,30.173088890563765,66.95829945570613,0,4,66,App,Healthy,0.6699999999999999
DNR_04720,40,M,A-,Islamabad,33.665895722755636,73.01620206970235,1,0,365,Phone,Healthy,0.05
DNR_04721,60,F,B-,Quetta,30.11955050071541,66.93188237946234,0,0,191,App,Healthy,0.05
DNR_04722,57,F,A+,Peshawar,34.04117781549687,71.59163855038224,0,4,114,SMS,Healthy,0.33000000000000007
DNR_04723,52,M,A+,Karachi,24.827916613565773,66.9652911737739,1,3,83,SMS,Healthy,0.43500000000000005
DNR_04724,28,M,O+,Faisalabad,31.486189213584886,73.07466550822875,1,7,16,SMS,Healthy,0.95
DNR_04725,27,M,A+,Quetta,30.2480140500196,66.97907831651357,0,8,19,App,Minor issues,0.95
DNR_04726,30,F,O+,Peshawar,33.99758926533447,71.55446752373393,0,2,26,Phone,Healthy,0.6699999999999999
DNR_04727,30,M,A+,Multan,30.223520869219847,71.47137325908074,0,1,43,App,Healthy,0.635
DNR_04728,26,M,B+,Quetta,30.24467136913225,66.9489895933105,0,3,117,App,Healthy,0.365
DNR_04729,50,M,A+,Peshawar,33.978170013572985,71.53117919757167,0,4,76,SMS,Minor issues,0.42
DNR_04730,27,F,B+,Islamabad,33.68726217610901,73.12478382499262,1,3,37,SMS,Healthy,0.6649999999999999
DNR_04731,41,M,B-,Quetta,30.188108040042607,66.96527916746949,0,4,55,SMS,Minor issues,0.5249999999999999
DNR_04732,29,M,A+,Multan,30.087027119045125,71.49757093560419,0,7,50,App,Healthy,0.8999999999999999
DNR_04733,42,F,O+,Lahore,31.60774591788786,74.36650000401207,1,4,99,App,Minor issues,0.405
DNR_04734,29,M,O+,Peshawar,34.015604347125176,71.54693090738077,0,3,33,SMS,Healthy,0.6849999999999999
DNR_04735,33,M,A+,Lahore,31.58063878591451,74.32708343002949,1,13,39,SMS,Unhealthy,0.95
DNR_04736,32,M,O+,Karachi,24.832131589309974,66.92201545212956,1,1,40,App,Healthy,0.6499999999999999
DNR_04737,50,M,O+,Multan,30.21990472441072,71.46924348947006,0,5,13,App,Healthy,0.95
DNR_04738,23,M,B+,Islamabad,33.761150826243394,73.05005836281819,1,2,97,SMS,Healthy,0.315
DNR_04739,32,M,B+,Peshawar,34.02179401057586,71.57463617871596,0,3,73,App,Healthy,0.585
DNR_04740,24,F,A+,Lahore,31.57658396254414,74.41550779877504,1,3,78,SMS,Healthy,0.45999999999999996
DNR_04741,43,F,B-,Islamabad,33.763783048902575,73.12256615595025,1,1,68,SMS,Healthy,0.4099999999999999
DNR_04742,57,M,O+,Karachi,24.79591651518151,66.95161009543136,1,3,87,SMS,Healthy,0.41500000000000004
DNR_04743,45,M,O-,Karachi,24.903500406421216,67.06305381756381,1,0,241,App,Minor issues,0.05
DNR_04744,20,M,O+,Islamabad,33.720762569481586,72.99150823497939,1,2,33,Phone,Unhealthy,0.5349999999999999
DNR_04745,31,F,A+,Islamabad,33.68065817398266,72.9809676992294,1,1,85,App,Minor issues,0.32499999999999996
DNR_04746,38,M,A+,Karachi,24.93066699909572,67.07590401844688,1,3,29,Phone,Healthy,0.705
DNR_04747,31,F,O+,Peshawar,34.06516681009315,71.57635390256031,0,2,15,App,Minor issues,0.725
DNR_04748,21,M,A+,Peshawar,34.093856848042584,71.64988486297264,0,6,39,Phone,Healthy,0.805
DNR_04749,26,F,A+,Quetta,30.168056998906525,66.9582222472548,0,4,65,SMS,Minor issues,0.475
DNR_04750,46,M,O+,Peshawar,34.01487307844972,71.63862129155885,0,1,114,SMS,Minor issues,0.08000000000000003
DNR_04751,18,M,B+,Islamabad,33.714503871884055,72.97117426462304,1,2,115,App,Healthy,0.32500000000000007
DNR_04752,39,F,A+,Faisalabad,31.448067610351103,73.12940008292662,1,8,61,App,Healthy,0.895
DNR_04753,21,F,A+,Quetta,30.227524608733596,67.02369230744198,0,6,42,Phone,Healthy,0.79
DNR_04754,34,M,O+,Quetta,30.169698881608177,67.02473164876272,0,3,112,App,Minor issues,0.2899999999999999
DNR_04755,36,F,A+,Lahore,31.6047405137949,74.3839929182576,1,6,18,SMS,Healthy,0.91
DNR_04756,25,F,A+,Lahore,31.499344836449065,74.3524881750793,1,6,13,SMS,Healthy,0.9349999999999999
DNR_04757,40,M,B+,Faisalabad,31.483253705240877,73.10279667195285,1,1,71,Phone,Healthy,0.395
DNR_04758,24,F,A+,Faisalabad,31.40623669256684,73.00251467795145,1,5,73,SMS,Healthy,0.585
DNR_04759,45,F,A+,Karachi,24.81785986055408,67.06570593690167,1,3,35,App,Healthy,0.7749999999999999
DNR_04760,60,M,A+,Karachi,24.873310121053773,66.93242424333168,1,1,66,SMS,Healthy,0.41999999999999993
DNR_04761,32,M,B+,Peshawar,34.0391281070604,71.55149975734884,0,1,111,SMS,Healthy,0.19499999999999995
DNR_04762,27,M,B+,Karachi,24.93804489423594,67.08056561891489,1,5,41,App,Minor issues,0.745
DNR_04763,26,M,B+,Karachi,24.925081853696746,67.01171478052443,1,0,335,SMS,Minor issues,0.05
DNR_04764,29,F,A+,Faisalabad,31.39344049674996,73.0595615658576,1,7,96,Phone,Healthy,0.5700000000000001
DNR_04765,25,M,O-,Faisalabad,31.33983755971416,73.05115680479044,1,1,78,App,Healthy,0.45999999999999996
DNR_04766,27,M,O+,Faisalabad,31.456375685642953,73.04356463674098,1,2,62,SMS,Healthy,0.49
DNR_04767,40,M,AB-,Islamabad,33.73977722685869,72.99812852147576,1,2,98,App,Healthy,0.41000000000000003
DNR_04768,25,M,O+,Karachi,24.814007058405217,67.03130232242869,1,0,239,App,Healthy,0.05
DNR_04769,18,M,A+,Karachi,24.830079592350277,66.93826074427666,1,1,114,App,Healthy,0.28
DNR_04770,36,M,A-,Lahore,31.566564995968125,74.41444504586875,1,3,57,App,Healthy,0.665
DNR_04771,30,M,O+,Karachi,24.92815264161302,66.94387800457557,1,1,57,App,Healthy,0.565
DNR_04772,33,M,O+,Faisalabad,31.463895354521085,73.07367949741885,1,11,71,SMS,Minor issues,0.795
DNR_04773,30,F,O+,Multan,30.186048753467187,71.47953669137156,0,5,15,App,Unhealthy,0.875
DNR_04774,37,F,O+,Peshawar,34.061792303172595,71.5847124865246,0,3,34,App,Healthy,0.7799999999999999
DNR_04775,18,M,A+,Faisalabad,31.387153190463476,73.06999924662318,1,1,14,App,Minor issues,0.68
DNR_04776,25,F,A+,Lahore,31.614205270911732,74.33419773057604,1,5,51,Phone,Healthy,0.695
DNR_04777,24,M,B+,Lahore,31.600378830406022,74.2748528384777,1,1,115,SMS,Healthy,0.17500000000000004
DNR_04778,37,M,O-,Lahore,31.47228382081546,74.34920624540312,1,1,88,Phone,Healthy,0.30999999999999994
DNR_04779,23,M,AB+,Faisalabad,31.493373129345734,73.14127922241617,1,0,260,SMS,Healthy,0.05
DNR_04780,52,F,O+,Lahore,31.551209015323124,74.26659399166519,1,1,38,SMS,Healthy,0.5599999999999999
DNR_04781,18,F,O+,Islamabad,33.75123124309126,72.98853827045885,1,1,30,SMS,Healthy,0.6
DNR_04782,37,M,O+,Multan,30.149138298088957,71.46645455531811,0,8,58,App,Healthy,0.9099999999999999
DNR_04783,24,M,B+,Quetta,30.171098415233526,67.02180649236719,0,1,28,SMS,Healthy,0.61
DNR_04784,40,M,A+,Islamabad,33.7423006396708,73.10454581180899,1,1,92,SMS,Healthy,0.2899999999999999
DNR_04785,40,M,O+,Karachi,24.886986651486847,66.96203005086547,1,1,110,App,Healthy,0.29999999999999993
DNR_04786,37,F,O+,Lahore,31.48031493858193,74.2707975157318,1,11,59,App,Healthy,0.95
DNR_04787,48,M,AB+,Karachi,24.81258442960019,66.95860606576946,1,3,36,App,Healthy,0.77
DNR_04788,27,M,A-,Peshawar,34.01057733149509,71.65662343907178,0,3,45,App,Healthy,0.725
DNR_04789,22,M,A+,Multan,30.145222116416715,71.58260002722207,0,1,78,App,Unhealthy,0.36
DNR_04790,29,F,O+,Karachi,24.79298082622382,67.00473753891079,1,1,16,App,Minor issues,0.67
DNR_04791,28,F,AB-,Peshawar,34.07083878376862,71.57313283788098,0,0,291,App,Healthy,0.05
DNR_04792,37,M,A+,Islamabad,33.681261277180575,73.07290508436733,1,2,110,Phone,Healthy,0.24999999999999994
DNR_04793,32,M,O+,Peshawar,33.9707130260643,71.5735354459801,0,5,60,App,Unhealthy,0.65
DNR_04794,50,M,O+,Islamabad,33.66219936804403,73.06180859037985,1,0,279,App,Healthy,0.05
DNR_04795,32,M,A+,Quetta,30.113319093567373,67.01284712647242,0,6,117,Phone,Minor issues,0.31500000000000006
DNR_04796,48,M,A+,Islamabad,33.71409455722644,73.04768099103194,1,1,62,App,Healthy,0.5399999999999999
DNR_04797,29,F,A+,Faisalabad,31.37767601016328,73.1004890585844,1,4,56,App,Healthy,0.72
DNR_04798,49,M,B-,Peshawar,34.02599646461731,71.62325702236231,0,2,32,App,Healthy,0.7399999999999999
DNR_04799,29,M,O+,Multan,30.135371537089977,71.48952842801481,0,2,80,App,Healthy,0.4999999999999999
DNR_04800,32,M,O+,Lahore,31.57758353867953,74.31419201985796,1,9,95,SMS,Healthy,0.6749999999999999
DNR_04801,29,M,B+,Peshawar,34.00797385812811,71.52294360563413,0,5,22,App,Healthy,0.94
DNR_04802,34,M,B+,Multan,30.150881829928064,71.54997684502496,0,5,82,App,Healthy,0.64
DNR_04803,37,M,A+,Islamabad,33.719438154526436,73.08882186000233,1,2,97,App,Healthy,0.41500000000000004
DNR_04804,29,F,O+,Faisalabad,31.488250331066123,73.08168377398039,1,8,81,SMS,Healthy,0.695
DNR_04805,27,M,B+,Quetta,30.1839013282991,67.05052767730056,0,3,7,SMS,Healthy,0.815
DNR_04806,56,M,O-,Faisalabad,31.456442751215338,73.0719851017709,1,2,65,App,Minor issues,0.475
DNR_04807,42,M,A+,Islamabad,33.6540569079095,73.08947030698049,1,2,12,App,Minor issues,0.74
DNR_04808,27,M,O+,Lahore,31.54067489519961,74.3705866436622,1,7,8,App,Healthy,0.95
DNR_04809,25,M,O+,Islamabad,33.756810288684434,73.12559138850048,1,2,26,App,Minor issues,0.6699999999999999
DNR_04810,41,M,B+,Karachi,24.824447426448984,67.0746886412065,1,3,17,SMS,Healthy,0.765
DNR_04811,49,M,O+,Faisalabad,31.449312660287333,73.08917215326859,1,12,11,Phone,Healthy,0.95
DNR_04812,36,M,O+,Faisalabad,31.412109743197203,73.12367411886903,1,6,13,App,Healthy,0.95
DNR_04813,45,M,O+,Quetta,30.14680122740761,67.0207328400072,0,0,348,App,Healthy,0.05
DNR_04814,18,M,O+,Islamabad,33.72802845007194,73.05850714959129,1,1,8,SMS,Healthy,0.71
DNR_04815,26,M,B+,Islamabad,33.61397470268579,73.00210633988272,1,2,93,SMS,Minor issues,0.23499999999999996
DNR_04816,35,F,O+,Lahore,31.543945995810404,74.36349242386197,1,3,110,SMS,Healthy,0.29999999999999993
DNR_04817,52,F,B+,Peshawar,34.06963693925573,71.52623501620725,0,2,85,SMS,Healthy,0.375
DNR_04818,21,M,O+,Peshawar,34.04381393932301,71.50997005640656,0,5,92,App,Minor issues,0.49
DNR_04819,23,M,A+,Islamabad,33.73465145085369,73.11547229132327,1,7,99,App,Healthy,0.655
DNR_04820,48,F,A+,Karachi,24.83945259827933,66.93400780174439,1,0,280,SMS,Healthy,0.05
DNR_04821,21,F,O+,Lahore,31.54334706548549,74.29524967266183,1,3,84,App,Minor issues,0.43000000000000005
DNR_04822,21,F,B+,Quetta,30.10433350898326,67.0250028786587,0,2,43,SMS,Healthy,0.585
DNR_04823,18,F,A+,Lahore,31.609754274379497,74.37108062509874,1,4,76,App,Healthy,0.62
DNR_04824,28,M,O+,Islamabad,33.622566822900616,73.10165476350802,1,3,118,App,Healthy,0.36
DNR_04825,40,F,A+,Karachi,24.82035545384527,66.98542180005265,1,1,118,App,Healthy,0.26
DNR_04826,44,M,O+,Karachi,24.792761980936255,67.02908348940525,1,2,42,App,Healthy,0.69
DNR_04827,31,M,A+,Quetta,30.257613259299077,66.93409504264386,0,2,53,SMS,Healthy,0.5349999999999999
DNR_04828,19,F,A+,Peshawar,34.058992770224116,71.51968705716574,0,5,62,App,Healthy,0.74
DNR_04829,18,F,O+,Multan,30.168840067047384,71.54267754463086,0,2,75,App,Minor issues,0.42499999999999993
DNR_04830,19,M,O+,Faisalabad,31.47416296032313,73.05181206654856,1,2,20,SMS,Healthy,0.7
DNR_04831,18,M,A+,Islamabad,33.68919484215647,73.08307386393685,1,4,24,SMS,Healthy,0.7799999999999999
DNR_04832,35,M,O+,Karachi,24.911424412026523,67.02620538019053,1,3,42,App,Healthy,0.74
DNR_04833,18,F,O+,Lahore,31.528970098916485,74.30039837921318,1,3,105,App,Healthy,0.42499999999999993
DNR_04834,28,M,O+,Lahore,31.570273000113083,74.40374322357754,1,5,81,Phone,Healthy,0.5449999999999999
DNR_04835,32,M,B+,Islamabad,33.65498436041542,73.10755734779485,1,10,70,App,Minor issues,0.85
DNR_04836,37,F,B+,Peshawar,34.0071703801254,71.53439097256745,0,0,325,Phone,Healthy,0.05
DNR_04837,27,M,A+,Islamabad,33.71699906852392,73.04363776661437,1,0,383,App,Healthy,0.05
DNR_04838,25,M,O+,Faisalabad,31.38032693051615,73.09306807819043,1,2,70,Phone,Healthy,0.44999999999999996
DNR_04839,18,M,B+,Faisalabad,31.39984513636625,73.0842316414759,1,9,104,App,Healthy,0.73
DNR_04840,36,M,O+,Islamabad,33.7230744924445,73.04109591446418,1,4,39,SMS,Healthy,0.705
DNR_04841,25,F,A+,Quetta,30.241554818934887,67.05460632152851,0,2,116,App,Healthy,0.32000000000000006
DNR_04842,18,M,A+,Islamabad,33.69764953210434,72.99025416903649,1,3,68,SMS,Healthy,0.51
DNR_04843,45,M,AB+,Quetta,30.229372190019802,66.95167644349472,0,1,27,App,Healthy,0.715
DNR_04844,22,M,B+,Karachi,24.9141178578754,67.01941940752796,1,1,37,SMS,Healthy,0.565
DNR_04845,23,F,O+,Faisalabad,31.3429731283669,73.08928660204806,1,2,45,SMS,Healthy,0.575
DNR_04846,30,M,O+,Multan,30.190565850111156,71.49236379876291,0,4,84,Phone,Minor issues,0.38
DNR_04847,18,M,B+,Karachi,24.884553570014518,66.95808227256478,1,4,35,App,Healthy,0.825
DNR_04848,35,F,A+,Peshawar,34.03059786976399,71.65000751963993,0,5,36,App,Healthy,0.8699999999999999
DNR_04849,56,M,O+,Lahore,31.494547056490994,74.41154354467724,1,7,58,App,Healthy,0.86
DNR_04850,31,M,A+,Quetta,30.166062315184963,66.93701014916434,0,5,39,SMS,Healthy,0.755
DNR_04851,22,F,O+,Multan,30.177208673183962,71.5797357468324,0,20,89,SMS,Healthy,0.95
DNR_04852,47,F,O-,Quetta,30.178681841551818,67.03485309754359,0,5,57,SMS,Healthy,0.6649999999999999
DNR_04853,28,F,O-,Quetta,30.121035641062267,66.91821051947089,0,5,31,SMS,Healthy,0.7949999999999999
DNR_04854,33,F,O-,Lahore,31.607699519903257,74.40987618924301,1,8,10,SMS,Healthy,0.95
DNR_04855,44,M,O+,Quetta,30.104663878210122,67.00161027106853,0,2,107,Phone,Healthy,0.26499999999999996
DNR_04856,18,F,O+,Quetta,30.112723021511282,66.9833890311453,0,3,51,App,Healthy,0.695
DNR_04857,36,M,O+,Karachi,24.802437165102184,67.06021179757673,1,0,396,App,Healthy,0.05
DNR_04858,45,M,A+,Lahore,31.51641257696053,74.3654289462787,1,2,69,App,Minor issues,0.45499999999999996
DNR_04859,43,M,O+,Peshawar,34.00577654216271,71.64950042760363,0,3,44,Phone,Minor issues,0.53
DNR_04860,20,M,B+,Islamabad,33.655335291885386,73.01029916350487,1,5,100,App,Healthy,0.5499999999999999
DNR_04861,18,F,O+,Multan,30.1945254311413,71.466211008591,0,3,84,Phone,Healthy,0.43000000000000005
DNR_04862,38,M,AB-,Quetta,30.11256987889394,67.04836269658173,0,3,25,SMS,Healthy,0.725
DNR_04863,32,M,O+,Quetta,30.12622144568886,66.93619354867185,0,2,13,App,Healthy,0.8349999999999999
DNR_04864,49,F,A+,Multan,30.168580133517363,71.5708675817283,0,4,22,SMS,Unhealthy,0.69
DNR_04865,37,F,B-,Lahore,31.61411662711677,74.3398244263275,1,1,52,Phone,Healthy,0.49
DNR_04866,18,M,O+,Lahore,31.500827265769832,74.35257820526739,1,2,13,App,Healthy,0.8349999999999999
DNR_04867,28,M,A+,Peshawar,34.03463148618888,71.63510745720022,0,2,11,Phone,Healthy,0.7449999999999999
DNR_04868,43,M,O-,Karachi,24.938924647274938,67.06335412481606,1,5,13,Phone,Healthy,0.8849999999999999
DNR_04869,41,M,O+,Islamabad,33.76099277768992,72.99348544717355,1,6,17,SMS,Healthy,0.915
DNR_04870,46,F,A+,Islamabad,33.71587549632406,73.0519776635997,1,7,53,SMS,Minor issues,0.685
DNR_04871,37,M,A+,Karachi,24.80835144351425,67.0108240074339,1,6,21,SMS,Healthy,0.895
DNR_04872,30,M,O+,Lahore,31.563194915777768,74.38401352507529,1,2,91,Phone,Healthy,0.345
DNR_04873,41,M,O+,Peshawar,34.02623756338778,71.62408811740613,0,5,85,Phone,Healthy,0.525
DNR_04874,27,M,O+,Faisalabad,31.462762422911727,73.09891395663749,1,5,88,App,Healthy,0.61
DNR_04875,31,F,AB+,Quetta,30.104528976723792,66.92177598857475,0,3,42,App,Minor issues,0.64
DNR_04876,38,M,AB-,Peshawar,33.93548403726338,71.59730139575363,0,4,45,App,Healthy,0.7749999999999999
DNR_04877,41,F,B+,Karachi,24.8254481335661,67.07259070050839,1,1,34,App,Minor issues,0.58
DNR_04878,36,F,O+,Peshawar,34.038940149962365,71.58300789487441,0,12,77,SMS,Healthy,0.915
DNR_04879,18,F,O+,Multan,30.07828176091635,71.49910472452049,0,1,89,SMS,Minor issues,0.20499999999999996
DNR_04880,26,F,O+,Karachi,24.850738097114537,67.065301108513,1,1,67,App,Minor issues,0.4149999999999999
DNR_04881,22,M,A+,Multan,30.157772805010374,71.59776959926977,0,7,119,App,Healthy,0.555
DNR_04882,33,M,B-,Faisalabad,31.464916785201606,73.14611730874296,1,1,104,SMS,Healthy,0.22999999999999995
DNR_04883,29,F,O+,Multan,30.230208853112188,71.486380053552,0,5,32,App,Healthy,0.8899999999999999
DNR_04884,50,M,O+,Quetta,30.19656386221626,66.92719040972985,0,0,216,SMS,Minor issues,0.05
DNR_04885,46,M,O+,Quetta,30.214177909603308,67.0368643622132,0,2,11,SMS,Minor issues,0.6449999999999999
DNR_04886,24,M,A-,Peshawar,34.07532207571861,71.56761443252998,0,5,32,Phone,Healthy,0.7899999999999999
DNR_04887,25,M,A+,Multan,30.162763749736147,71.51634298228113,0,3,54,Phone,Minor issues,0.48
DNR_04888,34,M,AB+,Karachi,24.85058069350449,67.02367702607063,1,1,82,App,Minor issues,0.33999999999999997
DNR_04889,29,F,O+,Karachi,24.88519900219329,66.99310266186949,1,2,115,SMS,Healthy,0.22500000000000003
DNR_04890,32,M,O+,Quetta,30.125417223118234,66.98699856068224,0,1,22,App,Healthy,0.74
DNR_04891,52,F,O+,Multan,30.173121774818345,71.60463477738764,0,2,23,App,Healthy,0.7849999999999999
DNR_04892,37,F,O+,Lahore,31.472034393585215,74.33406333909362,1,7,51,Phone,Healthy,0.795
DNR_04893,33,M,B+,Peshawar,34.016433735892775,71.57202902766856,0,0,201,App,Healthy,0.05
DNR_04894,39,M,B+,Quetta,30.122129883285584,66.90302787522515,0,1,91,Phone,Minor issues,0.19499999999999995
DNR_04895,33,F,A+,Lahore,31.495145670449286,74.41605266939203,1,4,14,SMS,Minor issues,0.73
DNR_04896,49,F,A+,Karachi,24.858102762162954,66.9506346033442,1,5,73,App,Healthy,0.6849999999999999
DNR_04897,44,M,AB+,Karachi,24.886257076342044,67.05910363490116,1,3,42,SMS,Healthy,0.64
DNR_04898,31,M,B+,Islamabad,33.63346059067299,73.09199489916368,1,1,114,App,Healthy,0.28
DNR_04899,23,M,O+,Peshawar,34.07507387384453,71.55388310470208,0,6,35,SMS,Minor issues,0.7250000000000001
DNR_04900,31,M,B+,Quetta,30.25239696746533,66.89993218446038,0,5,43,SMS,Healthy,0.735
DNR_04901,34,F,O+,Faisalabad,31.439899611241415,73.05324044935016,1,4,57,Phone,Healthy,0.615
DNR_04902,33,M,B+,Islamabad,33.64711481468264,73.11030402779538,1,4,90,App,Minor issues,0.44999999999999996
DNR_04903,24,M,A-,Faisalabad,31.466202902130494,73.06729043283936,1,4,38,Phone,Healthy,0.71
DNR_04904,33,M,O+,Quetta,30.138138141736412,67.03450072222368,0,1,76,App,Healthy,0.47
DNR_04905,36,M,O+,Islamabad,33.74322952768859,73.04601213850002,1,2,16,SMS,Healthy,0.72
DNR_04906,21,M,O-,Quetta,30.216313405605472,67.0271480880351,0,8,67,SMS,Healthy,0.765
DNR_04907,40,F,O+,Multan,30.090193723328763,71.50214598275666,0,2,53,App,Healthy,0.6349999999999999
DNR_04908,34,M,B+,Islamabad,33.64519467174081,73.02784500736396,1,4,87,SMS,Healthy,0.46499999999999997
DNR_04909,36,M,B+,Peshawar,34.05090930402216,71.54971698816665,0,10,98,App,Minor issues,0.71
DNR_04910,40,M,B+,Islamabad,33.64451080754855,73.08402687913657,1,1,44,Phone,Healthy,0.53
DNR_04911,24,M,B+,Lahore,31.57946790138716,74.29112403030652,1,7,8,App,Healthy,0.95
DNR_04912,22,M,O+,Multan,30.21101967191816,71.52876445986874,0,5,28,App,Minor issues,0.8099999999999999
DNR_04913,42,F,AB+,Islamabad,33.67816415574393,73.09945213251463,1,5,39,SMS,Healthy,0.755
DNR_04914,27,M,AB+,Islamabad,33.64577079825758,73.0927905913247,1,5,111,SMS,Minor issues,0.29499999999999993
DNR_04915,42,M,A-,Karachi,24.82324697097595,67.03855411032511,1,3,10,App,Minor issues,0.7999999999999999
DNR_04916,39,M,A+,Quetta,30.18748900226247,67.0290519931682,0,6,105,App,Healthy,0.575
DNR_04917,25,M,A-,Multan,30.147927389923222,71.50900745917744,0,9,24,SMS,Healthy,0.95
DNR_04918,24,F,A+,Quetta,30.159390840120818,66.97081346478411,0,2,118,SMS,Healthy,0.21000000000000002
DNR_04919,43,M,B+,Islamabad,33.6943422041807,72.98801556268742,1,1,67,App,Healthy,0.5149999999999999
DNR_04920,54,M,A+,Islamabad,33.674126453198014,73.02062516355569,1,5,25,SMS,Healthy,0.825
DNR_04921,44,M,O+,Quetta,30.199512811156854,66.9781052011193,0,1,100,App,Healthy,0.35
DNR_04922,48,M,A+,Peshawar,33.99269485151659,71.61896409949765,0,2,28,App,Healthy,0.7599999999999999
DNR_04923,37,M,O+,Karachi,24.891474663735142,66.98736465307523,1,3,76,SMS,Healthy,0.47
DNR_04924,33,M,A+,Peshawar,34.038256763847095,71.56958712838306,0,1,22,App,Healthy,0.74
DNR_04925,23,F,O+,Quetta,30.16618169272046,67.04861482433294,0,1,18,SMS,Healthy,0.66
DNR_04926,42,M,O+,Lahore,31.509247473258508,74.29463690396423,1,5,12,SMS,Healthy,0.89
DNR_04927,34,M,O+,Peshawar,34.06632757904508,71.64399404106018,0,2,25,SMS,Healthy,0.6749999999999999
DNR_04928,20,M,O+,Faisalabad,31.402077388469746,73.03935471151085,1,1,72,SMS,Healthy,0.39
DNR_04929,36,M,B+,Quetta,30.14612794660983,66.91955675312222,0,4,36,App,Healthy,0.82
DNR_04930,41,M,B+,Islamabad,33.754224422899426,73.02333073708394,1,3,17,App,Healthy,0.865
DNR_04931,31,F,B+,Islamabad,33.69589922356569,73.05529313626256,1,1,45,App,Healthy,0.625
DNR_04932,30,F,B+,Karachi,24.935720695206424,67.07393845952059,1,2,53,SMS,Healthy,0.5349999999999999
DNR_04933,30,F,B+,Lahore,31.60425546562983,74.37752771101667,1,5,85,SMS,Healthy,0.525
DNR_04934,31,M,A+,Multan,30.088426679925888,71.5494322126554,0,2,35,SMS,Healthy,0.625
DNR_04935,28,F,O+,Multan,30.0971267027855,71.54325645765063,0,4,103,App,Healthy,0.485
DNR_04936,33,M,O+,Faisalabad,31.380197917533767,73.06703091527733,1,5,75,Phone,Healthy,0.575
DNR_04937,25,M,A+,Quetta,30.131148190776507,67.02327322111763,0,6,87,SMS,Healthy,0.5650000000000001
DNR_04938,37,F,B+,Lahore,31.603541591020733,74.34123942118418,1,5,84,App,Minor issues,0.53
DNR_04939,40,M,O+,Quetta,30.241631265671973,66.90277786146456,0,3,39,SMS,Minor issues,0.5549999999999999
DNR_04940,36,F,O+,Multan,30.15661251165055,71.45723253074493,0,5,41,Phone,Minor issues,0.645
DNR_04941,40,F,A+,Peshawar,34.04317553742394,71.5208530917605,0,1,17,App,Healthy,0.765
DNR_04942,32,M,B+,Multan,30.09807697310948,71.56903528902585,0,3,68,App,Healthy,0.61
DNR_04943,42,F,A+,Peshawar,34.05196154927791,71.5617305297512,0,0,160,SMS,Minor issues,0.05
DNR_04944,44,F,A+,Multan,30.101580697340548,71.45991607703053,0,4,66,App,Healthy,0.6699999999999999
DNR_04945,18,M,B+,Multan,30.235165779206888,71.50134913677749,0,6,51,SMS,Healthy,0.745
DNR_04946,29,M,O+,Multan,30.11599317630958,71.53105359913272,0,1,9,App,Healthy,0.8049999999999999
DNR_04947,34,F,O+,Karachi,24.931803955334576,67.01634803371037,1,5,11,SMS,Healthy,0.8949999999999999
DNR_04948,18,M,O+,Multan,30.100082932572537,71.49019319230226,0,3,83,App,Healthy,0.535
DNR_04949,34,M,A+,Islamabad,33.60671722564693,73.1206620550938,1,2,100,App,Healthy,0.4
DNR_04950,28,M,A+,Lahore,31.606494987421343,74.3659441647771,1,1,56,Phone,Healthy,0.47
DNR_04951,33,F,A+,Quetta,30.100425517728663,67.04345963691202,0,5,82,App,Healthy,0.64
DNR_04952,43,M,O+,Peshawar,34.0420839399782,71.52832243995144,0,1,89,App,Healthy,0.4049999999999999
DNR_04953,26,F,A+,Lahore,31.608875544367987,74.3395544189329,1,2,109,Phone,Healthy,0.25499999999999995
DNR_04954,18,M,B+,Islamabad,33.674411369141666,73.03891009888288,1,0,237,App,Healthy,0.05
DNR_04955,23,M,O+,Islamabad,33.65049608825225,73.11791750480809,1,2,26,App,Minor issues,0.6699999999999999
DNR_04956,36,M,B+,Quetta,30.139330102706072,66.9297449276431,0,5,110,App,Minor issues,0.3999999999999999
DNR_04957,51,F,A+,Lahore,31.582948441280134,74.39676300289491,1,1,89,SMS,Healthy,0.30499999999999994
DNR_04958,28,F,B+,Multan,30.210381041591177,71.48051334924291,0,1,87,App,Minor issues,0.31499999999999995
DNR_04959,38,M,O+,Lahore,31.556035052218956,74.36168545427803,1,4,96,App,Minor issues,0.42000000000000004
DNR_04960,37,F,B+,Islamabad,33.63883494165522,73.10943047660855,1,3,74,SMS,Healthy,0.48
DNR_04961,21,M,A+,Peshawar,33.970367566883475,71.64753341139784,0,1,28,Phone,Minor issues,0.51
DNR_04962,22,F,O+,Quetta,30.211290804895775,66.95302105345137,0,8,13,App,Healthy,0.95
DNR_04963,18,M,B-,Faisalabad,31.35233155944517,73.14956599945228,1,3,14,App,Minor issues,0.78
DNR_04964,30,M,O+,Faisalabad,31.442551139738136,73.10677593422555,1,4,106,Phone,Healthy,0.37
DNR_04965,37,M,O+,Multan,30.14051984578512,71.58514837400388,0,5,44,App,Healthy,0.83
DNR_04966,34,M,O+,Lahore,31.55984834261938,74.39070113813686,1,4,24,SMS,Healthy,0.7799999999999999
DNR_04967,33,M,O+,Lahore,31.582906971892662,74.36464649550481,1,6,116,SMS,Unhealthy,0.32000000000000006
DNR_04968,35,M,O+,Quetta,30.150862418409837,66.96889049233032,0,5,57,App,Healthy,0.7649999999999999
DNR_04969,18,M,A+,Quetta,30.176984603341133,66.90402051401327,0,2,62,Phone,Healthy,0.49
DNR_04970,25,F,O+,Faisalabad,31.34497567056179,73.00604199430884,1,5,89,App,Healthy,0.605
DNR_04971,45,M,B+,Multan,30.19444148523863,71.51276057191538,0,8,99,Phone,Healthy,0.605
DNR_04972,35,F,B-,Islamabad,33.623695284127514,72.99441176041691,1,5,33,App,Healthy,0.8849999999999999
DNR_04973,27,F,AB+,Lahore,31.50435569999244,74.29300968002288,1,0,224,App,Healthy,0.05
DNR_04974,40,M,B+,Multan,30.14359746438941,71.58311811619802,0,4,90,SMS,Minor issues,0.35
DNR_04975,40,M,A+,Karachi,24.89827551097953,66.97436350703369,1,1,30,App,Healthy,0.7
DNR_04976,21,M,B+,Islamabad,33.73522012175242,73.05024776421362,1,1,37,Phone,Minor issues,0.46499999999999997
DNR_04977,43,M,A+,Quetta,30.157236065320536,67.02572204776563,0,1,36,App,Healthy,0.6699999999999999
DNR_04978,29,M,B+,Islamabad,33.730102569399605,73.07039050131029,1,5,24,SMS,Healthy,0.83
DNR_04979,31,F,O-,Quetta,30.19089902363182,66.95822584597678,0,1,21,SMS,Healthy,0.645
DNR_04980,22,M,O+,Lahore,31.49914185372682,74.40556827784523,1,1,93,App,Healthy,0.3849999999999999
DNR_04981,37,M,A+,Islamabad,33.70582361207993,73.10216864948313,1,3,114,App,Minor issues,0.28
DNR_04982,18,M,A+,Lahore,31.513382527625666,74.309158430128,1,1,15,App,Healthy,0.775
DNR_04983,22,F,O+,Karachi,24.788098155385406,66.93349654567322,1,1,65,App,Minor issues,0.42499999999999993
DNR_04984,19,F,O+,Peshawar,34.03418938252826,71.53255057306492,0,6,49,SMS,Healthy,0.755
DNR_04985,40,M,O+,Multan,30.17467688755746,71.50398490661733,0,2,36,App,Healthy,0.72
DNR_04986,46,M,B-,Peshawar,33.97664798143575,71.5742384460035,0,1,93,App,Healthy,0.3849999999999999
DNR_04987,31,M,A+,Peshawar,33.94370963444847,71.5878231976841,0,1,25,SMS,Healthy,0.625
DNR_04988,37,M,O+,Multan,30.187426089791895,71.44874755736625,0,0,225,SMS,Healthy,0.05
DNR_04989,35,F,B+,Lahore,31.626586733045738,74.32396572767206,1,4,112,App,Healthy,0.43999999999999995
DNR_04990,18,M,B+,Quetta,30.25464081454881,66.99640521205579,0,0,387,SMS,Healthy,0.05
DNR_04991,50,M,B+,Lahore,31.61456749855134,74.2662239949815,1,5,26,Phone,Healthy,0.82
DNR_04992,32,M,B+,Islamabad,33.69573825478163,73.09474110544248,1,4,44,SMS,Healthy,0.68
DNR_04993,27,M,B+,Faisalabad,31.462489823749962,73.0514831074809,1,1,9,App,Minor issues,0.705
DNR_04994,28,F,O+,Lahore,31.602165410091843,74.32965912080027,1,7,24,SMS,Healthy,0.93
DNR_04995,28,M,A+,Multan,30.193924893953827,71.48817710803452,0,10,76,App,Unhealthy,0.82
DNR_04996,18,M,A+,Multan,30.217538171860934,71.60140256089022,0,5,50,App,Healthy,0.7999999999999999
DNR_04997,26,M,O+,Islamabad,33.700319253502926,73.086883393176,1,1,80,App,Unhealthy,0.35
DNR_04998,30,M,O+,Quetta,30.18014455992431,66.98282359646095,0,4,113,Phone,Healthy,0.3350000000000001
DNR_04999,21,F,A+,Multan,30.23427491261491,71.59961505185295,0,2,14,SMS,Healthy,0.73
DNR_05000,28,M,O+,Islamabad,33.71322893554585,73.09531025180725,1,3,18,Phone,Minor issues,0.66
DNR_05001,31,F,B-,Karachi,24.893864220242513,66.98783406696319,1,1,78,SMS,Healthy,0.36
DNR_05002,47,M,A+,Islamabad,33.690837174353426,73.07916451928112,1,2,22,App,Healthy,0.7899999999999999
DNR_05003,39,M,O+,Lahore,31.562388343216423,74.29409823792916,1,7,34,SMS,Healthy,0.88
DNR_05004,19,M,B+,Faisalabad,31.48494904113232,73.07813353448576,1,5,25,App,Minor issues,0.825
DNR_05005,22,M,O-,Multan,30.077877360690902,71.56904329966719,0,4,109,Phone,Healthy,0.355
DNR_05006,26,F,O+,Faisalabad,31.353328033567873,73.12140114861377,1,1,67,App,Healthy,0.5149999999999999
DNR_05007,18,M,O+,Lahore,31.49400440094024,74.27531138635656,1,4,94,App,Healthy,0.53
DNR_05008,25,M,A+,Quetta,30.208422286399088,66.9415742048836,0,2,18,SMS,Healthy,0.71
DNR_05009,33,M,B+,Karachi,24.819805004217855,67.0089822619853,1,1,70,App,Healthy,0.5
DNR_05010,46,F,B+,Karachi,24.877403231356347,67.06471052256603,1,0,363,App,Healthy,0.05
DNR_05011,42,F,O+,Faisalabad,31.40181647575384,73.09114721772372,1,2,113,App,Healthy,0.3350000000000001
DNR_05012,24,F,O+,Karachi,24.88291668004714,67.0413906176432,1,2,68,SMS,Healthy,0.45999999999999996
DNR_05013,39,M,B+,Faisalabad,31.372010457778963,73.12034167582293,1,3,30,App,Unhealthy,0.7
DNR_05014,20,F,AB-,Lahore,31.60791894587316,74.40914729792847,1,3,59,App,Healthy,0.655
DNR_05015,31,M,B+,Karachi,24.829411193126873,67.02010903357895,1,3,118,App,Healthy,0.36
DNR_05016,20,M,AB+,Multan,30.098839893916406,71.46740105444556,0,1,59,SMS,Healthy,0.45499999999999996
DNR_05017,43,F,B-,Karachi,24.939302189699145,67.0361389117237,1,2,68,App,Healthy,0.5599999999999999
DNR_05018,27,M,O-,Islamabad,33.62264513456669,73.10188008609401,1,4,55,SMS,Healthy,0.6249999999999999
DNR_05019,27,M,B+,Multan,30.17354855164341,71.55853020684087,0,8,80,App,Healthy,0.7999999999999999
DNR_05020,48,M,A+,Peshawar,34.05566091460026,71.53040435923505,0,6,117,App,Healthy,0.515
DNR_05021,25,M,O+,Lahore,31.49594412785561,74.29883880971873,1,6,118,SMS,Healthy,0.41000000000000003
DNR_05022,32,M,B+,Islamabad,33.75713091900987,73.0871180326165,1,3,118,SMS,Healthy,0.26
DNR_05023,29,M,B+,Multan,30.09085059571372,71.5162494592971,0,3,60,App,Healthy,0.65
DNR_05024,25,M,A+,Quetta,30.165629521103924,66.91671190256247,0,4,76,SMS,Healthy,0.52
DNR_05025,23,M,O+,Karachi,24.920647659083116,67.04174198514137,1,2,38,App,Healthy,0.71
DNR_05026,18,M,O+,Karachi,24.872439567874512,66.93448709769645,1,2,115,App,Healthy,0.32500000000000007
DNR_05027,25,F,B-,Lahore,31.62096781305517,74.26550810127378,1,1,100,SMS,Healthy,0.24999999999999997
DNR_05028,24,F,O+,Peshawar,33.98983480814394,71.5720773943929,0,0,221,SMS,Healthy,0.05
DNR_05029,29,F,O+,Islamabad,33.65099414459807,73.11655389763044,1,4,63,SMS,Healthy,0.585
DNR_05030,37,M,O+,Quetta,30.197395462193654,66.9029217669175,0,3,84,SMS,Healthy,0.43000000000000005
DNR_05031,36,M,A+,Lahore,31.532532539406542,74.36918069741024,1,4,37,Phone,Healthy,0.715
DNR_05032,27,F,O+,Peshawar,34.07832768560383,71.51397371875947,0,3,56,App,Healthy,0.6699999999999999
DNR_05033,41,F,B+,Quetta,30.13857994171363,67.0110134877414,0,1,81,SMS,Unhealthy,0.24499999999999994
DNR_05034,39,M,B+,Karachi,24.818501301634832,66.92284114747167,1,2,43,SMS,Healthy,0.585
DNR_05035,27,M,A+,Karachi,24.84904842430996,66.952371507561,1,2,87,SMS,Healthy,0.365
DNR_05036,34,M,O+,Peshawar,33.963603223923265,71.50713318562654,0,1,18,SMS,Healthy,0.66
DNR_05037,51,M,O+,Quetta,30.251954175608894,67.0233155215712,0,0,313,SMS,Healthy,0.05
DNR_05038,48,F,B+,Multan,30.227765656485552,71.5821491722583,0,8,111,App,Healthy,0.6449999999999999
DNR_05039,23,M,AB-,Quetta,30.114130377773677,67.03807747835555,0,1,62,Phone,Healthy,0.43999999999999995
DNR_05040,48,F,O+,Karachi,24.784738374791033,67.02265519163342,1,4,65,App,Healthy,0.6749999999999999
DNR_05041,47,M,O+,Lahore,31.488975253507554,74.27359052991142,1,5,10,SMS,Healthy,0.8999999999999999
DNR_05042,18,M,B-,Faisalabad,31.417975609535848,73.11033241710915,1,1,18,Phone,Healthy,0.66
DNR_05043,38,M,B+,Karachi,24.823575893788927,66.98495693995689,1,9,8,SMS,Healthy,0.95
DNR_05044,35,M,B+,Peshawar,34.002546494372396,71.55347698745143,0,3,115,App,Healthy,0.375
DNR_05045,55,F,B+,Quetta,30.241289607277597,67.00147690678314,0,4,102,SMS,Healthy,0.39
DNR_05046,24,M,O+,Islamabad,33.685168252460926,72.9938460454469,1,2,51,Phone,Healthy,0.5449999999999999
DNR_05047,38,M,O+,Faisalabad,31.43676298536945,73.05563012828362,1,3,40,App,Healthy,0.75
DNR_05048,45,M,A+,Peshawar,34.01088821504574,71.53821526737303,0,2,118,App,Healthy,0.31000000000000005
DNR_05049,38,F,B+,Quetta,30.240025202977193,66.92542790200109,0,2,54,Phone,Healthy,0.5299999999999999
DNR_05050,19,M,O+,Quetta,30.125945451903377,67.03918265969149,0,3,113,Phone,Healthy,0.28500000000000003
DNR_05051,32,M,A+,Lahore,31.537490078157724,74.3778187841015,1,2,108,SMS,Healthy,0.25999999999999995
DNR_05052,28,F,O+,Quetta,30.121450427195228,66.96778600603159,0,1,88,App,Healthy,0.4099999999999999
DNR_05053,48,M,O+,Multan,30.132988540090167,71.55851803441017,0,4,64,SMS,Minor issues,0.48
DNR_05054,18,M,B+,Peshawar,33.961563460575384,71.6558944017357,0,1,65,App,Healthy,0.5249999999999999
DNR_05055,18,M,O+,Faisalabad,31.387878054732028,72.99957567598709,1,1,115,App,Healthy,0.275
DNR_05056,25,M,O+,Faisalabad,31.37733491500636,73.12382710974109,1,5,33,App,Healthy,0.8849999999999999
DNR_05057,38,M,A+,Lahore,31.501099227685245,74.40475821205263,1,1,98,App,Healthy,0.36
DNR_05058,23,F,O+,Faisalabad,31.465953758083273,73.08360864977432,1,1,79,App,Healthy,0.45499999999999996
DNR_05059,18,M,O-,Islamabad,33.64701512084461,73.02599116458799,1,7,45,App,Healthy,0.925
DNR_05060,27,F,A+,Multan,30.216902048934088,71.5943424523679,0,5,99,Phone,Healthy,0.45499999999999996
DNR_05061,49,M,O+,Islamabad,33.651284449710396,73.05872065264279,1,5,43,App,Healthy,0.835
DNR_05062,40,M,O+,Faisalabad,31.423036576650848,73.04698521907285,1,3,25,SMS,Healthy,0.725
DNR_05063,20,F,A+,Quetta,30.158533997433896,66.92082720234875,0,3,95,App,Healthy,0.475
DNR_05064,18,M,A-,Islamabad,33.63218199899444,73.00816805360392,1,10,34,SMS,Healthy,0.95
DNR_05065,25,M,O+,Peshawar,33.962764710489736,71.57104833856636,0,4,81,Phone,Unhealthy,0.39499999999999996
DNR_05066,45,M,O+,Peshawar,33.99494515033325,71.60372356292,0,2,87,SMS,Minor issues,0.265
DNR_05067,34,F,B+,Faisalabad,31.467523366831813,73.04087449151109,1,1,78,App,Healthy,0.45999999999999996
DNR_05068,26,F,A+,Faisalabad,31.41481712136679,73.09011375958612,1,2,17,SMS,Minor issues,0.615
DNR_05069,18,F,AB+,Islamabad,33.693632819284815,73.0095120628408,1,5,28,Phone,Minor issues,0.71
DNR_05070,52,F,AB+,Multan,30.14222031352483,71.49287761071216,0,3,98,SMS,Healthy,0.36
DNR_05071,46,F,A+,Peshawar,33.9964284323928,71.52737857903068,0,5,19,SMS,Minor issues,0.755
DNR_05072,35,M,O+,Faisalabad,31.439104696292592,73.00121940577718,1,5,8,SMS,Minor issues,0.8099999999999999
DNR_05073,36,M,A+,Quetta,30.229240415936612,66.99018927052813,0,3,83,App,Healthy,0.535
DNR_05074,24,M,A+,Islamabad,33.62792562284348,73.10522812022663,1,2,111,SMS,Minor issues,0.14499999999999993
DNR_05075,49,M,AB-,Multan,30.07893267443745,71.45730425330342,0,9,77,SMS,Healthy,0.765
DNR_05076,18,F,B+,Islamabad,33.7484627052363,73.01884737649229,1,1,13,SMS,Healthy,0.6849999999999999
DNR_05077,33,M,AB+,Quetta,30.2216463791045,66.92495942581935,0,11,38,App,Minor issues,0.95
DNR_05078,18,F,O+,Faisalabad,31.49720485611229,73.1367082581418,1,2,45,SMS,Healthy,0.575
DNR_05079,43,F,A+,Karachi,24.84327771240302,66.93389173763308,1,7,48,Phone,Healthy,0.8099999999999999
DNR_05080,18,F,A+,Islamabad,33.678334937260715,73.03110472092969,1,4,74,App,Healthy,0.63
DNR_05081,33,M,A+,Multan,30.217515418840964,71.47112826699308,0,1,37,SMS,Healthy,0.565
DNR_05082,48,F,A+,Islamabad,33.62622639152692,73.0306610540555,1,1,115,App,Minor issues,0.17500000000000004
DNR_05083,25,M,O+,Quetta,30.185121625372595,66.96270208247628,0,1,119,App,Healthy,0.255
DNR_05084,26,F,B+,Islamabad,33.73928910236604,73.08627881755706,1,5,24,App,Healthy,0.9299999999999999
DNR_05085,34,F,A+,Quetta,30.21140466365435,66.92913441287921,0,3,58,Phone,Healthy,0.56
DNR_05086,20,F,B+,Faisalabad,31.374739530597584,73.05350227546023,1,1,96,SMS,Healthy,0.27
DNR_05087,21,M,B+,Multan,30.213278822698374,71.4783360854506,0,8,60,SMS,Healthy,0.7999999999999999
DNR_05088,30,M,O+,Islamabad,33.698260812447565,73.06473907064509,1,0,334,SMS,Healthy,0.05
DNR_05089,60,F,B+,Islamabad,33.73991606205688,73.05906808421096,1,2,96,App,Healthy,0.42000000000000004
DNR_05090,31,F,B+,Faisalabad,31.35933885923712,73.05599034672677,1,1,111,App,Healthy,0.29499999999999993
DNR_05091,18,M,B+,Multan,30.07991253597092,71.54368425767319,0,4,24,Phone,Healthy,0.7799999999999999
DNR_05092,29,M,O+,Quetta,30.244880698116027,66.94726454001099,0,5,49,Phone,Healthy,0.705
DNR_05093,44,M,O+,Karachi,24.84300718274736,67.02722570063683,1,1,107,App,Healthy,0.31499999999999995
DNR_05094,40,M,A+,Islamabad,33.74463186061985,72.98880492231203,1,1,97,Phone,Healthy,0.265
DNR_05095,27,M,B+,Karachi,24.877746993533616,66.95856126690107,1,5,31,SMS,Unhealthy,0.695
DNR_05096,40,M,O+,Lahore,31.545000719467264,74.33610508757089,1,3,93,SMS,Healthy,0.385
DNR_05097,39,F,A+,Karachi,24.847477011062086,67.03018861985986,1,3,118,SMS,Healthy,0.26
DNR_05098,18,M,A+,Quetta,30.14012116003052,67.0249868533009,0,0,379,App,Minor issues,0.05
DNR_05099,30,F,B+,Multan,30.1047851979055,71.49785324437406,0,3,116,App,Healthy,0.37
DNR_05100,31,F,B+,Islamabad,33.73971232194927,72.97612055588041,1,1,80,App,Minor issues,0.35
DNR_05101,29,F,A+,Faisalabad,31.414847151027903,73.11934219350164,1,3,80,App,Healthy,0.5499999999999999
DNR_05102,29,F,A+,Peshawar,34.003496756944365,71.640879239514,0,5,28,SMS,Minor issues,0.71
DNR_05103,26,M,A+,Quetta,30.25183340641924,66.98519833519047,0,3,43,App,Minor issues,0.635
DNR_05104,44,M,O+,Lahore,31.475787589785647,74.26374742977481,1,6,36,SMS,Healthy,0.82
DNR_05105,20,M,A+,Islamabad,33.62502445197447,72.99086034623963,1,6,56,SMS,Healthy,0.72
DNR_05106,25,M,O+,Islamabad,33.65891339610718,73.08104654587888,1,6,69,App,Healthy,0.755
DNR_05107,49,M,A-,Quetta,30.19820432200947,66.96175689586438,0,2,7,SMS,Healthy,0.7649999999999999
DNR_05108,39,M,A+,Multan,30.159279525702196,71.46741797082713,0,3,105,App,Healthy,0.42499999999999993
DNR_05109,36,M,O+,Islamabad,33.68875361099102,73.04760881047913,1,3,39,Phone,Healthy,0.6549999999999999
DNR_05110,18,M,B+,Peshawar,33.99089253544402,71.59701716934812,0,2,50,App,Healthy,0.6499999999999999
DNR_05111,39,F,A+,Multan,30.191403742974337,71.5429753720593,0,4,35,SMS,Healthy,0.725
DNR_05112,32,M,A+,Faisalabad,31.370373186332483,73.13162352564095,1,6,15,App,Unhealthy,0.925
DNR_05113,32,F,O+,Peshawar,33.94889395300048,71.60451680267019,0,10,61,SMS,Healthy,0.8949999999999999
DNR_05114,34,M,A+,Faisalabad,31.446317368049492,73.0999737869321,1,1,43,App,Healthy,0.635
DNR_05115,30,F,O+,Quetta,30.216785798070845,67.0044645570618,0,2,118,Phone,Healthy,0.21000000000000002
DNR_05116,37,M,B+,Quetta,30.16591128508886,67.04532681162081,0,0,274,SMS,Healthy,0.05
DNR_05117,28,F,B+,Faisalabad,31.410982440444798,73.04888430671343,1,4,52,App,Minor issues,0.64
DNR_05118,31,M,O+,Karachi,24.86138228138784,67.01924089456894,1,3,115,App,Minor issues,0.275
DNR_05119,30,F,A+,Lahore,31.487466283879137,74.40787882081332,1,4,101,App,Healthy,0.495
DNR_05120,33,M,A+,Peshawar,34.066613640844004,71.58647699596676,0,5,95,App,Healthy,0.575
DNR_05121,37,F,O+,Multan,30.09065919900629,71.50333575081672,0,0,213,App,Minor issues,0.05
DNR_05122,49,F,O+,Multan,30.2031745434147,71.51922160976271,0,2,51,SMS,Healthy,0.5449999999999999
DNR_05123,18,M,O+,Quetta,30.102072918683895,66.96540262136631,0,3,14,App,Minor issues,0.78
DNR_05124,28,F,O+,Karachi,24.91109463699704,66.99750191607114,1,1,107,SMS,Healthy,0.21499999999999997
DNR_05125,18,M,A-,Islamabad,33.76259931656715,73.07364440614677,1,3,10,SMS,Healthy,0.7999999999999999
DNR_05126,36,M,AB-,Quetta,30.144899774663067,66.96488516279075,0,1,92,App,Healthy,0.3899999999999999
DNR_05127,18,M,B+,Lahore,31.49492929934131,74.3820843192072,1,5,56,App,Healthy,0.7699999999999999
DNR_05128,18,F,B+,Peshawar,33.952865057183274,71.56037831300044,0,7,86,App,Healthy,0.72
DNR_05129,33,M,O+,Faisalabad,31.43267852672326,73.14155415666967,1,1,11,SMS,Minor issues,0.595
DNR_05130,28,F,B-,Faisalabad,31.399454890583392,73.11513656331755,1,3,60,SMS,Unhealthy,0.45
DNR_05131,38,M,O+,Multan,30.211293742437956,71.50787339756108,0,6,88,SMS,Healthy,0.56
DNR_05132,42,F,A-,Islamabad,33.736346626405926,72.96884480756542,1,3,17,SMS,Healthy,0.765
DNR_05133,33,M,O-,Islamabad,33.74501714274145,73.0858862219409,1,4,18,Phone,Unhealthy,0.71
DNR_05134,46,M,B+,Islamabad,33.7303940803875,73.04823703397264,1,1,92,App,Minor issues,0.2899999999999999
DNR_05135,37,M,B+,Multan,30.22042644701583,71.49310178553552,0,5,32,App,Healthy,0.8899999999999999
DNR_05136,28,M,O+,Peshawar,34.01341480749041,71.62190326457224,0,5,52,SMS,Healthy,0.69
DNR_05137,30,F,O-,Peshawar,34.045590767037375,71.60706501659956,0,2,82,SMS,Healthy,0.39
DNR_05138,53,M,AB+,Faisalabad,31.450168555081625,73.06683722653733,1,1,46,SMS,Healthy,0.52
DNR_05139,52,F,O+,Karachi,24.900144349393045,67.01508487283954,1,2,107,App,Healthy,0.365
DNR_05140,39,M,A+,Karachi,24.857729034285086,67.0559850717276,1,2,15,App,Healthy,0.825
DNR_05141,28,M,O+,Lahore,31.576362365047903,74.29579498261118,1,3,55,SMS,Healthy,0.575
DNR_05142,47,M,B+,Quetta,30.15395204634717,66.90944956178602,0,8,98,App,Minor issues,0.61
DNR_05143,45,M,O+,Quetta,30.15540418290922,67.01383449610245,0,3,23,SMS,Healthy,0.735
DNR_05144,27,M,O+,Faisalabad,31.475536669279776,73.06543327908477,1,6,45,App,Healthy,0.875
DNR_05145,18,F,AB+,Peshawar,33.9732373289919,71.54064146853368,0,3,64,App,Minor issues,0.53
DNR_05146,50,M,B+,Islamabad,33.62305073664619,73.11294199632614,1,6,88,App,Healthy,0.66
DNR_05147,18,M,B+,Quetta,30.14152785628593,66.95443202368152,0,6,23,Phone,Healthy,0.885
DNR_05148,28,M,O+,Quetta,30.112843870864864,66.91825189428477,0,0,305,App,Healthy,0.05
DNR_05149,18,F,A-,Faisalabad,31.472321055125963,73.11105501789731,1,2,47,SMS,Healthy,0.565
DNR_05150,24,M,B+,Islamabad,33.73676436189111,73.06829568496528,1,1,75,SMS,Healthy,0.375
DNR_05151,45,F,A+,Karachi,24.790052821525936,66.94702581331093,1,4,8,SMS,Minor issues,0.76
DNR_05152,40,M,O+,Lahore,31.49901239149622,74.38550684359973,1,0,249,SMS,Minor issues,0.05
DNR_05153,33,F,A+,Quetta,30.250406629992128,66.91646289406141,0,5,71,App,Healthy,0.695
DNR_05154,21,M,B+,Multan,30.13997249627566,71.60058425429811,0,3,43,SMS,Healthy,0.635
DNR_05155,34,F,O+,Faisalabad,31.41267054843449,73.10824793569039,1,7,14,SMS,Healthy,0.95
DNR_05156,49,M,B+,Multan,30.07820895960338,71.57099869021167,0,3,29,App,Minor issues,0.705
DNR_05157,39,M,O+,Lahore,31.5722877174579,74.3200456850175,1,2,74,App,Healthy,0.5299999999999999
DNR_05158,30,M,B+,Multan,30.16083396590875,71.57296202777015,0,7,58,App,Minor issues,0.76
DNR_05159,18,M,O+,Karachi,24.81543407608884,67.04021881346624,1,5,62,SMS,Healthy,0.64
DNR_05160,48,M,O+,Faisalabad,31.365858354698954,73.07021827767444,1,5,15,App,Minor issues,0.875
DNR_05161,19,F,O-,Multan,30.193440401827417,71.57082744510357,0,6,30,SMS,Healthy,0.85
DNR_05162,38,F,O+,Peshawar,33.937058670479466,71.53935357002592,0,2,14,SMS,Minor issues,0.63
DNR_05163,39,F,O+,Faisalabad,31.45057098045334,73.09233066273869,1,1,30,App,Minor issues,0.6
DNR_05164,34,M,O-,Multan,30.22445656734638,71.59974363754347,0,2,65,App,Healthy,0.575
DNR_05165,18,F,A+,Karachi,24.902637370393997,66.99576123757889,1,4,8,SMS,Healthy,0.86
DNR_05166,48,F,O+,Lahore,31.532619032846135,74.32636526409499,1,7,78,SMS,Healthy,0.66
DNR_05167,44,F,A+,Quetta,30.139202127454716,66.96126332754093,0,1,34,App,Healthy,0.6799999999999999
DNR_05168,19,F,B+,Islamabad,33.76074843907817,73.04651369801891,1,3,21,App,Healthy,0.845
DNR_05169,23,M,O+,Multan,30.082438592711213,71.48088637639351,0,5,21,SMS,Unhealthy,0.745
DNR_05170,47,M,B+,Multan,30.18312405610188,71.46974806503117,0,2,70,App,Healthy,0.5499999999999999
DNR_05171,22,M,B+,Faisalabad,31.390803575294672,73.07136047018822,1,6,34,SMS,Unhealthy,0.73
DNR_05172,28,M,A+,Karachi,24.897753052484425,66.92982233673233,1,5,90,SMS,Minor issues,0.39999999999999997
DNR_05173,28,M,B+,Karachi,24.89286141445413,67.0447589663005,1,1,105,App,Healthy,0.32499999999999996
DNR_05174,54,M,O+,Faisalabad,31.43458119329482,73.07917957620089,1,1,99,SMS,Minor issues,0.15499999999999997
DNR_05175,29,M,A+,Peshawar,33.962079728733684,71.5011364368283,0,6,17,App,Healthy,0.95
DNR_05176,53,F,O+,Islamabad,33.67058494661837,73.05979507256657,1,7,15,SMS,Healthy,0.95
DNR_05177,31,M,A+,Quetta,30.234063197596527,66.91702657283322,0,3,31,Phone,Healthy,0.695
DNR_05178,37,F,O+,Lahore,31.53157664760175,74.39794898205696,1,3,59,SMS,Minor issues,0.455
DNR_05179,47,F,A+,Multan,30.081291670667373,71.58208688125252,0,2,40,Phone,Healthy,0.6
DNR_05180,34,M,O+,Faisalabad,31.368353900993945,73.13549314978681,1,2,29,App,Minor issues,0.6549999999999999
DNR_05181,21,F,A+,Islamabad,33.76228034845504,73.10605059470545,1,2,15,App,Minor issues,0.725
DNR_05182,35,M,AB-,Peshawar,33.989389824886864,71.62481100575543,0,6,104,SMS,Healthy,0.48
DNR_05183,28,F,AB-,Faisalabad,31.393468608999566,73.06314464810468,1,1,98,App,Healthy,0.36
DNR_05184,25,M,O+,Lahore,31.588299564772015,74.38584034948896,1,8,47,SMS,Healthy,0.865
DNR_05185,34,F,A+,Faisalabad,31.485789192339208,73.09176775105023,1,9,104,App,Minor issues,0.63
DNR_05186,35,M,O+,Quetta,30.189707318085432,66.9473486860649,0,5,51,App,Healthy,0.7949999999999999
DNR_05187,37,M,O+,Peshawar,34.084768690393375,71.52222994375315,0,2,27,App,Healthy,0.7649999999999999
DNR_05188,60,F,O+,Faisalabad,31.451912995117503,73.0871928920982,1,1,77,Phone,Minor issues,0.26499999999999996
DNR_05189,31,M,O-,Karachi,24.849007745928787,67.0574883465251,1,2,82,SMS,Healthy,0.39
DNR_05190,44,M,O+,Lahore,31.540707722882683,74.31083809453766,1,3,115,Phone,Healthy,0.275
DNR_05191,49,M,O+,Quetta,30.173400101042507,66.9111024732343,0,2,78,App,Healthy,0.5099999999999999
DNR_05192,50,M,O+,Quetta,30.145720380161993,67.03291747909368,0,0,318,Phone,Healthy,0.05
DNR_05193,37,M,B+,Quetta,30.230792111504783,66.92719628882531,0,6,47,App,Healthy,0.865
DNR_05194,58,M,B+,Multan,30.19633125423737,71.49957509182757,0,1,80,SMS,Healthy,0.35
DNR_05195,42,F,AB-,Quetta,30.20557302104244,67.01580852193091,0,8,84,SMS,Healthy,0.68
DNR_05196,36,M,B+,Peshawar,33.98788253690284,71.65746326982321,0,1,30,App,Minor issues,0.6
DNR_05197,41,M,B+,Lahore,31.490144782157227,74.30713951929144,1,4,24,App,Minor issues,0.7799999999999999
DNR_05198,23,M,B+,Karachi,24.788979815084762,66.92336068717171,1,0,325,App,Healthy,0.05
DNR_05199,32,M,O+,Karachi,24.8553953210456,67.03843049632667,1,2,28,SMS,Healthy,0.6599999999999999
DNR_05200,28,M,O+,Peshawar,34.08303461794248,71.57261915041165,0,9,48,SMS,Unhealthy,0.81
DNR_05201,49,M,B-,Quetta,30.136886805857188,66.94444483009393,0,2,83,App,Minor issues,0.385
DNR_05202,24,M,O+,Quetta,30.191597999902044,67.05010668281606,0,2,17,SMS,Healthy,0.715
DNR_05203,37,M,O+,Lahore,31.621110468310405,74.3240740923617,1,8,49,App,Healthy,0.95
DNR_05204,23,M,O+,Karachi,24.827706887347524,67.07030234162842,1,1,8,App,Healthy,0.8099999999999999
DNR_05205,35,M,O+,Faisalabad,31.3488422364039,73.01295384794054,1,4,91,SMS,Healthy,0.44499999999999995
DNR_05206,20,F,A+,Lahore,31.60727102101802,74.26590407902934,1,3,96,SMS,Healthy,0.37
DNR_05207,25,M,A+,Islamabad,33.69475472565708,73.06733161800486,1,2,118,App,Healthy,0.31000000000000005
DNR_05208,26,F,B+,Multan,30.099823538359285,71.53415153200893,0,4,18,SMS,Minor issues,0.71
DNR_05209,40,F,A+,Quetta,30.258799114790865,66.95695880512164,0,1,79,App,Healthy,0.45499999999999996
DNR_05210,19,M,A+,Peshawar,34.06900487312202,71.64357899618389,0,4,25,Phone,Minor issues,0.675
DNR_05211,27,F,A+,Karachi,24.936503849065765,67.00911812793953,1,0,315,App,Healthy,0.05
DNR_05212,18,M,O+,Multan,30.16198758733263,71.52658535136766,0,7,38,SMS,Healthy,0.86
DNR_05213,33,M,O+,Faisalabad,31.437757532921548,73.10855338108414,1,3,67,SMS,Healthy,0.515
DNR_05214,32,M,O+,Quetta,30.126495058199712,66.8957063763999,0,3,84,SMS,Healthy,0.43000000000000005
DNR_05215,29,M,AB-,Karachi,24.816422073107844,67.05983951447658,1,7,78,SMS,Healthy,0.66
DNR_05216,49,M,B+,Quetta,30.171652219588747,67.0297545676855,0,1,100,App,Healthy,0.35
DNR_05217,40,M,A+,Multan,30.166889246168935,71.54198402411315,0,2,107,SMS,Minor issues,0.16499999999999995
DNR_05218,24,F,AB+,Lahore,31.540725758170595,74.39221233763439,1,10,91,SMS,Unhealthy,0.645
DNR_05219,27,M,B+,Peshawar,34.04373208860869,71.50257028294708,0,3,29,SMS,Healthy,0.705
DNR_05220,43,M,B+,Quetta,30.23930618105341,66.92215962918554,0,1,99,SMS,Healthy,0.255
DNR_05221,38,F,B+,Lahore,31.610571137935324,74.27386309631984,1,10,47,App,Healthy,0.95
DNR_05222,33,F,O+,Faisalabad,31.449682163910254,73.01425915238187,1,1,57,App,Minor issues,0.46499999999999997
DNR_05223,20,F,O+,Quetta,30.170744388770075,66.9430717396409,0,5,59,App,Healthy,0.7549999999999999
DNR_05224,55,F,A+,Faisalabad,31.474971061614916,73.02141934871709,1,3,54,SMS,Healthy,0.58
DNR_05225,39,M,AB-,Peshawar,34.065619516993316,71.55894805115257,0,3,50,Phone,Healthy,0.6
DNR_05226,46,M,AB+,Islamabad,33.64434493578356,73.00505575282985,1,5,93,SMS,Healthy,0.485
DNR_05227,23,F,O+,Quetta,30.178911269704326,66.90093235450864,0,4,96,App,Healthy,0.52
DNR_05228,25,M,A+,Faisalabad,31.33947927042312,73.09646318891596,1,3,100,Phone,Unhealthy,0.25
DNR_05229,31,M,A+,Karachi,24.832477748706996,66.93078518755135,1,0,370,SMS,Healthy,0.05
DNR_05230,26,F,O+,Quetta,30.147671236499015,67.01428730118268,0,5,47,App,Minor issues,0.715
DNR_05231,45,M,O+,Lahore,31.562193407905973,74.3026735760935,1,2,89,Phone,Minor issues,0.255
DNR_05232,18,M,O-,Islamabad,33.6586402852501,73.01858678124377,1,10,21,SMS,Healthy,0.95
DNR_05233,42,F,O+,Quetta,30.201874871222348,66.95938856028602,0,1,76,Phone,Minor issues,0.26999999999999996
DNR_05234,27,M,O+,Multan,30.120594975942815,71.55325729806303,0,2,35,App,Healthy,0.725
DNR_05235,34,F,O+,Karachi,24.900290570535326,66.98344939428912,1,6,51,App,Healthy,0.845
DNR_05236,29,M,AB-,Multan,30.230873340053364,71.48504996466804,0,1,116,App,Minor issues,0.17000000000000004
DNR_05237,32,M,A+,Lahore,31.579224774022713,74.31872680965834,1,4,42,SMS,Healthy,0.6900000000000001
DNR_05238,36,F,B+,Faisalabad,31.367667333857067,73.08335750863073,1,3,93,App,Minor issues,0.385
DNR_05239,31,M,AB+,Faisalabad,31.429505806388164,73.04398284717831,1,3,39,SMS,Healthy,0.6549999999999999
DNR_05240,52,F,A+,Lahore,31.492019667947805,74.38418685624266,1,3,7,Phone,Healthy,0.815
DNR_05241,36,M,A-,Lahore,31.509812936338832,74.38077512976503,1,4,20,App,Healthy,0.8999999999999999
DNR_05242,40,F,B+,Islamabad,33.690665005603925,72.99416985587871,1,1,116,App,Healthy,0.27
DNR_05243,24,M,B+,Lahore,31.477886553586174,74.30075878528017,1,7,119,App,Minor issues,0.45500000000000007
DNR_05244,35,M,O+,Lahore,31.500225443943005,74.37043806813092,1,4,116,SMS,Healthy,0.32000000000000006
DNR_05245,29,F,O+,Quetta,30.16064853453671,66.9658846141103,0,0,298,SMS,Healthy,0.05
DNR_05246,30,M,A+,Peshawar,33.94978056215608,71.52414146206314,0,4,68,SMS,Healthy,0.5599999999999999
DNR_05247,18,F,B+,Peshawar,34.000245282539396,71.5862994893953,0,3,71,App,Minor issues,0.495
DNR_05248,19,M,O-,Islamabad,33.688216246776584,73.10761627467055,1,0,262,App,Healthy,0.05
DNR_05249,32,M,O+,Peshawar,34.00529794952523,71.58380644201992,0,5,97,App,Healthy,0.565
DNR_05250,29,F,A+,Quetta,30.133954947272457,66.9284939492679,0,2,84,App,Minor issues,0.38
DNR_05251,28,M,O+,Faisalabad,31.354500448547707,73.02433158162142,1,4,88,SMS,Healthy,0.45999999999999996
DNR_05252,22,M,AB-,Faisalabad,31.450159796822724,73.06393610190344,1,2,100,App,Minor issues,0.3
DNR_05253,37,M,B+,Faisalabad,31.383006031478597,73.01201777805291,1,0,222,SMS,Healthy,0.05
DNR_05254,38,M,A+,Lahore,31.505311145327624,74.4231560666082,1,3,56,App,Healthy,0.6699999999999999
DNR_05255,32,M,AB+,Multan,30.143427781146606,71.56787655031127,0,6,102,Phone,Healthy,0.49
DNR_05256,24,M,O-,Peshawar,33.98396432885214,71.54691668647543,0,1,34,App,Minor issues,0.58
DNR_05257,18,M,A+,Quetta,30.252011358998253,66.91936216731409,0,2,27,SMS,Minor issues,0.565
DNR_05258,18,F,B+,Faisalabad,31.41983201827073,73.08342779243826,1,9,70,SMS,Healthy,0.7999999999999999
DNR_05259,40,M,B+,Faisalabad,31.443571895587898,73.00872147019226,1,2,54,App,Healthy,0.6299999999999999
DNR_05260,34,F,B-,Quetta,30.1705516089223,66.99299730737224,0,5,50,SMS,Healthy,0.7
DNR_05261,45,M,B+,Multan,30.19254890725581,71.587493277479,0,1,36,SMS,Minor issues,0.47
DNR_05262,41,M,O+,Karachi,24.880937838615903,67.00841022780459,1,3,62,Phone,Healthy,0.54
DNR_05263,29,M,O-,Faisalabad,31.406891755758696,73.00805653232914,1,4,30,SMS,Minor issues,0.6499999999999999
DNR_05264,42,M,A+,Lahore,31.561257677024656,74.31904722231158,1,4,41,Phone,Minor issues,0.595
DNR_05265,29,F,AB+,Quetta,30.247800755328313,67.00492269094472,0,7,9,App,Healthy,0.95
DNR_05266,25,F,A+,Islamabad,33.709804746562874,73.12637512763268,1,2,59,App,Healthy,0.605
DNR_05267,20,M,A+,Faisalabad,31.37841303937541,73.05347089709518,1,3,38,App,Healthy,0.76
DNR_05268,38,F,A+,Faisalabad,31.37875591141591,73.09108576064152,1,3,16,App,Minor issues,0.77
DNR_05269,22,M,O+,Faisalabad,31.465942511876065,73.08748451945185,1,4,48,App,Healthy,0.76
DNR_05270,20,M,A+,Peshawar,34.06028044602859,71.58172324819351,0,1,65,App,Healthy,0.5249999999999999
DNR_05271,29,F,B+,Islamabad,33.685841770299085,73.105424160146,1,7,107,SMS,Healthy,0.515
DNR_05272,41,F,O+,Faisalabad,31.338573668623205,73.1546502925102,1,3,34,App,Healthy,0.7799999999999999
DNR_05273,26,M,A+,Lahore,31.522117562912996,74.27272733969357,1,4,69,App,Healthy,0.655
DNR_05274,18,F,O-,Islamabad,33.64146940995145,73.06402553035657,1,5,119,SMS,Healthy,0.355
DNR_05275,39,M,O+,Multan,30.19619905561884,71.47184184242052,0,6,118,SMS,Healthy,0.41000000000000003
DNR_05276,28,M,B+,Lahore,31.550632531309468,74.30867431899986,1,0,351,Phone,Healthy,0.05
DNR_05277,27,M,O-,Quetta,30.133477873129994,66.98844511937125,0,5,102,SMS,Healthy,0.43999999999999995
DNR_05278,28,M,AB-,Faisalabad,31.368572370558695,73.15675436294829,1,3,30,App,Healthy,0.7999999999999999
DNR_05279,31,M,A+,Faisalabad,31.442857706124535,73.13181813050275,1,4,13,App,Healthy,0.9349999999999998
DNR_05280,22,M,O+,Islamabad,33.613556180326874,73.10067978691147,1,1,88,SMS,Healthy,0.30999999999999994
DNR_05281,40,F,B+,Quetta,30.104237084002815,66.94539249315014,0,2,66,SMS,Healthy,0.47
DNR_05282,58,M,A-,Quetta,30.108117725042465,66.93550155793301,0,6,117,App,Healthy,0.515
DNR_05283,31,M,B+,Lahore,31.545166483980267,74.34110801675278,1,1,79,SMS,Healthy,0.355
DNR_05284,36,M,A+,Karachi,24.843817536935656,67.02983618708808,1,9,20,App,Healthy,0.95
DNR_05285,43,M,O+,Peshawar,34.012882137005704,71.53379718527658,0,4,32,App,Healthy,0.8399999999999999
DNR_05286,40,M,O+,Quetta,30.170597332686306,66.93005950855463,0,5,22,App,Minor issues,0.84
DNR_05287,34,M,O+,Islamabad,33.646530644444866,72.99157676258883,1,1,109,Phone,Minor issues,0.10499999999999994
DNR_05288,18,M,B+,Lahore,31.54987130927969,74.28821607498597,1,1,10,App,Healthy,0.7999999999999999
DNR_05289,25,F,O+,Peshawar,33.98012627840608,71.54948178126328,0,1,64,SMS,Healthy,0.42999999999999994
DNR_05290,32,M,A+,Karachi,24.877932066123673,67.0344682552917,1,1,31,App,Healthy,0.695
DNR_05291,44,M,B+,Lahore,31.55940219289025,74.41514372639527,1,3,96,SMS,Healthy,0.37
DNR_05292,34,F,O+,Multan,30.152680858997392,71.456019604659,0,4,75,App,Healthy,0.625
DNR_05293,46,M,O+,Multan,30.116556741580347,71.50657579041291,0,2,32,SMS,Healthy,0.6399999999999999
DNR_05294,27,M,A+,Peshawar,33.93682784939908,71.6535109532167,0,4,62,App,Healthy,0.69
DNR_05295,20,F,B+,Peshawar,34.076195528327546,71.56404104762288,0,3,101,App,Healthy,0.44499999999999995
DNR_05296,37,M,B+,Islamabad,33.69381664437852,73.04277818584401,1,3,107,App,Healthy,0.4149999999999999
DNR_05297,34,M,A+,Karachi,24.91024880190183,66.99931363667936,1,2,114,App,Healthy,0.33000000000000007
DNR_05298,35,F,B+,Islamabad,33.74350852510238,73.03982446810748,1,0,219,SMS,Healthy,0.05
DNR_05299,46,M,O+,Peshawar,34.09226888229491,71.5739113556552,0,1,37,Phone,Healthy,0.565
DNR_05300,39,M,O+,Faisalabad,31.391822720736222,73.07578396824098,1,2,59,SMS,Unhealthy,0.405
DNR_05301,38,M,A+,Karachi,24.81279130021729,67.0310467912326,1,4,114,SMS,Healthy,0.33000000000000007
DNR_05302,21,M,B+,Quetta,30.192689151688302,67.04260207420728,0,4,105,SMS,Minor issues,0.27499999999999997
DNR_05303,22,M,A+,Islamabad,33.68390605269238,73.10928506807538,1,5,34,SMS,Healthy,0.7799999999999999
DNR_05304,41,M,A+,Lahore,31.615605212356506,74.39241869328507,1,2,19,App,Minor issues,0.705
DNR_05305,35,F,B+,Faisalabad,31.34893671164206,73.11412542546313,1,0,279,App,Healthy,0.05
DNR_05306,41,F,B+,Karachi,24.81775587674401,66.96065952681089,1,0,249,App,Healthy,0.05
DNR_05307,33,F,O+,Islamabad,33.69334907226228,73.08212021439026,1,0,287,Phone,Healthy,0.05
DNR_05308,23,M,O-,Quetta,30.12537007974293,67.02810643442473,0,3,118,App,Healthy,0.36
DNR_05309,34,M,O+,Faisalabad,31.473919389117412,73.12040238361622,1,3,27,SMS,Healthy,0.715
DNR_05310,43,M,AB-,Islamabad,33.69679232773218,73.0757032536298,1,3,19,Phone,Healthy,0.755
DNR_05311,29,M,AB+,Multan,30.18881015461406,71.55328195800709,0,1,48,SMS,Healthy,0.51
DNR_05312,46,M,O+,Islamabad,33.61427386787671,73.0950681395508,1,2,50,App,Healthy,0.6499999999999999
DNR_05313,29,M,O-,Karachi,24.93605085140946,66.92458776995306,1,0,285,App,Healthy,0.05
DNR_05314,27,F,B+,Peshawar,34.04859781971212,71.63608318030295,0,7,11,SMS,Healthy,0.95
DNR_05315,37,M,O+,Karachi,24.786493479423935,66.99223003297995,1,3,9,App,Healthy,0.9049999999999999
DNR_05316,18,M,O+,Faisalabad,31.45425358393527,73.04907577305912,1,2,73,Phone,Healthy,0.43499999999999994
DNR_05317,29,F,B+,Peshawar,34.0188487383611,71.52631256768282,0,8,31,App,Healthy,0.95
DNR_05318,34,F,B+,Islamabad,33.7522289654328,73.0867225117533,1,0,341,SMS,Healthy,0.05
DNR_05319,35,M,B+,Quetta,30.123672305030976,67.03320718690733,0,4,84,SMS,Healthy,0.48
DNR_05320,24,M,AB-,Quetta,30.165058472718083,67.02684156283979,0,6,71,SMS,Minor issues,0.545
DNR_05321,18,M,O+,Multan,30.2112299125927,71.57871044812238,0,10,50,Phone,Healthy,0.95
DNR_05322,54,F,O-,Multan,30.087074115085013,71.55703625231101,0,2,84,App,Healthy,0.48
DNR_05323,24,M,B+,Multan,30.0863229439212,71.51372628523494,0,0,186,App,Healthy,0.05
DNR_05324,27,F,B+,Peshawar,34.05785610513112,71.51759093269762,0,0,232,App,Healthy,0.05
DNR_05325,50,M,O+,Karachi,24.805948858154053,66.98142330269108,1,4,88,App,Unhealthy,0.45999999999999996
DNR_05326,27,F,O+,Karachi,24.889832376190242,67.05657558724188,1,2,75,App,Healthy,0.5249999999999999
DNR_05327,31,M,O+,Faisalabad,31.49649802154988,73.14011543599115,1,2,16,Phone,Healthy,0.72
DNR_05328,33,M,A+,Multan,30.111578526188477,71.598097602422,0,9,7,App,Healthy,0.95
DNR_05329,27,M,B-,Lahore,31.560815175152662,74.3607983193359,1,7,28,Phone,Healthy,0.91
DNR_05330,46,M,O+,Peshawar,34.050086339005475,71.57439679956155,0,0,290,SMS,Healthy,0.05
DNR_05331,30,M,A-,Karachi,24.820151949537703,66.9325980142072,1,3,111,App,Healthy,0.3949999999999999
DNR_05332,18,M,AB-,Karachi,24.84806124190415,67.06282641811667,1,3,29,App,Healthy,0.8049999999999999
DNR_05333,18,M,B+,Faisalabad,31.496212697376407,73.08107965521523,1,5,119,App,Minor issues,0.355
DNR_05334,37,F,O+,Lahore,31.580692752203998,74.28079990053209,1,8,74,App,Healthy,0.83
DNR_05335,28,F,A+,Karachi,24.926345814019047,66.95910930411502,1,5,7,SMS,Healthy,0.9149999999999999
DNR_05336,29,M,A+,Quetta,30.12455662802811,67.01832827290536,0,2,25,App,Minor issues,0.6749999999999999
DNR_05337,43,M,A+,Quetta,30.25502257128116,66.94083792168615,0,8,25,App,Healthy,0.95
DNR_05338,18,M,O+,Multan,30.232961569609557,71.46312709166003,0,9,40,App,Healthy,0.95
DNR_05339,46,F,B-,Lahore,31.62090761152067,74.34369265273263,1,1,32,App,Healthy,0.69
DNR_05340,23,M,O+,Peshawar,34.07731475718949,71.5388616721344,0,2,82,SMS,Healthy,0.39
DNR_05341,23,F,O+,Islamabad,33.640172482607554,73.09202265277678,1,7,43,App,Healthy,0.935
DNR_05342,46,M,B+,Multan,30.13065975646038,71.50446635848688,0,9,30,SMS,Healthy,0.95
DNR_05343,29,M,O+,Karachi,24.836344896823878,66.97956344468805,1,3,68,App,Unhealthy,0.51
DNR_05344,37,M,B+,Lahore,31.559640668819522,74.34865641876782,1,4,102,SMS,Healthy,0.39
DNR_05345,35,F,O+,Karachi,24.888480835135795,67.01430623140021,1,0,182,SMS,Healthy,0.05
DNR_05346,23,F,A+,Peshawar,34.08438671746011,71.59031062101978,0,5,9,App,Healthy,0.95
DNR_05347,31,M,O-,Islamabad,33.708105145343644,73.0214561903304,1,2,13,App,Healthy,0.8349999999999999
DNR_05348,18,M,B+,Quetta,30.220646332844183,67.00616595143332,0,0,354,SMS,Healthy,0.05
DNR_05349,46,M,O-,Quetta,30.15333207614169,66.90570672373188,0,2,115,Phone,Healthy,0.22500000000000003
DNR_05350,39,F,B+,Lahore,31.598857552561906,74.31707691479916,1,4,45,App,Minor issues,0.6749999999999999
DNR_05351,34,M,A+,Peshawar,33.96052057637215,71.53207755486717,0,3,11,Phone,Healthy,0.7949999999999999
DNR_05352,33,M,A+,Quetta,30.15097497938716,67.04516134703148,0,2,87,App,Healthy,0.46499999999999997
DNR_05353,30,F,B+,Islamabad,33.62480102582794,73.07592365516527,1,5,40,App,Minor issues,0.7499999999999999
DNR_05354,38,M,A-,Karachi,24.93753597921081,66.9214857745018,1,1,109,SMS,Healthy,0.20499999999999996
DNR_05355,35,M,A+,Lahore,31.568167767904246,74.34923905271586,1,3,58,SMS,Healthy,0.56
DNR_05356,19,M,AB-,Multan,30.22924426353221,71.53350853155378,0,0,214,App,Minor issues,0.05
DNR_05357,44,F,AB+,Faisalabad,31.355594504937567,73.11975217247719,1,5,9,App,Healthy,0.95
DNR_05358,23,M,O+,Karachi,24.863097609402942,67.0501285618219,1,3,119,SMS,Healthy,0.255
DNR_05359,34,M,O+,Faisalabad,31.34468808048547,73.01841811722251,1,3,17,SMS,Unhealthy,0.665
DNR_05360,41,M,O+,Multan,30.082833014193614,71.57911581475864,0,3,97,SMS,Healthy,0.365
DNR_05361,32,M,A+,Karachi,24.894332601763438,66.97570388655328,1,2,9,App,Unhealthy,0.7549999999999999
DNR_05362,30,M,A+,Multan,30.171947832152885,71.54646218789146,0,3,54,App,Minor issues,0.58
DNR_05363,60,F,A+,Karachi,24.87164330346997,66.9879831491733,1,4,21,App,Healthy,0.895
DNR_05364,29,F,AB+,Lahore,31.614614821899135,74.41764666715623,1,3,93,Phone,Minor issues,0.285
DNR_05365,18,F,A+,Lahore,31.579367502312767,74.37995686796512,1,4,81,SMS,Healthy,0.495
DNR_05366,44,M,A-,Faisalabad,31.46739612182078,73.09860304330498,1,7,22,App,Healthy,0.95
DNR_05367,45,F,A+,Islamabad,33.65576506628849,72.97987626930146,1,2,107,SMS,Healthy,0.26499999999999996
DNR_05368,29,M,O+,Peshawar,34.05083899479321,71.5420546521486,0,0,188,App,Healthy,0.05
DNR_05369,33,M,B+,Multan,30.216972474002816,71.56634200017402,0,2,47,App,Healthy,0.6649999999999999
DNR_05370,28,M,B+,Faisalabad,31.371773083713887,73.0447655263662,1,8,115,Phone,Healthy,0.525
DNR_05371,31,M,B+,Karachi,24.87186953930308,67.04170825514328,1,3,45,App,Minor issues,0.625
DNR_05372,43,M,O+,Islamabad,33.62746687697844,73.08375760081582,1,1,89,App,Healthy,0.4049999999999999
DNR_05373,32,F,O-,Faisalabad,31.47352318003906,73.0027747091672,1,5,79,Phone,Minor issues,0.45499999999999996
DNR_05374,32,F,AB-,Quetta,30.165915340112136,67.03781606461712,0,0,248,App,Minor issues,0.05
DNR_05375,18,F,B+,Faisalabad,31.41640119034206,73.05039518216144,1,1,119,SMS,Minor issues,0.05500000000000001
DNR_05376,47,M,B+,Karachi,24.812712416811717,66.96036402725254,1,1,26,SMS,Minor issues,0.52
DNR_05377,29,F,O+,Lahore,31.61778143410594,74.39806388142199,1,1,38,App,Healthy,0.6599999999999999
DNR_05378,45,F,B+,Peshawar,34.01659138455985,71.59482178875444,0,3,110,App,Healthy,0.3999999999999999
DNR_05379,18,M,A+,Islamabad,33.66367294571912,73.11435874094713,1,4,92,App,Healthy,0.5399999999999999
DNR_05380,45,M,O+,Quetta,30.138198829000377,66.98121959952826,0,6,96,App,Healthy,0.62
DNR_05381,36,M,O+,Islamabad,33.68958773341877,73.06598351485673,1,3,77,App,Healthy,0.565
DNR_05382,49,M,A+,Islamabad,33.67964791817072,73.05766379015587,1,2,94,Phone,Healthy,0.33
DNR_05383,39,F,O-,Faisalabad,31.3594722191024,73.08132750069826,1,1,118,Phone,Minor issues,0.06000000000000001
DNR_05384,20,M,B+,Karachi,24.801491063981093,66.96849208979947,1,9,110,SMS,Healthy,0.6
DNR_05385,29,F,O+,Multan,30.123302154859847,71.51767301099683,0,2,109,App,Minor issues,0.25499999999999995
DNR_05386,18,F,A+,Islamabad,33.7072061429046,73.07934276886786,1,4,49,App,Minor issues,0.6549999999999999
DNR_05387,30,M,O+,Lahore,31.581735460619566,74.39591728616784,1,5,87,App,Healthy,0.615
DNR_05388,24,M,A+,Quetta,30.201743757593558,67.03714969804828,0,5,38,Phone,Minor issues,0.6599999999999999
DNR_05389,54,M,B+,Multan,30.179059949083022,71.56508493539303,0,2,114,App,Healthy,0.33000000000000007
DNR_05390,18,F,O+,Multan,30.114373784672374,71.48495164652694,0,0,373,App,Healthy,0.05
DNR_05391,33,F,O-,Quetta,30.187201149805745,66.97000408257432,0,3,9,App,Healthy,0.9049999999999999
DNR_05392,18,M,A+,Islamabad,33.75371118934986,73.11708752346337,1,2,86,SMS,Healthy,0.37
DNR_05393,33,M,O+,Peshawar,33.95642918856582,71.52100379557619,0,3,30,App,Healthy,0.7999999999999999
DNR_05394,48,F,B+,Quetta,30.140160658600465,66.96634420594508,0,2,117,SMS,Healthy,0.21500000000000002
DNR_05395,50,M,O+,Karachi,24.92106225121531,66.95097220775274,1,1,9,SMS,Healthy,0.705
DNR_05396,51,M,AB-,Islamabad,33.71815607178028,72.99823670131116,1,7,38,App,Healthy,0.95
DNR_05397,34,M,A+,Multan,30.210649614936706,71.58460902597633,0,6,55,SMS,Healthy,0.725
DNR_05398,32,M,A+,Faisalabad,31.411939417995484,73.14313448544509,1,3,69,SMS,Healthy,0.505
DNR_05399,35,M,AB-,Lahore,31.564749430502744,74.3351318319235,1,2,36,App,Healthy,0.72
DNR_05400,43,M,AB-,Multan,30.186695113885094,71.47332531863002,0,4,114,Phone,Minor issues,0.23000000000000004
DNR_05401,27,M,O+,Multan,30.226893656631983,71.49457785168565,0,2,28,App,Unhealthy,0.6599999999999999
DNR_05402,18,M,B+,Multan,30.229540812122597,71.51074150284067,0,1,103,SMS,Healthy,0.23499999999999996
DNR_05403,22,F,A+,Peshawar,34.05687428542317,71.58318489931511,0,0,320,SMS,Healthy,0.05
DNR_05404,26,M,A+,Multan,30.216656517474878,71.49699090425777,0,8,54,Phone,Minor issues,0.73
DNR_05405,29,F,A+,Islamabad,33.717082100501486,72.9782429068503,1,2,77,Phone,Healthy,0.4149999999999999
DNR_05406,23,F,O+,Quetta,30.15295015669016,66.9958583331724,0,3,9,App,Unhealthy,0.8049999999999999
DNR_05407,35,M,O+,Lahore,31.49172229786042,74.37154939660633,1,4,57,App,Healthy,0.715
DNR_05408,34,M,A+,Quetta,30.25338988113728,67.04598482444558,0,0,376,SMS,Healthy,0.05
DNR_05409,36,F,A+,Peshawar,34.035327065744,71.52509214903127,0,1,103,App,Healthy,0.33499999999999996
DNR_05410,56,F,O+,Karachi,24.78441861432671,66.92592532393624,1,3,92,SMS,Healthy,0.39
DNR_05411,40,F,O+,Faisalabad,31.347233395332232,73.02825277519194,1,2,63,App,Healthy,0.585
DNR_05412,38,M,B+,Peshawar,34.02823056550886,71.62126089234489,0,4,74,App,Healthy,0.63
DNR_05413,37,M,A+,Quetta,30.20711057762014,67.0237305891681,0,2,63,App,Healthy,0.585
DNR_05414,32,F,O+,Multan,30.15987510048703,71.52229959466483,0,12,107,App,Minor issues,0.765
DNR_05415,31,M,O+,Lahore,31.57227766400933,74.40385120732302,1,5,40,App,Healthy,0.8499999999999999
DNR_05416,20,F,B+,Quetta,30.12036138350863,66.94258576013578,0,3,55,App,Healthy,0.6749999999999999
DNR_05417,31,M,B-,Karachi,24.805546162489584,66.9742019831466,1,3,90,App,Healthy,0.5
DNR_05418,18,M,O+,Islamabad,33.64152219589298,73.0370231065551,1,0,202,SMS,Healthy,0.05
DNR_05419,29,M,B+,Quetta,30.2443120903518,67.02092258789632,0,1,9,App,Healthy,0.8049999999999999
DNR_05420,26,M,A+,Faisalabad,31.38962733679782,73.03219072335436,1,2,102,App,Minor issues,0.29
DNR_05421,43,M,O+,Multan,30.118581718207608,71.52014998058374,0,5,33,SMS,Healthy,0.7849999999999999
DNR_05422,18,M,A+,Multan,30.08227537507483,71.57105807940118,0,1,84,SMS,Minor issues,0.22999999999999998
DNR_05423,41,M,A+,Peshawar,34.094431803696544,71.56338584338116,0,0,302,App,Minor issues,0.05
DNR_05424,31,F,B+,Faisalabad,31.413930769624187,73.12608475342356,1,5,30,App,Healthy,0.8999999999999999
DNR_05425,49,F,A+,Quetta,30.146172953376826,66.9318421427825,0,1,13,App,Minor issues,0.6849999999999999
DNR_05426,20,M,B+,Faisalabad,31.346066859505203,73.02368231133015,1,4,60,App,Unhealthy,0.6
DNR_05427,27,F,B+,Faisalabad,31.36110527430007,73.05708512020817,1,1,27,Phone,Healthy,0.615
DNR_05428,48,M,A+,Quetta,30.101483201163468,67.05013364143399,0,3,16,App,Healthy,0.87
DNR_05429,18,F,A+,Multan,30.113339578691075,71.54016193892662,0,6,71,App,Healthy,0.745
DNR_05430,44,F,B-,Multan,30.227838434066744,71.4742462356089,0,2,28,App,Healthy,0.7599999999999999
DNR_05431,46,M,O+,Multan,30.182501729017357,71.55212869864945,0,1,30,SMS,Healthy,0.6
DNR_05432,34,M,A+,Quetta,30.17042357823103,66.95811404311422,0,3,38,App,Unhealthy,0.66
DNR_05433,21,M,O+,Faisalabad,31.34818128708547,73.09592490806203,1,5,19,SMS,Healthy,0.855
DNR_05434,18,M,A-,Lahore,31.53211093891274,74.37736103034685,1,0,154,App,Healthy,0.05
DNR_05435,27,M,B-,Multan,30.148753308666247,71.51887129043357,0,1,95,App,Healthy,0.375
DNR_05436,29,F,AB+,Faisalabad,31.355295069802292,73.03181707265483,1,2,83,App,Minor issues,0.385
DNR_05437,50,F,A+,Faisalabad,31.45471520289948,73.11887995232557,1,3,67,App,Minor issues,0.515
DNR_05438,18,F,A+,Peshawar,34.01223690858115,71.60107738529067,0,1,100,App,Minor issues,0.24999999999999997
DNR_05439,23,M,A+,Islamabad,33.67490668056107,73.04291011454698,1,6,58,SMS,Healthy,0.7100000000000001
DNR_05440,38,M,B+,Peshawar,33.940909294455295,71.51476748154842,0,4,55,SMS,Healthy,0.6249999999999999
DNR_05441,40,M,B+,Peshawar,34.08387169134152,71.55260528646998,0,8,102,App,Minor issues,0.59
DNR_05442,34,F,O+,Faisalabad,31.443097258242716,73.0909208840457,1,2,97,Phone,Healthy,0.315
DNR_05443,18,M,A+,Karachi,24.86219031945697,66.95230572861547,1,2,78,App,Healthy,0.5099999999999999
DNR_05444,20,F,B+,Lahore,31.556903657441506,74.34931909104243,1,2,53,App,Healthy,0.6349999999999999
DNR_05445,29,M,B+,Karachi,24.939232117685556,67.00530812042464,1,2,90,SMS,Healthy,0.35
DNR_05446,42,M,A+,Islamabad,33.73183952681264,73.08836212444898,1,2,24,App,Healthy,0.7799999999999999
DNR_05447,35,M,A+,Islamabad,33.62922216503633,73.07873530469966,1,4,100,App,Healthy,0.5
DNR_05448,31,M,O+,Peshawar,33.93913312300399,71.65863112246781,0,9,19,App,Healthy,0.95
DNR_05449,34,M,O+,Multan,30.202020220601284,71.55905966770331,0,2,62,App,Healthy,0.59
DNR_05450,33,M,O+,Lahore,31.606317878006493,74.34794484674032,1,1,93,App,Healthy,0.3849999999999999
DNR_05451,35,M,B+,Lahore,31.573526928627423,74.31165132089188,1,2,117,App,Minor issues,0.21500000000000002
DNR_05452,47,F,B+,Multan,30.1200732212214,71.4892168815087,0,3,70,App,Healthy,0.6
DNR_05453,29,M,O+,Multan,30.093933342406977,71.44646925073064,0,7,19,App,Healthy,0.95
DNR_05454,23,F,B-,Multan,30.085358830612456,71.53127469468139,0,7,47,SMS,Healthy,0.8150000000000001
DNR_05455,23,M,A+,Faisalabad,31.342089872535674,73.10752386762907,1,8,41,Phone,Healthy,0.895
DNR_05456,18,M,A+,Islamabad,33.69432192018566,73.07058000788219,1,2,41,SMS,Healthy,0.595
DNR_05457,32,F,A+,Quetta,30.141399165503547,66.97492772392658,0,7,48,SMS,Minor issues,0.71
DNR_05458,23,M,O+,Peshawar,34.08776480248781,71.56080844711526,0,2,28,SMS,Healthy,0.6599999999999999
DNR_05459,35,F,A+,Islamabad,33.754163613008565,73.00533524587196,1,4,89,App,Healthy,0.5549999999999999
DNR_05460,42,F,B+,Multan,30.109281237068977,71.52162187039514,0,5,11,SMS,Unhealthy,0.7949999999999999
DNR_05461,32,F,O+,Faisalabad,31.48518037830893,73.02634296748876,1,3,76,Phone,Healthy,0.47
DNR_05462,35,M,B-,Karachi,24.81377776278188,67.06287094416477,1,1,65,App,Healthy,0.5249999999999999
DNR_05463,23,M,O+,Islamabad,33.62284862890277,73.01426678577504,1,9,78,App,Unhealthy,0.7599999999999999
DNR_05464,34,M,A+,Islamabad,33.608627300434485,73.04441214702642,1,4,26,App,Minor issues,0.7699999999999999
DNR_05465,27,F,B+,Lahore,31.621616051611305,74.34148991981851,1,8,81,SMS,Healthy,0.695
DNR_05466,27,M,A-,Karachi,24.930428601356844,67.0139960455833,1,2,73,SMS,Minor issues,0.33499999999999996
DNR_05467,44,M,O+,Faisalabad,31.37509533856972,73.06883393841366,1,9,99,App,Unhealthy,0.6549999999999999
DNR_05468,48,M,B+,Peshawar,34.06399822390013,71.58145442622603,0,1,44,SMS,Healthy,0.53
DNR_05469,28,M,A+,Multan,30.11665844692377,71.5728662533185,0,4,39,Phone,Healthy,0.705
DNR_05470,18,M,O+,Islamabad,33.70054829770649,73.03034849331918,1,3,114,App,Minor issues,0.28
DNR_05471,29,F,O+,Peshawar,33.97515589890179,71.5767769180338,0,5,92,App,Healthy,0.59
DNR_05472,18,M,B+,Lahore,31.513566395372408,74.33641634383723,1,6,66,App,Healthy,0.77
DNR_05473,30,M,AB+,Faisalabad,31.486443673310617,73.12005261760089,1,1,118,Phone,Healthy,0.16000000000000003
DNR_05474,41,F,B+,Islamabad,33.74013500153232,73.00325067454199,1,0,276,SMS,Healthy,0.05
DNR_05475,23,F,A+,Karachi,24.832489975868697,66.92306724452935,1,0,313,SMS,Minor issues,0.05
DNR_05476,18,M,A+,Quetta,30.158091274648168,66.90018672504725,0,8,23,App,Healthy,0.95
DNR_05477,41,F,O+,Lahore,31.51617197891325,74.28370960681406,1,6,101,App,Minor issues,0.495
DNR_05478,18,F,AB+,Lahore,31.61103533109459,74.27245194036337,1,0,198,SMS,Healthy,0.05
DNR_05479,31,F,B+,Lahore,31.500859854980447,74.37778893023541,1,4,24,App,Minor issues,0.7799999999999999
DNR_05480,38,M,B+,Faisalabad,31.429251472706735,73.15870515953368,1,2,53,SMS,Healthy,0.5349999999999999
DNR_05481,30,M,O+,Multan,30.077514914900476,71.5233138805391,0,5,39,App,Healthy,0.855
DNR_05482,33,M,A+,Multan,30.165824886734843,71.56942280128189,0,2,114,App,Healthy,0.33000000000000007
DNR_05483,29,F,A-,Faisalabad,31.432078348793944,73.0741180512138,1,4,71,Phone,Healthy,0.545
DNR_05484,21,M,A+,Peshawar,34.07028698490241,71.56640640071299,0,4,78,SMS,Minor issues,0.41
DNR_05485,31,M,A+,Quetta,30.153396270055868,66.89678162669058,0,5,107,SMS,Healthy,0.4149999999999999
DNR_05486,40,F,O+,Multan,30.18338154679104,71.5158904631427,0,10,69,App,Unhealthy,0.855
DNR_05487,35,M,B+,Peshawar,34.09032458039927,71.61896667531396,0,5,60,Phone,Healthy,0.65
DNR_05488,43,F,O+,Quetta,30.210157770859684,66.91861042667003,0,4,19,SMS,Healthy,0.805
DNR_05489,18,M,B+,Lahore,31.47221194755145,74.36298432491337,1,2,78,App,Healthy,0.5099999999999999
DNR_05490,34,F,A+,Quetta,30.17053227443634,66.92752747962957,0,2,28,App,Healthy,0.7599999999999999
DNR_05491,29,M,A+,Multan,30.12197372532075,71.54690148739306,0,10,80,Phone,Healthy,0.7999999999999999
DNR_05492,40,M,A+,Peshawar,34.00865650376153,71.50598783538607,0,2,98,SMS,Minor issues,0.21
DNR_05493,18,M,B+,Karachi,24.903070276690105,67.03160921386554,1,5,105,App,Healthy,0.5249999999999999
DNR_05494,25,F,B+,Multan,30.153855006863992,71.51488058977314,0,2,86,App,Healthy,0.47
DNR_05495,40,M,A+,Islamabad,33.71611434041708,72.97174566825532,1,1,66,App,Healthy,0.5199999999999999
DNR_05496,44,M,O+,Karachi,24.809767622500452,67.04581712842999,1,2,10,App,Healthy,0.8499999999999999
DNR_05497,27,M,O+,Peshawar,33.93949497560018,71.64949746320625,0,3,79,App,Healthy,0.5549999999999999
DNR_05498,20,M,B-,Lahore,31.55877935353626,74.28849474786715,1,3,98,App,Minor issues,0.36
DNR_05499,35,M,AB-,Lahore,31.486247992801005,74.30221341357532,1,4,96,App,Healthy,0.52
DNR_05500,42,F,B+,Lahore,31.55436913982866,74.34851118218391,1,9,27,SMS,Minor issues,0.915
DNR_05501,32,M,B+,Multan,30.2151564519704,71.56943819743802,0,6,73,Phone,Healthy,0.635
DNR_05502,22,F,A-,Quetta,30.1678906883907,67.0016733520195,0,4,77,App,Healthy,0.615
DNR_05503,37,M,B+,Quetta,30.19005949401346,66.96682438109477,0,1,65,App,Minor issues,0.42499999999999993
DNR_05504,38,M,B-,Islamabad,33.75535069735652,73.0890543603406,1,3,77,App,Healthy,0.565
DNR_05505,36,F,B+,Multan,30.12448625450027,71.47351368099238,0,4,116,App,Unhealthy,0.32000000000000006
DNR_05506,42,F,A+,Peshawar,34.02269960887991,71.50462655309222,0,1,11,SMS,Healthy,0.695
DNR_05507,31,M,O+,Islamabad,33.65921795964769,73.04851610852714,1,4,93,SMS,Healthy,0.43499999999999994
DNR_05508,41,F,A+,Multan,30.10196656023041,71.59549193624753,0,1,43,App,Healthy,0.635
DNR_05509,49,M,O+,Islamabad,33.75639697606125,73.08993607237693,1,6,18,App,Healthy,0.95
DNR_05510,25,M,O+,Quetta,30.168299557693633,67.00388504841582,0,7,64,App,Healthy,0.83
DNR_05511,44,M,B+,Islamabad,33.61869319886083,73.07156459999625,1,3,30,SMS,Unhealthy,0.6
DNR_05512,38,M,O+,Multan,30.21696899989755,71.49480229169812,0,0,317,App,Healthy,0.05
DNR_05513,42,M,O+,Multan,30.177690922591157,71.448596601875,0,7,39,SMS,Healthy,0.855
DNR_05514,30,F,B+,Multan,30.127127043732383,71.57124127176732,0,3,26,App,Healthy,0.82
DNR_05515,34,M,O+,Multan,30.22080142337021,71.57680288604047,0,1,97,App,Healthy,0.365
DNR_05516,40,F,O-,Faisalabad,31.37280551648551,73.04596100541023,1,3,115,SMS,Healthy,0.275
DNR_05517,60,M,O+,Islamabad,33.72340804888877,73.04542212648198,1,3,22,App,Healthy,0.84
DNR_05518,33,M,O+,Islamabad,33.651885910500496,73.0707515764092,1,2,55,App,Minor issues,0.5249999999999999
DNR_05519,18,M,O+,Multan,30.21026828492903,71.51001545229123,0,4,34,Phone,Healthy,0.7299999999999999
DNR_05520,44,F,A+,Karachi,24.822275982996185,66.9549750166794,1,1,117,SMS,Healthy,0.16500000000000004
DNR_05521,50,F,A+,Karachi,24.925051790814727,67.00912194221947,1,7,105,App,Unhealthy,0.525
DNR_05522,18,F,A+,Quetta,30.15038841836988,66.94325457931785,0,1,107,App,Healthy,0.31499999999999995
DNR_05523,55,F,B+,Multan,30.15781388395455,71.51655073658318,0,11,83,App,Healthy,0.935
DNR_05524,29,M,A+,Peshawar,33.9986799966927,71.56550565881639,0,10,67,SMS,Healthy,0.8649999999999999
DNR_05525,38,M,B+,Lahore,31.56997307813832,74.3106491986033,1,1,50,Phone,Healthy,0.5
DNR_05526,40,M,A+,Peshawar,33.99596354991482,71.55258239586486,0,4,48,App,Healthy,0.76
DNR_05527,49,F,B+,Lahore,31.494466007502176,74.31946895372752,1,1,59,App,Healthy,0.5549999999999999
DNR_05528,36,M,O+,Quetta,30.12735445214543,67.03370890040611,0,3,117,SMS,Healthy,0.265
DNR_05529,32,F,AB-,Islamabad,33.70662009966893,73.11859090403209,1,7,94,Phone,Minor issues,0.48000000000000004
DNR_05530,28,M,B+,Peshawar,34.015897885104295,71.62588307482166,0,4,50,App,Healthy,0.75
DNR_05531,41,M,O-,Karachi,24.79574763237576,66.98898830403903,1,2,117,SMS,Minor issues,0.11500000000000002
DNR_05532,33,F,O+,Faisalabad,31.378395818290468,73.01311015626985,1,0,171,App,Minor issues,0.05
DNR_05533,18,M,O+,Islamabad,33.63405682796256,73.00969773364535,1,3,52,App,Healthy,0.69
DNR_05534,43,F,A+,Peshawar,34.06164836336862,71.61866646646985,0,0,339,SMS,Healthy,0.05
DNR_05535,28,M,B-,Karachi,24.908405842117638,66.93942057217981,1,3,102,SMS,Minor issues,0.24
DNR_05536,33,M,A+,Quetta,30.180757033020384,67.02755858830042,0,1,43,SMS,Healthy,0.535
DNR_05537,24,M,A+,Faisalabad,31.377444882386005,73.06184831167567,1,1,112,SMS,Healthy,0.18999999999999995
DNR_05538,31,M,O+,Lahore,31.470088906842513,74.3918636278699,1,4,100,SMS,Healthy,0.4
DNR_05539,20,M,A+,Islamabad,33.74736747239859,72.96844431295008,1,6,29,App,Minor issues,0.855
DNR_05540,24,M,A+,Lahore,31.521788001195457,74.3182378533666,1,9,80,App,Healthy,0.8499999999999999
DNR_05541,29,M,O+,Faisalabad,31.4709794956306,73.03235147930785,1,4,89,Phone,Healthy,0.45499999999999996
DNR_05542,25,M,O+,Multan,30.078923006743953,71.55162211927363,0,2,107,App,Healthy,0.365
DNR_05543,40,M,O+,Multan,30.154498856472095,71.44596051727271,0,1,91,App,Healthy,0.3949999999999999
DNR_05544,28,M,B+,Multan,30.181056945177094,71.52899466376623,0,4,62,App,Minor issues,0.59
DNR_05545,34,M,O+,Lahore,31.499803577620415,74.31269648660734,1,3,70,App,Healthy,0.6
DNR_05546,25,F,O+,Peshawar,33.951851237694385,71.62578252273588,0,5,44,App,Healthy,0.83
DNR_05547,49,M,B+,Quetta,30.16530821319267,66.96681204968351,0,4,20,App,Healthy,0.8999999999999999
DNR_05548,45,F,B+,Islamabad,33.75024333957029,73.09485880354488,1,5,110,App,Healthy,0.4999999999999999
DNR_05549,41,F,B+,Faisalabad,31.493125029619154,73.10152643798158,1,2,45,App,Healthy,0.6749999999999999
DNR_05550,31,M,O+,Multan,30.120457808503026,71.54259197725521,0,5,116,App,Healthy,0.47
DNR_05551,37,F,O+,Quetta,30.124917295966373,67.03361324289948,0,9,49,App,Minor issues,0.9049999999999999
DNR_05552,37,F,A-,Peshawar,34.08922985419828,71.50123231090286,0,3,22,App,Minor issues,0.74
DNR_05553,18,F,O+,Multan,30.157723354350612,71.5670210374674,0,1,103,App,Healthy,0.33499999999999996
DNR_05554,43,M,O+,Karachi,24.813722914975042,66.93826849742372,1,5,110,Phone,Healthy,0.3999999999999999
DNR_05555,50,M,O+,Lahore,31.558432504463898,74.34904187214566,1,8,66,App,Minor issues,0.7699999999999999
DNR_05556,40,M,O+,Islamabad,33.74632593542109,72.98323374012958,1,2,81,SMS,Healthy,0.3949999999999999
DNR_05557,24,M,B+,Islamabad,33.64432493560716,72.98952751500337,1,1,106,SMS,Healthy,0.21999999999999997
DNR_05558,25,M,O+,Peshawar,34.045899724647526,71.64681193234277,0,6,93,App,Healthy,0.635
DNR_05559,31,M,B+,Lahore,31.59368295746481,74.3705040702511,1,1,28,App,Healthy,0.71
DNR_05560,40,M,B+,Karachi,24.910159134443507,67.05874082112017,1,1,35,App,Healthy,0.6749999999999999
DNR_05561,18,M,O+,Multan,30.15751729061632,71.58026510489387,0,3,83,App,Healthy,0.535
DNR_05562,25,M,B+,Karachi,24.80328376528072,67.06715586885078,1,3,114,App,Healthy,0.38
DNR_05563,27,F,A+,Islamabad,33.70665559902802,72.98899239833904,1,2,31,Phone,Healthy,0.6449999999999999
DNR_05564,26,F,AB+,Multan,30.216512010047776,71.58790112775118,0,0,350,SMS,Healthy,0.05
DNR_05565,34,F,O+,Faisalabad,31.490874899406208,73.01915961664326,1,3,69,SMS,Healthy,0.505
DNR_05566,33,M,O+,Karachi,24.87886793667079,67.01420951053669,1,1,23,App,Healthy,0.735
DNR_05567,47,F,O+,Lahore,31.47998728608748,74.35389298901418,1,5,88,SMS,Minor issues,0.41
DNR_05568,51,M,A+,Lahore,31.533005645487787,74.41284457475443,1,1,70,Phone,Healthy,0.4
DNR_05569,18,M,B+,Quetta,30.188944495642172,67.0245238181038,0,7,94,SMS,Minor issues,0.48000000000000004
DNR_05570,49,F,O+,Karachi,24.938402173228223,66.9297267012661,1,3,35,App,Healthy,0.7749999999999999
DNR_05571,50,F,B+,Islamabad,33.635601744817635,72.96950188746783,1,2,27,SMS,Healthy,0.6649999999999999
DNR_05572,32,F,O+,Karachi,24.887093954028074,66.94943318042493,1,5,12,App,Minor issues,0.89
DNR_05573,52,F,B+,Multan,30.123027243009133,71.49056662611207,0,1,44,App,Healthy,0.63
DNR_05574,38,F,A-,Peshawar,34.01974398924833,71.52798538620843,0,3,23,SMS,Healthy,0.735
DNR_05575,41,M,B+,Peshawar,33.96285784262738,71.59586866996845,0,4,78,App,Healthy,0.61
DNR_05576,44,F,O+,Peshawar,34.089251347507066,71.55297580439559,0,7,65,App,Healthy,0.825
DNR_05577,33,M,O+,Multan,30.18692962163773,71.58022113062492,0,7,57,Phone,Healthy,0.765
DNR_05578,39,M,A+,Islamabad,33.68533759123922,73.03219094289233,1,3,73,App,Healthy,0.585
DNR_05579,43,M,A+,Quetta,30.230038526617495,67.02798486808558,0,2,29,SMS,Healthy,0.6549999999999999
DNR_05580,42,M,A+,Islamabad,33.67017455399869,73.06368449706535,1,3,35,SMS,Healthy,0.6749999999999999
DNR_05581,33,M,B+,Islamabad,33.662880772552874,72.9706308932306,1,1,34,App,Healthy,0.6799999999999999
DNR_05582,28,F,O+,Lahore,31.609620570542436,74.34356823876819,1,0,288,App,Healthy,0.05
DNR_05583,48,M,O+,Peshawar,34.006008114563876,71.52366968452333,0,12,79,App,Healthy,0.95
DNR_05584,18,M,O+,Lahore,31.58275813491383,74.26397835750907,1,1,92,SMS,Unhealthy,0.18999999999999995
DNR_05585,18,M,O+,Faisalabad,31.43090984203878,73.04144273078249,1,2,15,SMS,Healthy,0.725
DNR_05586,45,M,O+,Quetta,30.208148499774808,67.05323739519272,0,4,21,App,Minor issues,0.795
DNR_05587,31,F,O+,Karachi,24.938494779746712,67.05061237436742,1,1,53,SMS,Healthy,0.485
DNR_05588,52,M,A+,Lahore,31.5139124094134,74.3852852669553,1,4,54,App,Healthy,0.73
DNR_05589,45,M,O-,Karachi,24.925362246167346,67.07364963297385,1,2,80,App,Healthy,0.4999999999999999
DNR_05590,19,M,O+,Quetta,30.19613046721691,66.98813319956672,0,5,93,App,Healthy,0.585
DNR_05591,22,M,B-,Karachi,24.887240426775026,67.01272516994712,1,1,21,App,Healthy,0.745
DNR_05592,25,M,O+,Multan,30.198633632438035,71.4981343392528,0,2,29,App,Minor issues,0.6549999999999999
DNR_05593,18,F,A+,Lahore,31.536451320359404,74.2997329607544,1,7,27,SMS,Healthy,0.9149999999999999
DNR_05594,55,M,O+,Faisalabad,31.380197269331724,73.03746929518242,1,1,50,App,Healthy,0.6
DNR_05595,28,F,O+,Lahore,31.59504126252782,74.32381957812181,1,1,79,SMS,Unhealthy,0.25499999999999995
DNR_05596,44,F,O+,Quetta,30.126765046280447,66.98797912260008,0,5,95,App,Healthy,0.575
DNR_05597,32,F,B+,Quetta,30.206086818147913,66.98779623752098,0,5,99,App,Healthy,0.5549999999999999
DNR_05598,43,M,O+,Islamabad,33.683758415441204,73.07706312768941,1,6,40,App,Healthy,0.8999999999999999
DNR_05599,37,F,A-,Multan,30.103614345066266,71.60250465159658,0,2,62,SMS,Minor issues,0.39
DNR_05600,34,M,B+,Peshawar,34.0829236620952,71.59566414857771,0,1,103,SMS,Minor issues,0.13499999999999995
DNR_05601,39,F,B+,Multan,30.153876138890748,71.46184236793191,0,3,34,SMS,Healthy,0.6799999999999999
DNR_05602,38,F,O+,Karachi,24.799261526724358,66.96794202397074,1,7,53,App,Healthy,0.885
DNR_05603,18,F,O+,Islamabad,33.67473606793503,72.97979808477795,1,1,113,Phone,Unhealthy,0.08500000000000003
DNR_05604,30,F,O+,Karachi,24.915348880821206,67.03533326046907,1,4,115,Phone,Healthy,0.32500000000000007
DNR_05605,31,M,AB+,Multan,30.12714246023261,71.59592899589238,0,5,66,App,Healthy,0.72
DNR_05606,41,F,B+,Quetta,30.100990361848808,66.91455936151687,0,0,339,SMS,Healthy,0.05
DNR_05607,34,F,O+,Quetta,30.173641027055893,66.95691240084679,0,1,67,App,Minor issues,0.4149999999999999
DNR_05608,56,M,AB+,Karachi,24.86586124870975,67.05823364969548,1,3,18,SMS,Healthy,0.76
DNR_05609,44,F,B+,Faisalabad,31.342738151952652,73.03820250421144,1,3,77,SMS,Healthy,0.46499999999999997
DNR_05610,42,M,B+,Islamabad,33.60635446018058,72.97808421598641,1,3,102,Phone,Healthy,0.33999999999999997
DNR_05611,40,M,A+,Multan,30.124023117847187,71.46568083489078,0,2,94,Phone,Minor issues,0.23
DNR_05612,18,M,O+,Faisalabad,31.361768389048336,73.04564526957884,1,5,118,App,Minor issues,0.36
DNR_05613,24,M,O-,Islamabad,33.75806302449797,73.08107822812406,1,1,36,SMS,Healthy,0.57
DNR_05614,43,F,A+,Islamabad,33.74482401825385,73.07332051839322,1,2,53,Phone,Healthy,0.5349999999999999
DNR_05615,24,F,O+,Faisalabad,31.490373094371506,73.00909152379539,1,1,50,SMS,Healthy,0.5
DNR_05616,18,M,B-,Lahore,31.53733667454787,74.34539413111413,1,2,44,SMS,Minor issues,0.48
DNR_05617,24,M,O+,Faisalabad,31.393633046743627,73.09956616518699,1,5,86,Phone,Healthy,0.52
DNR_05618,38,M,O+,Islamabad,33.655376342137885,72.97824073811233,1,6,104,Phone,Healthy,0.48
DNR_05619,26,F,O+,Islamabad,33.641779300711804,73.11934989303727,1,3,109,App,Minor issues,0.30499999999999994
DNR_05620,50,F,O+,Faisalabad,31.46266050305793,73.1023918784875,1,5,15,App,Healthy,0.95
DNR_05621,43,M,O+,Lahore,31.5742222975066,74.41261573446245,1,1,10,App,Unhealthy,0.7
DNR_05622,30,M,O+,Quetta,30.201037831241116,67.0161062844796,0,6,112,SMS,Minor issues,0.33999999999999997
DNR_05623,34,M,B+,Peshawar,34.01236489479009,71.56901766297412,0,2,17,SMS,Healthy,0.715
DNR_05624,26,F,A+,Quetta,30.18898850159732,67.0175538939558,0,3,66,SMS,Healthy,0.52
DNR_05625,29,M,O+,Karachi,24.918086568745267,66.9656296068653,1,1,118,SMS,Healthy,0.16000000000000003
DNR_05626,34,M,O+,Quetta,30.135463440669916,67.05271672446058,0,3,54,App,Healthy,0.6799999999999999
DNR_05627,18,F,A-,Lahore,31.475208529059625,74.36997658408471,1,3,52,App,Healthy,0.69
DNR_05628,31,M,B+,Faisalabad,31.35024050958843,73.1284840990564,1,4,82,Phone,Minor issues,0.39
DNR_05629,31,F,A+,Islamabad,33.73162604341925,73.00218267297002,1,5,19,App,Unhealthy,0.855
DNR_05630,24,M,AB+,Peshawar,34.02656772815768,71.57213017424186,0,1,39,App,Healthy,0.6549999999999999
DNR_05631,27,M,A+,Islamabad,33.720281548867035,73.07305232913265,1,1,101,App,Healthy,0.345
DNR_05632,29,M,A+,Quetta,30.110587343419358,66.93770420604575,0,2,113,Phone,Healthy,0.23500000000000004
DNR_05633,18,F,B+,Peshawar,34.05356167182775,71.59751495481206,0,1,119,App,Minor issues,0.15500000000000003
DNR_05634,28,M,O+,Karachi,24.795161657520328,66.97651269285898,1,2,65,App,Healthy,0.575
DNR_05635,29,M,A+,Multan,30.21017280689513,71.57117862737326,0,3,94,SMS,Minor issues,0.28
DNR_05636,18,M,B+,Multan,30.15918359872946,71.53013854374515,0,1,110,Phone,Healthy,0.19999999999999996
DNR_05637,41,F,A+,Quetta,30.22174212928145,66.9190148877621,0,4,108,SMS,Healthy,0.36
DNR_05638,30,F,O+,Peshawar,34.02370560186925,71.62506109979867,0,6,71,App,Healthy,0.745
DNR_05639,26,F,O+,Karachi,24.860439070101982,66.97649459824837,1,1,25,App,Healthy,0.725
DNR_05640,41,F,A+,Lahore,31.590766957583334,74.33222700596247,1,2,22,SMS,Healthy,0.69
DNR_05641,56,M,A+,Multan,30.092208632456636,71.48958295430083,0,1,15,App,Unhealthy,0.675
DNR_05642,45,M,A+,Quetta,30.178503644552855,67.0069260281206,0,0,198,App,Healthy,0.05
DNR_05643,34,F,O+,Faisalabad,31.453588689030482,73.00099846826696,1,1,46,App,Minor issues,0.52
DNR_05644,23,M,O+,Peshawar,33.95290933295443,71.60441726792834,0,2,97,App,Healthy,0.41500000000000004
DNR_05645,52,M,A+,Peshawar,34.09140551073483,71.60650180188333,0,3,44,App,Healthy,0.73
DNR_05646,39,F,O+,Faisalabad,31.47718450701691,73.10165943752138,1,7,17,SMS,Healthy,0.95
DNR_05647,23,F,AB-,Islamabad,33.71381992348122,73.04657142497823,1,3,69,App,Minor issues,0.505
DNR_05648,30,M,AB-,Lahore,31.498841593561846,74.2973368863348,1,1,18,App,Healthy,0.76
DNR_05649,52,M,B+,Lahore,31.537264083291166,74.37256243785008,1,3,100,SMS,Healthy,0.35
DNR_05650,25,F,O+,Lahore,31.48601639201606,74.40570340098934,1,5,81,App,Healthy,0.6449999999999999
DNR_05651,52,M,A+,Karachi,24.810735816875646,67.07238626199357,1,2,8,App,Healthy,0.8599999999999999
DNR_05652,36,F,O+,Islamabad,33.75714858894976,73.10106568228746,1,2,117,App,Healthy,0.31500000000000006
DNR_05653,29,F,A+,Karachi,24.897385565860393,66.95011757982748,1,1,89,App,Healthy,0.4049999999999999
DNR_05654,52,F,AB-,Quetta,30.15128066507159,67.00761952621949,0,2,76,SMS,Healthy,0.41999999999999993
DNR_05655,56,F,O+,Faisalabad,31.38670503331089,73.09266266836043,1,4,9,SMS,Healthy,0.8549999999999999
DNR_05656,18,F,O+,Karachi,24.870597113893005,66.99143704156731,1,4,116,Phone,Unhealthy,0.22000000000000003
DNR_05657,25,M,B+,Lahore,31.487557020407024,74.39412124374667,1,2,61,App,Minor issues,0.495
DNR_05658,24,F,O+,Quetta,30.19856335143508,67.0245533068133,0,1,63,SMS,Healthy,0.43499999999999994
DNR_05659,29,M,O+,Karachi,24.852562274220528,67.00805302045535,1,2,13,SMS,Healthy,0.7349999999999999
DNR_05660,42,M,A+,Peshawar,34.02144996524228,71.53207477312596,0,1,67,SMS,Minor issues,0.31499999999999995
DNR_05661,29,M,A-,Multan,30.092814873723185,71.57177531972988,0,4,58,SMS,Healthy,0.61
DNR_05662,21,M,A+,Peshawar,34.06977023883611,71.55060555184912,0,3,83,App,Healthy,0.535
DNR_05663,27,M,AB+,Karachi,24.837672304966343,67.02510188796916,1,1,67,App,Healthy,0.5149999999999999
DNR_05664,44,M,O+,Lahore,31.48587883404152,74.283491017412,1,2,48,Phone,Healthy,0.5599999999999999
DNR_05665,33,M,A+,Faisalabad,31.3751747106522,73.15788918447734,1,6,11,App,Healthy,0.95
DNR_05666,40,M,AB-,Islamabad,33.692933369021134,72.99445522699538,1,3,44,App,Healthy,0.73
DNR_05667,40,M,B+,Islamabad,33.66377573364516,73.09112312032555,1,5,90,App,Healthy,0.6
DNR_05668,20,M,O-,Lahore,31.472281909157427,74.3293544725133,1,3,78,SMS,Healthy,0.45999999999999996
DNR_05669,47,F,B+,Multan,30.111606306750236,71.58976743001095,0,4,17,Phone,Healthy,0.8150000000000001
DNR_05670,25,M,B+,Karachi,24.940523941116755,67.07937336306935,1,4,88,SMS,Healthy,0.45999999999999996
DNR_05671,35,M,O+,Lahore,31.50258986173439,74.28185422506454,1,11,17,App,Healthy,0.95
DNR_05672,23,M,A+,Lahore,31.625304783852712,74.26494740683312,1,4,53,App,Healthy,0.7349999999999999
DNR_05673,32,F,B+,Multan,30.093103619588316,71.531052353979,0,3,45,SMS,Healthy,0.625
DNR_05674,24,M,O+,Karachi,24.86347756468009,66.92831340355494,1,3,55,App,Minor issues,0.575
DNR_05675,34,M,O+,Lahore,31.580543620656215,74.2839166118843,1,2,47,SMS,Healthy,0.565
DNR_05676,19,M,O+,Quetta,30.226094461394528,66.94640290029122,0,2,60,App,Healthy,0.6
DNR_05677,31,F,O-,Peshawar,34.049640698303115,71.53551493142199,0,5,80,SMS,Healthy,0.5499999999999999
DNR_05678,43,F,AB-,Multan,30.149547406419053,71.47032508710208,0,2,81,App,Healthy,0.4949999999999999
DNR_05679,38,F,A+,Peshawar,34.04082926150524,71.59735424926602,0,4,14,App,Healthy,0.9299999999999999
DNR_05680,18,F,O+,Multan,30.16343752515163,71.53583923521578,0,2,60,App,Minor issues,0.5
DNR_05681,29,F,A+,Faisalabad,31.48745448487694,73.04118860192023,1,0,256,SMS,Minor issues,0.05
DNR_05682,23,M,O+,Multan,30.18902360167417,71.53108068907237,0,1,30,App,Unhealthy,0.6
DNR_05683,25,M,A+,Islamabad,33.75955726484607,73.00954799816076,1,2,39,App,Healthy,0.705
DNR_05684,48,F,A+,Karachi,24.92841852098764,67.02765700484017,1,1,55,Phone,Minor issues,0.37499999999999994
DNR_05685,36,M,A+,Islamabad,33.61216051654463,73.08459523882098,1,4,74,App,Minor issues,0.53
DNR_05686,31,M,A+,Peshawar,33.94066960445017,71.6574548273373,0,2,82,SMS,Healthy,0.39
DNR_05687,51,M,AB+,Islamabad,33.705063448022415,72.97624612177324,1,2,29,Phone,Healthy,0.6549999999999999
DNR_05688,28,M,O+,Karachi,24.82418303908519,66.9904429319374,1,4,112,SMS,Minor issues,0.23999999999999994
DNR_05689,23,M,O+,Karachi,24.786685614088178,66.9679621989646,1,3,17,App,Minor issues,0.765
DNR_05690,20,M,B-,Peshawar,33.96876903569185,71.6175874917123,0,2,67,App,Healthy,0.565
DNR_05691,27,M,B+,Lahore,31.628663714713074,74.35185547168369,1,4,38,App,Healthy,0.8099999999999999
DNR_05692,34,M,A-,Quetta,30.109483010677284,67.04959028386165,0,7,46,App,Healthy,0.9199999999999999
DNR_05693,36,M,A+,Peshawar,34.093038465389185,71.51843685695009,0,4,82,App,Healthy,0.59
DNR_05694,21,F,O+,Faisalabad,31.443260036436158,73.00868052701577,1,3,9,App,Healthy,0.9049999999999999
DNR_05695,32,F,B+,Islamabad,33.62181591613078,73.11831332485859,1,3,61,SMS,Healthy,0.545
DNR_05696,19,M,A+,Faisalabad,31.34938498381609,73.06835402126761,1,4,87,App,Healthy,0.565
DNR_05697,49,M,A-,Faisalabad,31.399964672658555,73.02929055225677,1,3,36,SMS,Healthy,0.67
DNR_05698,49,F,A+,Multan,30.114091915818324,71.5765783179716,0,1,49,App,Unhealthy,0.505
DNR_05699,22,F,O+,Quetta,30.157755441841232,67.04914542362184,0,5,19,App,Healthy,0.95
DNR_05700,21,M,B+,Islamabad,33.649657022816506,73.0896728018145,1,3,44,App,Healthy,0.73
DNR_05701,32,M,A+,Faisalabad,31.35143961589512,73.1053842983511,1,1,44,App,Healthy,0.63
DNR_05702,44,M,B+,Faisalabad,31.46584492945094,73.03783261316293,1,6,15,App,Healthy,0.95
DNR_05703,47,M,O+,Multan,30.15639825097744,71.55888100566351,0,1,65,SMS,Healthy,0.42499999999999993
DNR_05704,52,F,O+,Peshawar,34.09166128107869,71.51527070059488,0,1,65,App,Healthy,0.5249999999999999
DNR_05705,34,F,B-,Peshawar,33.983919904255885,71.64275126267071,0,6,71,Phone,Healthy,0.645
DNR_05706,48,M,O+,Islamabad,33.645210983058256,73.03272835678413,1,2,72,Phone,Minor issues,0.33999999999999997
DNR_05707,35,F,A+,Lahore,31.588332124475244,74.39168811486141,1,6,27,SMS,Healthy,0.865
DNR_05708,29,M,O+,Quetta,30.201975950614898,67.02388712463062,0,0,342,App,Healthy,0.05
DNR_05709,42,M,O+,Peshawar,34.01998094444905,71.55196064668684,0,5,39,App,Healthy,0.855
DNR_05710,41,M,O+,Karachi,24.853432554820323,66.98885271430825,1,1,61,SMS,Minor issues,0.345
DNR_05711,25,F,B+,Islamabad,33.67360489123475,73.0789719966297,1,3,63,App,Minor issues,0.535
DNR_05712,35,M,O+,Peshawar,34.07806046887014,71.52668909404343,0,0,170,SMS,Healthy,0.05
DNR_05713,31,F,O+,Peshawar,33.9531158297638,71.57013654859622,0,4,19,SMS,Healthy,0.805
DNR_05714,22,M,AB+,Peshawar,34.07217630082071,71.55146942135711,0,3,25,SMS,Healthy,0.725
DNR_05715,47,M,A+,Faisalabad,31.372009134526852,73.14166721226415,1,1,89,SMS,Healthy,0.30499999999999994
DNR_05716,18,M,A+,Quetta,30.236715399166908,67.02061552458444,0,1,119,App,Healthy,0.255
DNR_05717,38,M,B+,Faisalabad,31.394870007282446,73.07114502802595,1,6,27,Phone,Healthy,0.865
DNR_05718,28,F,AB+,Lahore,31.47262347395088,74.2772882881641,1,0,398,App,Unhealthy,0.05
DNR_05719,32,M,O+,Peshawar,34.060478227878704,71.61121544602274,0,5,16,App,Healthy,0.95
DNR_05720,22,F,O+,Faisalabad,31.49693786386243,73.03373513671232,1,1,11,App,Healthy,0.7949999999999999
DNR_05721,38,M,AB-,Islamabad,33.71792299770009,73.07261931394744,1,1,20,App,Healthy,0.75
DNR_05722,32,M,A+,Faisalabad,31.39212223778945,73.04253793031162,1,0,322,App,Healthy,0.05
DNR_05723,40,M,A+,Islamabad,33.65903380688669,73.0024306048159,1,7,19,App,Healthy,0.95
DNR_05724,22,M,B+,Quetta,30.184275557357108,67.00808398091259,0,4,86,Phone,Healthy,0.47
DNR_05725,27,F,B+,Peshawar,34.024009608623956,71.51013059895844,0,6,111,App,Healthy,0.5449999999999999
DNR_05726,60,F,B+,Islamabad,33.72206097293067,73.07111824310125,1,2,7,SMS,Minor issues,0.6649999999999999
DNR_05727,32,M,B+,Lahore,31.567320415139566,74.26857803305144,1,2,109,App,Healthy,0.355
DNR_05728,22,M,A+,Quetta,30.18635318280754,66.99762797940309,0,3,46,SMS,Healthy,0.62
DNR_05729,30,F,B-,Lahore,31.623380892565187,74.36010515178566,1,6,68,SMS,Healthy,0.66
DNR_05730,28,M,O+,Islamabad,33.72934867857341,73.07682211023032,1,1,22,App,Healthy,0.74
DNR_05731,35,M,O+,Karachi,24.939896118193424,67.01492703556023,1,6,31,App,Healthy,0.945
DNR_05732,24,M,A-,Peshawar,34.04485500987856,71.62895074793529,0,3,47,App,Minor issues,0.615
DNR_05733,46,M,O+,Karachi,24.83648930548083,67.01918784780077,1,1,46,App,Healthy,0.62
DNR_05734,24,M,B+,Peshawar,34.042182511146166,71.50388156524168,0,4,106,App,Healthy,0.47
DNR_05735,24,M,O+,Faisalabad,31.430722756884553,73.02172705589354,1,7,14,SMS,Minor issues,0.8800000000000001
DNR_05736,31,F,B+,Lahore,31.56157491996343,74.37817745930623,1,6,90,App,Unhealthy,0.55
DNR_05737,18,F,O+,Islamabad,33.715872632145086,73.07553849088814,1,4,86,App,Healthy,0.57
DNR_05738,33,M,AB-,Karachi,24.916228015256557,66.98838479373588,1,0,180,SMS,Healthy,0.05
DNR_05739,28,M,O+,Karachi,24.939659447860187,67.06600879666141,1,5,57,SMS,Healthy,0.6649999999999999
DNR_05740,30,M,AB-,Islamabad,33.62761363213956,73.09745530069895,1,4,73,App,Healthy,0.635
DNR_05741,44,F,B+,Multan,30.173938012065946,71.50646348584159,0,5,102,Phone,Unhealthy,0.33999999999999997
DNR_05742,27,M,B+,Peshawar,34.08659131637476,71.54691297081362,0,3,117,App,Healthy,0.365
DNR_05743,36,M,A+,Multan,30.185649708206476,71.58652229537662,0,9,18,App,Minor issues,0.95
DNR_05744,33,M,O+,Peshawar,34.05012099680822,71.53911140645324,0,1,34,App,Healthy,0.6799999999999999
DNR_05745,39,M,A+,Islamabad,33.73500707805291,73.08486481487668,1,9,81,App,Healthy,0.845
DNR_05746,39,F,B+,Lahore,31.54233178893978,74.29629578315499,1,2,75,SMS,Healthy,0.42499999999999993
DNR_05747,18,M,O+,Karachi,24.812358845136096,66.98902297416151,1,4,23,Phone,Healthy,0.785
DNR_05748,49,M,O+,Faisalabad,31.446091770141155,73.11157251690749,1,1,101,SMS,Healthy,0.24499999999999997
DNR_05749,60,M,B+,Quetta,30.221767391618968,66.97298658798834,0,1,36,Phone,Healthy,0.57
DNR_05750,37,F,A+,Multan,30.215198331587924,71.45758130636375,0,3,58,SMS,Minor issues,0.46
DNR_05751,34,M,B+,Quetta,30.176620308276547,66.97465814803654,0,3,26,App,Healthy,0.82
DNR_05752,37,M,AB+,Karachi,24.893493561067565,67.0582088180355,1,10,69,App,Healthy,0.95
DNR_05753,42,M,B+,Peshawar,33.964222564500396,71.62039563856328,0,4,15,Phone,Healthy,0.8250000000000001
DNR_05754,31,M,O+,Lahore,31.492216084931197,74.30930576312564,1,4,73,App,Healthy,0.635
DNR_05755,38,M,A+,Karachi,24.791749808424296,67.01632268745374,1,3,79,App,Healthy,0.5549999999999999
DNR_05756,34,F,O+,Multan,30.225643626666105,71.51247331772377,0,1,18,App,Healthy,0.76
DNR_05757,28,M,B-,Peshawar,33.985856025254684,71.51313162563137,0,2,29,App,Minor issues,0.6549999999999999
DNR_05758,23,M,O+,Karachi,24.798908392523856,66.97282793449301,1,2,80,SMS,Healthy,0.3999999999999999
DNR_05759,41,M,B+,Faisalabad,31.468017999671577,73.07544392625992,1,2,108,App,Minor issues,0.25999999999999995
DNR_05760,18,F,A+,Multan,30.151287727684057,71.53565636171169,0,5,66,App,Healthy,0.72
DNR_05761,40,M,B-,Quetta,30.259628145782013,66.89608987949477,0,3,18,Phone,Minor issues,0.66
DNR_05762,40,F,A+,Multan,30.14874877835883,71.51740307466159,0,3,44,Phone,Minor issues,0.53
DNR_05763,39,M,A+,Faisalabad,31.472633530242017,73.13906024251662,1,2,78,SMS,Healthy,0.4099999999999999
DNR_05764,28,M,B-,Peshawar,34.06733377313483,71.65721881979896,0,8,19,App,Healthy,0.95
DNR_05765,54,M,O+,Faisalabad,31.481432649685235,73.00158808024266,1,14,9,App,Healthy,0.95
DNR_05766,40,M,O+,Peshawar,34.04579382609553,71.56871697464769,0,3,85,App,Healthy,0.525
DNR_05767,24,M,O+,Multan,30.229518306578214,71.48482819826769,0,3,42,App,Healthy,0.74
DNR_05768,18,M,O+,Islamabad,33.69353800801184,73.10444676917903,1,0,362,App,Healthy,0.05
DNR_05769,36,F,O+,Islamabad,33.654932933171224,73.00668773441639,1,4,99,App,Healthy,0.505
DNR_05770,32,M,O+,Islamabad,33.75833435826421,73.09793197267906,1,2,107,SMS,Minor issues,0.16499999999999995
DNR_05771,18,M,A+,Lahore,31.500186525057362,74.40578943560455,1,2,87,App,Healthy,0.46499999999999997
DNR_05772,18,F,A+,Faisalabad,31.40792341687338,73.00704966441076,1,3,116,App,Healthy,0.37
DNR_05773,30,M,B-,Quetta,30.10111678800272,66.93873837252752,0,2,18,App,Healthy,0.8099999999999999
DNR_05774,26,M,B+,Islamabad,33.744676377515134,73.07396797188063,1,9,50,SMS,Healthy,0.9
DNR_05775,45,F,B+,Karachi,24.83470153619377,66.96235640974021,1,1,17,SMS,Minor issues,0.5650000000000001
DNR_05776,34,M,B+,Quetta,30.118329428601395,66.98488110728034,0,2,42,SMS,Healthy,0.59
DNR_05777,33,F,O+,Karachi,24.79280218258801,67.00097457832236,1,0,244,Phone,Healthy,0.05
DNR_05778,35,F,O+,Quetta,30.1785047275758,66.98274431274106,0,2,78,App,Healthy,0.5099999999999999
DNR_05779,20,F,O+,Karachi,24.795325366809738,66.96893976901309,1,2,63,App,Healthy,0.585
DNR_05780,36,F,A+,Peshawar,33.95819209068861,71.56520472990714,0,3,83,Phone,Healthy,0.43500000000000005
DNR_05781,21,F,O+,Peshawar,33.94198033817386,71.5530449846019,0,4,73,App,Healthy,0.635
DNR_05782,43,M,B+,Peshawar,34.07611781618211,71.56621312607508,0,6,59,SMS,Unhealthy,0.605
DNR_05783,33,M,A+,Quetta,30.10984295040486,67.01109905786923,0,8,93,App,Healthy,0.7349999999999999
DNR_05784,22,F,O+,Lahore,31.54094562618238,74.32474427764352,1,3,117,Phone,Minor issues,0.16500000000000004
DNR_05785,36,M,B+,Karachi,24.924967809706544,66.95629410541764,1,4,104,App,Healthy,0.48
DNR_05786,31,M,B+,Multan,30.203389658293162,71.50752942482366,0,0,388,App,Healthy,0.05
DNR_05787,37,F,A+,Islamabad,33.729748503689216,73.01949136538238,1,6,90,App,Minor issues,0.55
DNR_05788,32,M,B+,Karachi,24.853844708094435,67.04234366040413,1,6,112,App,Minor issues,0.43999999999999995
DNR_05789,35,M,A+,Karachi,24.85642034305763,66.96116741187456,1,1,66,App,Healthy,0.5199999999999999
DNR_05790,23,M,B-,Quetta,30.24715633311652,66.97215498423473,0,0,261,App,Healthy,0.05
DNR_05791,18,M,B+,Lahore,31.59744090150307,74.29190025023607,1,0,326,App,Healthy,0.05
DNR_05792,32,F,O+,Faisalabad,31.490108834546913,73.09379920134013,1,14,64,App,Healthy,0.95
DNR_05793,39,M,B+,Quetta,30.199345537811848,66.98055779245144,0,4,69,Phone,Healthy,0.555
DNR_05794,31,M,A-,Islamabad,33.688220390317284,73.06009726455481,1,3,107,SMS,Healthy,0.31499999999999995
DNR_05795,33,M,A+,Islamabad,33.73370135284254,73.07799180362859,1,3,17,SMS,Minor issues,0.665
DNR_05796,32,M,A+,Peshawar,34.07269046609342,71.5051810592301,0,1,108,SMS,Healthy,0.20999999999999996
DNR_05797,30,M,A+,Islamabad,33.61413250094904,73.0024885615527,1,3,91,SMS,Minor issues,0.295
DNR_05798,24,M,O+,Peshawar,34.01354226925827,71.6058088069421,0,2,98,SMS,Healthy,0.31
DNR_05799,41,F,O-,Multan,30.192423179436872,71.51812863705429,0,1,41,App,Healthy,0.645
DNR_05800,29,M,B+,Islamabad,33.704039698392876,73.01878635340124,1,2,52,SMS,Minor issues,0.43999999999999995
DNR_05801,40,M,AB+,Quetta,30.16473910774703,67.02383168574366,0,0,330,App,Unhealthy,0.05
DNR_05802,42,M,O-,Quetta,30.224687737464603,66.93395509002306,0,3,115,Phone,Healthy,0.275
DNR_05803,37,F,B+,Lahore,31.568712702880113,74.29204622650889,1,1,105,Phone,Minor issues,0.12499999999999996
DNR_05804,25,F,B+,Faisalabad,31.341139209016813,73.09741110271004,1,2,23,SMS,Minor issues,0.585
DNR_05805,39,M,B+,Faisalabad,31.469577098320254,73.14406172147923,1,6,13,Phone,Minor issues,0.835
DNR_05806,36,F,B+,Karachi,24.81271432184696,67.06330456634463,1,3,8,SMS,Healthy,0.8099999999999999
DNR_05807,53,F,A+,Karachi,24.832318117737668,66.96795969414147,1,2,112,SMS,Healthy,0.23999999999999994
DNR_05808,31,M,O-,Faisalabad,31.428170445718095,73.15184488213934,1,7,20,SMS,Minor issues,0.8500000000000001
DNR_05809,25,F,O+,Karachi,24.914546646130212,67.03543098484765,1,5,84,App,Minor issues,0.53
DNR_05810,29,M,B+,Multan,30.21951346163529,71.50631008767596,0,4,34,Phone,Healthy,0.7299999999999999
DNR_05811,53,M,O-,Quetta,30.145340474990192,66.96979656086394,0,2,22,App,Minor issues,0.69
DNR_05812,18,M,O+,Faisalabad,31.469429651072716,73.00832961504793,1,2,25,Phone,Healthy,0.6749999999999999
DNR_05813,44,M,O+,Multan,30.21330196673327,71.51297245405064,0,2,59,SMS,Healthy,0.505
DNR_05814,54,M,AB+,Multan,30.22488116339514,71.57211194511645,0,2,110,Phone,Healthy,0.24999999999999994
DNR_05815,19,F,O+,Peshawar,34.0814891153466,71.55304452144955,0,2,35,SMS,Unhealthy,0.525
DNR_05816,18,M,AB-,Faisalabad,31.41555438841278,73.00299787600375,1,7,87,App,Healthy,0.715
DNR_05817,29,M,O+,Islamabad,33.659515898030676,73.00369131863569,1,6,64,SMS,Healthy,0.68
DNR_05818,18,M,A+,Peshawar,33.99416704642578,71.50947376074441,0,1,21,App,Healthy,0.745
DNR_05819,35,M,O+,Quetta,30.188257238090213,66.9708373387724,0,12,52,App,Minor issues,0.95
DNR_05820,39,F,A+,Karachi,24.938041753084008,67.02067791178962,1,1,115,SMS,Healthy,0.17500000000000004
DNR_05821,39,F,B-,Karachi,24.795514095284606,66.9674189281247,1,2,101,SMS,Healthy,0.295
DNR_05822,30,M,AB+,Quetta,30.256205605405388,67.01259622571159,0,7,43,App,Minor issues,0.8350000000000001
DNR_05823,25,M,O+,Peshawar,33.96960311150816,71.6239699215341,0,4,81,SMS,Minor issues,0.39499999999999996
DNR_05824,48,M,A+,Lahore,31.56117919046079,74.41037961776723,1,6,18,SMS,Healthy,0.91
DNR_05825,41,M,O+,Quetta,30.190576169223394,66.91913659056948,0,5,83,SMS,Healthy,0.535
DNR_05826,28,M,AB-,Karachi,24.846744175861712,66.98693482958221,1,5,25,App,Healthy,0.9249999999999999
DNR_05827,18,M,O+,Islamabad,33.63697370171211,73.0007293068525,1,1,116,SMS,Minor issues,0.07000000000000002
DNR_05828,47,F,A+,Lahore,31.599956240450762,74.3543987549565,1,2,105,SMS,Healthy,0.27499999999999997
DNR_05829,43,F,B+,Islamabad,33.63760996638288,73.03630349954359,1,4,104,Phone,Healthy,0.38
DNR_05830,18,F,O+,Multan,30.127918767563084,71.59994823636553,0,1,112,App,Healthy,0.2899999999999999
DNR_05831,35,F,O+,Quetta,30.104876417629896,66.98188791344602,0,3,21,SMS,Healthy,0.745
DNR_05832,18,M,O+,Islamabad,33.708893988667825,73.12450589946245,1,5,17,App,Healthy,0.95
DNR_05833,47,M,A+,Peshawar,33.97152240066511,71.65661695369934,0,1,78,App,Healthy,0.45999999999999996
DNR_05834,28,F,O+,Karachi,24.814330576420637,67.05116985690833,1,1,114,App,Minor issues,0.18000000000000005
DNR_05835,18,F,B+,Faisalabad,31.399853636508066,73.12206260493419,1,2,78,App,Healthy,0.5099999999999999
DNR_05836,48,M,A+,Multan,30.118860905177314,71.44878012978818,0,2,64,SMS,Healthy,0.48
DNR_05837,19,M,A+,Peshawar,34.003598620313525,71.54901399596608,0,7,66,Phone,Minor issues,0.62
DNR_05838,49,M,B+,Lahore,31.543957408755396,74.33986110998832,1,5,95,App,Healthy,0.575
DNR_05839,20,M,B+,Quetta,30.156907727772186,67.05035567402311,0,2,48,App,Healthy,0.6599999999999999
DNR_05840,52,M,B+,Faisalabad,31.491775324996986,73.03129958208788,1,1,55,SMS,Healthy,0.475
DNR_05841,44,F,O+,Quetta,30.258707275892245,66.98172119280066,0,8,53,App,Healthy,0.9349999999999999
DNR_05842,45,M,B+,Multan,30.161282091966147,71.59245071329615,0,6,42,SMS,Healthy,0.79
DNR_05843,46,M,O+,Peshawar,34.039982327019544,71.64470034219507,0,2,105,SMS,Minor issues,0.17499999999999996
DNR_05844,28,F,B+,Peshawar,34.01587782221903,71.60452739652159,0,3,84,Phone,Healthy,0.43000000000000005
DNR_05845,28,F,B+,Peshawar,34.05900550232436,71.64429562902325,0,2,15,App,Healthy,0.825
DNR_05846,24,F,B+,Peshawar,34.01281498025416,71.50801195467899,0,3,92,App,Minor issues,0.39
DNR_05847,31,F,O+,Lahore,31.521304058150747,74.41222385037331,1,6,111,SMS,Healthy,0.44499999999999995
DNR_05848,43,M,A+,Multan,30.178507358176095,71.4610380859206,0,2,101,App,Healthy,0.395
DNR_05849,46,M,A+,Peshawar,33.94160602397634,71.51046613208196,0,1,65,App,Healthy,0.5249999999999999
DNR_05850,24,M,B+,Karachi,24.83601935082082,67.03716846005734,1,6,72,SMS,Minor issues,0.54
DNR_05851,29,M,B+,Quetta,30.230988100336,67.04627997669186,0,4,44,SMS,Healthy,0.68
DNR_05852,18,F,B+,Lahore,31.520631093143447,74.32394346809141,1,2,109,App,Minor issues,0.25499999999999995
DNR_05853,30,F,O-,Quetta,30.11103908122774,67.05433198631329,0,2,73,App,Healthy,0.5349999999999999
DNR_05854,31,F,B+,Quetta,30.108777996492595,67.04250400023456,0,7,34,SMS,Healthy,0.88
DNR_05855,35,M,B+,Multan,30.081387450136187,71.5246919901905,0,6,110,SMS,Healthy,0.44999999999999996
DNR_05856,24,M,O-,Quetta,30.20258642150872,66.94850849235777,0,3,53,SMS,Minor issues,0.485
DNR_05857,18,F,O+,Karachi,24.920618755919797,67.00550046608029,1,7,60,App,Healthy,0.85
DNR_05858,41,M,AB+,Islamabad,33.690881982410495,73.06975658943466,1,1,69,SMS,Healthy,0.405
DNR_05859,39,M,A+,Lahore,31.62539156523998,74.28271067943659,1,0,332,App,Minor issues,0.05
DNR_05860,18,M,O+,Lahore,31.513786921173907,74.37921714083198,1,5,99,App,Healthy,0.5549999999999999
DNR_05861,18,M,A+,Quetta,30.13596508570005,67.02415202622296,0,3,80,Phone,Healthy,0.44999999999999996
DNR_05862,36,M,A-,Quetta,30.149225254851476,66.89724544515798,0,3,32,App,Healthy,0.7899999999999999
DNR_05863,25,F,B+,Multan,30.079668429808585,71.46328878909594,0,6,84,Phone,Healthy,0.5800000000000001
DNR_05864,24,M,O+,Quetta,30.211475394160484,66.9767596753385,0,2,17,App,Healthy,0.815
DNR_05865,32,M,B+,Multan,30.18373818022494,71.49301176794731,0,1,99,App,Minor issues,0.255
DNR_05866,21,M,B+,Quetta,30.128384893432322,66.99213623053411,0,3,11,App,Healthy,0.8949999999999999
DNR_05867,45,F,O+,Multan,30.08448742202932,71.55149315469679,0,2,77,App,Healthy,0.5149999999999999
DNR_05868,42,M,B-,Karachi,24.895463152508924,67.06955063356564,1,4,114,App,Healthy,0.43000000000000005
DNR_05869,27,M,A+,Peshawar,33.95659337854801,71.53296218780794,0,3,78,App,Healthy,0.5599999999999999
DNR_05870,36,M,A+,Peshawar,34.07598763496028,71.56821289425991,0,0,249,App,Healthy,0.05
DNR_05871,46,M,B+,Peshawar,33.94890025622892,71.53676486582805,0,7,38,App,Healthy,0.95
DNR_05872,37,M,B+,Multan,30.127445001841508,71.52339800306777,0,2,82,SMS,Healthy,0.39
DNR_05873,37,F,A+,Faisalabad,31.361305364228535,73.03619031418192,1,2,55,SMS,Healthy,0.5249999999999999
DNR_05874,30,M,A+,Karachi,24.91220761536116,66.98711451022835,1,5,30,App,Healthy,0.8999999999999999
DNR_05875,29,M,B+,Faisalabad,31.350075045448236,73.0958789420881,1,1,14,App,Minor issues,0.68
DNR_05876,18,M,AB+,Karachi,24.843456461329005,67.05462496464968,1,2,9,App,Healthy,0.8549999999999999
DNR_05877,20,M,O+,Islamabad,33.64417890138476,72.97664860178958,1,1,72,Phone,Minor issues,0.29
DNR_05878,41,M,B+,Islamabad,33.743469445718425,73.08424860670341,1,0,368,App,Healthy,0.05
DNR_05879,39,F,A+,Lahore,31.57317358145093,74.2925436707751,1,3,51,SMS,Healthy,0.595
DNR_05880,18,F,O+,Multan,30.220366888591943,71.55474294763881,0,9,105,SMS,Healthy,0.6249999999999999
DNR_05881,24,F,O+,Faisalabad,31.403866601457423,73.06259390193642,1,3,14,Phone,Healthy,0.78
DNR_05882,40,F,AB-,Karachi,24.881051714530248,67.02970089262465,1,5,44,App,Healthy,0.83
DNR_05883,26,M,AB+,Faisalabad,31.484057033840212,72.99924869885365,1,7,80,App,Healthy,0.75
DNR_05884,42,M,O+,Karachi,24.937299306414584,67.08013167059484,1,9,17,App,Healthy,0.95
DNR_05885,32,F,O+,Islamabad,33.726445775260295,73.03412358362488,1,4,58,SMS,Healthy,0.61
DNR_05886,33,M,B+,Multan,30.128680926529352,71.47569419169956,0,4,112,Phone,Healthy,0.33999999999999997
DNR_05887,45,M,B+,Faisalabad,31.403800013559906,73.02421396826308,1,2,100,App,Healthy,0.4
DNR_05888,24,M,B+,Islamabad,33.748914980261226,73.05580948693452,1,3,110,App,Minor issues,0.29999999999999993
DNR_05889,28,F,B+,Peshawar,34.08268616475633,71.59070480624675,0,3,60,SMS,Healthy,0.55
DNR_05890,28,F,O+,Multan,30.129203618959963,71.59886170591041,0,4,65,App,Healthy,0.6749999999999999
DNR_05891,46,F,A+,Faisalabad,31.34595741773346,73.13705699727412,1,3,81,Phone,Minor issues,0.345
DNR_05892,50,M,O-,Karachi,24.935291747517923,66.94252383289705,1,3,73,Phone,Healthy,0.485
DNR_05893,42,F,B+,Islamabad,33.64076215356338,73.09201297883696,1,7,96,App,Minor issues,0.5700000000000001
DNR_05894,21,F,A+,Islamabad,33.67297395166003,73.11492928652189,1,3,44,App,Healthy,0.73
DNR_05895,47,M,A+,Islamabad,33.76393865630241,73.11158729409271,1,3,58,Phone,Healthy,0.56
DNR_05896,31,F,O+,Multan,30.121331633226287,71.54415696072677,0,1,74,SMS,Healthy,0.38
DNR_05897,23,M,AB-,Lahore,31.55976726955782,74.26522760306605,1,6,89,SMS,Healthy,0.555
DNR_05898,28,M,AB+,Karachi,24.87014581901023,66.9677507530025,1,7,78,App,Healthy,0.76
DNR_05899,49,M,B+,Peshawar,34.0367687621828,71.52148151459825,0,1,43,SMS,Healthy,0.535
DNR_05900,54,M,O+,Islamabad,33.679573410141,73.09187069460191,1,2,112,SMS,Unhealthy,0.13999999999999993
DNR_05901,36,F,O-,Islamabad,33.65918197532088,73.02609641050049,1,2,52,SMS,Healthy,0.5399999999999999
DNR_05902,35,M,B+,Islamabad,33.64616676658224,73.01021985649889,1,0,346,SMS,Healthy,0.05
DNR_05903,30,F,B-,Karachi,24.816372693594484,66.95383205509081,1,8,38,SMS,Unhealthy,0.81
DNR_05904,24,M,O+,Faisalabad,31.46154759099496,73.06540463582672,1,3,105,App,Healthy,0.42499999999999993
DNR_05905,18,F,O+,Multan,30.18125484739835,71.48308399944625,0,4,87,App,Healthy,0.565
DNR_05906,20,F,B+,Faisalabad,31.390183450006695,73.00238796713641,1,3,71,SMS,Healthy,0.495
DNR_05907,18,M,AB+,Lahore,31.485820687477766,74.27501951463519,1,3,33,SMS,Healthy,0.6849999999999999
DNR_05908,28,M,A+,Karachi,24.83179375507358,66.96311213451405,1,3,102,Phone,Healthy,0.33999999999999997
DNR_05909,30,M,B+,Peshawar,34.09045403415648,71.50879589544247,0,10,20,App,Healthy,0.95
DNR_05910,60,M,A-,Karachi,24.896145295596078,67.02325374279282,1,4,74,SMS,Minor issues,0.43
DNR_05911,35,F,B+,Lahore,31.61876798512384,74.37780711118789,1,1,73,App,Healthy,0.485
DNR_05912,18,F,O-,Lahore,31.470230666062573,74.38663913414005,1,1,109,App,Healthy,0.30499999999999994
DNR_05913,55,M,O+,Multan,30.176941899059706,71.57148320277035,0,4,48,App,Healthy,0.76
DNR_05914,36,F,O+,Peshawar,34.04116958418943,71.52659314763591,0,1,33,Phone,Healthy,0.585
DNR_05915,31,F,O+,Peshawar,33.96622629927254,71.59101397896474,0,4,34,SMS,Minor issues,0.6299999999999999
DNR_05916,55,M,B+,Islamabad,33.71301805892765,73.0616965649907,1,3,98,App,Healthy,0.45999999999999996
DNR_05917,31,F,B-,Quetta,30.12437792583383,66.9214925568101,0,2,82,Phone,Minor issues,0.29000000000000004
DNR_05918,51,F,A+,Karachi,24.837004386978936,66.97160871920975,1,3,30,App,Minor issues,0.7
DNR_05919,38,F,O+,Quetta,30.2279530851643,67.02798790662405,0,6,118,Phone,Healthy,0.41000000000000003
DNR_05920,34,F,B-,Multan,30.231289564615224,71.45620832192424,0,2,48,App,Healthy,0.6599999999999999
DNR_05921,26,M,B+,Faisalabad,31.372106268454964,73.04690149676476,1,3,11,App,Minor issues,0.7949999999999999
DNR_05922,30,M,AB+,Peshawar,34.07249926264857,71.56121358008477,0,4,97,SMS,Healthy,0.41500000000000004
DNR_05923,26,M,O+,Faisalabad,31.34493386217538,73.07889394260447,1,3,68,App,Healthy,0.61
DNR_05924,44,M,A+,Faisalabad,31.469469550754788,73.10635203146367,1,2,74,SMS,Minor issues,0.32999999999999996
DNR_05925,18,F,AB+,Faisalabad,31.358037836959717,73.05119396389401,1,4,64,App,Healthy,0.6799999999999999
DNR_05926,41,M,A+,Faisalabad,31.353288605229935,73.11112827453947,1,3,15,SMS,Healthy,0.775
DNR_05927,31,M,O+,Quetta,30.195493168888323,66.92229673115037,0,8,61,SMS,Healthy,0.795
DNR_05928,34,M,A+,Faisalabad,31.486083773798093,73.07877030678628,1,4,24,SMS,Healthy,0.7799999999999999
DNR_05929,18,F,A+,Faisalabad,31.420498634667783,73.0968634721705,1,1,41,App,Healthy,0.645
DNR_05930,26,M,O+,Multan,30.11912358732182,71.5718133498745,0,3,82,Phone,Healthy,0.44000000000000006
DNR_05931,37,M,O+,Multan,30.17391470097639,71.5621644628251,0,3,41,App,Healthy,0.745
DNR_05932,18,M,A+,Islamabad,33.73228631810551,73.0628944278079,1,0,317,SMS,Minor issues,0.05
DNR_05933,40,M,A+,Islamabad,33.75995255384415,73.08995873328644,1,5,36,Phone,Healthy,0.7699999999999999
DNR_05934,35,M,A+,Multan,30.2320367533859,71.59655678731464,0,3,35,App,Healthy,0.7749999999999999
DNR_05935,48,F,O+,Quetta,30.23480742716163,66.96707470041957,0,2,11,App,Healthy,0.8449999999999999
DNR_05936,18,F,A+,Quetta,30.170951763270846,66.94627900323141,0,8,23,SMS,Healthy,0.95
DNR_05937,28,M,B+,Islamabad,33.73084920352759,73.11793183149277,1,6,70,App,Minor issues,0.65
DNR_05938,32,M,B+,Quetta,30.15662052204496,66.91186626109348,0,9,48,App,Healthy,0.95
DNR_05939,48,M,A+,Quetta,30.165109132106327,66.9593877979853,0,0,259,Phone,Healthy,0.05
DNR_05940,22,M,B+,Karachi,24.78943475398586,66.9643507696564,1,1,64,Phone,Healthy,0.42999999999999994
DNR_05941,18,M,O+,Karachi,24.885347464003612,66.97584635893536,1,6,75,App,Healthy,0.725
DNR_05942,26,M,O+,Islamabad,33.72756080074029,73.11639895643569,1,4,85,App,Healthy,0.575
DNR_05943,51,M,B+,Lahore,31.546451074760142,74.31173768396805,1,0,335,App,Healthy,0.05
DNR_05944,30,F,O+,Quetta,30.226563684454337,67.02328185764138,0,1,112,SMS,Healthy,0.18999999999999995
DNR_05945,34,M,O+,Peshawar,34.003196024609515,71.61292483518817,0,2,24,SMS,Minor issues,0.58
DNR_05946,31,M,A+,Multan,30.09312842230522,71.50493317111822,0,2,97,App,Healthy,0.41500000000000004
DNR_05947,40,F,O+,Faisalabad,31.464483223453392,73.05061642466049,1,0,379,App,Minor issues,0.05
DNR_05948,27,F,O-,Peshawar,34.04849465552352,71.51174829606407,0,7,100,SMS,Unhealthy,0.45
DNR_05949,18,F,B+,Peshawar,34.063493758022005,71.56095303596429,0,3,15,App,Minor issues,0.775
DNR_05950,41,M,O+,Karachi,24.84439267120571,66.98466921744811,1,2,70,Phone,Healthy,0.44999999999999996
DNR_05951,20,M,B+,Faisalabad,31.347376627527705,73.01804615545228,1,5,10,App,Healthy,0.95
DNR_05952,18,M,A+,Multan,30.174905041969705,71.55285728230803,0,6,91,Phone,Healthy,0.545
DNR_05953,50,M,B+,Islamabad,33.75321376698247,73.02985878943574,1,4,65,App,Healthy,0.6749999999999999
DNR_05954,49,M,B+,Peshawar,33.958795072018596,71.5973137989793,0,2,98,App,Healthy,0.41000000000000003
DNR_05955,37,F,O+,Peshawar,34.01773219741698,71.61444394096029,0,6,94,SMS,Healthy,0.53
DNR_05956,34,M,B+,Peshawar,34.059429422875404,71.5733430895188,0,6,116,Phone,Healthy,0.42000000000000004
DNR_05957,34,M,A-,Peshawar,34.00651865123095,71.5410817007072,0,4,19,SMS,Unhealthy,0.7050000000000001
DNR_05958,43,M,O-,Karachi,24.871880871382988,66.9915439247427,1,1,109,Phone,Minor issues,0.10499999999999994
DNR_05959,26,F,O+,Faisalabad,31.34055285515268,73.12908600720675,1,2,79,App,Unhealthy,0.4049999999999999
DNR_05960,44,M,A+,Lahore,31.585991719267213,74.27765580051617,1,2,87,App,Minor issues,0.365
DNR_05961,45,F,B+,Faisalabad,31.382323741218762,73.08481224708483,1,1,13,SMS,Unhealthy,0.585
DNR_05962,41,F,O+,Islamabad,33.70186017890281,73.10067707675996,1,0,342,SMS,Healthy,0.05
DNR_05963,29,F,A+,Multan,30.204240278394284,71.4538498586272,0,6,59,App,Healthy,0.8049999999999999
DNR_05964,22,M,A+,Multan,30.094433249680637,71.5899109679342,0,3,35,SMS,Healthy,0.6749999999999999
DNR_05965,43,M,O+,Peshawar,34.076117864434316,71.63324856163413,0,10,78,App,Healthy,0.9099999999999999
DNR_05966,18,M,O+,Multan,30.206643843150395,71.57343265884332,0,2,111,App,Healthy,0.345
DNR_05967,22,M,AB-,Karachi,24.825727542827636,66.96297510735987,1,3,20,App,Healthy,0.85
DNR_05968,36,F,A+,Peshawar,34.056693586376596,71.59909636694785,0,7,37,App,Healthy,0.95
DNR_05969,43,F,B+,Peshawar,34.047531679422825,71.65682475980836,0,1,9,Phone,Unhealthy,0.605
DNR_05970,42,M,A+,Quetta,30.108495549990067,66.99478094399038,0,2,46,SMS,Healthy,0.57
DNR_05971,29,F,B+,Multan,30.225047759440702,71.45651836849754,0,4,13,App,Healthy,0.9349999999999998
DNR_05972,47,F,O+,Faisalabad,31.40626254948507,73.11470235546676,1,2,7,App,Minor issues,0.7649999999999999
DNR_05973,27,M,B+,Quetta,30.144328962568274,67.05025588274235,0,1,9,SMS,Minor issues,0.605
DNR_05974,56,M,AB+,Peshawar,34.01802056878094,71.65708525508003,0,4,39,Phone,Healthy,0.705
DNR_05975,36,M,O+,Multan,30.15502439106904,71.55436641515423,0,0,152,App,Healthy,0.05
DNR_05976,26,F,O+,Quetta,30.105157088125317,66.90439517402326,0,4,111,App,Unhealthy,0.345
DNR_05977,27,M,O+,Faisalabad,31.409571727213322,73.09341659288214,1,6,111,SMS,Healthy,0.44499999999999995
DNR_05978,30,M,O+,Lahore,31.571086836683637,74.33851940429132,1,6,10,SMS,Healthy,0.95
DNR_05979,18,M,AB-,Islamabad,33.685368791165594,73.00179894626278,1,0,300,Phone,Healthy,0.05
DNR_05980,49,F,O+,Peshawar,34.072740664316655,71.6300694963974,0,4,85,App,Healthy,0.575
DNR_05981,34,M,O+,Peshawar,34.00589066972655,71.62080635772506,0,5,21,SMS,Unhealthy,0.745
DNR_05982,51,F,B+,Peshawar,34.04363891859701,71.5681230925395,0,4,80,App,Healthy,0.6
DNR_05983,18,M,A+,Multan,30.10926109039083,71.48942122003564,0,2,16,App,Healthy,0.82
DNR_05984,36,M,O+,Lahore,31.48901439675492,74.36727261273586,1,4,21,SMS,Healthy,0.795
DNR_05985,56,M,B+,Islamabad,33.66370523260843,73.12375049760658,1,1,23,SMS,Healthy,0.635
DNR_05986,18,M,B+,Islamabad,33.64414695462834,73.11280590922247,1,3,92,Phone,Minor issues,0.29
DNR_05987,55,M,B+,Peshawar,33.97375412478138,71.57455528106644,0,4,73,SMS,Healthy,0.535
DNR_05988,25,F,A+,Lahore,31.493253161953405,74.30115639702214,1,2,47,SMS,Healthy,0.565
DNR_05989,30,F,O+,Lahore,31.546908537806992,74.35577679367762,1,3,106,SMS,Minor issues,0.21999999999999997
DNR_05990,41,M,O-,Peshawar,33.97063054248546,71.50354080606975,0,3,112,App,Healthy,0.3899999999999999
DNR_05991,51,M,O+,Multan,30.161212283425687,71.60474279619844,0,3,82,App,Healthy,0.54
DNR_05992,44,M,B+,Peshawar,34.07226707539408,71.58706862754731,0,1,38,Phone,Healthy,0.5599999999999999
DNR_05993,45,M,O+,Multan,30.10625196048801,71.47518393252766,0,6,117,App,Healthy,0.515
DNR_05994,27,F,B+,Faisalabad,31.438805842447035,73.05689223307243,1,1,44,App,Minor issues,0.53
DNR_05995,43,M,B+,Lahore,31.528450440301967,74.34975872756597,1,6,84,App,Healthy,0.68
DNR_05996,31,F,O+,Lahore,31.5760028694185,74.41911358629318,1,1,109,SMS,Minor issues,0.10499999999999994
DNR_05997,42,F,B+,Karachi,24.916718285913085,67.02284569718971,1,1,86,App,Healthy,0.41999999999999993
DNR_05998,37,M,O+,Faisalabad,31.35327254561118,73.14382045883465,1,1,11,App,Healthy,0.7949999999999999
DNR_05999,44,M,A-,Islamabad,33.69157121423402,73.07935511111694,1,8,56,SMS,Minor issues,0.72
DNR_06000,24,M,A+,Karachi,24.875117942271057,67.00704035800997,1,1,57,App,Healthy,0.565
DNR_06001,43,M,O+,Faisalabad,31.37770767439112,73.02858977415517,1,3,102,SMS,Minor issues,0.24
DNR_06002,34,F,B+,Karachi,24.885454695633438,67.04535733592867,1,6,88,SMS,Healthy,0.56
DNR_06003,35,F,A-,Faisalabad,31.45764059396239,73.13430604276091,1,3,107,SMS,Healthy,0.31499999999999995
DNR_06004,38,F,B+,Faisalabad,31.391148037330833,73.02446518290789,1,1,24,App,Minor issues,0.63
DNR_06005,18,M,B+,Lahore,31.60998351266003,74.29648203213802,1,6,83,App,Healthy,0.685
DNR_06006,39,M,B+,Islamabad,33.625441695580584,73.05842437268164,1,1,64,SMS,Minor issues,0.32999999999999996
DNR_06007,33,F,O+,Peshawar,34.043444248297675,71.65132399770746,0,2,32,App,Healthy,0.7399999999999999
DNR_06008,18,M,A+,Peshawar,34.031834027288944,71.54257890074237,0,3,29,SMS,Healthy,0.705
DNR_06009,26,M,AB-,Lahore,31.48099651591913,74.28691249949259,1,0,282,SMS,Healthy,0.05
DNR_06010,25,M,A-,Karachi,24.861795657793593,67.03327577993316,1,3,86,App,Healthy,0.52
DNR_06011,49,F,O+,Karachi,24.882136363473496,66.97874705941271,1,3,97,App,Healthy,0.46499999999999997
DNR_06012,21,M,A+,Multan,30.128056555541214,71.45042991829703,0,2,64,SMS,Minor issues,0.38
DNR_06013,18,M,A+,Karachi,24.868238622055888,67.00850775777631,1,5,116,App,Healthy,0.47
DNR_06014,18,M,A+,Karachi,24.92303333529761,67.04265131550241,1,1,50,SMS,Minor issues,0.39999999999999997
DNR_06015,22,M,B+,Karachi,24.924039132074864,66.99476236817772,1,7,100,SMS,Healthy,0.55
DNR_06016,47,M,A+,Lahore,31.594493095556736,74.3298393564121,1,3,99,SMS,Healthy,0.355
DNR_06017,45,M,A+,Peshawar,34.06012845846399,71.54401921940973,0,4,25,SMS,Healthy,0.775
DNR_06018,30,F,B+,Faisalabad,31.407045374225238,73.12554530381436,1,8,81,App,Healthy,0.7949999999999999
DNR_06019,38,F,A-,Lahore,31.505484402818414,74.41443874353486,1,3,96,Phone,Minor issues,0.27
DNR_06020,31,F,O+,Peshawar,34.01699629770745,71.54802622687629,0,2,119,App,Healthy,0.30500000000000005
DNR_06021,29,M,A+,Quetta,30.253168649210167,66.95512805403781,0,2,54,SMS,Healthy,0.5299999999999999
DNR_06022,18,F,O+,Karachi,24.93442215274924,66.93161307298033,1,5,88,SMS,Healthy,0.51
DNR_06023,30,M,A+,Islamabad,33.718544121353226,73.0787007024416,1,3,69,App,Healthy,0.605
DNR_06024,34,M,O+,Quetta,30.14926711467224,66.89617921735906,0,3,32,App,Healthy,0.7899999999999999
DNR_06025,24,M,A+,Karachi,24.798832267532077,67.04694819167995,1,2,116,App,Healthy,0.32000000000000006
DNR_06026,24,M,O+,Lahore,31.52005430732475,74.35071100286413,1,3,13,Phone,Healthy,0.7849999999999999
DNR_06027,35,M,O+,Islamabad,33.67072080461817,72.97178896925095,1,9,64,SMS,Healthy,0.83
DNR_06028,39,M,B+,Lahore,31.533098887025634,74.3521175572493,1,3,83,Phone,Healthy,0.43500000000000005
DNR_06029,44,M,O+,Islamabad,33.607376436583486,73.11171908992003,1,5,20,App,Minor issues,0.85
DNR_06030,40,M,A+,Faisalabad,31.37408039903278,73.13789059152273,1,3,91,App,Healthy,0.495
DNR_06031,18,M,O+,Multan,30.149305225557075,71.45001822363929,0,5,64,App,Healthy,0.73
DNR_06032,44,M,B+,Peshawar,34.03048065818755,71.50128163036675,0,5,56,Phone,Healthy,0.6699999999999999
DNR_06033,30,F,A+,Quetta,30.212522715420985,67.02555374908802,0,4,96,SMS,Healthy,0.42000000000000004
DNR_06034,31,M,B+,Lahore,31.57094297826647,74.30877410440976,1,4,73,Phone,Healthy,0.535
DNR_06035,38,M,A+,Peshawar,34.078367413526415,71.61088305364275,0,5,111,App,Healthy,0.4949999999999999
DNR_06036,34,F,B+,Lahore,31.48762559856739,74.32795998047621,1,6,48,Phone,Healthy,0.76
DNR_06037,47,M,O+,Karachi,24.872890692749152,66.98155857183737,1,3,108,App,Minor issues,0.30999999999999994
DNR_06038,39,M,O+,Islamabad,33.75601756198159,72.9839791673743,1,5,23,SMS,Minor issues,0.735
DNR_06039,46,M,O+,Peshawar,34.073391915398595,71.6499764227706,0,3,55,App,Healthy,0.6749999999999999
DNR_06040,46,F,A+,Lahore,31.519203908268647,74.36563604798611,1,1,27,App,Healthy,0.715
DNR_06041,31,M,B+,Multan,30.11534021206315,71.45288203614032,0,4,78,App,Healthy,0.61
DNR_06042,30,F,O+,Peshawar,33.97947206521107,71.53590560556056,0,3,90,Phone,Healthy,0.4
DNR_06043,47,M,O+,Peshawar,34.06226525968626,71.54825110495325,0,3,116,App,Healthy,0.37
DNR_06044,36,M,A+,Quetta,30.149412817085416,66.978122414638,0,5,85,App,Healthy,0.625
DNR_06045,37,M,O+,Islamabad,33.60724664776939,73.06030725547751,1,2,76,App,Minor issues,0.41999999999999993
DNR_06046,49,F,B-,Faisalabad,31.446083046348452,73.11406963495087,1,3,75,SMS,Healthy,0.475
DNR_06047,21,M,B-,Multan,30.094388136580914,71.54819678167684,0,5,18,App,Healthy,0.95
DNR_06048,18,M,O+,Lahore,31.52538913829942,74.35960750270164,1,4,100,App,Healthy,0.5
DNR_06049,27,M,A+,Quetta,30.11773458920913,66.97285662980751,0,1,96,SMS,Minor issues,0.16999999999999998
DNR_06050,18,M,B+,Islamabad,33.6969390910208,72.99374263609634,1,3,57,App,Unhealthy,0.5650000000000001
DNR_06051,38,F,B+,Multan,30.14169866811531,71.58656353987628,0,2,38,App,Healthy,0.71
DNR_06052,29,M,A+,Multan,30.22884620581123,71.60355664863143,0,1,83,SMS,Healthy,0.33499999999999996
DNR_06053,19,F,A+,Islamabad,33.743663096614426,73.05719575661614,1,5,18,App,Minor issues,0.86
DNR_06054,18,F,B+,Lahore,31.510834625488897,74.41877363541805,1,1,94,App,Minor issues,0.28
DNR_06055,47,M,B+,Karachi,24.888480170845224,66.9574971904329,1,1,65,SMS,Healthy,0.42499999999999993
DNR_06056,28,M,A+,Karachi,24.896313163666516,67.03481115429459,1,3,94,App,Minor issues,0.38
DNR_06057,31,F,O+,Peshawar,33.9889385225986,71.51080824168162,0,2,60,Phone,Minor issues,0.4
DNR_06058,37,M,B+,Islamabad,33.612547702276395,72.99112357371823,1,8,11,App,Healthy,0.95
DNR_06059,43,M,O+,Quetta,30.175075349850417,67.05082113184348,0,3,69,SMS,Healthy,0.505
DNR_06060,30,M,O-,Faisalabad,31.378672996286305,73.06515300739906,1,1,91,App,Healthy,0.3949999999999999
DNR_06061,28,M,AB-,Karachi,24.822471338371518,66.930169842869,1,2,94,SMS,Minor issues,0.23
DNR_06062,47,M,O+,Quetta,30.123938971371697,66.92669768144886,0,5,12,SMS,Healthy,0.89
DNR_06063,30,M,O+,Quetta,30.126585365549875,66.95308086534715,0,3,16,App,Healthy,0.87
DNR_06064,45,M,O-,Multan,30.196380434147482,71.51691708128602,0,4,45,SMS,Healthy,0.6749999999999999
DNR_06065,50,M,O+,Karachi,24.7917822158954,66.98029620426404,1,0,382,SMS,Healthy,0.05
DNR_06066,36,F,O+,Lahore,31.525859252847862,74.35149836796303,1,0,400,Phone,Healthy,0.05
DNR_06067,46,M,B+,Quetta,30.235451821626402,67.01386318612826,0,0,198,SMS,Healthy,0.05
DNR_06068,40,M,AB+,Faisalabad,31.424908704237502,73.12731646283274,1,0,384,Phone,Minor issues,0.05
DNR_06069,20,M,A+,Islamabad,33.614145093323515,73.10241803081338,1,0,261,Phone,Healthy,0.05
DNR_06070,37,M,B+,Multan,30.154221513719587,71.48645415828649,0,1,11,App,Minor issues,0.695
DNR_06071,18,M,B+,Lahore,31.51153734407627,74.32007864825484,1,1,100,App,Healthy,0.35
DNR_06072,47,F,O+,Faisalabad,31.37765013360297,73.15657197011491,1,4,56,Phone,Minor issues,0.52
DNR_06073,38,F,B+,Lahore,31.61060080807224,74.35623223634259,1,2,80,App,Minor issues,0.3999999999999999
DNR_06074,25,M,B+,Karachi,24.834291489511383,67.0543294250811,1,1,39,App,Healthy,0.6549999999999999
DNR_06075,24,M,B+,Faisalabad,31.360552840723045,73.03847838695724,1,14,62,App,Healthy,0.95
DNR_06076,43,F,A+,Multan,30.210760932641527,71.46375132495966,0,1,42,SMS,Healthy,0.54
DNR_06077,50,F,O+,Faisalabad,31.343651740764322,73.05492228563509,1,13,29,SMS,Minor issues,0.95
DNR_06078,40,M,O+,Peshawar,34.071032157970514,71.55471796583505,0,2,94,SMS,Minor issues,0.23
DNR_06079,30,M,B+,Lahore,31.556302812081555,74.39349687210688,1,5,15,Phone,Healthy,0.875
DNR_06080,39,M,B-,Karachi,24.85666101577749,67.04777963195066,1,2,103,App,Healthy,0.385
DNR_06081,26,M,A+,Faisalabad,31.357683056753224,73.00188045693443,1,2,39,App,Minor issues,0.605
DNR_06082,28,M,B+,Karachi,24.837339281485402,66.99870575806288,1,2,98,SMS,Healthy,0.31
DNR_06083,23,F,A+,Islamabad,33.740345923848736,73.06247562559092,1,4,95,Phone,Healthy,0.42500000000000004
DNR_06084,27,F,O+,Islamabad,33.67383807181218,73.00106160029448,1,8,114,App,Healthy,0.63
DNR_06085,40,M,O+,Faisalabad,31.45721768164752,73.05872535549777,1,1,63,SMS,Healthy,0.43499999999999994
DNR_06086,39,M,A+,Peshawar,34.02511138841764,71.52930902735812,0,4,50,Phone,Healthy,0.65
DNR_06087,42,M,O+,Quetta,30.25144321926637,66.9732443806601,0,5,95,App,Unhealthy,0.475
DNR_06088,18,M,A+,Multan,30.235626829910622,71.49713436642774,0,3,109,SMS,Healthy,0.30499999999999994
DNR_06089,18,M,O+,Faisalabad,31.380489520386327,73.10873647035785,1,4,62,Phone,Minor issues,0.49
DNR_06090,34,M,O+,Quetta,30.136708244073766,67.04689196536218,0,3,30,App,Healthy,0.7999999999999999
DNR_06091,54,F,B+,Faisalabad,31.439290416417762,73.06813268222021,1,1,64,SMS,Healthy,0.42999999999999994
DNR_06092,39,F,A+,Multan,30.204290372142115,71.47052279186333,0,4,46,App,Healthy,0.77
DNR_06093,28,M,A-,Multan,30.11190333540737,71.48480139786496,0,0,211,App,Healthy,0.05
DNR_06094,38,M,O+,Karachi,24.792711342273286,66.97621331541477,1,0,284,Phone,Healthy,0.05
DNR_06095,36,F,A+,Faisalabad,31.404248694806498,73.00956072615224,1,1,31,App,Healthy,0.695
DNR_06096,42,F,O+,Quetta,30.171037473732202,66.93585415656716,0,4,44,Phone,Healthy,0.68
DNR_06097,39,M,O-,Multan,30.209470649914945,71.49667967301815,0,4,101,App,Healthy,0.495
DNR_06098,33,M,B-,Quetta,30.110073768486867,66.91063407156281,0,2,115,Phone,Unhealthy,0.12500000000000003
DNR_06099,19,M,B+,Peshawar,34.01074699239384,71.61668443968158,0,1,37,App,Healthy,0.6649999999999999
DNR_06100,51,M,AB-,Peshawar,33.94225558534214,71.54821411007286,0,8,37,App,Healthy,0.95
DNR_06101,28,F,B+,Multan,30.137263573291268,71.51427107206557,0,2,65,Phone,Healthy,0.475
DNR_06102,42,M,B-,Karachi,24.900868883740753,67.02845894933921,1,1,48,SMS,Healthy,0.51
DNR_06103,18,M,O-,Peshawar,34.00976614618924,71.54246845137176,0,0,284,SMS,Healthy,0.05
DNR_06104,44,M,AB-,Quetta,30.23331980114176,66.90751079352128,0,1,58,App,Minor issues,0.45999999999999996
DNR_06105,32,M,A+,Peshawar,33.956391430810825,71.52477267502483,0,13,70,App,Healthy,0.95
DNR_06106,29,F,B+,Karachi,24.817373419479473,67.04529699299108,1,2,75,App,Healthy,0.5249999999999999
DNR_06107,18,M,A+,Lahore,31.48264522094946,74.30939654275188,1,1,112,App,Healthy,0.2899999999999999
DNR_06108,49,M,B+,Multan,30.233319756277943,71.53369729367482,0,12,36,App,Healthy,0.95
DNR_06109,33,M,A-,Multan,30.179203785046795,71.57447296096753,0,6,17,App,Healthy,0.95
DNR_06110,23,F,O+,Karachi,24.886165958809425,66.95076450257902,1,3,29,App,Minor issues,0.705
DNR_06111,26,F,B+,Karachi,24.844304040726048,66.9312535456277,1,1,95,Phone,Healthy,0.275
DNR_06112,19,M,O+,Peshawar,34.01076973886398,71.58387663704762,0,1,82,App,Minor issues,0.33999999999999997
DNR_06113,21,M,O+,Quetta,30.175332306623297,66.96118196834725,0,3,60,App,Unhealthy,0.55
DNR_06114,26,F,O+,Peshawar,33.93984513073943,71.59452562509546,0,5,72,App,Healthy,0.69
DNR_06115,32,M,B+,Lahore,31.540776727640132,74.36499253881144,1,4,32,SMS,Healthy,0.7399999999999999
DNR_06116,20,M,B+,Multan,30.236786449024514,71.56923504051704,0,2,98,SMS,Minor issues,0.21
DNR_06117,33,F,O-,Faisalabad,31.353424932567947,73.06721179348489,1,2,33,App,Unhealthy,0.6349999999999999
DNR_06118,26,M,A+,Lahore,31.552353234874158,74.28738315716143,1,2,113,SMS,Healthy,0.23500000000000004
DNR_06119,35,F,A+,Karachi,24.862568713395984,66.93696127026058,1,0,262,App,Healthy,0.05
DNR_06120,36,F,B+,Faisalabad,31.462982210102613,73.02458655775928,1,5,93,Phone,Minor issues,0.38499999999999995
DNR_06121,38,F,A+,Quetta,30.208467584152228,66.93971014426435,0,1,45,App,Healthy,0.625
DNR_06122,45,M,B-,Multan,30.236752575636952,71.4857517233072,0,0,169,SMS,Healthy,0.05
DNR_06123,21,M,O-,Karachi,24.847872557268335,66.96669491222917,1,11,45,Phone,Healthy,0.95
DNR_06124,42,M,B+,Quetta,30.18692614136522,67.05102569050331,0,3,61,App,Minor issues,0.545
DNR_06125,30,M,O+,Lahore,31.54203634765052,74.41861790095237,1,5,48,SMS,Healthy,0.71
DNR_06126,27,M,B+,Faisalabad,31.44785350171545,73.1015995292023,1,4,99,App,Minor issues,0.405
DNR_06127,18,F,B+,Peshawar,33.99255740257812,71.57642282926057,0,2,80,Phone,Healthy,0.3999999999999999
DNR_06128,23,M,B+,Peshawar,34.0770338957491,71.56524657408177,0,1,68,App,Healthy,0.5099999999999999
DNR_06129,26,F,A+,Quetta,30.16643772318489,66.90869963396334,0,3,19,SMS,Minor issues,0.655
DNR_06130,29,F,O+,Lahore,31.54905475574636,74.34753288655541,1,0,237,App,Healthy,0.05
DNR_06131,18,M,A+,Islamabad,33.67063976120199,73.05361569081897,1,6,80,Phone,Healthy,0.6
DNR_06132,42,F,A+,Multan,30.16411227926752,71.5353913567352,0,6,73,App,Healthy,0.735
DNR_06133,35,M,A+,Quetta,30.14251663585233,66.89569545886803,0,3,30,App,Healthy,0.7999999999999999
DNR_06134,36,M,A-,Multan,30.154202213063254,71.52762577425607,0,3,61,App,Healthy,0.645
DNR_06135,41,M,A+,Peshawar,34.08110218095537,71.62194383085779,0,3,94,SMS,Minor issues,0.28
DNR_06136,42,F,A-,Multan,30.171755999674502,71.44530863540506,0,5,75,App,Minor issues,0.575
DNR_06137,34,F,B+,Faisalabad,31.416535479611706,73.01350432980672,1,0,335,Phone,Healthy,0.05
DNR_06138,29,M,A+,Faisalabad,31.398051634691743,73.05014344947169,1,0,290,Phone,Healthy,0.05
DNR_06139,33,M,B+,Faisalabad,31.43297393782439,73.14597066671925,1,3,64,Phone,Healthy,0.53
DNR_06140,44,M,B+,Multan,30.110559974525472,71.45771243590703,0,0,341,SMS,Healthy,0.05
DNR_06141,25,M,O+,Lahore,31.563788461745897,74.29265773324843,1,4,7,SMS,Minor issues,0.7649999999999999
DNR_06142,32,F,O+,Quetta,30.15089490808818,66.94320489945581,0,8,47,App,Healthy,0.95
DNR_06143,45,M,A+,Peshawar,34.080053996642,71.57976557978348,0,2,48,App,Healthy,0.6599999999999999
DNR_06144,38,F,O+,Islamabad,33.6583814305195,73.01822731113296,1,5,93,App,Minor issues,0.485
DNR_06145,47,M,A+,Faisalabad,31.346126937833123,73.06385626350239,1,9,93,Phone,Healthy,0.6849999999999999
DNR_06146,59,F,A+,Quetta,30.255605473094086,67.00284736020743,0,9,21,SMS,Healthy,0.95
DNR_06147,25,M,B+,Karachi,24.909420974556106,66.94742381235751,1,3,103,App,Healthy,0.43499999999999994
DNR_06148,31,M,B+,Peshawar,34.01664245853975,71.54743627740493,0,1,46,App,Healthy,0.62
DNR_06149,51,M,A+,Faisalabad,31.410247980032135,73.07240731431531,1,2,33,App,Healthy,0.7349999999999999
DNR_06150,29,F,B+,Quetta,30.130286057124522,67.01897151231708,0,1,60,SMS,Healthy,0.44999999999999996
DNR_06151,23,M,O+,Lahore,31.494884207931605,74.364343562353,1,1,78,App,Healthy,0.45999999999999996
DNR_06152,35,M,B+,Quetta,30.10782864139883,67.00767267797158,0,2,24,SMS,Healthy,0.6799999999999999
DNR_06153,48,F,A+,Multan,30.12873554172221,71.53385588163876,0,4,117,App,Healthy,0.41500000000000004
DNR_06154,23,M,O+,Karachi,24.930728350717793,67.0053308431207,1,4,97,App,Unhealthy,0.41500000000000004
DNR_06155,18,M,O+,Faisalabad,31.42820093665103,73.03768138306926,1,3,38,SMS,Healthy,0.66
DNR_06156,21,M,O+,Lahore,31.566872396431314,74.40426781761886,1,4,22,App,Healthy,0.8899999999999999
DNR_06157,21,M,A+,Islamabad,33.7142411824266,72.98146266235241,1,6,15,App,Minor issues,0.925
DNR_06158,26,M,B-,Islamabad,33.69985073632068,73.11505126280895,1,5,91,SMS,Healthy,0.495
DNR_06159,43,M,B+,Quetta,30.18892246881141,66.91597919814411,0,2,111,SMS,Minor issues,0.14499999999999993
DNR_06160,33,M,B+,Lahore,31.607862940176584,74.41963302144775,1,4,93,Phone,Healthy,0.43499999999999994
DNR_06161,50,M,O+,Multan,30.085916974884054,71.4607469763233,0,2,99,App,Unhealthy,0.305
DNR_06162,35,M,B+,Quetta,30.228526795411124,67.00002844297074,0,3,72,Phone,Healthy,0.49
DNR_06163,41,M,A+,Multan,30.17373633668784,71.52161040084138,0,5,22,Phone,Healthy,0.84
DNR_06164,26,M,B+,Quetta,30.193019363667734,66.91392319894916,0,1,111,App,Minor issues,0.19499999999999995
DNR_06165,28,M,A+,Islamabad,33.75201304755596,73.0539949012099,1,7,11,App,Healthy,0.95
DNR_06166,32,M,A+,Islamabad,33.688931514809425,73.02823083419854,1,4,88,App,Minor issues,0.45999999999999996
DNR_06167,38,M,B+,Islamabad,33.66658446420059,73.04580470036213,1,7,19,Phone,Healthy,0.95
DNR_06168,49,F,B+,Faisalabad,31.400535687211182,73.13855812464732,1,4,44,SMS,Unhealthy,0.5800000000000001
DNR_06169,40,M,B+,Quetta,30.257704276793145,66.94252288594508,0,2,35,App,Minor issues,0.625
DNR_06170,34,M,O+,Peshawar,34.03471577082313,71.59808476382844,0,5,69,App,Healthy,0.705
DNR_06171,25,F,A+,Islamabad,33.61292738553611,72.98993316016471,1,5,18,App,Healthy,0.95
DNR_06172,18,M,B+,Lahore,31.47944598002621,74.31704733625953,1,6,109,App,Healthy,0.5549999999999999
DNR_06173,39,M,A+,Peshawar,34.00801982440663,71.65732283293053,0,1,109,App,Minor issues,0.20499999999999996
DNR_06174,18,F,O+,Karachi,24.781866580008547,66.99291343978183,1,8,53,Phone,Healthy,0.835
DNR_06175,40,M,B+,Karachi,24.932642511318125,67.01858980008272,1,2,21,App,Healthy,0.7949999999999999
DNR_06176,30,M,AB-,Multan,30.15434940154439,71.44496791101771,0,2,88,SMS,Healthy,0.36
DNR_06177,38,F,B+,Karachi,24.880553563565606,67.05518621049244,1,4,90,App,Healthy,0.5499999999999999
DNR_06178,32,M,O+,Islamabad,33.738403806843706,73.11675263681003,1,4,12,App,Minor issues,0.84
DNR_06179,28,F,B+,Faisalabad,31.401106181400383,73.03827246114253,1,2,30,App,Healthy,0.7499999999999999
DNR_06180,18,F,B+,Quetta,30.164813036020263,67.01197895698505,0,5,18,App,Healthy,0.95
DNR_06181,22,F,A-,Karachi,24.8169340554781,67.01097340735474,1,2,18,App,Healthy,0.8099999999999999
DNR_06182,25,M,B+,Lahore,31.588775612782687,74.32921193481663,1,4,109,App,Healthy,0.45499999999999996
DNR_06183,47,M,A+,Peshawar,33.97545834470081,71.56394110890182,0,6,98,App,Healthy,0.61
DNR_06184,41,F,O+,Quetta,30.135799664538084,66.94251089724186,0,5,53,App,Minor issues,0.6849999999999999
DNR_06185,54,F,A+,Faisalabad,31.391837540492133,73.01560965587133,1,1,73,App,Healthy,0.485
DNR_06186,21,M,B+,Lahore,31.474724690446667,74.27580108473376,1,8,54,App,Healthy,0.9299999999999999
DNR_06187,29,M,B+,Lahore,31.495863210311693,74.26506428575172,1,1,29,Phone,Minor issues,0.505
DNR_06188,41,M,A+,Lahore,31.60705874937215,74.31501530874476,1,2,62,SMS,Healthy,0.49
DNR_06189,38,M,B+,Peshawar,33.94130859498781,71.64888190326647,0,2,62,App,Healthy,0.59
DNR_06190,24,M,O-,Karachi,24.90968349678572,66.92343293884943,1,2,64,SMS,Healthy,0.48
DNR_06191,33,M,B-,Multan,30.12020255886935,71.57314377911734,0,3,106,App,Healthy,0.41999999999999993
DNR_06192,23,M,B+,Faisalabad,31.41485997897275,73.1293675937619,1,1,107,App,Minor issues,0.21499999999999997
DNR_06193,19,F,O-,Faisalabad,31.390596105856762,73.14928351297549,1,5,55,App,Healthy,0.7749999999999999
DNR_06194,44,M,AB+,Karachi,24.831977176675498,66.98409811597246,1,2,53,SMS,Healthy,0.5349999999999999
DNR_06195,44,M,B+,Faisalabad,31.479477367371658,73.13369723452492,1,1,68,SMS,Minor issues,0.30999999999999994
DNR_06196,44,F,A+,Karachi,24.78292236897207,66.93355010916547,1,1,51,SMS,Healthy,0.495
DNR_06197,23,M,A+,Quetta,30.201950494346548,66.95397630193995,0,3,83,Phone,Healthy,0.43500000000000005
DNR_06198,34,M,O+,Quetta,30.157720625545313,66.96371812671157,0,1,60,App,Minor issues,0.44999999999999996
DNR_06199,28,M,A+,Faisalabad,31.424662890053327,73.11708838016847,1,8,77,App,Minor issues,0.715
DNR_06200,39,M,A+,Quetta,30.11198017801367,66.99131886356287,0,5,49,App,Healthy,0.8049999999999999
DNR_06201,39,F,B+,Lahore,31.565958421080737,74.40641795060644,1,4,9,SMS,Healthy,0.8549999999999999
DNR_06202,27,F,A+,Lahore,31.511643845540945,74.2924268510614,1,5,52,App,Minor issues,0.69
DNR_06203,36,M,A-,Lahore,31.607859820345446,74.39257657960408,1,3,19,SMS,Healthy,0.755
DNR_06204,31,M,B+,Peshawar,34.06014734024686,71.66035939205501,0,3,28,App,Minor issues,0.71
DNR_06205,37,M,A+,Faisalabad,31.46035168249287,73.12303897419378,1,0,235,SMS,Healthy,0.05
DNR_06206,30,M,O+,Karachi,24.783652988593943,67.03290843815438,1,10,8,SMS,Healthy,0.95
DNR_06207,42,M,B-,Karachi,24.83114287415605,66.96420960938651,1,1,62,SMS,Healthy,0.43999999999999995
DNR_06208,31,F,O+,Karachi,24.881073458438735,66.9900211346014,1,4,58,App,Healthy,0.71
DNR_06209,46,M,B-,Faisalabad,31.408340657419604,73.05161136331367,1,1,90,SMS,Healthy,0.29999999999999993
DNR_06210,57,F,O+,Islamabad,33.64086405573597,73.09011160602084,1,3,92,SMS,Healthy,0.39
DNR_06211,27,F,O+,Faisalabad,31.448072862291834,73.03976804131598,1,7,69,SMS,Healthy,0.705
DNR_06212,31,M,B+,Lahore,31.50341269834932,74.35559855608334,1,5,40,SMS,Healthy,0.7499999999999999
DNR_06213,46,F,O+,Quetta,30.240682532420127,66.9497631808335,0,2,25,SMS,Healthy,0.6749999999999999
DNR_06214,51,M,O+,Karachi,24.897681675343,67.0222920359244,1,3,88,App,Healthy,0.51
DNR_06215,42,F,A+,Lahore,31.61267701994279,74.37261705666101,1,3,9,Phone,Healthy,0.8049999999999999
DNR_06216,19,F,B+,Islamabad,33.66561184208268,72.99152693534865,1,5,62,Phone,Healthy,0.64
DNR_06217,31,M,A+,Islamabad,33.75225804324457,73.05531845332555,1,2,92,App,Healthy,0.43999999999999995
DNR_06218,50,M,O-,Peshawar,33.98128564144078,71.51196242502867,0,5,113,App,Healthy,0.485
DNR_06219,25,M,B+,Peshawar,34.006187185701066,71.57088254920335,0,1,27,SMS,Healthy,0.615
DNR_06220,31,F,A+,Peshawar,34.07043709226354,71.55491690860069,0,3,86,Phone,Healthy,0.42000000000000004
DNR_06221,23,M,AB-,Lahore,31.471638738443993,74.40023025864504,1,8,12,SMS,Healthy,0.95
DNR_06222,41,M,B+,Faisalabad,31.475153135260193,73.10796624040917,1,3,86,App,Healthy,0.52
DNR_06223,24,M,A+,Multan,30.14964198321543,71.49167325527844,0,4,31,SMS,Healthy,0.745
DNR_06224,35,F,O+,Islamabad,33.6792412871403,73.11125327769422,1,1,119,SMS,Healthy,0.15500000000000003
DNR_06225,41,F,B+,Peshawar,33.99206895651866,71.57281980421845,0,4,72,SMS,Healthy,0.54
DNR_06226,20,M,A+,Peshawar,33.94052901206689,71.55512421999701,0,2,72,Phone,Healthy,0.43999999999999995
DNR_06227,28,F,AB+,Islamabad,33.75019370742678,73.10976702545013,1,5,36,App,Minor issues,0.7699999999999999
DNR_06228,53,F,O+,Karachi,24.927835085502824,66.96132331295014,1,2,26,SMS,Minor issues,0.57
DNR_06229,18,F,O+,Lahore,31.596808210629703,74.39555102440846,1,6,119,App,Healthy,0.505
DNR_06230,18,F,O+,Quetta,30.112713049350887,66.9816271515521,0,0,210,SMS,Healthy,0.05
DNR_06231,23,M,A+,Karachi,24.901870353171308,66.99922756050799,1,0,167,App,Minor issues,0.05
DNR_06232,35,M,A+,Multan,30.206374793803928,71.48532794815041,0,1,58,App,Healthy,0.5599999999999999
DNR_06233,45,M,B+,Multan,30.183465959334725,71.48883387971331,0,7,86,SMS,Healthy,0.62
DNR_06234,24,M,O+,Multan,30.14837481777865,71.51214800391992,0,2,69,SMS,Healthy,0.45499999999999996
DNR_06235,25,M,A+,Karachi,24.890250773979535,67.06430696563943,1,7,13,SMS,Healthy,0.95
DNR_06236,18,F,O+,Karachi,24.88238626530861,67.0050826300397,1,1,44,App,Healthy,0.63
DNR_06237,26,M,O+,Peshawar,34.08776078878915,71.54773298438724,0,2,92,Phone,Healthy,0.33999999999999997
DNR_06238,46,F,B+,Quetta,30.251704158637146,66.9829743818972,0,2,69,SMS,Healthy,0.45499999999999996
DNR_06239,33,M,O+,Peshawar,33.998651468146726,71.5229472012666,0,2,15,Phone,Healthy,0.725
DNR_06240,19,M,A-,Faisalabad,31.413871312756157,73.00520188052747,1,4,81,SMS,Unhealthy,0.39499999999999996
DNR_06241,38,M,B+,Quetta,30.178431021866665,66.9675005644898,0,1,11,App,Healthy,0.7949999999999999
DNR_06242,60,M,A+,Karachi,24.786996798062283,66.99456106786839,1,3,65,App,Healthy,0.625
DNR_06243,43,F,O+,Multan,30.228543368377334,71.53019018130301,0,8,64,App,Healthy,0.8799999999999999
DNR_06244,39,M,O+,Karachi,24.903483338297256,66.96452780526273,1,2,8,App,Healthy,0.8599999999999999
DNR_06245,18,M,A+,Multan,30.150226851411276,71.50324563547356,0,4,62,App,Healthy,0.69
DNR_06246,33,M,O-,Quetta,30.201116890226686,67.01505709496487,0,0,310,App,Healthy,0.05
DNR_06247,22,F,A+,Peshawar,33.938316697857786,71.59379734058494,0,9,25,Phone,Minor issues,0.925
DNR_06248,47,M,A+,Faisalabad,31.48865151033769,73.08378059096617,1,4,65,SMS,Healthy,0.575
DNR_06249,34,M,B-,Lahore,31.470413426219242,74.31413062777449,1,3,72,App,Healthy,0.59
DNR_06250,35,M,O+,Lahore,31.556831138055443,74.26776648362579,1,2,119,App,Healthy,0.30500000000000005
DNR_06251,27,M,O+,Karachi,24.855677873980422,66.97510821597801,1,8,114,App,Unhealthy,0.53
DNR_06252,45,M,O+,Multan,30.123998275744796,71.55872735263033,0,7,59,SMS,Healthy,0.755
DNR_06253,42,F,O+,Lahore,31.600675600649197,74.39483120783115,1,0,237,App,Healthy,0.05
DNR_06254,52,M,O+,Faisalabad,31.352357017844557,73.12734121589402,1,1,94,SMS,Healthy,0.28
DNR_06255,44,M,B+,Lahore,31.556753240259496,74.4087011813318,1,3,93,SMS,Minor issues,0.285
DNR_06256,37,F,A+,Islamabad,33.73459047813089,73.12614641422955,1,1,101,SMS,Unhealthy,0.14499999999999996
DNR_06257,36,M,AB-,Multan,30.094670287568885,71.56838362489621,0,1,85,App,Healthy,0.42499999999999993
DNR_06258,30,M,O+,Multan,30.234551655433844,71.5539269408571,0,2,56,Phone,Healthy,0.5199999999999999
DNR_06259,48,F,O-,Karachi,24.893078861194457,67.00374517439091,1,4,18,App,Healthy,0.9099999999999999
DNR_06260,24,M,B+,Karachi,24.920232300774906,67.080978432054,1,5,91,Phone,Minor issues,0.39499999999999996
DNR_06261,30,F,B-,Lahore,31.547139069988702,74.39609971825296,1,0,171,App,Minor issues,0.05
DNR_06262,31,M,O+,Quetta,30.18526105314541,66.97915673094364,0,1,117,SMS,Minor issues,0.06500000000000002
DNR_06263,29,M,B+,Multan,30.153125486238444,71.4825366929411,0,2,35,SMS,Healthy,0.625
DNR_06264,28,F,A+,Quetta,30.201527451642292,66.9416912281239,0,2,70,SMS,Healthy,0.44999999999999996
DNR_06265,45,M,O+,Quetta,30.193070648520706,66.98614270286569,0,5,76,App,Healthy,0.6699999999999999
DNR_06266,18,F,A+,Faisalabad,31.429606616227538,73.0132499655104,1,4,46,SMS,Healthy,0.67
DNR_06267,18,M,B+,Lahore,31.573830145608373,74.3686539451604,1,4,106,SMS,Unhealthy,0.26999999999999996
DNR_06268,30,F,O+,Islamabad,33.702805551139036,73.08189728375254,1,2,13,SMS,Healthy,0.7349999999999999
DNR_06269,38,F,A+,Faisalabad,31.44106139230203,73.121921414587,1,1,35,SMS,Healthy,0.575
DNR_06270,35,M,O-,Lahore,31.547726255262955,74.34220938447827,1,2,9,App,Healthy,0.8549999999999999
DNR_06271,31,M,A+,Karachi,24.93502017760568,67.01848263127405,1,3,74,SMS,Healthy,0.48
DNR_06272,23,F,A+,Multan,30.20194398821011,71.56866998936083,0,3,60,Phone,Healthy,0.55
DNR_06273,40,M,O+,Faisalabad,31.4473577301172,73.14448637507142,1,1,46,Phone,Minor issues,0.42
DNR_06274,31,F,B+,Peshawar,33.98634607758479,71.61179450288914,0,1,72,SMS,Healthy,0.39
DNR_06275,27,M,O+,Faisalabad,31.49326086798921,73.09121005989927,1,3,41,SMS,Healthy,0.645
DNR_06276,39,M,AB-,Lahore,31.600207968148503,74.29637323294568,1,1,43,App,Healthy,0.635
DNR_06277,30,M,B+,Karachi,24.860503906015072,67.0195865815985,1,6,38,SMS,Minor issues,0.71
DNR_06278,25,F,O-,Islamabad,33.71660511586736,72.98295535090426,1,2,53,App,Healthy,0.6349999999999999
DNR_06279,21,M,B+,Karachi,24.827136866809624,66.92439449846414,1,2,105,SMS,Healthy,0.27499999999999997
DNR_06280,33,M,B+,Lahore,31.532234295950257,74.30140110088512,1,4,66,SMS,Healthy,0.57
DNR_06281,34,M,B+,Peshawar,34.02839218121593,71.55419588625938,0,3,36,SMS,Healthy,0.67
DNR_06282,42,M,O+,Multan,30.1332518997965,71.52909416164115,0,5,49,SMS,Healthy,0.705
DNR_06283,40,M,O+,Quetta,30.237648201900317,66.92495930950358,0,9,112,Phone,Healthy,0.59
DNR_06284,21,M,O+,Faisalabad,31.412394345752418,73.15634854278854,1,4,91,Phone,Healthy,0.44499999999999995
DNR_06285,26,M,O+,Faisalabad,31.476741751602034,73.03946955149321,1,9,16,App,Healthy,0.95
DNR_06286,28,F,B+,Islamabad,33.625049171237166,73.0320496668396,1,1,51,SMS,Minor issues,0.39499999999999996
DNR_06287,40,M,B+,Islamabad,33.699234920380086,72.9785449562033,1,4,50,Phone,Healthy,0.65
DNR_06288,21,M,B+,Lahore,31.570337281600683,74.31113152528727,1,3,9,App,Healthy,0.9049999999999999
DNR_06289,26,M,B+,Multan,30.17759858014942,71.50161153164575,0,2,50,SMS,Healthy,0.5499999999999999
DNR_06290,18,F,O+,Islamabad,33.681951383275965,73.0350211055665,1,6,74,SMS,Unhealthy,0.53
DNR_06291,36,M,B+,Karachi,24.799730925248625,66.99408193745101,1,3,73,App,Healthy,0.585
DNR_06292,44,M,B+,Lahore,31.556205323858812,74.3655528924433,1,4,94,App,Healthy,0.53
DNR_06293,33,F,O+,Islamabad,33.756955652622544,73.08901259524951,1,3,65,App,Healthy,0.625
DNR_06294,23,M,B+,Karachi,24.909808113346482,66.97057462690816,1,3,34,SMS,Minor issues,0.58
DNR_06295,19,M,A+,Islamabad,33.64632762982691,72.98441224809257,1,1,32,App,Healthy,0.69
DNR_06296,39,F,A+,Karachi,24.904840110567186,67.05939894092367,1,3,48,SMS,Healthy,0.61
DNR_06297,37,M,A+,Karachi,24.861731161331367,67.0254639746133,1,6,21,SMS,Minor issues,0.795
DNR_06298,29,F,O+,Islamabad,33.7180049521067,73.07577209522611,1,6,23,App,Unhealthy,0.885
DNR_06299,20,M,B+,Lahore,31.58126921041621,74.40992445731364,1,2,104,Phone,Unhealthy,0.17999999999999997
DNR_06300,42,M,B+,Islamabad,33.605119158450435,73.06240297605528,1,4,31,App,Minor issues,0.745
DNR_06301,29,F,O+,Quetta,30.102041459980185,66.9791857385659,0,6,95,SMS,Minor issues,0.42500000000000004
DNR_06302,48,F,O+,Faisalabad,31.43321620361045,73.02469585591146,1,1,96,Phone,Minor issues,0.16999999999999998
DNR_06303,28,M,O+,Quetta,30.198635084156805,66.95724981585239,0,4,83,App,Healthy,0.585
DNR_06304,30,M,O+,Lahore,31.537025103583133,74.31511235595553,1,2,97,SMS,Healthy,0.315
DNR_06305,48,F,A+,Peshawar,33.937280864630694,71.52747604684592,0,1,77,App,Healthy,0.46499999999999997
DNR_06306,59,M,B+,Quetta,30.257807645622943,66.98370777131097,0,3,107,App,Healthy,0.4149999999999999
DNR_06307,38,M,B+,Multan,30.200444833697926,71.52673321000756,0,4,36,Phone,Minor issues,0.62
DNR_06308,24,M,O+,Karachi,24.86679271425459,67.00848474365719,1,1,114,App,Healthy,0.28
DNR_06309,43,M,B+,Quetta,30.204703513010756,66.99533728617976,0,3,103,SMS,Minor issues,0.235
DNR_06310,44,M,A+,Lahore,31.627307376407032,74.35038292758765,1,1,51,App,Healthy,0.595
DNR_06311,37,F,B+,Multan,30.217195845493798,71.53935079382346,0,2,35,App,Healthy,0.725
DNR_06312,33,M,A+,Lahore,31.525443521274592,74.42006013342954,1,2,28,App,Healthy,0.7599999999999999
DNR_06313,44,M,B+,Peshawar,34.05957571229811,71.6436629492365,0,1,80,App,Healthy,0.44999999999999996
DNR_06314,21,M,O+,Multan,30.172596384654348,71.58072144715966,0,1,42,App,Minor issues,0.54
DNR_06315,41,F,A+,Quetta,30.236115849110735,66.94401622484177,0,10,114,App,Healthy,0.73
DNR_06316,52,M,O-,Peshawar,34.06620559637619,71.57847242003068,0,2,56,SMS,Minor issues,0.41999999999999993
DNR_06317,34,F,A+,Islamabad,33.62692729269415,73.09171858557042,1,6,101,SMS,Healthy,0.495
DNR_06318,50,M,O+,Islamabad,33.67728628202108,73.12251806791843,1,3,19,SMS,Healthy,0.755
DNR_06319,27,F,A+,Islamabad,33.68690240423207,73.06533669640713,1,5,114,App,Healthy,0.48
DNR_06320,60,F,O+,Peshawar,34.08064324921976,71.57861995907507,0,1,31,App,Healthy,0.695
DNR_06321,29,M,A+,Lahore,31.58483200114392,74.35983222788481,1,3,82,SMS,Healthy,0.44000000000000006
DNR_06322,26,F,AB-,Islamabad,33.65683938043978,73.07328255471805,1,2,97,App,Healthy,0.41500000000000004
DNR_06323,57,F,O+,Peshawar,34.0441566738255,71.61085572540269,0,8,117,SMS,Healthy,0.515
DNR_06324,39,M,AB-,Karachi,24.879256129882815,66.94045835537099,1,5,37,SMS,Healthy,0.765
DNR_06325,36,M,B+,Islamabad,33.72258824587303,73.01117194999087,1,4,82,SMS,Healthy,0.49
DNR_06326,55,M,AB-,Faisalabad,31.48381053707583,73.08178162485379,1,2,45,App,Healthy,0.6749999999999999
DNR_06327,21,M,A+,Faisalabad,31.443085774881123,73.15706644690204,1,1,15,App,Minor issues,0.675
DNR_06328,35,F,B+,Multan,30.09035337158423,71.5894507913801,0,0,155,App,Minor issues,0.05
DNR_06329,43,M,O+,Faisalabad,31.40941815223874,73.10879803112371,1,2,85,SMS,Unhealthy,0.275
DNR_06330,33,F,A+,Islamabad,33.71599992666171,73.02767780803829,1,3,81,App,Minor issues,0.44499999999999995
DNR_06331,35,M,B+,Multan,30.20837218117689,71.56152705899866,0,2,36,SMS,Healthy,0.62
DNR_06332,18,M,O+,Multan,30.11127022430918,71.58205022939724,0,3,90,SMS,Healthy,0.4
DNR_06333,38,M,O+,Peshawar,34.060555530170795,71.60904143504759,0,3,97,SMS,Healthy,0.365
DNR_06334,42,M,B-,Karachi,24.92410394455299,66.99285560462968,1,2,71,SMS,Healthy,0.44499999999999995
DNR_06335,18,M,A+,Faisalabad,31.395526333104154,73.15298400491838,1,2,24,App,Healthy,0.7799999999999999
DNR_06336,30,F,B-,Peshawar,33.99681420951225,71.6529233161186,0,1,58,App,Healthy,0.5599999999999999
DNR_06337,18,F,AB-,Lahore,31.555555581287408,74.26833844998445,1,1,59,App,Healthy,0.5549999999999999
DNR_06338,29,M,AB+,Karachi,24.820675339492603,67.02365105907941,1,3,25,SMS,Minor issues,0.625
DNR_06339,32,M,A+,Karachi,24.923000306290255,66.94263834706015,1,1,34,SMS,Minor issues,0.4799999999999999
DNR_06340,34,F,O+,Karachi,24.856977254671612,66.97617908994756,1,2,89,App,Minor issues,0.355
DNR_06341,43,M,A-,Peshawar,34.08392185509354,71.636335719681,0,4,105,SMS,Minor issues,0.27499999999999997
DNR_06342,38,M,B-,Multan,30.158927701012637,71.53409180312607,0,2,107,App,Healthy,0.365
DNR_06343,21,F,B-,Karachi,24.842222432884423,67.07882181626289,1,2,21,SMS,Healthy,0.695
DNR_06344,21,M,B+,Multan,30.159124036399096,71.46275068419476,0,2,61,App,Minor issues,0.495
DNR_06345,41,M,O+,Islamabad,33.64680308325359,73.10366157599607,1,5,13,App,Healthy,0.95
DNR_06346,38,M,B+,Peshawar,34.03666956857047,71.6566242634162,0,5,16,App,Healthy,0.95
DNR_06347,46,M,B+,Islamabad,33.6542189179562,72.97353621440999,1,3,33,SMS,Healthy,0.6849999999999999
DNR_06348,31,F,B+,Faisalabad,31.43453723348321,73.0526781248197,1,6,22,App,Healthy,0.95
DNR_06349,29,M,O+,Karachi,24.81235176574566,67.02429009833439,1,3,89,SMS,Healthy,0.405
DNR_06350,43,F,B+,Peshawar,33.96116512558241,71.59247863283693,0,1,81,App,Healthy,0.44499999999999995
DNR_06351,28,F,A+,Lahore,31.515909752650927,74.36215979283777,1,4,28,Phone,Healthy,0.7599999999999999
DNR_06352,37,M,A-,Multan,30.215220590958527,71.55911253287023,0,2,50,App,Healthy,0.6499999999999999
DNR_06353,43,M,A+,Quetta,30.16044299828005,67.027771478014,0,2,19,App,Minor issues,0.705
DNR_06354,60,M,AB-,Peshawar,33.95089785575243,71.54182699873847,0,4,58,App,Healthy,0.71
DNR_06355,32,F,B+,Islamabad,33.63727903782044,73.0696384830782,1,1,46,App,Unhealthy,0.52
DNR_06356,18,F,B+,Peshawar,34.01590302040328,71.51353930448408,0,8,29,SMS,Healthy,0.95
DNR_06357,39,M,O+,Peshawar,33.99629589117423,71.65531304016969,0,6,58,SMS,Minor issues,0.6100000000000001
DNR_06358,29,M,A+,Peshawar,34.03392985989363,71.60201671209104,0,4,36,App,Healthy,0.82
DNR_06359,32,M,O+,Multan,30.083304895925753,71.57100011580908,0,3,29,App,Healthy,0.8049999999999999
DNR_06360,42,F,O+,Karachi,24.83998149976558,67.03260603872047,1,10,39,App,Healthy,0.95
DNR_06361,33,M,O+,Multan,30.22622071898221,71.5931299820614,0,1,106,Phone,Healthy,0.21999999999999997
DNR_06362,19,M,B+,Quetta,30.19024469817992,67.02939597021826,0,5,36,App,Healthy,0.8699999999999999
DNR_06363,29,M,B+,Karachi,24.819383449567585,67.0597912503358,1,6,110,App,Healthy,0.5499999999999999
DNR_06364,28,M,B+,Multan,30.12662788165702,71.47226788837501,0,2,46,App,Healthy,0.6699999999999999
DNR_06365,25,M,A+,Islamabad,33.636691317196416,73.09764506303046,1,4,55,App,Healthy,0.7249999999999999
DNR_06366,33,F,O+,Multan,30.211371205449034,71.45730972032197,0,8,98,App,Healthy,0.71
DNR_06367,18,M,B+,Lahore,31.593134093246057,74.31687083003841,1,2,112,SMS,Healthy,0.23999999999999994
DNR_06368,22,F,O+,Lahore,31.491107627458355,74.37573344938124,1,2,94,SMS,Healthy,0.33
DNR_06369,18,M,O+,Islamabad,33.68834615977241,72.97978276176985,1,0,312,Phone,Healthy,0.05
DNR_06370,39,F,O+,Multan,30.210366460438667,71.48870706573467,0,4,71,Phone,Healthy,0.545
DNR_06371,18,M,A+,Karachi,24.922551896938458,66.9811578426963,1,4,35,App,Unhealthy,0.725
DNR_06372,32,F,O+,Islamabad,33.70653081858066,73.06268693581187,1,0,251,App,Healthy,0.05
DNR_06373,23,M,AB+,Faisalabad,31.395597860957494,73.11462915319902,1,1,108,App,Healthy,0.30999999999999994
DNR_06374,34,M,A+,Multan,30.217098170632504,71.52087562090243,0,4,78,App,Healthy,0.61
DNR_06375,39,M,A+,Peshawar,34.054110598318914,71.60595726336479,0,3,74,App,Healthy,0.58
DNR_06376,20,M,O+,Karachi,24.912211436369923,67.0797707225392,1,9,22,SMS,Minor issues,0.94
DNR_06377,22,M,A+,Lahore,31.612353155707787,74.41201609683546,1,5,88,Phone,Healthy,0.51
DNR_06378,33,F,A+,Lahore,31.481997444297313,74.28214786156822,1,3,62,App,Healthy,0.64
DNR_06379,23,M,O+,Islamabad,33.70109048325443,73.04362333260035,1,4,44,App,Healthy,0.78
DNR_06380,18,F,O+,Islamabad,33.724721525781206,73.03491279111195,1,6,56,App,Healthy,0.82
DNR_06381,41,F,O-,Lahore,31.53399521708472,74.34505902201012,1,3,17,App,Unhealthy,0.765
DNR_06382,45,M,O+,Faisalabad,31.37158329965177,73.0893127692436,1,2,61,App,Healthy,0.595
DNR_06383,21,M,B+,Quetta,30.239676816684288,67.00965132398554,0,2,85,SMS,Healthy,0.375
DNR_06384,28,M,O-,Peshawar,34.05250209685499,71.5206237742973,0,3,89,App,Healthy,0.505
DNR_06385,26,M,O+,Multan,30.150452202420805,71.5903437152985,0,2,113,App,Healthy,0.3350000000000001
DNR_06386,28,M,B+,Islamabad,33.73860384096107,73.0234215940258,1,6,95,App,Healthy,0.625
DNR_06387,51,M,A+,Peshawar,34.03828412222591,71.55219195477355,0,4,37,SMS,Healthy,0.715
DNR_06388,50,F,A-,Faisalabad,31.359291123823887,73.03141289764552,1,2,68,SMS,Healthy,0.45999999999999996
DNR_06389,40,M,O+,Lahore,31.580132082491012,74.35546460865145,1,2,14,App,Healthy,0.83
DNR_06390,30,F,A+,Faisalabad,31.35411681668638,73.134739019306,1,3,93,SMS,Minor issues,0.285
DNR_06391,36,M,O+,Peshawar,34.06346630226482,71.63572105610517,0,1,12,App,Healthy,0.79
DNR_06392,40,F,O+,Karachi,24.844363294445053,66.94247223102536,1,13,98,Phone,Healthy,0.86
DNR_06393,48,M,O+,Quetta,30.221440713358657,66.93813104152915,0,3,87,SMS,Minor issues,0.315
DNR_06394,41,F,O+,Islamabad,33.62770282004028,73.08601895798995,1,4,60,Phone,Healthy,0.6
DNR_06395,22,M,O+,Karachi,24.904539627149653,66.9300161110104,1,1,67,App,Healthy,0.5149999999999999
DNR_06396,46,M,O+,Quetta,30.186931712030525,67.0025326134695,0,5,117,SMS,Healthy,0.365
DNR_06397,31,M,O+,Karachi,24.871447915620664,67.03536342121603,1,3,99,SMS,Minor issues,0.255
DNR_06398,32,M,O+,Lahore,31.488351871247552,74.41415697022043,1,5,70,SMS,Unhealthy,0.5
DNR_06399,37,F,O+,Islamabad,33.64836742988574,73.08554043746972,1,6,42,Phone,Healthy,0.79
DNR_06400,39,F,O+,Faisalabad,31.475667854542827,73.13801207510745,1,3,55,SMS,Unhealthy,0.475
DNR_06401,32,M,O-,Quetta,30.1880923354974,66.89504270868532,0,3,53,App,Healthy,0.6849999999999999
DNR_06402,41,M,A+,Quetta,30.160074839466514,66.9156176405968,0,8,82,App,Minor issues,0.6900000000000001
DNR_06403,33,F,B-,Quetta,30.167223489175868,66.97338130086169,0,2,105,App,Healthy,0.375
DNR_06404,22,F,A+,Quetta,30.151200184406818,66.99071483095706,0,4,48,App,Healthy,0.76
DNR_06405,22,M,B+,Quetta,30.216005131699138,66.92416876994515,0,1,92,Phone,Healthy,0.2899999999999999
DNR_06406,19,M,O-,Karachi,24.806296629578775,66.95087171300841,1,1,117,App,Healthy,0.265
DNR_06407,18,M,B+,Lahore,31.482934322305738,74.34361643173553,1,4,68,App,Healthy,0.6599999999999999
DNR_06408,44,F,O+,Lahore,31.474171672039965,74.2867276637141,1,6,76,App,Healthy,0.72
DNR_06409,43,F,A+,Faisalabad,31.468911702932694,73.00587870616609,1,2,32,SMS,Minor issues,0.5399999999999999
DNR_06410,24,F,O+,Islamabad,33.658543016248274,72.99356439412298,1,6,75,App,Healthy,0.725
DNR_06411,35,M,O+,Faisalabad,31.342205243018153,73.10555476558702,1,2,36,App,Healthy,0.72
DNR_06412,33,M,O+,Multan,30.18055813711697,71.45043689274733,0,5,56,App,Minor issues,0.6699999999999999
DNR_06413,18,M,O+,Peshawar,34.08771286184678,71.54503354252927,0,2,95,SMS,Healthy,0.325
DNR_06414,22,M,O+,Islamabad,33.74597421938083,73.10611370391165,1,2,119,SMS,Minor issues,0.10500000000000001
DNR_06415,32,M,B+,Peshawar,34.06104220583932,71.51324984327718,0,1,93,SMS,Healthy,0.2849999999999999
DNR_06416,40,F,AB+,Islamabad,33.70664123447487,73.01077475507293,1,7,65,App,Healthy,0.825
DNR_06417,43,M,B+,Islamabad,33.634026477176384,73.09727944520608,1,1,10,App,Healthy,0.7999999999999999
DNR_06418,49,M,O+,Multan,30.15462861538467,71.53442940037414,0,0,328,SMS,Healthy,0.05
DNR_06419,37,F,O+,Quetta,30.231928559706184,66.9580105026737,0,1,13,SMS,Healthy,0.6849999999999999
DNR_06420,34,M,B+,Multan,30.176663445351092,71.487920351586,0,5,104,SMS,Healthy,0.42999999999999994
DNR_06421,46,M,B+,Multan,30.17958400579823,71.50585832654401,0,0,247,Phone,Healthy,0.05
DNR_06422,26,M,A+,Quetta,30.205494167614788,67.01440477868641,0,2,35,SMS,Minor issues,0.525
DNR_06423,18,M,O+,Multan,30.18437858665799,71.4871690700201,0,4,58,App,Minor issues,0.61
DNR_06424,50,M,A+,Multan,30.217379587135262,71.5017138572441,0,1,78,SMS,Minor issues,0.25999999999999995
DNR_06425,43,M,A+,Karachi,24.84804094368976,67.02427648352074,1,0,186,App,Healthy,0.05
DNR_06426,27,M,A+,Peshawar,33.985092101774725,71.56486741507318,0,0,361,App,Healthy,0.05
DNR_06427,23,M,O+,Quetta,30.146049799540506,67.01750817695249,0,2,52,SMS,Healthy,0.5399999999999999
DNR_06428,32,F,O-,Karachi,24.896935043683655,66.95708737256554,1,2,16,App,Healthy,0.82
DNR_06429,29,F,A+,Islamabad,33.61378518845497,73.07442019370279,1,3,116,Phone,Healthy,0.27
DNR_06430,18,F,A+,Faisalabad,31.361897142278707,73.13380079149158,1,3,66,App,Healthy,0.62
DNR_06431,22,M,A+,Karachi,24.915629915590145,66.98690190483748,1,1,114,SMS,Healthy,0.18000000000000005
DNR_06432,18,M,AB-,Multan,30.229211112353838,71.56449042905277,0,6,13,App,Healthy,0.95
DNR_06433,19,M,O-,Multan,30.171334035926122,71.48997604651217,0,6,106,Phone,Healthy,0.47
DNR_06434,21,M,O+,Quetta,30.14627548113085,66.92113211215289,0,2,59,SMS,Healthy,0.505
DNR_06435,44,M,O-,Karachi,24.785485805297142,67.0049721157066,1,4,111,App,Healthy,0.44499999999999995
DNR_06436,53,F,A+,Multan,30.21178954597703,71.49129896932091,0,0,159,App,Healthy,0.05
DNR_06437,25,F,B+,Peshawar,33.951765611305795,71.6187225388399,0,7,68,SMS,Minor issues,0.61
DNR_06438,33,M,A+,Multan,30.170967614733666,71.57716016647177,0,6,58,App,Healthy,0.81
DNR_06439,36,F,A+,Karachi,24.890734166659577,67.0382144602775,1,4,87,App,Healthy,0.565
DNR_06440,46,F,O-,Karachi,24.78330420526617,67.07431883489399,1,2,81,App,Healthy,0.4949999999999999
DNR_06441,27,M,AB+,Lahore,31.577099214324246,74.3075195486129,1,6,26,App,Healthy,0.95
DNR_06442,38,F,O+,Faisalabad,31.372724295244414,73.05740917445175,1,8,105,App,Minor issues,0.575
DNR_06443,18,M,B+,Islamabad,33.727722636402426,73.03907955323061,1,8,44,App,Healthy,0.95
DNR_06444,36,F,A+,Islamabad,33.65969010169176,72.9794157930042,1,1,75,App,Healthy,0.475
DNR_06445,18,M,B+,Karachi,24.85395239834086,66.92938006945288,1,1,44,App,Healthy,0.63
DNR_06446,49,M,B+,Lahore,31.62403838049764,74.28314634680447,1,2,36,SMS,Healthy,0.62
DNR_06447,39,M,A+,Lahore,31.485094387550422,74.29684897617268,1,1,106,Phone,Healthy,0.21999999999999997
DNR_06448,36,M,O+,Karachi,24.917821180798843,67.07525760794354,1,2,115,App,Healthy,0.32500000000000007
DNR_06449,27,M,O+,Multan,30.12831551474066,71.47937214975535,0,3,54,Phone,Healthy,0.58
DNR_06450,59,F,O+,Lahore,31.49300010057318,74.3337938523591,1,5,89,App,Healthy,0.605
DNR_06451,24,M,O+,Multan,30.19343733399822,71.47318788673954,0,1,97,Phone,Healthy,0.265
DNR_06452,41,F,B+,Quetta,30.19735355647625,67.00288052987214,0,2,71,SMS,Healthy,0.44499999999999995
DNR_06453,45,M,A+,Lahore,31.48556151203174,74.26598951316208,1,4,23,SMS,Healthy,0.785
DNR_06454,18,F,A+,Peshawar,34.06830411061221,71.59502495572937,0,4,93,SMS,Minor issues,0.33499999999999996
DNR_06455,56,M,A+,Faisalabad,31.433213056339213,73.10838117335446,1,0,218,SMS,Healthy,0.05
DNR_06456,32,M,A+,Faisalabad,31.35569544600718,73.12571365817455,1,3,32,SMS,Minor issues,0.59
DNR_06457,42,M,A+,Faisalabad,31.40959429652407,73.14288076470602,1,1,50,SMS,Healthy,0.5
DNR_06458,49,F,O+,Peshawar,33.959003683090835,71.55745071609579,0,3,8,Phone,Healthy,0.8099999999999999
DNR_06459,28,M,O+,Islamabad,33.67261964294981,73.07106404601778,1,6,8,SMS,Healthy,0.95
DNR_06460,18,M,B+,Multan,30.140494295167738,71.51487528540402,0,1,78,App,Healthy,0.45999999999999996
DNR_06461,23,M,O+,Karachi,24.903249963201358,67.01158420863216,1,2,110,App,Healthy,0.35
DNR_06462,23,F,A+,Quetta,30.217548424322686,66.9738334542164,0,0,187,SMS,Healthy,0.05
DNR_06463,28,M,B+,Multan,30.088163889660326,71.52380708327657,0,3,53,App,Healthy,0.6849999999999999
DNR_06464,43,M,B-,Karachi,24.881988571785108,66.93441911410791,1,1,50,SMS,Minor issues,0.39999999999999997
DNR_06465,39,F,O-,Multan,30.150204833240906,71.47344636198851,0,2,91,SMS,Unhealthy,0.24499999999999997
DNR_06466,25,M,A+,Faisalabad,31.45167637203619,73.10196912103173,1,2,15,App,Healthy,0.825
DNR_06467,30,M,B+,Lahore,31.488441612051975,74.28606781990689,1,0,300,SMS,Healthy,0.05
DNR_06468,46,M,AB+,Multan,30.22967683027557,71.51262319528566,0,3,108,SMS,Minor issues,0.20999999999999996
DNR_06469,35,M,O+,Karachi,24.81899897358988,66.92541454270157,1,2,40,SMS,Healthy,0.6
DNR_06470,59,M,A+,Multan,30.22120968876291,71.47951654395749,0,1,20,Phone,Healthy,0.65
DNR_06471,24,M,A+,Quetta,30.134767040796547,66.9883143920845,0,1,96,App,Minor issues,0.27
DNR_06472,45,M,B+,Quetta,30.259379634062324,66.96351336003373,0,4,58,App,Healthy,0.71
DNR_06473,42,F,B+,Karachi,24.786606877922726,67.05413652992422,1,2,117,SMS,Healthy,0.21500000000000002
DNR_06474,34,M,A+,Peshawar,34.03450369737961,71.55821313673015,0,3,88,App,Healthy,0.51
DNR_06475,42,F,A+,Peshawar,34.09117547865316,71.55982318078415,0,2,95,SMS,Healthy,0.325
DNR_06476,20,M,O+,Faisalabad,31.46197382267419,73.13417572427606,1,0,169,SMS,Healthy,0.05
DNR_06477,40,M,B+,Quetta,30.128609359784395,66.99671111434887,0,1,116,App,Healthy,0.27
DNR_06478,18,F,A+,Karachi,24.799524116900354,67.02195568249792,1,2,28,App,Healthy,0.7599999999999999
DNR_06479,45,M,B-,Peshawar,34.013930520441384,71.5426643729328,0,5,28,Phone,Healthy,0.8099999999999999
DNR_06480,35,M,O+,Karachi,24.91406380357225,67.03238597032258,1,3,14,App,Healthy,0.88
DNR_06481,52,F,A+,Quetta,30.254847131410955,67.05449237068639,0,3,51,App,Healthy,0.695
DNR_06482,18,F,O+,Faisalabad,31.369852153227104,73.13901857898857,1,5,85,App,Healthy,0.625
DNR_06483,51,M,B+,Multan,30.220401307555868,71.54422712831764,0,2,51,Phone,Minor issues,0.44499999999999995
DNR_06484,33,M,B+,Faisalabad,31.369652934487853,73.09241790692673,1,6,48,SMS,Healthy,0.76
DNR_06485,29,M,B+,Peshawar,34.07619830297904,71.5760170595068,0,3,76,App,Minor issues,0.47
DNR_06486,33,M,O+,Faisalabad,31.388476503668226,73.04049378745721,1,1,76,App,Healthy,0.47
DNR_06487,45,F,B-,Lahore,31.469866253469135,74.28034458285663,1,5,107,SMS,Healthy,0.4149999999999999
DNR_06488,34,M,B+,Faisalabad,31.416812713074414,73.01333960191756,1,2,16,SMS,Healthy,0.72
DNR_06489,42,M,O+,Multan,30.157944487514765,71.5804320933334,0,5,70,App,Minor issues,0.6
DNR_06490,40,M,O+,Faisalabad,31.4363228648002,73.09138847082143,1,2,15,App,Healthy,0.825
DNR_06491,37,M,A+,Peshawar,34.07685993599957,71.56427374301478,0,6,77,SMS,Healthy,0.615
DNR_06492,23,M,B+,Quetta,30.19567575918195,66.93991143730089,0,6,67,App,Healthy,0.7649999999999999
DNR_06493,35,F,O+,Multan,30.192303505033124,71.51436724052263,0,2,94,SMS,Minor issues,0.23
DNR_06494,34,M,O+,Lahore,31.610747341160668,74.28475738443318,1,2,31,Phone,Healthy,0.6449999999999999
DNR_06495,18,M,B+,Faisalabad,31.344016497813907,73.1149672230024,1,1,111,SMS,Minor issues,0.09499999999999993
DNR_06496,39,M,AB-,Multan,30.134412099982537,71.49787468016712,0,6,25,App,Minor issues,0.875
DNR_06497,30,M,O+,Peshawar,34.016142811546686,71.56461344278243,0,2,74,SMS,Healthy,0.42999999999999994
DNR_06498,48,M,AB-,Lahore,31.54166620819477,74.30750856784853,1,1,113,SMS,Healthy,0.18500000000000005
DNR_06499,34,M,A+,Karachi,24.867275290315195,67.01013331451522,1,6,75,SMS,Healthy,0.625
DNR_06500,24,M,A+,Islamabad,33.71897612377074,73.00383500097945,1,3,72,App,Healthy,0.59
DNR_06501,50,F,B+,Lahore,31.475619289136507,74.41866552439414,1,6,53,App,Healthy,0.835
DNR_06502,20,M,O+,Islamabad,33.70085603454823,73.03874595011752,1,4,38,App,Healthy,0.8099999999999999
DNR_06503,24,F,O+,Multan,30.191176875319986,71.44746601215962,0,7,22,App,Healthy,0.95
DNR_06504,23,M,O-,Multan,30.132202767320955,71.5804118563207,0,2,106,App,Minor issues,0.26999999999999996
DNR_06505,40,M,A+,Multan,30.233740149614203,71.59847799191434,0,5,59,App,Healthy,0.7549999999999999
DNR_06506,25,M,A+,Quetta,30.183486561502672,66.99236516047584,0,3,90,App,Healthy,0.5
DNR_06507,23,M,O+,Quetta,30.199269197327826,66.97532596072872,0,2,44,Phone,Healthy,0.58
DNR_06508,35,M,O+,Multan,30.165878298438543,71.56577374755935,0,12,79,App,Healthy,0.95
DNR_06509,46,M,A+,Islamabad,33.70487257025126,73.01598691945303,1,3,48,SMS,Minor issues,0.51
DNR_06510,32,M,O+,Multan,30.14140426897244,71.52922087407539,0,6,30,App,Healthy,0.95
DNR_06511,36,F,A+,Quetta,30.196227714533197,66.89862617435833,0,1,22,Phone,Unhealthy,0.54
DNR_06512,42,M,O+,Peshawar,33.95699135733249,71.614282067781,0,4,53,SMS,Unhealthy,0.5349999999999999
DNR_06513,40,F,O-,Multan,30.21602602610198,71.5000285322461,0,2,65,SMS,Minor issues,0.375
DNR_06514,38,F,O+,Karachi,24.93918449481059,67.01997499099069,1,3,12,App,Healthy,0.89
DNR_06515,18,F,A+,Multan,30.081159949392916,71.50232614872708,0,3,118,App,Healthy,0.36
DNR_06516,37,M,A+,Faisalabad,31.486784582610426,73.04344428073092,1,4,69,App,Unhealthy,0.555
DNR_06517,23,M,O+,Peshawar,34.05401879459795,71.55602998694583,0,3,9,App,Unhealthy,0.8049999999999999
DNR_06518,38,F,B+,Lahore,31.486988086777117,74.36769669934684,1,4,74,SMS,Healthy,0.53
DNR_06519,38,F,A+,Lahore,31.59814347109184,74.31296189081951,1,4,45,Phone,Healthy,0.6749999999999999
DNR_06520,52,M,O+,Faisalabad,31.445730761837446,73.10315840839264,1,5,43,App,Healthy,0.835
DNR_06521,53,F,B+,Quetta,30.153247816372616,66.90053063604509,0,1,24,App,Minor issues,0.63
DNR_06522,30,M,B-,Quetta,30.200966350713646,67.02594755099271,0,3,71,SMS,Minor issues,0.395
DNR_06523,28,F,A+,Quetta,30.259389498506845,66.90587394627228,0,3,111,Phone,Healthy,0.29499999999999993
DNR_06524,46,M,O+,Islamabad,33.736916648880424,73.10085600585288,1,6,119,App,Healthy,0.505
DNR_06525,25,F,O+,Islamabad,33.648440445695286,73.10885507594269,1,0,261,App,Healthy,0.05
DNR_06526,27,F,A+,Multan,30.125777426416487,71.49962361096763,0,3,27,App,Healthy,0.815
DNR_06527,35,M,O+,Quetta,30.175651593259534,66.90462771148975,0,1,13,SMS,Healthy,0.6849999999999999
DNR_06528,18,M,O+,Quetta,30.140586596257556,66.90875548672135,0,2,50,App,Healthy,0.6499999999999999
DNR_06529,40,M,O+,Multan,30.171607470697264,71.4972846106676,0,2,96,App,Minor issues,0.32
DNR_06530,20,F,A+,Faisalabad,31.442764068032293,73.0673602975714,1,1,105,SMS,Minor issues,0.12499999999999996
DNR_06531,45,M,B+,Multan,30.15391262349908,71.50608807712612,0,3,69,SMS,Healthy,0.505
DNR_06532,18,M,O+,Islamabad,33.62382524586096,73.02302805117903,1,2,36,Phone,Healthy,0.62
DNR_06533,37,F,B+,Multan,30.16257239061295,71.56999369512008,0,6,25,Phone,Minor issues,0.775
DNR_06534,36,M,B+,Faisalabad,31.392693528629348,73.09031122267574,1,5,94,SMS,Healthy,0.48
DNR_06535,33,F,B+,Islamabad,33.72626279803731,73.02246792196537,1,7,42,App,Healthy,0.94
DNR_06536,40,F,O+,Faisalabad,31.419626739211065,73.15706563144967,1,9,70,App,Healthy,0.8999999999999999
DNR_06537,58,M,A+,Islamabad,33.70947240688609,73.06844080359829,1,0,308,App,Healthy,0.05
DNR_06538,50,M,A+,Faisalabad,31.391070953198717,73.14077036802765,1,6,26,SMS,Healthy,0.87
DNR_06539,35,M,B+,Peshawar,34.03265343744942,71.65704962392711,0,3,32,Phone,Healthy,0.69
DNR_06540,32,F,AB+,Peshawar,34.0586020251408,71.64030773759684,0,8,55,SMS,Healthy,0.825
DNR_06541,46,M,B+,Islamabad,33.65738582184875,73.08353108938545,1,1,35,Phone,Healthy,0.575
DNR_06542,48,F,B+,Karachi,24.863532936326678,66.96452709857397,1,0,367,Phone,Minor issues,0.05
DNR_06543,41,F,A+,Lahore,31.56888000422617,74.36956049960392,1,1,49,App,Minor issues,0.505
DNR_06544,49,F,O+,Islamabad,33.63267829933539,73.01274790570818,1,3,31,App,Minor issues,0.695
DNR_06545,18,M,B-,Faisalabad,31.386246926902388,73.06698981022305,1,10,92,Phone,Minor issues,0.6399999999999999
DNR_06546,18,M,A+,Multan,30.17930334880568,71.45238188202293,0,5,13,SMS,Unhealthy,0.7849999999999999
DNR_06547,38,F,B+,Faisalabad,31.416022372919986,73.0482747479906,1,3,103,App,Healthy,0.43499999999999994
DNR_06548,22,F,O+,Islamabad,33.68126805579906,73.11875729663016,1,4,44,App,Healthy,0.78
DNR_06549,35,M,AB+,Faisalabad,31.456488709317192,73.03296042639981,1,2,41,Phone,Healthy,0.595
DNR_06550,39,F,O-,Multan,30.08758904134245,71.44810840322816,0,12,73,SMS,Healthy,0.935
DNR_06551,47,M,O+,Karachi,24.84434827087541,66.9875626131858,1,4,118,SMS,Minor issues,0.21000000000000002
DNR_06552,22,F,O+,Lahore,31.5332382135121,74.37950087359611,1,4,7,App,Healthy,0.95
DNR_06553,55,M,B+,Multan,30.140425869431844,71.5946139832217,0,5,90,App,Minor issues,0.5
DNR_06554,22,M,O+,Islamabad,33.70519937837284,72.98805339762882,1,3,94,App,Unhealthy,0.38
DNR_06555,39,M,A+,Peshawar,34.044911501951034,71.51690000628521,0,4,64,App,Healthy,0.6799999999999999
DNR_06556,44,F,O+,Islamabad,33.678040639316656,72.99045089203594,1,2,91,SMS,Healthy,0.345
DNR_06557,25,M,B+,Lahore,31.493913481661863,74.344040855092,1,3,70,App,Healthy,0.6
DNR_06558,20,F,O+,Peshawar,33.97063277814068,71.57113626079462,0,2,89,App,Minor issues,0.355
DNR_06559,26,M,O+,Islamabad,33.72537830903039,73.12215129302201,1,3,53,App,Minor issues,0.585
DNR_06560,21,M,O+,Lahore,31.558879453984826,74.39586445146297,1,3,85,Phone,Minor issues,0.325
DNR_06561,46,M,B+,Faisalabad,31.469653798849592,73.06866556851412,1,4,73,SMS,Healthy,0.535
DNR_06562,36,M,B+,Multan,30.09621505523864,71.4604505928914,0,5,80,SMS,Minor issues,0.44999999999999996
DNR_06563,28,F,B-,Islamabad,33.66843962718213,73.01525794682664,1,2,79,App,Healthy,0.5049999999999999
DNR_06564,21,M,O-,Islamabad,33.722436756214314,73.0838101295073,1,7,50,App,Healthy,0.8999999999999999
DNR_06565,46,M,A+,Karachi,24.828685610602033,66.98565965334313,1,2,11,App,Healthy,0.8449999999999999
DNR_06566,45,M,AB+,Islamabad,33.66170645877012,73.0592345894372,1,5,20,SMS,Healthy,0.85
DNR_06567,22,F,B+,Karachi,24.857514211609203,66.97876007474493,1,6,107,App,Healthy,0.565
DNR_06568,27,M,A+,Islamabad,33.61511580159541,73.0104205216427,1,3,62,SMS,Healthy,0.54
DNR_06569,36,F,O+,Islamabad,33.63527589595985,73.03126814865445,1,1,23,App,Minor issues,0.635
DNR_06570,51,M,B+,Multan,30.14741149962014,71.51427296060953,0,6,18,SMS,Unhealthy,0.81
DNR_06571,25,M,B-,Multan,30.170227710613915,71.58511726741442,0,1,95,App,Healthy,0.375
DNR_06572,31,M,B+,Lahore,31.607209644566144,74.38541723856078,1,3,29,SMS,Minor issues,0.605
DNR_06573,31,M,A+,Quetta,30.12229662979549,67.05375998923846,0,0,360,SMS,Healthy,0.05
DNR_06574,31,M,A+,Faisalabad,31.436272850310214,73.02708717172904,1,4,93,App,Healthy,0.5349999999999999
DNR_06575,19,M,B-,Karachi,24.86733921225031,66.94821746580571,1,1,49,App,Healthy,0.605
DNR_06576,53,M,A+,Peshawar,33.95010390417386,71.64946828653636,0,2,29,App,Minor issues,0.6549999999999999
DNR_06577,18,M,O+,Peshawar,34.05607273199635,71.65600999354817,0,5,33,SMS,Healthy,0.7849999999999999
DNR_06578,43,F,AB+,Islamabad,33.75650089776553,73.07631060874044,1,3,31,Phone,Minor issues,0.595
DNR_06579,49,M,B+,Islamabad,33.67393224367953,73.12591850050924,1,3,47,App,Healthy,0.715
DNR_06580,39,M,A+,Quetta,30.10589950341029,67.01138295884957,0,5,54,SMS,Unhealthy,0.58
DNR_06581,35,F,O+,Islamabad,33.7436274098635,73.0512296585285,1,4,117,SMS,Healthy,0.31500000000000006
DNR_06582,29,M,A+,Lahore,31.51357319113162,74.41042459979087,1,1,40,App,Minor issues,0.5499999999999999
DNR_06583,28,M,A-,Islamabad,33.745577722344066,72.98705469516518,1,6,72,App,Healthy,0.74
DNR_06584,27,F,O+,Islamabad,33.70785992997087,72.9887084399437,1,3,57,SMS,Healthy,0.5650000000000001
DNR_06585,38,M,A+,Peshawar,33.995628378203456,71.6590906934653,0,1,42,SMS,Healthy,0.54
DNR_06586,30,F,A+,Karachi,24.84138407332038,66.9316222016455,1,3,10,SMS,Healthy,0.7999999999999999
DNR_06587,24,M,O+,Multan,30.212048247845992,71.50387884127888,0,4,41,SMS,Healthy,0.695
DNR_06588,25,M,B+,Lahore,31.560903393924328,74.2679672977565,1,3,37,SMS,Healthy,0.6649999999999999
DNR_06589,40,F,O+,Faisalabad,31.351140881467256,73.14211544664161,1,2,61,SMS,Healthy,0.495
DNR_06590,25,F,O+,Multan,30.124218303215756,71.54225454952643,0,1,116,App,Healthy,0.27
DNR_06591,37,M,O-,Multan,30.110711834581014,71.45431142559407,0,2,94,App,Healthy,0.43000000000000005
DNR_06592,20,F,B+,Karachi,24.909355092275987,67.078614646023,1,2,26,App,Healthy,0.7699999999999999
DNR_06593,35,F,B+,Lahore,31.588903012195576,74.41193063758405,1,0,353,SMS,Unhealthy,0.05
DNR_06594,43,F,AB-,Multan,30.1876496241333,71.59993189985693,0,5,47,Phone,Healthy,0.715
DNR_06595,41,M,A+,Peshawar,33.97920404499932,71.64185550701735,0,8,47,App,Healthy,0.95
DNR_06596,34,M,B+,Karachi,24.814350957540256,67.03589864869453,1,2,56,SMS,Healthy,0.5199999999999999
DNR_06597,40,M,O+,Faisalabad,31.464852856483716,73.1516456557056,1,5,54,SMS,Healthy,0.6799999999999999
DNR_06598,37,M,O+,Multan,30.168189032194785,71.54518271913705,0,5,35,SMS,Healthy,0.775
DNR_06599,18,M,A+,Peshawar,34.05806707906768,71.5801182077415,0,4,100,App,Healthy,0.5
DNR_06600,45,F,A+,Multan,30.234666041740606,71.59111919850403,0,3,53,Phone,Healthy,0.585
DNR_06601,37,M,B+,Quetta,30.21100633720817,66.92526164961589,0,0,285,Phone,Healthy,0.05
DNR_06602,18,M,B+,Karachi,24.886350472082007,67.01501532181155,1,4,88,Phone,Healthy,0.45999999999999996
DNR_06603,35,M,A+,Faisalabad,31.415450972216036,73.12562281427371,1,4,94,SMS,Healthy,0.43000000000000005
DNR_06604,40,M,A+,Peshawar,33.96929658466839,71.57593880248803,0,7,78,App,Healthy,0.76
DNR_06605,49,F,O+,Islamabad,33.669922242268164,73.07069341660473,1,1,36,Phone,Minor issues,0.47
DNR_06606,40,M,B+,Multan,30.15090067499561,71.5330946946116,0,3,17,App,Healthy,0.865
DNR_06607,22,F,O+,Karachi,24.88531286916446,67.06897206324791,1,1,100,SMS,Healthy,0.24999999999999997
DNR_06608,27,M,O+,Karachi,24.915819806181773,66.9829062473237,1,5,111,SMS,Healthy,0.3949999999999999
DNR_06609,38,M,O+,Karachi,24.837950360613373,67.03760493580957,1,8,14,Phone,Healthy,0.95
DNR_06610,21,M,O-,Multan,30.225538612727558,71.44624289488159,0,3,97,App,Healthy,0.46499999999999997
DNR_06611,18,F,O+,Islamabad,33.64424105551209,73.0594496103587,1,3,69,App,Healthy,0.605
DNR_06612,18,M,A-,Karachi,24.805558572081523,67.07485070299686,1,3,85,App,Healthy,0.525
DNR_06613,39,F,A+,Peshawar,34.08082652907413,71.50986899377364,0,3,82,SMS,Healthy,0.44000000000000006
DNR_06614,34,M,O+,Islamabad,33.68380041042126,73.03691115549753,1,1,30,App,Healthy,0.7
DNR_06615,31,M,B-,Peshawar,34.05502157414366,71.50654543995728,0,2,71,Phone,Healthy,0.44499999999999995
DNR_06616,19,M,B+,Faisalabad,31.468138986201758,73.02017435241156,1,2,98,App,Healthy,0.41000000000000003
DNR_06617,30,M,A+,Multan,30.22419894898259,71.5801508373703,0,3,96,SMS,Healthy,0.37
DNR_06618,20,M,O+,Lahore,31.581059319714228,74.28320998704405,1,9,16,SMS,Healthy,0.95
DNR_06619,32,M,A+,Islamabad,33.66683144828145,73.0422521570035,1,2,93,Phone,Healthy,0.33499999999999996
DNR_06620,41,M,O+,Multan,30.10824545429734,71.52569058445386,0,2,68,SMS,Unhealthy,0.36
DNR_06621,33,M,O+,Islamabad,33.73271257522738,72.97152014144655,1,2,77,App,Healthy,0.5149999999999999
DNR_06622,30,M,A+,Multan,30.15949019870034,71.6042281112428,0,5,15,App,Unhealthy,0.875
DNR_06623,25,F,A+,Karachi,24.78188531658025,67.04322768423981,1,5,98,App,Healthy,0.5599999999999999
DNR_06624,43,F,O-,Peshawar,33.97202932762772,71.52488472191257,0,4,44,SMS,Healthy,0.68
DNR_06625,39,F,B+,Karachi,24.85539831739269,67.07365933633366,1,0,156,SMS,Healthy,0.05
DNR_06626,26,M,O+,Islamabad,33.75051869257668,73.08648511145182,1,1,93,SMS,Minor issues,0.18499999999999994
DNR_06627,32,F,B+,Multan,30.13720016043135,71.49868424655328,0,3,110,SMS,Minor issues,0.19999999999999996
DNR_06628,36,M,A+,Multan,30.177132645158977,71.48585767050602,0,10,49,Phone,Healthy,0.95
DNR_06629,34,M,O+,Karachi,24.829577675702037,66.96341821868047,1,2,22,App,Healthy,0.7899999999999999
DNR_06630,40,M,O-,Peshawar,33.93859916197195,71.52528656603958,0,8,31,SMS,Healthy,0.945
DNR_06631,23,M,O-,Quetta,30.203457515339817,67.01003904135548,0,1,73,App,Healthy,0.485
DNR_06632,41,M,O+,Islamabad,33.622194259771746,73.1260621900132,1,1,94,SMS,Healthy,0.28
DNR_06633,43,M,B+,Faisalabad,31.397660343202514,73.0087891250833,1,4,83,Phone,Healthy,0.485
DNR_06634,48,M,O+,Faisalabad,31.356490866557504,73.03284940880049,1,6,84,App,Healthy,0.68
DNR_06635,46,M,O+,Islamabad,33.67879558940195,73.04440064885875,1,5,48,App,Healthy,0.8099999999999999
DNR_06636,18,F,A+,Faisalabad,31.436746634886376,73.11733763982431,1,9,36,App,Healthy,0.95
DNR_06637,18,F,AB+,Multan,30.126424112991526,71.5195207075113,0,3,42,App,Healthy,0.74
DNR_06638,25,M,A+,Peshawar,34.084845798551896,71.61183300922374,0,2,31,SMS,Unhealthy,0.5449999999999999
DNR_06639,35,M,A+,Quetta,30.10998214012586,66.95062577487876,0,2,52,SMS,Healthy,0.5399999999999999
DNR_06640,45,F,A+,Faisalabad,31.410272016010154,73.11119286504653,1,2,100,App,Healthy,0.4
DNR_06641,21,F,O+,Peshawar,33.94140952639925,71.51860920466272,0,6,34,App,Healthy,0.9299999999999999
DNR_06642,46,M,A-,Islamabad,33.66138892430663,72.99734225803391,1,3,76,App,Minor issues,0.47
DNR_06643,49,M,O+,Faisalabad,31.467720069137854,73.00041432978179,1,1,40,SMS,Healthy,0.5499999999999999
DNR_06644,29,M,O+,Multan,30.113243959230743,71.54873140291897,0,4,66,App,Healthy,0.6699999999999999
DNR_06645,34,F,O+,Peshawar,33.968951290979035,71.56550506269335,0,2,55,App,Healthy,0.6249999999999999
DNR_06646,34,F,O+,Quetta,30.20611536539992,66.94418439111496,0,1,105,SMS,Healthy,0.22499999999999998
DNR_06647,45,M,AB-,Quetta,30.196380615038887,66.97932841635595,0,5,64,App,Healthy,0.73
DNR_06648,31,F,O+,Karachi,24.859754068976823,67.06551878372866,1,3,21,SMS,Healthy,0.745
DNR_06649,41,M,B+,Lahore,31.528731759423952,74.41117550777885,1,7,108,App,Healthy,0.61
DNR_06650,26,M,O+,Islamabad,33.632839588217614,73.10238423898498,1,2,48,App,Healthy,0.6599999999999999
DNR_06651,39,M,B+,Multan,30.19602279851527,71.58100814715206,0,1,27,Phone,Healthy,0.615
DNR_06652,43,M,A+,Quetta,30.238090361196765,66.9780655463577,0,3,52,SMS,Healthy,0.59
DNR_06653,44,M,A+,Quetta,30.255784837793282,67.0302015596601,0,7,70,SMS,Healthy,0.7000000000000001
DNR_06654,31,M,A+,Islamabad,33.68237559240496,73.00957077514394,1,3,68,App,Healthy,0.61
DNR_06655,46,M,O+,Islamabad,33.70158912699909,73.00068230119469,1,11,113,App,Healthy,0.785
DNR_06656,32,M,B-,Islamabad,33.76412441999271,73.04126590423193,1,2,45,SMS,Healthy,0.575
DNR_06657,41,M,B+,Quetta,30.17816477365118,66.96548489409042,0,3,8,App,Healthy,0.9099999999999999
DNR_06658,25,M,A+,Quetta,30.25538141293273,67.0135367528101,0,3,93,App,Healthy,0.485
DNR_06659,41,M,O+,Lahore,31.57114155817042,74.2799751967437,1,3,64,SMS,Healthy,0.53
DNR_06660,18,M,A+,Peshawar,33.98733472926016,71.54608402910341,0,2,7,App,Healthy,0.8649999999999999
DNR_06661,21,F,A+,Islamabad,33.6607037459177,73.07380013913892,1,5,44,SMS,Minor issues,0.63
DNR_06662,45,M,A+,Karachi,24.790464501424058,67.06404983678098,1,0,335,App,Minor issues,0.05
DNR_06663,44,M,A+,Multan,30.111175630124567,71.60346203796828,0,4,21,SMS,Healthy,0.795
DNR_06664,27,M,O+,Faisalabad,31.413320995059117,73.15294615940027,1,2,83,Phone,Healthy,0.385
DNR_06665,28,M,O+,Lahore,31.530803573379277,74.37410438538453,1,4,33,SMS,Healthy,0.735
DNR_06666,21,M,B+,Islamabad,33.63041326742949,73.10410298366328,1,9,20,SMS,Minor issues,0.95
DNR_06667,18,M,B+,Multan,30.102462068704487,71.54891329565473,0,3,9,SMS,Healthy,0.8049999999999999
DNR_06668,35,M,O+,Multan,30.102212634688957,71.56400573260218,0,6,82,App,Healthy,0.6900000000000001
DNR_06669,28,F,O+,Lahore,31.536642196241107,74.40832253509859,1,2,20,App,Healthy,0.7999999999999999
DNR_06670,24,M,B+,Quetta,30.252434362970146,67.03518030486889,0,5,11,App,Healthy,0.95
DNR_06671,21,M,O+,Quetta,30.172026552904363,66.93209962181939,0,3,19,App,Healthy,0.855
DNR_06672,24,M,O+,Peshawar,33.9537544306931,71.59217183201608,0,3,90,App,Healthy,0.5
DNR_06673,39,M,A+,Peshawar,33.99491731850203,71.50067116596993,0,3,108,App,Healthy,0.4099999999999999
DNR_06674,32,F,O+,Peshawar,34.04268426623442,71.62338869974725,0,6,26,App,Healthy,0.95
DNR_06675,21,M,B+,Islamabad,33.66790721150642,73.06075977710124,1,0,219,SMS,Healthy,0.05
DNR_06676,27,M,O+,Multan,30.219686605545768,71.47220226759099,0,8,119,App,Healthy,0.605
DNR_06677,37,M,B+,Quetta,30.251422962700698,66.96090758460018,0,1,19,SMS,Healthy,0.655
DNR_06678,36,M,O+,Faisalabad,31.470847422917185,73.04950726557327,1,7,118,App,Healthy,0.56
DNR_06679,20,M,B+,Faisalabad,31.34239402501264,73.08278172696878,1,1,30,App,Healthy,0.7
DNR_06680,21,M,O+,Islamabad,33.748211780426665,72.99661923450566,1,2,65,SMS,Healthy,0.475
DNR_06681,24,M,O+,Islamabad,33.61164003545257,73.04076884958435,1,1,72,App,Minor issues,0.39
DNR_06682,24,M,O+,Quetta,30.19539204562947,66.94819582094256,0,4,59,App,Minor issues,0.605
DNR_06683,42,M,O+,Quetta,30.186317940434957,66.95860094312783,0,5,81,App,Healthy,0.6449999999999999
DNR_06684,21,M,A+,Multan,30.162266253769655,71.59776704923323,0,2,116,SMS,Healthy,0.22000000000000003
DNR_06685,35,F,A+,Peshawar,34.06404767895533,71.50579375750173,0,2,97,App,Healthy,0.41500000000000004
DNR_06686,23,M,A+,Peshawar,33.97060340805544,71.64831262155181,0,6,116,App,Healthy,0.52
DNR_06687,21,M,O+,Quetta,30.227105206685398,67.02330214742419,0,3,33,App,Healthy,0.7849999999999999
DNR_06688,36,M,O+,Lahore,31.56721357722178,74.35142214552205,1,4,9,App,Healthy,0.95
DNR_06689,28,M,O+,Karachi,24.84759932358841,66.98446266007895,1,6,110,Phone,Healthy,0.44999999999999996
DNR_06690,18,F,O+,Islamabad,33.63582202813469,73.06197613583899,1,3,49,App,Healthy,0.705
DNR_06691,28,M,O+,Islamabad,33.66608446256239,73.10058196671518,1,3,103,SMS,Healthy,0.33499999999999996
DNR_06692,28,F,O+,Multan,30.175214785167338,71.51326269457579,0,0,247,App,Healthy,0.05
DNR_06693,22,F,A+,Islamabad,33.61151981744478,73.09529257128857,1,0,217,App,Healthy,0.05
DNR_06694,31,M,B+,Karachi,24.85404432592944,67.0616947959815,1,4,26,App,Healthy,0.8699999999999999
DNR_06695,44,M,O+,Quetta,30.13782617305437,66.96717657782736,0,2,12,SMS,Minor issues,0.64
DNR_06696,42,M,A+,Quetta,30.256945948399046,67.02435913848545,0,3,82,SMS,Minor issues,0.34
DNR_06697,38,M,B+,Islamabad,33.69930609530373,73.1137260374124,1,5,96,Phone,Healthy,0.47
DNR_06698,23,M,B+,Lahore,31.534381488853956,74.36043233269605,1,5,71,App,Healthy,0.695
DNR_06699,18,F,O+,Quetta,30.155422511628604,67.00882776161595,0,4,43,SMS,Healthy,0.6849999999999999
DNR_06700,36,F,O+,Peshawar,34.0860613049741,71.62254158442715,0,6,105,App,Healthy,0.575
DNR_06701,23,M,O-,Islamabad,33.69271343942055,73.0207558442481,1,3,28,App,Healthy,0.8099999999999999
DNR_06702,28,F,A-,Karachi,24.85823008384919,66.94668031996474,1,6,97,App,Healthy,0.615
DNR_06703,23,M,B-,Faisalabad,31.494297666862742,73.13935450376934,1,4,112,SMS,Minor issues,0.23999999999999994
DNR_06704,34,M,O+,Peshawar,34.04106280122117,71.50812417377684,0,2,80,SMS,Healthy,0.3999999999999999
DNR_06705,34,M,A+,Lahore,31.605745089525595,74.28158163217506,1,5,109,App,Healthy,0.5049999999999999
DNR_06706,50,F,B+,Faisalabad,31.399206932836115,73.08192661083173,1,3,58,App,Healthy,0.66
DNR_06707,39,M,O+,Peshawar,33.943136210471685,71.50841384480765,0,4,113,App,Healthy,0.43500000000000005
DNR_06708,27,F,B+,Islamabad,33.6698664858091,73.09817401806802,1,3,32,App,Healthy,0.7899999999999999
DNR_06709,23,M,AB-,Lahore,31.505238541618116,74.39187575693964,1,5,83,SMS,Healthy,0.535
DNR_06710,47,M,A+,Lahore,31.601542869730647,74.34341140116194,1,6,107,SMS,Healthy,0.46499999999999997
DNR_06711,51,M,B+,Multan,30.193306656722285,71.5254285532738,0,4,21,App,Healthy,0.895
DNR_06712,18,M,B+,Islamabad,33.74455937820191,73.0656190390186,1,0,190,App,Healthy,0.05
DNR_06713,35,F,A+,Quetta,30.18152158386024,66.91760948270797,0,1,11,SMS,Minor issues,0.595
DNR_06714,31,M,A+,Lahore,31.594816852512523,74.3623296221602,1,7,98,SMS,Healthy,0.56
DNR_06715,36,M,B+,Multan,30.089548931914322,71.52508887642081,0,9,105,Phone,Healthy,0.6249999999999999
DNR_06716,36,M,B+,Faisalabad,31.45381295855331,73.04114375030925,1,3,71,App,Healthy,0.595
DNR_06717,30,M,O+,Multan,30.12049010965551,71.49324108153499,0,1,118,App,Healthy,0.26
DNR_06718,27,F,O+,Islamabad,33.6825641533763,73.09546155268413,1,3,23,SMS,Healthy,0.735
DNR_06719,18,F,A+,Quetta,30.11610538916643,66.9454598104914,0,2,30,App,Minor issues,0.6499999999999999
DNR_06720,21,M,O+,Karachi,24.91911447899159,66.95111549694218,1,4,38,SMS,Healthy,0.71
DNR_06721,30,F,B+,Quetta,30.212539444571856,66.95814110200196,0,9,65,App,Healthy,0.9249999999999999
DNR_06722,53,F,AB+,Quetta,30.253259539766518,67.02831898879157,0,0,151,SMS,Healthy,0.05
DNR_06723,18,F,O-,Lahore,31.585148019510097,74.41549479200296,1,4,20,SMS,Healthy,0.7999999999999999
DNR_06724,19,F,A+,Islamabad,33.669376683133976,73.086919339448,1,3,21,SMS,Healthy,0.745
DNR_06725,42,F,B+,Multan,30.223510701532973,71.4664372343759,0,1,7,App,Healthy,0.815
DNR_06726,26,M,O+,Multan,30.09146284882705,71.48699425326988,0,1,70,SMS,Healthy,0.4
DNR_06727,51,M,AB+,Faisalabad,31.430847771281076,73.1054061748239,1,2,35,App,Healthy,0.725
DNR_06728,38,M,AB+,Quetta,30.16708303509808,67.0348411576279,0,2,69,App,Healthy,0.5549999999999999
DNR_06729,39,M,A+,Faisalabad,31.433511287902704,73.1588100959119,1,1,76,SMS,Minor issues,0.26999999999999996
DNR_06730,18,M,B+,Karachi,24.8412182019171,67.07845063231747,1,3,103,SMS,Healthy,0.33499999999999996
DNR_06731,32,M,B+,Faisalabad,31.3842906637603,73.07114997618989,1,2,21,App,Healthy,0.7949999999999999
DNR_06732,36,M,O+,Multan,30.174635648850902,71.58115012566816,0,11,102,App,Healthy,0.84
DNR_06733,33,M,O+,Quetta,30.21311238019548,66.93874621289719,0,4,59,App,Minor issues,0.605
DNR_06734,18,M,O+,Lahore,31.573013359150547,74.39321338009431,1,2,16,SMS,Healthy,0.72
DNR_06735,41,F,O-,Peshawar,34.06335522852239,71.59271434119732,0,2,19,App,Healthy,0.8049999999999999
DNR_06736,33,F,O+,Lahore,31.47470079829888,74.29186509307732,1,4,15,App,Healthy,0.925
DNR_06737,34,F,B+,Multan,30.195186677224385,71.48252400647199,0,4,79,SMS,Healthy,0.505
DNR_06738,18,M,O+,Islamabad,33.61841229735048,73.00271402673462,1,1,42,App,Unhealthy,0.54
DNR_06739,18,F,A+,Multan,30.087970146771397,71.51521934376126,0,4,74,SMS,Unhealthy,0.43
DNR_06740,41,M,A+,Multan,30.138414731300156,71.59366258230973,0,6,113,Phone,Minor issues,0.3350000000000001
DNR_06741,46,M,B+,Quetta,30.239261162400805,67.03345618246918,0,7,58,SMS,Healthy,0.76
DNR_06742,41,M,AB-,Lahore,31.597829964363775,74.35072167807989,1,2,49,App,Healthy,0.6549999999999999
DNR_06743,25,F,A+,Lahore,31.490972229635254,74.41505472365017,1,5,108,App,Minor issues,0.4099999999999999
DNR_06744,21,M,A+,Islamabad,33.63219587379604,73.0498555174484,1,2,18,SMS,Healthy,0.71
DNR_06745,29,M,B+,Multan,30.18737060186875,71.46089668116156,0,8,48,SMS,Healthy,0.86
DNR_06746,39,M,A+,Karachi,24.93132894617717,67.01660751758223,1,3,58,App,Healthy,0.66
DNR_06747,35,M,B-,Lahore,31.501749335499984,74.41090326237355,1,2,56,SMS,Healthy,0.5199999999999999
DNR_06748,20,F,O+,Lahore,31.605492464478054,74.27667754567989,1,10,98,App,Healthy,0.8099999999999999
DNR_06749,31,M,A+,Islamabad,33.71351240699271,73.0453559649853,1,4,73,App,Healthy,0.635
DNR_06750,18,F,A+,Lahore,31.549404917312618,74.30514585419164,1,2,71,App,Healthy,0.5449999999999999
DNR_06751,37,M,A+,Faisalabad,31.350496651618574,73.0163827618759,1,2,88,App,Healthy,0.45999999999999996
DNR_06752,37,F,A+,Peshawar,33.99705918863034,71.62363813382512,0,0,227,Phone,Healthy,0.05
DNR_06753,27,M,A+,Quetta,30.143456354056685,66.9837378077865,0,7,106,Phone,Minor issues,0.42
DNR_06754,20,M,O+,Peshawar,33.9953222690688,71.57150637740129,0,2,89,SMS,Healthy,0.355
DNR_06755,19,F,A+,Islamabad,33.66602027441292,73.00915548778939,1,2,110,SMS,Minor issues,0.14999999999999994
DNR_06756,31,F,O+,Faisalabad,31.36101126436971,73.05727954462112,1,3,24,Phone,Healthy,0.73
DNR_06757,18,M,O+,Islamabad,33.6669746832346,72.9843491050654,1,2,58,App,Healthy,0.61
DNR_06758,26,M,A+,Peshawar,33.97849653488262,71.53677111149193,0,1,89,SMS,Minor issues,0.20499999999999996
DNR_06759,19,F,O+,Quetta,30.170201145718295,67.02596392344111,0,5,115,App,Healthy,0.475
DNR_06760,19,M,B+,Karachi,24.901085476424466,67.01974197534636,1,0,216,App,Minor issues,0.05
DNR_06761,27,M,B+,Multan,30.180912121918354,71.4705741982783,0,1,24,App,Healthy,0.73
DNR_06762,45,F,O+,Karachi,24.87984617656674,66.98950003190778,1,2,33,Phone,Healthy,0.6349999999999999
DNR_06763,19,M,B-,Lahore,31.579000402010852,74.32196228921126,1,1,56,Phone,Healthy,0.47
DNR_06764,22,M,A-,Faisalabad,31.395915568961875,73.14808760246254,1,5,10,App,Healthy,0.95
DNR_06765,20,F,A+,Lahore,31.58132332652599,74.30676270020793,1,1,115,App,Healthy,0.275
DNR_06766,23,M,B+,Quetta,30.115312558313402,66.96883342005299,0,3,114,App,Healthy,0.38
DNR_06767,27,M,A+,Islamabad,33.659198814769944,73.08908137518506,1,1,38,Phone,Unhealthy,0.45999999999999996
DNR_06768,28,M,O+,Islamabad,33.67239859841523,73.05879922132655,1,1,72,Phone,Minor issues,0.29
DNR_06769,26,M,B+,Multan,30.143580898327198,71.56998727884546,0,4,9,App,Healthy,0.95
DNR_06770,24,M,B+,Quetta,30.15184335295496,66.99545956048573,0,3,108,SMS,Healthy,0.30999999999999994
DNR_06771,55,M,B+,Multan,30.223479634784862,71.45852407602338,0,1,82,SMS,Healthy,0.33999999999999997
DNR_06772,35,F,A+,Islamabad,33.64478932479622,73.08345364593647,1,1,49,App,Healthy,0.605
DNR_06773,39,F,O+,Quetta,30.14960508316729,66.91781686133174,0,1,64,App,Healthy,0.5299999999999999
DNR_06774,51,F,B+,Islamabad,33.72888298736817,72.99332149394107,1,2,73,App,Healthy,0.5349999999999999
DNR_06775,29,F,B+,Multan,30.080657353640866,71.50380887051999,0,4,76,App,Minor issues,0.52
DNR_06776,18,F,B+,Faisalabad,31.49235614401433,73.12539659767697,1,1,35,SMS,Healthy,0.575
DNR_06777,24,F,B+,Faisalabad,31.444736245923952,72.99917403800818,1,4,104,SMS,Healthy,0.38
DNR_06778,18,M,A+,Islamabad,33.620153222252675,73.10403284263961,1,8,9,SMS,Unhealthy,0.95
DNR_06779,35,M,O+,Faisalabad,31.466759353647397,73.0155072064907,1,2,90,Phone,Healthy,0.35
DNR_06780,28,F,O+,Multan,30.159639837924168,71.53507433542198,0,3,117,SMS,Healthy,0.265
DNR_06781,52,M,B+,Faisalabad,31.371697311423045,73.00364079390093,1,3,76,App,Minor issues,0.47
DNR_06782,32,M,A+,Karachi,24.851292838831803,67.06556026167206,1,0,166,SMS,Healthy,0.05
DNR_06783,18,F,B+,Peshawar,34.09487480326908,71.55202024045771,0,3,94,SMS,Healthy,0.38
DNR_06784,37,M,B+,Multan,30.231127735275336,71.5240256896793,0,1,96,SMS,Healthy,0.27
DNR_06785,20,M,A+,Islamabad,33.64976848322916,73.09985097730419,1,6,119,App,Healthy,0.505
DNR_06786,18,M,O+,Lahore,31.55899645841603,74.40625987194483,1,3,99,SMS,Minor issues,0.255
DNR_06787,23,F,B-,Karachi,24.89477112275476,67.01093258986452,1,3,44,SMS,Healthy,0.63
DNR_06788,28,F,B+,Islamabad,33.671958245414075,72.97574564424227,1,9,99,App,Healthy,0.7549999999999999
DNR_06789,42,F,A+,Multan,30.170564853001856,71.47711542759674,0,1,112,Phone,Healthy,0.18999999999999995
DNR_06790,36,M,B+,Faisalabad,31.35700142188691,73.07675192709308,1,2,35,Phone,Minor issues,0.525
DNR_06791,37,M,O-,Lahore,31.507095608348003,74.38375066946587,1,7,72,App,Healthy,0.79
DNR_06792,34,M,A-,Karachi,24.913814715786046,66.93707958281702,1,2,17,SMS,Minor issues,0.615
DNR_06793,35,F,O+,Faisalabad,31.40741333850044,73.02923598152277,1,7,52,App,Healthy,0.8899999999999999
DNR_06794,34,M,O+,Peshawar,34.03656262357927,71.58386433781801,0,8,63,Phone,Healthy,0.785
DNR_06795,31,F,A+,Faisalabad,31.486646066261226,73.02378023172074,1,3,96,App,Minor issues,0.37
DNR_06796,30,F,AB-,Lahore,31.57848789839704,74.40917349682601,1,3,8,Phone,Unhealthy,0.71
DNR_06797,28,F,O+,Faisalabad,31.435303812364044,73.04973424377414,1,2,89,SMS,Healthy,0.355
DNR_06798,24,F,B+,Islamabad,33.70131585261283,73.07695624889047,1,6,92,SMS,Minor issues,0.44
DNR_06799,38,M,A-,Multan,30.172193357920342,71.53539026572872,0,4,76,App,Healthy,0.62
DNR_06800,36,M,O+,Karachi,24.893082415845907,67.07595478237033,1,5,100,SMS,Healthy,0.44999999999999996
DNR_06801,32,M,O+,Quetta,30.14161548156831,66.89660316062832,0,1,111,SMS,Healthy,0.19499999999999995
DNR_06802,33,M,A+,Multan,30.200236770485944,71.46705036335133,0,3,76,App,Healthy,0.57
DNR_06803,29,F,A+,Peshawar,34.0372661897924,71.6509482577772,0,2,72,App,Healthy,0.5399999999999999
DNR_06804,30,F,O+,Faisalabad,31.37209127821884,73.08225188549079,1,6,101,SMS,Healthy,0.495
DNR_06805,44,M,B-,Faisalabad,31.42443848499041,73.00749470488918,1,4,35,App,Minor issues,0.725
DNR_06806,47,M,O+,Quetta,30.21249081255349,66.93267521615367,0,3,11,App,Healthy,0.8949999999999999
DNR_06807,35,M,B+,Multan,30.08924822211458,71.55371541838983,0,2,43,App,Healthy,0.6849999999999999
DNR_06808,40,M,A+,Multan,30.186068510186793,71.49333789550518,0,4,108,Phone,Healthy,0.36
DNR_06809,46,M,A-,Peshawar,33.94411085649304,71.51727570199792,0,2,70,App,Healthy,0.5499999999999999
DNR_06810,31,F,A+,Faisalabad,31.368204780910638,73.02064680391557,1,2,8,Phone,Healthy,0.7599999999999999
DNR_06811,45,M,A+,Quetta,30.121231653910154,67.01937962204353,0,1,72,App,Healthy,0.49
DNR_06812,51,F,A+,Peshawar,34.08878607628932,71.5339085466575,0,2,38,App,Healthy,0.71
DNR_06813,27,M,O+,Multan,30.09849849880719,71.56681023357817,0,7,65,App,Healthy,0.825
DNR_06814,18,M,O+,Faisalabad,31.433270283629376,73.12990755333018,1,1,108,Phone,Healthy,0.20999999999999996
DNR_06815,22,M,AB+,Lahore,31.5726749406049,74.3426192815812,1,2,56,App,Healthy,0.6199999999999999
DNR_06816,31,M,A+,Multan,30.081195370908684,71.47380925903126,0,2,45,SMS,Healthy,0.575
DNR_06817,28,M,B+,Quetta,30.19758517505441,66.91389272082579,0,3,68,App,Healthy,0.61
DNR_06818,33,M,O+,Lahore,31.51816318049958,74.35593658658331,1,3,24,App,Healthy,0.83
DNR_06819,22,F,B+,Multan,30.14115823380558,71.50097319879265,0,4,108,SMS,Healthy,0.36
DNR_06820,50,M,B+,Lahore,31.604896734187918,74.26886042173321,1,7,45,SMS,Healthy,0.8250000000000001
DNR_06821,37,F,B+,Faisalabad,31.396316732547948,73.03238649730801,1,0,226,App,Healthy,0.05
DNR_06822,19,M,A-,Faisalabad,31.46966778942987,73.05491605429806,1,2,84,SMS,Healthy,0.38
DNR_06823,18,M,O+,Peshawar,33.984877392047814,71.58013359408017,0,4,114,App,Healthy,0.43000000000000005
DNR_06824,18,M,B+,Multan,30.193166139131158,71.4963491070719,0,1,44,App,Healthy,0.63
DNR_06825,42,M,AB+,Quetta,30.1927712336225,67.04274096522337,0,4,108,App,Healthy,0.45999999999999996
DNR_06826,34,F,O+,Islamabad,33.70299919683617,73.10766094722477,1,3,35,SMS,Healthy,0.6749999999999999
DNR_06827,18,F,B+,Quetta,30.141774485371,67.0481883914594,0,0,150,App,Healthy,0.05
DNR_06828,31,M,B+,Faisalabad,31.462264712690597,73.10928267678908,1,3,102,SMS,Healthy,0.33999999999999997
DNR_06829,41,M,O+,Multan,30.202653212331416,71.5774940670771,0,4,103,App,Healthy,0.485
DNR_06830,19,M,O+,Islamabad,33.67874975305824,72.96790931365362,1,3,39,App,Healthy,0.7549999999999999
DNR_06831,36,F,A+,Karachi,24.808665003383048,66.95061082440132,1,0,313,SMS,Healthy,0.05
DNR_06832,50,F,O+,Karachi,24.896121622135293,66.96357271382801,1,3,112,App,Minor issues,0.2899999999999999
DNR_06833,39,F,O-,Quetta,30.214830332918076,67.03689797028454,0,7,21,App,Healthy,0.95
DNR_06834,41,M,B+,Peshawar,33.985418356264084,71.5161072177071,0,2,22,Phone,Healthy,0.69
DNR_06835,41,F,B-,Islamabad,33.64286391049638,73.12547374351762,1,2,23,SMS,Healthy,0.6849999999999999
DNR_06836,48,M,O-,Islamabad,33.695676891957646,73.06827044147967,1,1,90,SMS,Healthy,0.29999999999999993
DNR_06837,26,M,A+,Faisalabad,31.373654522113785,73.05480841422349,1,5,58,App,Healthy,0.76
DNR_06838,24,F,A+,Multan,30.191979097692347,71.54926416349358,0,5,28,App,Healthy,0.9099999999999999
DNR_06839,18,M,O+,Karachi,24.86841321307399,67.00054633205815,1,2,114,SMS,Healthy,0.23000000000000004
DNR_06840,38,M,B+,Lahore,31.515640925948247,74.3607579318324,1,4,89,SMS,Healthy,0.45499999999999996
DNR_06841,26,M,B+,Karachi,24.796107806550648,67.06035944930767,1,5,38,SMS,Healthy,0.7599999999999999
DNR_06842,19,M,O+,Multan,30.19780667589844,71.54651777955246,0,2,94,Phone,Healthy,0.33
DNR_06843,18,M,A+,Multan,30.21300338829142,71.5028437036717,0,1,51,Phone,Healthy,0.495
DNR_06844,26,M,A+,Lahore,31.516237096926705,74.3596689458077,1,8,115,App,Healthy,0.625
DNR_06845,18,M,O+,Multan,30.15892791259866,71.49200529662805,0,3,87,App,Healthy,0.515
DNR_06846,34,M,B+,Peshawar,33.98628604921274,71.59174382500177,0,2,94,SMS,Minor issues,0.23
DNR_06847,41,F,B+,Lahore,31.529422425116103,74.28270891811202,1,6,13,App,Healthy,0.95
DNR_06848,42,F,O+,Karachi,24.914286220082932,67.04256087105973,1,2,77,SMS,Healthy,0.4149999999999999
DNR_06849,32,F,A-,Faisalabad,31.44317896402203,73.00384082229965,1,1,101,SMS,Unhealthy,0.14499999999999996
DNR_06850,27,F,B+,Multan,30.11130071373038,71.50330805270228,0,1,101,App,Healthy,0.345
DNR_06851,50,M,A+,Islamabad,33.66518037124614,73.06405147985598,1,3,59,SMS,Healthy,0.555
DNR_06852,34,F,A+,Peshawar,33.96061922607944,71.57458354012616,0,4,8,SMS,Healthy,0.86
DNR_06853,24,M,B+,Peshawar,34.0015372509945,71.63470873481785,0,2,10,SMS,Minor issues,0.6499999999999999
DNR_06854,32,M,B+,Peshawar,34.03068497541979,71.57009390269091,0,1,28,SMS,Minor issues,0.51
DNR_06855,46,M,B+,Lahore,31.471423079883706,74.37746254814304,1,3,33,App,Healthy,0.7849999999999999
DNR_06856,29,M,O+,Lahore,31.60857882978776,74.32207034572683,1,3,62,App,Healthy,0.64
DNR_06857,22,M,A+,Peshawar,33.96787917459476,71.54224737405885,0,0,178,App,Minor issues,0.05
DNR_06858,34,M,O+,Islamabad,33.636470100551264,73.04416491231743,1,4,16,Phone,Healthy,0.82
DNR_06859,40,M,B+,Multan,30.11633877245472,71.53139792639669,0,4,89,App,Healthy,0.5549999999999999
DNR_06860,19,M,A+,Quetta,30.18233846536704,66.99578096125538,0,3,97,Phone,Healthy,0.365
DNR_06861,22,F,AB+,Karachi,24.856420422995217,66.97322800965,1,2,16,SMS,Healthy,0.72
DNR_06862,35,F,O+,Lahore,31.513777643253253,74.36431982730059,1,2,80,App,Healthy,0.4999999999999999
DNR_06863,42,M,A+,Faisalabad,31.418515827518892,73.12260080681048,1,1,109,SMS,Healthy,0.20499999999999996
DNR_06864,24,M,O+,Peshawar,34.03834099178426,71.63516872514805,0,1,97,App,Minor issues,0.265
DNR_06865,18,F,O+,Lahore,31.550898440716548,74.28627437837248,1,5,17,App,Healthy,0.95
DNR_06866,28,F,O+,Peshawar,33.973275625540644,71.55138914050129,0,5,82,App,Minor issues,0.54
DNR_06867,18,M,B+,Faisalabad,31.37886578200594,73.05562121242977,1,6,56,SMS,Healthy,0.72
DNR_06868,45,M,A+,Faisalabad,31.477259185005078,73.15776054966706,1,6,80,App,Healthy,0.7
DNR_06869,30,M,O+,Faisalabad,31.364250001350772,73.04309895163162,1,0,371,SMS,Healthy,0.05
DNR_06870,18,M,O+,Karachi,24.913367348320868,67.07862393749134,1,3,67,SMS,Minor issues,0.415
DNR_06871,33,F,A+,Lahore,31.503238023540312,74.26918657553692,1,1,70,App,Healthy,0.5
DNR_06872,35,F,B-,Multan,30.13063497389222,71.57399546809091,0,3,96,SMS,Healthy,0.37
DNR_06873,28,M,O+,Lahore,31.506922759018547,74.34373335605059,1,2,26,Phone,Healthy,0.6699999999999999
DNR_06874,30,F,O+,Multan,30.17561183328149,71.59328959537612,0,12,72,Phone,Minor issues,0.8400000000000001
DNR_06875,28,M,B+,Islamabad,33.61741330815841,73.02956004413731,1,4,14,Phone,Healthy,0.83
DNR_06876,23,M,A+,Quetta,30.251001579696858,67.02675146953192,0,5,110,App,Healthy,0.4999999999999999
DNR_06877,18,M,B+,Faisalabad,31.453045486255547,73.10088174178344,1,2,72,SMS,Healthy,0.43999999999999995
DNR_06878,22,F,O+,Lahore,31.590716949052947,74.30283822628097,1,5,52,SMS,Healthy,0.69
DNR_06879,38,F,O+,Faisalabad,31.379005871205347,73.09601867634889,1,4,20,App,Healthy,0.8999999999999999
DNR_06880,38,M,A+,Faisalabad,31.35921354081613,73.08924718423202,1,3,33,SMS,Healthy,0.6849999999999999
DNR_06881,44,F,B+,Peshawar,33.97605229062554,71.54395213135314,0,1,45,Phone,Minor issues,0.425
DNR_06882,43,F,B+,Multan,30.124658896286718,71.57972271211949,0,4,18,SMS,Healthy,0.8099999999999999
DNR_06883,27,F,A+,Islamabad,33.653461565389186,72.98798792838917,1,2,73,App,Minor issues,0.43499999999999994
DNR_06884,28,M,A+,Quetta,30.10010327074685,66.93706077076591,0,1,113,App,Healthy,0.28500000000000003
DNR_06885,18,M,O+,Islamabad,33.71540247120972,73.02599676824211,1,6,45,App,Healthy,0.875
DNR_06886,33,M,O+,Islamabad,33.62594088342584,73.10988092163994,1,1,33,SMS,Healthy,0.585
DNR_06887,38,F,B+,Faisalabad,31.476334376832455,73.1406646273616,1,2,86,App,Healthy,0.47
DNR_06888,41,M,B-,Lahore,31.5589968372032,74.28844088072351,1,2,108,Phone,Healthy,0.25999999999999995
DNR_06889,50,M,A+,Lahore,31.568492661366978,74.34347998287706,1,2,106,SMS,Healthy,0.26999999999999996
DNR_06890,32,M,O+,Lahore,31.62960537778438,74.38334462244175,1,3,27,App,Healthy,0.815
DNR_06891,31,F,A+,Islamabad,33.64558170394371,72.99416688837472,1,2,82,App,Healthy,0.49
DNR_06892,25,M,A+,Faisalabad,31.42232885131526,73.03279020256406,1,3,85,App,Healthy,0.525
DNR_06893,39,F,O+,Quetta,30.23819221937117,66.96784976114482,0,1,72,App,Healthy,0.49
DNR_06894,27,M,B+,Karachi,24.912395917221914,66.9289875040328,1,1,58,SMS,Healthy,0.45999999999999996
DNR_06895,27,F,O-,Lahore,31.566360977073963,74.36984665931107,1,5,36,App,Minor issues,0.7699999999999999
DNR_06896,36,M,B+,Quetta,30.12528793327447,67.05375719428139,0,2,73,App,Unhealthy,0.43499999999999994
DNR_06897,29,M,O-,Multan,30.22611593788394,71.58770716274422,0,3,16,App,Healthy,0.87
DNR_06898,38,F,O-,Lahore,31.51468355245602,74.4216494126927,1,1,78,Phone,Healthy,0.36
DNR_06899,31,F,AB+,Peshawar,34.02522744382123,71.61075152752211,0,4,49,SMS,Minor issues,0.5549999999999999
DNR_06900,25,M,A+,Karachi,24.90854129614145,67.01736240804237,1,1,80,SMS,Minor issues,0.24999999999999994
DNR_06901,19,M,B+,Quetta,30.137423718124996,66.9165844926596,0,2,43,SMS,Healthy,0.585
DNR_06902,31,M,B+,Lahore,31.588933210868724,74.40650963170768,1,6,67,App,Minor issues,0.6649999999999999
DNR_06903,33,M,O+,Islamabad,33.71275051709859,73.08186591555928,1,3,34,App,Healthy,0.7799999999999999
DNR_06904,23,F,B+,Multan,30.225594898309335,71.53531705569623,0,2,12,App,Healthy,0.84
DNR_06905,18,F,O+,Lahore,31.56996344415086,74.38714483465714,1,1,19,App,Healthy,0.755
DNR_06906,49,F,AB-,Multan,30.15102745082971,71.46275467311881,0,0,170,SMS,Unhealthy,0.05
DNR_06907,29,M,O+,Multan,30.182353386636194,71.55129079749341,0,1,20,App,Healthy,0.75
DNR_06908,32,F,O+,Islamabad,33.72227831548262,73.11554664350264,1,0,272,SMS,Minor issues,0.05
DNR_06909,29,M,O+,Lahore,31.55605050647549,74.35768822826346,1,4,68,App,Healthy,0.6599999999999999
DNR_06910,25,F,AB+,Lahore,31.62798192174807,74.39736887418663,1,1,88,App,Healthy,0.4099999999999999
DNR_06911,46,F,B+,Lahore,31.569457833909933,74.29183711991259,1,5,84,Phone,Healthy,0.53
DNR_06912,39,M,B+,Peshawar,33.957935273428106,71.64546206467203,0,2,51,SMS,Healthy,0.5449999999999999
DNR_06913,24,M,O+,Faisalabad,31.395094265349794,73.06729653917037,1,0,294,App,Healthy,0.05
DNR_06914,18,M,AB+,Peshawar,33.9824813389462,71.50383447784355,0,6,67,App,Healthy,0.7649999999999999
DNR_06915,48,M,B+,Karachi,24.816263517924913,66.98333403231813,1,1,78,App,Minor issues,0.36
DNR_06916,48,M,B+,Karachi,24.815197064812107,67.058743405689,1,5,89,App,Healthy,0.605
DNR_06917,26,F,B+,Faisalabad,31.487004011137287,73.0750658598825,1,2,29,App,Healthy,0.7549999999999999
DNR_06918,19,M,B+,Faisalabad,31.468726805679996,73.01367248895774,1,3,68,SMS,Unhealthy,0.41
DNR_06919,34,F,O+,Islamabad,33.64069945023177,72.97549328714118,1,2,52,SMS,Minor issues,0.43999999999999995
DNR_06920,44,M,O+,Faisalabad,31.36899112746993,73.13562376589128,1,0,169,SMS,Healthy,0.05
DNR_06921,48,F,O+,Karachi,24.86410716115741,66.92610571220389,1,3,74,App,Healthy,0.58
DNR_06922,29,F,AB+,Karachi,24.851205805044927,66.97916860451348,1,3,73,App,Healthy,0.585
DNR_06923,32,M,B+,Islamabad,33.71263823016933,72.99351105354282,1,2,118,SMS,Minor issues,0.11000000000000001
DNR_06924,37,F,B+,Islamabad,33.66733043415149,73.1204953350268,1,2,21,App,Minor issues,0.695
DNR_06925,46,F,A+,Quetta,30.1689994936489,66.90975878870117,0,4,90,App,Minor issues,0.44999999999999996
DNR_06926,38,M,AB+,Lahore,31.629546186337322,74.41166732041027,1,2,10,App,Healthy,0.8499999999999999
DNR_06927,33,F,O+,Lahore,31.51060200714706,74.3314622501515,1,4,13,App,Unhealthy,0.8349999999999999
DNR_06928,51,F,A+,Lahore,31.546793829381276,74.27542008206011,1,6,35,App,Minor issues,0.8250000000000001
DNR_06929,33,M,B+,Karachi,24.900956696147126,67.07145033722654,1,2,29,App,Healthy,0.7549999999999999
DNR_06930,25,F,O+,Faisalabad,31.43357948086468,73.0673837346324,1,3,113,App,Healthy,0.385
DNR_06931,19,F,O+,Islamabad,33.66447059725739,73.00460583901678,1,3,37,SMS,Healthy,0.6649999999999999
DNR_06932,18,M,A-,Karachi,24.91677574910013,67.04967641519495,1,1,119,SMS,Healthy,0.15500000000000003
DNR_06933,28,M,O-,Karachi,24.836376364159676,67.0564393558779,1,2,116,App,Healthy,0.32000000000000006
DNR_06934,24,M,AB-,Islamabad,33.727958278968515,73.07016908413296,1,1,56,App,Healthy,0.57
DNR_06935,38,F,O+,Faisalabad,31.39356663396706,73.10735469820658,1,2,118,App,Healthy,0.31000000000000005
DNR_06936,25,M,A-,Peshawar,34.018948582906596,71.63453862660892,0,2,70,Phone,Healthy,0.44999999999999996
DNR_06937,30,M,A+,Lahore,31.528776546302336,74.31996677501921,1,2,89,App,Healthy,0.45499999999999996
DNR_06938,46,M,O-,Quetta,30.18969380055467,66.95468911500636,0,9,118,App,Healthy,0.66
DNR_06939,18,M,B+,Faisalabad,31.393910577456534,73.04589174771544,1,0,344,SMS,Healthy,0.05
DNR_06940,25,M,B+,Karachi,24.814779397183173,67.00593152409502,1,4,68,SMS,Minor issues,0.45999999999999996
DNR_06941,37,F,O+,Peshawar,34.076792556848396,71.58497997013069,0,4,59,App,Unhealthy,0.605
DNR_06942,42,M,A+,Quetta,30.168777389225248,67.02332986412192,0,1,64,SMS,Healthy,0.42999999999999994
DNR_06943,27,F,A+,Lahore,31.554490357358105,74.350533383773,1,0,164,SMS,Healthy,0.05
DNR_06944,32,M,B+,Multan,30.137201202044853,71.46210324140324,0,0,349,Phone,Healthy,0.05
DNR_06945,32,F,A+,Lahore,31.59825364475656,74.32963650746623,1,4,17,SMS,Minor issues,0.7150000000000001
DNR_06946,55,M,A+,Peshawar,33.96237255837484,71.57075671470135,0,0,307,SMS,Healthy,0.05
DNR_06947,20,M,O-,Multan,30.13640440805967,71.54288969225959,0,4,48,SMS,Unhealthy,0.56
DNR_06948,37,M,O+,Faisalabad,31.39413829785871,73.0079940839365,1,1,48,SMS,Minor issues,0.41
DNR_06949,18,M,O+,Peshawar,33.970401490550046,71.60149328520313,0,1,82,SMS,Healthy,0.33999999999999997
DNR_06950,48,M,O+,Quetta,30.19928450679516,66.97218156594957,0,9,70,App,Unhealthy,0.7999999999999999
DNR_06951,18,F,A+,Multan,30.145879002205213,71.4973972004063,0,0,223,App,Healthy,0.05
DNR_06952,44,F,B+,Faisalabad,31.45480086227896,73.12280666113269,1,1,100,SMS,Healthy,0.24999999999999997
DNR_06953,31,M,A+,Karachi,24.793118069639775,66.95143572183208,1,2,48,App,Healthy,0.6599999999999999
DNR_06954,32,M,O+,Multan,30.093714630042346,71.48721659580721,0,8,34,App,Healthy,0.95
DNR_06955,33,F,A+,Peshawar,33.972460489840266,71.53508332177532,0,2,76,App,Minor issues,0.41999999999999993
DNR_06956,48,M,AB-,Faisalabad,31.365102881062434,73.04862447463724,1,6,16,App,Healthy,0.95
DNR_06957,50,F,O+,Karachi,24.926636516108296,67.05148298898042,1,4,14,Phone,Healthy,0.83
DNR_06958,29,M,O+,Peshawar,34.01718144323279,71.52166242333698,0,2,47,SMS,Healthy,0.565
DNR_06959,18,M,A+,Quetta,30.10118968989602,66.91000020265965,0,0,247,SMS,Healthy,0.05
DNR_06960,51,M,O+,Lahore,31.549640362050965,74.39629549133858,1,2,75,SMS,Healthy,0.42499999999999993
DNR_06961,26,M,O-,Lahore,31.53302250781012,74.39620260965606,1,4,112,SMS,Healthy,0.33999999999999997
DNR_06962,18,F,AB+,Islamabad,33.623903147509935,73.1225378336337,1,6,32,App,Healthy,0.94
DNR_06963,40,M,AB-,Karachi,24.907053051982654,67.03730495508673,1,3,92,SMS,Healthy,0.39
DNR_06964,33,M,A+,Quetta,30.23469402778718,66.90134657840585,0,0,261,SMS,Minor issues,0.05
DNR_06965,50,F,O+,Islamabad,33.7548218873703,73.1266752180404,1,6,39,App,Minor issues,0.805
DNR_06966,60,M,O+,Lahore,31.560487166811388,74.30476658302904,1,1,111,SMS,Healthy,0.19499999999999995
DNR_06967,24,M,AB-,Islamabad,33.67362182851561,72.99123661688392,1,2,56,SMS,Healthy,0.5199999999999999
DNR_06968,32,M,AB+,Faisalabad,31.37850969225621,73.0473276079496,1,1,68,SMS,Minor issues,0.30999999999999994
DNR_06969,40,F,B+,Islamabad,33.75216806919434,72.99296902682906,1,0,159,Phone,Healthy,0.05
DNR_06970,36,F,O-,Islamabad,33.688379934514046,73.02091356756128,1,14,114,SMS,Healthy,0.8300000000000001
DNR_06971,37,M,B+,Faisalabad,31.47882154532746,73.04620388558108,1,2,38,Phone,Healthy,0.61
DNR_06972,23,F,A+,Lahore,31.5296678518527,74.29994324564382,1,2,61,App,Healthy,0.595
DNR_06973,36,F,A+,Islamabad,33.624391577677564,73.07770741973124,1,1,43,SMS,Healthy,0.535
DNR_06974,47,M,O+,Karachi,24.87919781728027,67.02311209203035,1,4,9,App,Healthy,0.95
DNR_06975,38,M,O+,Peshawar,34.05212611172896,71.63116153581409,0,3,116,App,Healthy,0.37
DNR_06976,20,M,B+,Lahore,31.558442312205884,74.34343967532159,1,3,35,App,Healthy,0.7749999999999999
DNR_06977,30,M,O+,Faisalabad,31.374862607039557,73.1107749973042,1,4,103,Phone,Healthy,0.385
DNR_06978,20,F,B+,Faisalabad,31.365941553077292,73.05963471926647,1,2,83,App,Minor issues,0.385
DNR_06979,40,M,AB-,Faisalabad,31.473094803106715,73.09481487792739,1,5,46,App,Healthy,0.82
DNR_06980,48,F,A+,Islamabad,33.76183751456144,73.01554883616178,1,2,74,SMS,Healthy,0.42999999999999994
DNR_06981,42,F,O+,Islamabad,33.70647200825468,73.10369262288175,1,2,52,Phone,Unhealthy,0.43999999999999995
DNR_06982,46,F,B-,Quetta,30.139018781814414,67.02543564188504,0,1,28,App,Minor issues,0.61
DNR_06983,59,M,O+,Lahore,31.58912078063728,74.29750379027797,1,6,59,App,Healthy,0.8049999999999999
DNR_06984,29,F,B+,Faisalabad,31.48796537421106,73.12339610630694,1,1,115,App,Healthy,0.275
DNR_06985,46,F,A+,Quetta,30.217181565015668,66.99605195079985,0,5,11,Phone,Healthy,0.8949999999999999
DNR_06986,18,M,AB-,Faisalabad,31.44817489708108,73.05394190896511,1,3,73,SMS,Unhealthy,0.385
DNR_06987,36,M,O+,Multan,30.18041207087055,71.58086637880832,0,1,11,App,Healthy,0.7949999999999999
DNR_06988,40,M,B+,Faisalabad,31.3850216838826,73.14295930051256,1,4,102,Phone,Unhealthy,0.29
DNR_06989,49,M,O-,Lahore,31.596014006991886,74.31686411691098,1,1,116,App,Healthy,0.27
DNR_06990,47,M,B+,Quetta,30.12100094987654,67.0168193739937,0,3,77,SMS,Healthy,0.46499999999999997
DNR_06991,29,M,A+,Quetta,30.207135167370545,66.9435225672779,0,3,76,SMS,Minor issues,0.37
DNR_06992,43,F,O+,Karachi,24.915304092478564,67.01945956877132,1,7,106,Phone,Unhealthy,0.42
DNR_06993,29,M,O+,Faisalabad,31.34971601032297,73.09693840069531,1,3,34,SMS,Healthy,0.6799999999999999
DNR_06994,38,F,A+,Quetta,30.149512989183247,66.90926334752464,0,1,91,Phone,Healthy,0.29499999999999993
DNR_06995,54,F,B+,Faisalabad,31.472036549513057,73.03299822014466,1,3,90,SMS,Healthy,0.4
DNR_06996,39,M,A+,Lahore,31.556957314279853,74.40364870739272,1,6,119,SMS,Healthy,0.405
DNR_06997,28,F,O+,Peshawar,34.07873774242418,71.57225818905889,0,7,104,SMS,Healthy,0.53
DNR_06998,25,M,O+,Quetta,30.22549070429768,66.91693710460754,0,2,7,SMS,Healthy,0.7649999999999999
DNR_06999,34,F,B+,Karachi,24.913413490834806,66.93103928197672,1,6,22,SMS,Healthy,0.89
DNR_07000,57,M,B-,Lahore,31.547799494248974,74.28573220328094,1,9,119,App,Healthy,0.655
DNR_07001,60,M,B+,Quetta,30.202718764845212,66.99556143544757,0,3,55,SMS,Healthy,0.575
DNR_07002,48,M,A+,Peshawar,34.0844782867014,71.63991363143155,0,2,60,App,Minor issues,0.5
DNR_07003,38,F,B+,Lahore,31.51920333982287,74.2762657351811,1,1,46,SMS,Healthy,0.52
DNR_07004,44,M,O+,Faisalabad,31.478785701109327,73.07521818789542,1,6,50,SMS,Minor issues,0.65
DNR_07005,46,M,O+,Faisalabad,31.453393099659884,73.04579420615914,1,3,84,Phone,Healthy,0.43000000000000005
DNR_07006,18,M,O+,Quetta,30.216685835387068,67.03717761529924,0,6,67,SMS,Minor issues,0.565
DNR_07007,21,M,O+,Multan,30.158501428213214,71.5642568945685,0,7,79,App,Minor issues,0.6549999999999999
DNR_07008,32,M,O+,Multan,30.172710770169623,71.49497628549132,0,1,53,App,Healthy,0.585
DNR_07009,25,M,O+,Peshawar,33.974380018183766,71.62697889802928,0,3,66,App,Healthy,0.62
DNR_07010,25,M,O-,Faisalabad,31.466180371312614,73.0250095926901,1,2,50,SMS,Healthy,0.5499999999999999
DNR_07011,41,M,A+,Quetta,30.194136265973093,66.92356125853912,0,5,113,Phone,Healthy,0.385
DNR_07012,33,F,O+,Islamabad,33.70859662110538,73.01263060745165,1,2,26,SMS,Healthy,0.6699999999999999
DNR_07013,20,M,O+,Islamabad,33.623352487837685,73.08967083352762,1,2,33,SMS,Healthy,0.6349999999999999
DNR_07014,39,F,B+,Islamabad,33.694939346622114,73.10169480558504,1,3,15,SMS,Healthy,0.775
DNR_07015,24,M,B+,Multan,30.097988436194026,71.5639508275403,0,0,308,SMS,Healthy,0.05
DNR_07016,26,M,O-,Lahore,31.61841339289067,74.39720638142632,1,0,295,App,Healthy,0.05
DNR_07017,18,M,A+,Lahore,31.620472407287757,74.35877540137132,1,1,90,SMS,Healthy,0.29999999999999993
DNR_07018,18,F,O+,Multan,30.150208869984947,71.57646535206734,0,3,36,App,Healthy,0.77
DNR_07019,44,F,O+,Lahore,31.527644087422892,74.37870281066927,1,1,40,SMS,Healthy,0.5499999999999999
DNR_07020,22,M,O+,Lahore,31.540885293616125,74.28310747906032,1,0,174,SMS,Healthy,0.05
DNR_07021,41,M,O+,Peshawar,34.06816910691632,71.60161655494733,0,0,200,App,Minor issues,0.05
DNR_07022,36,M,O+,Quetta,30.188311139745082,67.03674490040258,0,3,34,SMS,Healthy,0.6799999999999999
DNR_07023,32,M,B+,Karachi,24.922141943178858,66.95562022832458,1,1,68,App,Unhealthy,0.4099999999999999
DNR_07024,29,F,A+,Multan,30.22373719614722,71.57025343029606,0,3,83,SMS,Minor issues,0.335
DNR_07025,51,M,O-,Islamabad,33.68182553140273,73.0656459316546,1,4,91,App,Healthy,0.5449999999999999
DNR_07026,19,F,O+,Faisalabad,31.460759179060705,72.99913155904306,1,0,201,Phone,Healthy,0.05
DNR_07027,56,M,O+,Peshawar,34.05057570541343,71.57660319323344,0,2,109,App,Healthy,0.355
DNR_07028,42,M,A+,Quetta,30.13535721211078,67.00016955308882,0,1,87,App,Healthy,0.4149999999999999
DNR_07029,19,F,O+,Peshawar,34.086175402824544,71.50628074553833,0,3,53,App,Minor issues,0.585
DNR_07030,24,M,A+,Karachi,24.940190606466317,67.0085436358377,1,4,51,SMS,Healthy,0.6449999999999999
DNR_07031,45,F,A+,Peshawar,33.98160951146927,71.56775943837837,0,2,118,App,Minor issues,0.21000000000000002
DNR_07032,18,F,O+,Karachi,24.831874667336372,67.0421853965726,1,3,87,SMS,Healthy,0.41500000000000004
DNR_07033,59,F,O+,Karachi,24.796601488683102,66.92770606073519,1,0,193,App,Minor issues,0.05
DNR_07034,28,F,A+,Karachi,24.84611160732487,66.9482650209795,1,4,52,SMS,Minor issues,0.54
DNR_07035,20,F,A+,Peshawar,34.03015109259984,71.5147347209782,0,2,18,App,Healthy,0.8099999999999999
DNR_07036,37,F,B+,Lahore,31.540134419792505,74.3934925676828,1,4,115,SMS,Healthy,0.32500000000000007
DNR_07037,18,F,B+,Quetta,30.181586995278753,67.00405841984904,0,5,65,App,Healthy,0.7249999999999999
DNR_07038,41,F,O+,Faisalabad,31.441317057242692,73.12431023194424,1,2,109,App,Healthy,0.355
DNR_07039,18,F,A+,Quetta,30.14636144633425,66.998720443116,0,4,90,SMS,Healthy,0.44999999999999996
DNR_07040,36,M,B+,Faisalabad,31.476850687861774,73.07932820616956,1,2,67,SMS,Minor issues,0.365
DNR_07041,18,M,O+,Faisalabad,31.475498223525598,73.15135583540068,1,5,109,App,Healthy,0.5049999999999999
DNR_07042,30,M,B+,Karachi,24.85483329087198,67.00200348579123,1,7,49,App,Healthy,0.905
DNR_07043,19,M,A-,Karachi,24.834549363354718,66.99413737845309,1,4,65,App,Minor issues,0.575
DNR_07044,18,F,B+,Karachi,24.888505103489308,66.92418492125941,1,10,116,Phone,Healthy,0.62
DNR_07045,33,F,A+,Quetta,30.181863467045165,66.96056110068851,0,4,117,App,Healthy,0.41500000000000004
DNR_07046,36,M,O-,Lahore,31.54913239244359,74.4021034598199,1,3,33,App,Unhealthy,0.6849999999999999
DNR_07047,29,M,O+,Lahore,31.59010935854654,74.30519926080166,1,1,67,SMS,Healthy,0.4149999999999999
DNR_07048,26,M,B+,Peshawar,34.06101193639274,71.56254417711506,0,12,30,SMS,Healthy,0.95
DNR_07049,44,M,AB-,Multan,30.159683142290437,71.46180798924861,0,6,112,SMS,Healthy,0.43999999999999995
DNR_07050,21,M,B+,Peshawar,34.04332040617672,71.60152474050633,0,3,11,App,Healthy,0.8949999999999999
DNR_07051,26,M,O+,Karachi,24.81596174254302,67.0556613907051,1,2,86,SMS,Healthy,0.37
DNR_07052,28,M,A+,Quetta,30.165930457320776,66.89543640863576,0,2,45,Phone,Healthy,0.575
DNR_07053,45,F,A-,Multan,30.078774280670338,71.52672662252425,0,8,94,App,Healthy,0.73
DNR_07054,27,F,B+,Quetta,30.119819836576152,66.96083950535197,0,5,21,SMS,Healthy,0.845
DNR_07055,49,M,A+,Islamabad,33.64037531100279,73.04955852201861,1,3,111,App,Healthy,0.3949999999999999
DNR_07056,43,F,A-,Faisalabad,31.350867990121237,73.15079934331087,1,4,77,App,Minor issues,0.515
DNR_07057,37,M,O+,Faisalabad,31.482139322387745,73.09019715014216,1,2,77,SMS,Minor issues,0.31499999999999995
DNR_07058,20,M,O+,Multan,30.185718762815213,71.51317616071714,0,2,65,Phone,Healthy,0.475
DNR_07059,35,M,A+,Islamabad,33.672091735815094,73.02708308742358,1,4,36,SMS,Unhealthy,0.62
DNR_07060,18,M,B+,Lahore,31.537517391903453,74.3874369003982,1,5,77,App,Minor issues,0.565
DNR_07061,18,M,O+,Karachi,24.903462803232333,66.9613932256875,1,4,88,App,Healthy,0.5599999999999999
DNR_07062,42,F,B+,Peshawar,34.086209414238006,71.5464720005053,0,4,18,App,Healthy,0.9099999999999999
DNR_07063,41,M,O+,Lahore,31.583877171556225,74.31338638528791,1,2,77,App,Healthy,0.5149999999999999
DNR_07064,45,M,AB-,Quetta,30.218984223766057,66.96346308195572,0,1,22,App,Healthy,0.74
DNR_07065,18,M,A+,Peshawar,34.077216247147334,71.65954441772512,0,1,12,App,Healthy,0.79
DNR_07066,23,M,O-,Karachi,24.92557939873455,67.00271657040513,1,4,46,SMS,Minor issues,0.5700000000000001
DNR_07067,41,F,B-,Faisalabad,31.347293453953192,73.122224401647,1,8,65,App,Minor issues,0.775
DNR_07068,26,M,O+,Faisalabad,31.42527388585165,73.10514064514135,1,4,62,SMS,Healthy,0.59
DNR_07069,51,M,B+,Peshawar,33.970062844211476,71.57896205805446,0,5,103,Phone,Healthy,0.43499999999999994
DNR_07070,47,M,B+,Quetta,30.12625456712182,67.01408254890245,0,4,11,App,Healthy,0.9449999999999998
DNR_07071,19,M,B+,Multan,30.11732474596932,71.58312712401299,0,2,87,Phone,Minor issues,0.265
DNR_07072,29,M,B+,Faisalabad,31.435740344679754,73.11509166748222,1,1,10,App,Minor issues,0.7
DNR_07073,41,F,A-,Faisalabad,31.36311999362617,73.11319094545046,1,2,109,App,Healthy,0.355
DNR_07074,34,M,B+,Quetta,30.2425147038065,66.93229542996168,0,6,89,SMS,Minor issues,0.455
DNR_07075,31,F,B+,Multan,30.21300334703321,71.45025545809547,0,6,21,App,Healthy,0.95
DNR_07076,44,F,AB-,Islamabad,33.62392058285396,73.09143029461136,1,6,8,App,Healthy,0.95
DNR_07077,28,M,O+,Multan,30.184902766844168,71.59123403214856,0,4,25,App,Healthy,0.875
DNR_07078,51,M,A+,Islamabad,33.680776707239154,73.07736829094094,1,7,70,SMS,Healthy,0.7000000000000001
DNR_07079,39,F,B+,Multan,30.223934744659637,71.47868642330138,0,0,336,Phone,Minor issues,0.05
DNR_07080,44,F,B+,Quetta,30.1573421453672,67.02980743282578,0,2,98,App,Healthy,0.41000000000000003
DNR_07081,29,M,O+,Peshawar,34.07995398836433,71.60005075677276,0,3,96,SMS,Healthy,0.37
DNR_07082,33,M,B+,Islamabad,33.71712641506829,73.04655608646776,1,2,68,App,Healthy,0.5599999999999999
DNR_07083,44,F,B+,Multan,30.124263658373113,71.54070672274423,0,6,94,SMS,Healthy,0.53
DNR_07084,36,M,B-,Quetta,30.10846573683145,66.95509188126195,0,3,94,App,Minor issues,0.38
DNR_07085,30,F,O-,Multan,30.092929431224764,71.53112546179331,0,2,76,SMS,Minor issues,0.31999999999999995
DNR_07086,41,M,O-,Lahore,31.53333344835339,74.34683590976792,1,0,345,App,Healthy,0.05
DNR_07087,36,M,AB-,Peshawar,33.9383400228369,71.53046553294905,0,4,89,SMS,Healthy,0.45499999999999996
DNR_07088,36,M,A+,Karachi,24.921216922851627,67.06763805272556,1,1,24,SMS,Unhealthy,0.53
DNR_07089,43,M,O+,Faisalabad,31.49763090945125,73.05892698183526,1,2,18,App,Healthy,0.8099999999999999
DNR_07090,41,M,A+,Lahore,31.514857236576308,74.32336999220416,1,1,86,App,Minor issues,0.31999999999999995
DNR_07091,21,M,O+,Multan,30.088804836265833,71.44974414403431,0,0,342,SMS,Minor issues,0.05
DNR_07092,39,M,AB-,Lahore,31.478297973943977,74.38724359774272,1,7,18,SMS,Healthy,0.95
DNR_07093,56,M,AB-,Quetta,30.219968036899328,66.96678301621814,0,2,29,App,Healthy,0.7549999999999999
DNR_07094,54,M,O+,Multan,30.12550340966108,71.49623854079726,0,2,73,Phone,Healthy,0.43499999999999994
DNR_07095,49,F,O-,Faisalabad,31.48752053864615,73.14568116640103,1,3,103,App,Healthy,0.43499999999999994
DNR_07096,26,M,A+,Islamabad,33.69662103341554,73.06166710499909,1,1,119,SMS,Minor issues,0.05500000000000001
DNR_07097,45,F,O+,Karachi,24.78580176362968,67.04365400577994,1,0,195,Phone,Minor issues,0.05
DNR_07098,27,M,O+,Karachi,24.808759207534393,66.93774027807362,1,1,41,Phone,Healthy,0.545
DNR_07099,30,F,O+,Quetta,30.138783843086028,66.97354739394525,0,7,82,SMS,Healthy,0.64
DNR_07100,18,M,O+,Islamabad,33.61441700197739,73.10941012376102,1,2,93,SMS,Healthy,0.33499999999999996
DNR_07101,38,M,A+,Peshawar,33.99796454925829,71.63570653137548,0,2,106,Phone,Minor issues,0.16999999999999996
DNR_07102,20,F,A+,Quetta,30.230134103982085,67.0113492082926,0,4,108,SMS,Minor issues,0.25999999999999995
DNR_07103,23,M,O+,Multan,30.208003538970488,71.52410187489484,0,2,104,SMS,Healthy,0.27999999999999997
DNR_07104,31,M,O+,Faisalabad,31.48094103155958,73.14356701226251,1,4,11,App,Healthy,0.9449999999999998
DNR_07105,23,F,A-,Multan,30.113485968284333,71.488717468509,0,2,114,SMS,Healthy,0.23000000000000004
DNR_07106,43,M,B-,Peshawar,34.07905355145901,71.61235530739292,0,2,117,App,Healthy,0.31500000000000006
DNR_07107,40,F,O+,Peshawar,33.94970495495362,71.55664401875048,0,2,97,App,Healthy,0.41500000000000004
DNR_07108,23,M,B+,Multan,30.20211886228018,71.51464002857556,0,1,113,SMS,Healthy,0.18500000000000005
DNR_07109,49,F,O-,Quetta,30.17156896508037,66.91044470748434,0,3,91,SMS,Healthy,0.395
DNR_07110,38,F,B+,Lahore,31.62448594207164,74.40028317400706,1,9,69,App,Healthy,0.905
DNR_07111,48,F,A+,Karachi,24.85722407765513,67.0276372429641,1,4,17,App,Healthy,0.915
DNR_07112,38,F,B+,Karachi,24.850868652030734,67.05898930585847,1,1,110,App,Healthy,0.29999999999999993
DNR_07113,26,F,A+,Islamabad,33.76286734028781,73.01433534177423,1,2,85,App,Healthy,0.475
DNR_07114,22,M,A+,Karachi,24.8608138682808,67.0418543123245,1,6,94,App,Healthy,0.63
DNR_07115,39,M,A+,Islamabad,33.737759119372406,73.01710268027519,1,2,75,App,Unhealthy,0.42499999999999993
DNR_07116,48,M,A+,Faisalabad,31.45521341231311,73.13223981688502,1,9,68,SMS,Healthy,0.8099999999999999
DNR_07117,34,M,B+,Multan,30.18930434486677,71.44613341585341,0,3,108,App,Healthy,0.4099999999999999
DNR_07118,42,F,O+,Quetta,30.179993138683805,66.89910140472432,0,1,94,SMS,Minor issues,0.18
DNR_07119,36,F,B+,Islamabad,33.68297904616749,73.02678629172578,1,5,110,Phone,Healthy,0.3999999999999999
DNR_07120,24,F,O+,Multan,30.11179819107563,71.53769828565515,0,0,327,Phone,Minor issues,0.05
DNR_07121,43,M,B-,Lahore,31.505299950705727,74.2876153493563,1,1,100,App,Healthy,0.35
DNR_07122,42,M,B+,Karachi,24.843617595274342,67.04149433626952,1,0,216,App,Healthy,0.05
DNR_07123,18,F,B+,Faisalabad,31.4829543348732,73.05827891021693,1,3,32,App,Healthy,0.7899999999999999
DNR_07124,46,F,A+,Lahore,31.49381071140706,74.41675464427941,1,2,49,App,Minor issues,0.5549999999999999
DNR_07125,41,M,O+,Multan,30.077890544177812,71.60170790252141,0,8,58,App,Healthy,0.9099999999999999
DNR_07126,24,M,A+,Peshawar,33.944737906514355,71.52361808020481,0,8,13,App,Unhealthy,0.95
DNR_07127,59,M,A+,Multan,30.09561290935154,71.5184718877974,0,0,285,SMS,Healthy,0.05
DNR_07128,27,M,A+,Faisalabad,31.377137889931245,73.13883973483661,1,1,75,App,Healthy,0.475
DNR_07129,27,F,A+,Faisalabad,31.377323377019728,73.03041065693431,1,5,97,SMS,Minor issues,0.365
DNR_07130,31,M,B+,Quetta,30.214955390258392,66.95876920166253,0,1,8,SMS,Healthy,0.71
DNR_07131,33,M,B+,Islamabad,33.63806297669087,73.10718819503774,1,2,109,SMS,Unhealthy,0.15499999999999994
DNR_07132,37,M,B+,Quetta,30.139715950694825,66.90094320951837,0,1,93,App,Healthy,0.3849999999999999
DNR_07133,27,F,A+,Faisalabad,31.414787583283687,73.15508693071662,1,5,67,SMS,Healthy,0.6149999999999999
DNR_07134,29,M,A+,Lahore,31.47371049658883,74.41431902575064,1,4,17,App,Healthy,0.915
DNR_07135,36,M,A-,Karachi,24.82699045984329,67.01618083928668,1,0,320,App,Healthy,0.05
DNR_07136,25,F,A+,Islamabad,33.62903473081302,73.08303791579516,1,2,8,App,Healthy,0.8599999999999999
DNR_07137,39,M,A+,Lahore,31.541623741584015,74.33405869047273,1,3,64,SMS,Minor issues,0.43
DNR_07138,47,F,B+,Faisalabad,31.408902788246497,73.11302065909972,1,1,112,SMS,Healthy,0.18999999999999995
DNR_07139,23,F,B+,Peshawar,33.9422651092516,71.60482978341129,0,4,71,Phone,Unhealthy,0.445
DNR_07140,41,M,AB-,Faisalabad,31.372753301182986,73.05694813787404,1,4,9,SMS,Healthy,0.8549999999999999
DNR_07141,51,F,O+,Multan,30.099945741162195,71.46367578741948,0,3,108,App,Unhealthy,0.30999999999999994
DNR_07142,23,F,O+,Islamabad,33.68409564102626,73.03022514065526,1,1,80,Phone,Healthy,0.35
DNR_07143,20,M,B+,Faisalabad,31.46981220103366,73.1197869392317,1,3,84,SMS,Healthy,0.43000000000000005
DNR_07144,28,M,O+,Islamabad,33.662692745318104,73.04350849211512,1,2,73,App,Healthy,0.5349999999999999
DNR_07145,38,M,B+,Lahore,31.592176619657785,74.39288012656776,1,2,14,SMS,Healthy,0.73
DNR_07146,47,F,B+,Karachi,24.929299764915584,67.03420606157667,1,1,98,App,Healthy,0.36
DNR_07147,34,F,B+,Multan,30.21719227527628,71.44622616999986,0,2,112,SMS,Healthy,0.23999999999999994
DNR_07148,32,M,A+,Peshawar,34.08425503218175,71.5914509553445,0,5,57,App,Minor issues,0.6649999999999999
DNR_07149,22,F,B-,Multan,30.216897343715765,71.54351481908405,0,5,77,App,Healthy,0.6649999999999999
DNR_07150,42,M,A+,Multan,30.155543840378172,71.48861473220072,0,1,39,App,Healthy,0.6549999999999999
DNR_07151,49,F,B-,Lahore,31.5686795488898,74.3262802099947,1,3,17,Phone,Minor issues,0.665
DNR_07152,28,F,B+,Multan,30.1505439342766,71.46881981501663,0,0,385,SMS,Healthy,0.05
DNR_07153,59,M,B+,Faisalabad,31.351531770415548,73.15750240397901,1,5,60,Phone,Healthy,0.65
DNR_07154,20,F,O+,Karachi,24.802429800057666,67.04512647896208,1,6,90,App,Healthy,0.65
DNR_07155,37,F,A-,Faisalabad,31.49635179521024,73.0743592322397,1,1,21,App,Minor issues,0.645
DNR_07156,32,F,B+,Peshawar,33.94119216191425,71.5515692120889,0,3,91,App,Healthy,0.495
DNR_07157,45,M,O+,Peshawar,33.93656313314082,71.64940324525217,0,4,108,App,Healthy,0.45999999999999996
DNR_07158,25,M,O-,Faisalabad,31.392726551619,73.00012337843735,1,1,24,Phone,Healthy,0.63
DNR_07159,22,M,A+,Faisalabad,31.490148306784608,73.05765169001786,1,3,58,Phone,Healthy,0.56
DNR_07160,19,F,B+,Peshawar,34.040871056505175,71.63889205997425,0,1,97,App,Healthy,0.365
DNR_07161,18,F,O+,Islamabad,33.6383404227513,72.9882470565032,1,3,101,Phone,Healthy,0.345
DNR_07162,36,M,AB-,Islamabad,33.70390419283115,73.09167834030606,1,3,10,App,Healthy,0.8999999999999999
DNR_07163,18,M,A+,Quetta,30.13317752334805,66.90328723339852,0,5,46,App,Healthy,0.82
DNR_07164,29,M,O+,Peshawar,34.012059928194596,71.55637627141239,0,3,45,App,Minor issues,0.625
DNR_07165,56,F,A+,Peshawar,34.06931662372516,71.63205556418568,0,3,62,App,Healthy,0.64
DNR_07166,18,M,AB+,Faisalabad,31.384603076506895,73.11188917170395,1,1,76,App,Minor issues,0.37
DNR_07167,18,M,O+,Quetta,30.15992088129271,67.02217079115049,0,0,361,App,Healthy,0.05
DNR_07168,18,M,B+,Karachi,24.851228855191668,67.08096881471317,1,4,67,App,Healthy,0.6649999999999999
DNR_07169,43,M,A+,Peshawar,34.01585019657169,71.65438351433178,0,2,50,Phone,Healthy,0.5499999999999999
DNR_07170,40,M,A+,Lahore,31.492821328442954,74.34399335174461,1,2,11,SMS,Healthy,0.7449999999999999
DNR_07171,35,M,B+,Karachi,24.797793619788834,66.93645156506273,1,2,16,SMS,Healthy,0.72
DNR_07172,41,F,O+,Multan,30.237310988340724,71.53566116373663,0,2,27,SMS,Healthy,0.6649999999999999
DNR_07173,46,M,A+,Peshawar,33.978574413015046,71.50297223805694,0,9,16,App,Unhealthy,0.95
DNR_07174,40,F,B+,Faisalabad,31.411448906027534,73.09865291482302,1,3,115,App,Unhealthy,0.275
DNR_07175,32,M,B+,Faisalabad,31.397641359154566,73.08075568763894,1,2,61,Phone,Healthy,0.495
DNR_07176,29,M,B+,Islamabad,33.60879180834043,73.09363901286912,1,4,81,App,Healthy,0.595
DNR_07177,36,F,A+,Quetta,30.25968341010658,66.93855443671482,0,4,15,Phone,Healthy,0.8250000000000001
DNR_07178,37,M,O+,Karachi,24.92303028281671,67.04590827650163,1,5,34,Phone,Healthy,0.7799999999999999
DNR_07179,57,F,O+,Islamabad,33.664395957445805,73.02808376044365,1,7,29,App,Healthy,0.95
DNR_07180,41,F,B-,Karachi,24.91420830258289,67.05751138954254,1,3,96,Phone,Healthy,0.37
DNR_07181,47,M,A+,Quetta,30.191718041959717,67.02717279649308,0,6,73,App,Healthy,0.735
DNR_07182,18,M,A+,Lahore,31.519041238126178,74.30624838484019,1,1,105,SMS,Minor issues,0.12499999999999996
DNR_07183,34,M,AB-,Karachi,24.805084988644897,67.03212497552721,1,7,29,SMS,Healthy,0.9049999999999999
DNR_07184,48,F,B+,Quetta,30.119759909947998,66.9170936840243,0,15,69,SMS,Healthy,0.95
DNR_07185,27,M,A+,Quetta,30.238944518743136,66.92496669918437,0,1,89,App,Minor issues,0.30499999999999994
DNR_07186,26,F,O+,Karachi,24.873641955386617,66.94202312149626,1,2,40,App,Minor issues,0.6
DNR_07187,25,M,A+,Lahore,31.570884335865742,74.35195446489938,1,0,210,App,Healthy,0.05
DNR_07188,21,F,O-,Karachi,24.819638676235364,67.08057210224052,1,4,35,SMS,Unhealthy,0.625
DNR_07189,31,M,O+,Quetta,30.10189004903708,66.94439019129976,0,3,87,SMS,Minor issues,0.315
DNR_07190,37,M,O+,Lahore,31.494245567993072,74.32190436398606,1,1,96,SMS,Healthy,0.27
DNR_07191,24,M,AB-,Quetta,30.21946694791126,67.04835006515223,0,4,72,App,Healthy,0.64
DNR_07192,24,F,O+,Karachi,24.872822891733165,66.97704778051465,1,3,96,SMS,Minor issues,0.27
DNR_07193,18,F,A+,Peshawar,34.0734253429085,71.50900188006504,0,0,179,App,Minor issues,0.05
DNR_07194,31,M,O+,Lahore,31.58911365814776,74.41912907506587,1,7,48,SMS,Unhealthy,0.71
DNR_07195,35,M,O+,Multan,30.17685918327168,71.59063205555967,0,1,13,App,Healthy,0.7849999999999999
DNR_07196,43,F,A+,Multan,30.21828610245049,71.60167943530037,0,8,49,Phone,Minor issues,0.755
DNR_07197,21,F,O+,Multan,30.203437260198655,71.46316409692189,0,5,47,SMS,Healthy,0.715
DNR_07198,32,M,B+,Karachi,24.835280011668846,66.93878347317474,1,1,103,Phone,Healthy,0.23499999999999996
DNR_07199,22,M,O+,Faisalabad,31.472946428706052,73.14481190761988,1,2,40,App,Healthy,0.7
DNR_07200,33,M,B+,Islamabad,33.657604937261276,73.09226434611531,1,0,224,Phone,Healthy,0.05
DNR_07201,45,M,B+,Quetta,30.169169531107638,66.99171847894277,0,1,81,Phone,Healthy,0.345
DNR_07202,46,F,A+,Karachi,24.8257516497168,67.04492321095171,1,4,78,App,Healthy,0.61
DNR_07203,32,M,AB-,Karachi,24.841691613184263,67.07669831055328,1,1,84,SMS,Healthy,0.32999999999999996
DNR_07204,36,M,O+,Multan,30.092971047535006,71.5064883563596,0,6,62,App,Healthy,0.79
DNR_07205,19,M,B+,Quetta,30.250276135086782,67.00047308489566,0,1,70,App,Healthy,0.5
DNR_07206,29,F,O+,Multan,30.08985720596022,71.60145206107732,0,1,12,App,Healthy,0.79
DNR_07207,38,M,O+,Karachi,24.806916765028415,67.0021809043521,1,5,43,Phone,Minor issues,0.635
DNR_07208,32,M,O+,Quetta,30.130429829699533,66.92232972472685,0,1,57,Phone,Healthy,0.46499999999999997
DNR_07209,21,M,A+,Faisalabad,31.39884219226377,73.0967239820706,1,2,110,SMS,Healthy,0.24999999999999994
DNR_07210,49,F,B+,Lahore,31.55710565698281,74.3702048549974,1,4,11,Phone,Healthy,0.8449999999999999
DNR_07211,36,M,B-,Multan,30.190326500834555,71.49515429093387,0,6,99,App,Healthy,0.605
DNR_07212,45,F,B+,Karachi,24.82451909016086,67.05954092184498,1,1,15,SMS,Healthy,0.675
DNR_07213,40,M,B+,Peshawar,34.01293653291132,71.56567221491521,0,3,59,SMS,Healthy,0.555
DNR_07214,38,M,B+,Faisalabad,31.419085723517192,73.03796652319524,1,1,76,SMS,Healthy,0.37
DNR_07215,32,M,O+,Karachi,24.83130115487659,66.97449884199288,1,4,93,App,Healthy,0.5349999999999999
DNR_07216,32,M,O-,Islamabad,33.6866195076444,73.03701848930942,1,9,52,App,Minor issues,0.89
DNR_07217,28,M,O+,Karachi,24.79464048532348,66.99332685938829,1,6,114,Phone,Minor issues,0.33000000000000007
DNR_07218,20,F,A+,Quetta,30.148485810930655,66.94706802989523,0,2,105,App,Minor issues,0.27499999999999997
DNR_07219,49,F,B+,Islamabad,33.7354397295468,73.02888718358638,1,3,40,SMS,Healthy,0.65
DNR_07220,47,M,B+,Multan,30.12530635117737,71.4571549490341,0,2,119,App,Healthy,0.30500000000000005
DNR_07221,22,F,O+,Quetta,30.143020609435087,67.01081327988993,0,1,109,App,Unhealthy,0.20499999999999996
DNR_07222,42,M,O+,Multan,30.176483528620917,71.52281410697852,0,1,13,App,Healthy,0.7849999999999999
DNR_07223,20,M,B+,Karachi,24.835870779349403,66.97096054728374,1,3,60,SMS,Healthy,0.55
DNR_07224,54,M,O+,Faisalabad,31.423154628485204,73.02940788963154,1,6,53,SMS,Healthy,0.735
DNR_07225,26,M,O+,Peshawar,33.96297430586191,71.56354689815801,0,5,17,App,Minor issues,0.865
DNR_07226,48,F,AB-,Karachi,24.863672777944693,66.93207334788157,1,0,286,App,Minor issues,0.05
DNR_07227,21,F,O+,Lahore,31.626345757192823,74.36794238181754,1,1,106,Phone,Healthy,0.21999999999999997
DNR_07228,48,M,A+,Karachi,24.83057685766633,67.07102591546197,1,7,90,App,Healthy,0.7
DNR_07229,23,M,B+,Lahore,31.577150690272546,74.30547457246496,1,2,72,App,Healthy,0.5399999999999999
DNR_07230,22,F,O+,Peshawar,34.06918199838787,71.57720531896445,0,17,9,SMS,Healthy,0.95
DNR_07231,26,M,O+,Quetta,30.21411953310333,66.91719350672695,0,2,64,SMS,Healthy,0.48
DNR_07232,52,F,O+,Lahore,31.537975172249208,74.4007370617437,1,1,64,SMS,Healthy,0.42999999999999994
DNR_07233,33,M,A+,Lahore,31.47687514673704,74.35722205391892,1,5,63,Phone,Healthy,0.6349999999999999
DNR_07234,22,M,O+,Lahore,31.53663191618636,74.39550376240837,1,7,106,App,Healthy,0.62
DNR_07235,51,F,O+,Lahore,31.591533367757773,74.40139438639785,1,1,14,App,Minor issues,0.68
DNR_07236,45,F,B+,Lahore,31.485147962516237,74.37192747061084,1,2,51,SMS,Minor issues,0.44499999999999995
DNR_07237,41,M,A+,Quetta,30.201152900719457,67.0268349874758,0,3,92,App,Healthy,0.49
DNR_07238,46,F,A+,Peshawar,33.97584149823485,71.50227138412077,0,4,37,SMS,Healthy,0.715
DNR_07239,43,M,O+,Multan,30.139380283702565,71.45948044742481,0,1,16,App,Minor issues,0.67
DNR_07240,45,M,A+,Karachi,24.847882304037178,67.03584966055081,1,2,46,SMS,Healthy,0.57
DNR_07241,60,F,O-,Multan,30.209727372137706,71.51338282342043,0,1,116,App,Healthy,0.27
DNR_07242,30,M,O+,Faisalabad,31.364760721432376,73.08240376894445,1,2,118,SMS,Healthy,0.21000000000000002
DNR_07243,42,M,AB-,Peshawar,33.986070805697196,71.59220000588967,0,4,79,App,Healthy,0.605
DNR_07244,23,M,AB-,Lahore,31.546913965986647,74.40235108776824,1,3,116,App,Healthy,0.37
DNR_07245,30,M,A+,Peshawar,33.99359483398758,71.5168414814024,0,4,47,App,Healthy,0.7649999999999999
DNR_07246,31,M,A+,Peshawar,33.98830072998433,71.57020243358832,0,2,49,SMS,Healthy,0.5549999999999999
DNR_07247,20,M,B+,Quetta,30.109116432726594,66.90784549681567,0,2,31,App,Minor issues,0.6449999999999999
DNR_07248,27,M,O+,Multan,30.19912620417212,71.55687257872299,0,2,65,App,Healthy,0.575
DNR_07249,54,M,B+,Lahore,31.51157532446212,74.27539156220115,1,7,60,SMS,Healthy,0.75
DNR_07250,26,M,B+,Faisalabad,31.462081928441336,73.05214743141475,1,5,15,SMS,Healthy,0.875
DNR_07251,37,F,O+,Peshawar,34.03394907286757,71.64219132890742,0,3,92,SMS,Healthy,0.39
DNR_07252,19,F,B+,Lahore,31.515516334742465,74.26934685886295,1,6,108,App,Healthy,0.5599999999999999
DNR_07253,27,F,O-,Faisalabad,31.394315502003636,73.07752994236432,1,5,108,App,Unhealthy,0.4099999999999999
DNR_07254,30,F,O+,Quetta,30.250252222569323,66.9642085301314,0,3,60,App,Minor issues,0.55
DNR_07255,32,M,B+,Peshawar,33.95926149007335,71.62031188685388,0,6,100,SMS,Healthy,0.5
DNR_07256,40,M,A-,Faisalabad,31.34074962251847,73.00652790182168,1,2,107,App,Minor issues,0.26499999999999996
DNR_07257,25,F,O+,Lahore,31.6121247623713,74.37811861994251,1,4,62,SMS,Healthy,0.59
DNR_07258,45,M,O+,Islamabad,33.734501488134285,73.06330989936832,1,5,43,App,Healthy,0.835
DNR_07259,36,M,O+,Peshawar,33.97688116547606,71.52075042287764,0,1,11,App,Healthy,0.7949999999999999
DNR_07260,38,M,A+,Multan,30.196944987926024,71.46310660745499,0,5,71,App,Healthy,0.695
DNR_07261,35,M,O+,Quetta,30.14246751923781,66.91494180182782,0,3,26,App,Healthy,0.82
DNR_07262,24,M,B+,Faisalabad,31.467568055906582,73.12162524594021,1,4,98,App,Healthy,0.51
DNR_07263,19,F,A+,Multan,30.110788668607007,71.5125347297868,0,1,86,App,Healthy,0.41999999999999993
DNR_07264,24,M,O+,Lahore,31.523730917114417,74.39049546617116,1,3,81,SMS,Healthy,0.44499999999999995
DNR_07265,39,M,A+,Lahore,31.587475631621636,74.37651188381705,1,9,14,App,Healthy,0.95
DNR_07266,43,M,B-,Quetta,30.1279581428054,67.00751260584377,0,7,113,App,Healthy,0.5850000000000001
DNR_07267,26,M,O+,Islamabad,33.75468516359232,73.0846328017584,1,3,50,App,Unhealthy,0.6
DNR_07268,48,M,A+,Multan,30.218114747065624,71.49765714806259,0,4,115,App,Minor issues,0.32500000000000007
DNR_07269,24,M,AB-,Lahore,31.568248645417782,74.33297453569034,1,1,72,App,Healthy,0.49
DNR_07270,35,M,O+,Multan,30.167209241910726,71.52417094094514,0,6,108,App,Healthy,0.5599999999999999
DNR_07271,52,M,B+,Peshawar,34.01893759244764,71.51781764554808,0,4,86,SMS,Healthy,0.47
DNR_07272,48,M,A+,Multan,30.208389367951387,71.55401815221325,0,3,48,SMS,Healthy,0.61
DNR_07273,59,M,O+,Lahore,31.581049514320068,74.26500470032228,1,3,44,Phone,Healthy,0.63
DNR_07274,40,M,O+,Islamabad,33.65669921641315,73.08958426084095,1,9,88,App,Minor issues,0.71
DNR_07275,37,F,A-,Lahore,31.610427536050693,74.26908168674774,1,3,59,App,Healthy,0.655
DNR_07276,26,M,A+,Peshawar,34.01525961093039,71.62998595987268,0,3,41,App,Unhealthy,0.645
DNR_07277,38,F,B+,Peshawar,33.946135598527064,71.5621334607143,0,5,38,SMS,Healthy,0.7599999999999999
DNR_07278,39,F,O+,Multan,30.21322930783573,71.45837672737206,0,8,54,SMS,Healthy,0.83
DNR_07279,33,F,O+,Quetta,30.164211706607414,66.95318594656516,0,3,110,App,Healthy,0.3999999999999999
DNR_07280,39,F,A+,Karachi,24.859943178446766,67.02718221178672,1,3,119,App,Healthy,0.355
DNR_07281,29,F,A+,Multan,30.169223276870667,71.4515386408296,0,3,9,SMS,Healthy,0.8049999999999999
DNR_07282,36,F,B+,Peshawar,34.03257195407315,71.5977644939292,0,4,25,SMS,Healthy,0.775
DNR_07283,18,F,B-,Lahore,31.48567223432272,74.35437950391356,1,2,93,App,Healthy,0.43499999999999994
DNR_07284,32,F,O+,Karachi,24.93514235078469,67.00881393827585,1,2,71,App,Healthy,0.5449999999999999
DNR_07285,18,M,O+,Faisalabad,31.355197809876866,73.00622157092347,1,0,151,SMS,Minor issues,0.05
DNR_07286,37,M,A+,Faisalabad,31.47052781226495,73.09265977787427,1,5,99,Phone,Healthy,0.45499999999999996
DNR_07287,24,M,A+,Islamabad,33.66172370828099,72.9774334178905,1,2,42,SMS,Healthy,0.59
DNR_07288,43,M,A+,Multan,30.178179568377445,71.55932876477426,0,1,55,App,Healthy,0.575
DNR_07289,18,F,A+,Lahore,31.498920153298094,74.39219941770068,1,0,350,App,Healthy,0.05
DNR_07290,31,M,O+,Multan,30.169482600378753,71.58300716173447,0,2,12,App,Healthy,0.84
DNR_07291,39,M,O+,Multan,30.118060777218542,71.5307989548139,0,0,251,App,Healthy,0.05
DNR_07292,30,M,O+,Multan,30.115466446792006,71.53629164650356,0,2,87,App,Healthy,0.46499999999999997
DNR_07293,29,F,A+,Faisalabad,31.45823497536867,73.0288190910008,1,5,77,App,Healthy,0.6649999999999999
DNR_07294,22,F,A-,Peshawar,33.95066353386412,71.6041026043283,0,2,113,Phone,Healthy,0.23500000000000004
DNR_07295,41,M,O+,Faisalabad,31.357668750686344,73.04064565439667,1,2,10,Phone,Healthy,0.7499999999999999
DNR_07296,18,M,A+,Karachi,24.806523549041763,67.01837687807303,1,1,92,SMS,Healthy,0.2899999999999999
DNR_07297,32,F,B+,Karachi,24.837971730741007,67.06731368062677,1,2,106,SMS,Healthy,0.26999999999999996
DNR_07298,33,F,A+,Peshawar,34.03890279437688,71.53821744026816,0,3,92,App,Healthy,0.49
DNR_07299,30,M,O+,Faisalabad,31.417817219494054,73.07493320141042,1,2,45,App,Healthy,0.6749999999999999
DNR_07300,42,M,O+,Multan,30.224864814693433,71.53295450732799,0,4,74,App,Minor issues,0.53
DNR_07301,40,M,B+,Quetta,30.209344249909954,66.94673291353037,0,4,91,App,Healthy,0.5449999999999999
DNR_07302,31,M,O+,Lahore,31.621870756319524,74.35566141461459,1,2,103,Phone,Healthy,0.285
DNR_07303,24,F,O+,Faisalabad,31.36853509822364,73.14409823359954,1,4,68,App,Minor issues,0.5599999999999999
DNR_07304,32,M,O+,Karachi,24.82720877235761,67.00740156129665,1,0,302,App,Healthy,0.05
DNR_07305,58,F,O+,Lahore,31.483605927381465,74.31202129812635,1,3,90,App,Healthy,0.5
DNR_07306,29,M,A+,Faisalabad,31.440724966958975,73.10360247400251,1,3,58,SMS,Unhealthy,0.46
DNR_07307,24,M,B+,Lahore,31.572194904211305,74.29495766608579,1,6,9,App,Minor issues,0.95
DNR_07308,40,F,B+,Quetta,30.166794227029882,67.04011211837035,0,3,25,App,Healthy,0.825
DNR_07309,24,M,O+,Islamabad,33.72517868060935,72.98960760895316,1,1,84,App,Healthy,0.42999999999999994
DNR_07310,24,M,O+,Lahore,31.521059141737435,74.29351467454894,1,3,105,SMS,Healthy,0.32499999999999996
DNR_07311,34,F,B+,Peshawar,34.03037425261599,71.56551276535426,0,6,103,SMS,Healthy,0.485
DNR_07312,25,F,B+,Peshawar,33.990444132299764,71.51958560832622,0,1,52,App,Healthy,0.59
DNR_07313,33,M,O+,Multan,30.146814742432145,71.45903351791343,0,3,117,App,Healthy,0.365
DNR_07314,35,M,A+,Faisalabad,31.38294236354936,73.02399024199029,1,3,53,SMS,Healthy,0.585
DNR_07315,31,M,B+,Lahore,31.612095892541433,74.26592552660351,1,2,84,App,Minor issues,0.38
DNR_07316,39,M,O+,Multan,30.12059483834639,71.46330431005084,0,5,11,App,Healthy,0.95
DNR_07317,30,M,O+,Islamabad,33.70496565928085,73.00006106870309,1,4,39,App,Minor issues,0.705
DNR_07318,45,F,O-,Quetta,30.129799582661644,67.03479683328416,0,3,67,Phone,Healthy,0.515
DNR_07319,36,F,O+,Islamabad,33.68223168842575,73.04944723840698,1,3,77,Phone,Healthy,0.46499999999999997
DNR_07320,31,F,B+,Quetta,30.1764947920675,67.03188125840067,0,1,81,App,Healthy,0.44499999999999995
DNR_07321,32,M,A+,Quetta,30.225871078883404,67.00554709819849,0,1,105,SMS,Healthy,0.22499999999999998
DNR_07322,26,M,O+,Peshawar,34.0860392424092,71.58852372330333,0,4,93,SMS,Healthy,0.43499999999999994
DNR_07323,19,M,O+,Quetta,30.1665254086331,67.0327533715772,0,1,43,App,Healthy,0.635
DNR_07324,44,M,B+,Karachi,24.88039457041505,67.05823719432361,1,2,60,App,Healthy,0.6
DNR_07325,18,M,O+,Quetta,30.25574747950531,67.01324262623979,0,3,35,App,Unhealthy,0.6749999999999999
DNR_07326,28,F,B+,Peshawar,33.959037447450555,71.50517985966101,0,4,118,Phone,Unhealthy,0.21000000000000002
DNR_07327,24,M,O-,Peshawar,33.99963554271654,71.54959585330329,0,2,65,App,Healthy,0.575
DNR_07328,41,M,O+,Quetta,30.158777591532484,66.92215566589908,0,1,110,App,Healthy,0.29999999999999993
DNR_07329,38,F,O+,Islamabad,33.700255139548744,73.11367611750026,1,6,25,Phone,Healthy,0.875
DNR_07330,37,M,A+,Karachi,24.910932910756415,67.06165223675998,1,0,258,SMS,Healthy,0.05
DNR_07331,26,M,A+,Quetta,30.253440662147284,67.01250840314768,0,4,26,SMS,Minor issues,0.6699999999999999
DNR_07332,32,M,O+,Quetta,30.12203584878916,66.93249697312505,0,0,204,App,Minor issues,0.05
DNR_07333,39,M,A+,Islamabad,33.716756957044794,73.0992305343358,1,7,108,SMS,Minor issues,0.41
DNR_07334,41,F,O+,Multan,30.15185156005913,71.46844682230592,0,1,37,App,Unhealthy,0.565
DNR_07335,48,M,O+,Islamabad,33.64028942954104,73.05445086114084,1,3,95,SMS,Healthy,0.375
DNR_07336,37,F,O+,Multan,30.199826134433604,71.54410754502125,0,3,105,App,Healthy,0.42499999999999993
DNR_07337,39,M,A+,Faisalabad,31.411237111093534,73.02427344288706,1,3,53,App,Minor issues,0.585
DNR_07338,18,M,B+,Quetta,30.1391382375139,66.89623025731422,0,1,57,Phone,Minor issues,0.365
DNR_07339,44,M,O+,Lahore,31.609308788201773,74.39925514783395,1,3,113,SMS,Healthy,0.28500000000000003
DNR_07340,32,M,O+,Islamabad,33.66468843204833,73.0414214749226,1,4,79,SMS,Minor issues,0.40499999999999997
DNR_07341,41,M,O-,Faisalabad,31.446150072903926,73.15487608566804,1,0,155,App,Healthy,0.05
DNR_07342,34,M,O+,Peshawar,34.01591818178061,71.57074686234144,0,1,107,SMS,Healthy,0.21499999999999997
DNR_07343,37,M,AB-,Karachi,24.78145319709506,66.96456955566121,1,1,81,App,Healthy,0.44499999999999995
DNR_07344,46,F,O+,Karachi,24.873372396547147,67.00905391215824,1,3,118,Phone,Minor issues,0.16000000000000003
DNR_07345,32,F,O+,Multan,30.220351712936186,71.44828308289725,0,7,117,App,Healthy,0.5650000000000001
DNR_07346,36,M,O+,Quetta,30.253316548084936,66.90344758137226,0,4,65,SMS,Healthy,0.575
DNR_07347,26,M,O+,Faisalabad,31.47247844694924,73.02567468029305,1,5,85,App,Healthy,0.625
DNR_07348,18,M,A+,Karachi,24.93693407834958,67.02507765310251,1,2,35,App,Healthy,0.725
DNR_07349,22,F,O+,Faisalabad,31.432704432741527,73.15573212976915,1,6,31,App,Healthy,0.945
DNR_07350,18,F,A+,Islamabad,33.68859716449582,73.02077114498823,1,2,42,SMS,Healthy,0.59
DNR_07351,49,F,A-,Lahore,31.501029899418374,74.26583159906737,1,4,104,App,Healthy,0.48
DNR_07352,49,F,O+,Multan,30.11636383470992,71.51064773541356,0,3,79,SMS,Healthy,0.45499999999999996
DNR_07353,45,M,B+,Multan,30.192495645673635,71.46548049960151,0,3,62,App,Healthy,0.64
DNR_07354,37,F,A+,Lahore,31.53876217483791,74.31397135302194,1,1,64,SMS,Healthy,0.42999999999999994
DNR_07355,35,M,AB+,Quetta,30.21412955555168,66.96068674066366,0,1,22,App,Minor issues,0.64
DNR_07356,41,M,A+,Karachi,24.92640456817123,66.93049208959616,1,5,112,SMS,Healthy,0.3899999999999999
DNR_07357,28,F,A+,Lahore,31.62008429896645,74.34702641684099,1,4,64,SMS,Healthy,0.58
DNR_07358,22,F,B-,Multan,30.13632217112261,71.45789466361487,0,2,78,App,Healthy,0.5099999999999999
DNR_07359,19,M,AB+,Islamabad,33.726944600660254,73.02721153446434,1,1,94,App,Healthy,0.38
DNR_07360,20,F,A+,Peshawar,34.01663980673812,71.5028593522279,0,3,114,Phone,Healthy,0.28
DNR_07361,36,F,AB-,Karachi,24.83455546735382,66.95754893862262,1,8,108,SMS,Healthy,0.5599999999999999
DNR_07362,43,M,B+,Quetta,30.11501286773329,66.98475686262012,0,4,64,App,Healthy,0.6799999999999999
DNR_07363,30,M,B+,Multan,30.15246543826173,71.56833559823801,0,3,59,SMS,Healthy,0.555
DNR_07364,30,F,AB-,Karachi,24.933397127499326,66.95782763622661,1,1,13,Phone,Healthy,0.6849999999999999
DNR_07365,18,M,AB+,Islamabad,33.73528877172811,73.08662670855114,1,4,102,Phone,Healthy,0.39
DNR_07366,38,M,O+,Karachi,24.810261268088652,67.00384501343322,1,2,10,Phone,Healthy,0.7499999999999999
DNR_07367,25,F,O+,Multan,30.15928795715892,71.49466730064043,0,2,76,App,Healthy,0.5199999999999999
DNR_07368,43,F,O+,Multan,30.121344763946823,71.4921902432789,0,2,16,App,Healthy,0.82
DNR_07369,18,M,B+,Multan,30.129923418238903,71.51093178646691,0,1,32,SMS,Healthy,0.59
DNR_07370,26,M,AB+,Faisalabad,31.410254772686713,73.08325267434131,1,2,110,App,Healthy,0.35
DNR_07371,43,F,O+,Islamabad,33.621038808987684,73.02614488173639,1,4,42,App,Healthy,0.79
DNR_07372,18,F,O+,Karachi,24.84292986204496,66.98353066676918,1,1,111,App,Healthy,0.29499999999999993
DNR_07373,25,M,B+,Karachi,24.869717381350657,66.96392127959108,1,2,95,App,Healthy,0.42500000000000004
DNR_07374,39,M,A+,Peshawar,34.03755541440711,71.5054530839099,0,1,21,SMS,Healthy,0.645
DNR_07375,51,M,B+,Peshawar,34.068332307202056,71.5118371902846,0,2,51,App,Healthy,0.6449999999999999
DNR_07376,48,M,B+,Quetta,30.14472566258241,67.03848521024715,0,4,108,SMS,Healthy,0.36
DNR_07377,20,M,B+,Lahore,31.59066574719096,74.29098074193351,1,2,68,Phone,Healthy,0.45999999999999996
DNR_07378,44,F,A+,Quetta,30.16439889906969,66.89909626091381,0,3,53,Phone,Healthy,0.585
DNR_07379,36,F,O+,Karachi,24.874174144550597,67.06852651259248,1,2,113,Phone,Unhealthy,0.13500000000000004
DNR_07380,40,F,B+,Multan,30.220584400444118,71.4494724011213,0,3,42,App,Healthy,0.74
DNR_07381,29,M,A+,Quetta,30.2472675504874,66.93384538509576,0,4,56,App,Minor issues,0.62
DNR_07382,21,M,O+,Peshawar,33.969473868420486,71.55583195795249,0,0,353,App,Healthy,0.05
DNR_07383,27,F,A+,Faisalabad,31.386756070710923,73.00540313131691,1,5,36,SMS,Minor issues,0.6699999999999999
DNR_07384,26,F,B+,Quetta,30.125229464378002,66.96164405741409,0,5,81,App,Minor issues,0.5449999999999999
DNR_07385,23,M,B+,Faisalabad,31.44689428905056,73.04958437046413,1,10,24,Phone,Healthy,0.95
DNR_07386,41,M,B+,Islamabad,33.62234014212029,72.98120277898572,1,4,93,App,Minor issues,0.43499999999999994
DNR_07387,52,M,O+,Quetta,30.204941705295674,67.00581393878173,0,2,59,App,Healthy,0.605
DNR_07388,31,M,A+,Lahore,31.548185282219823,74.35794944010772,1,5,80,SMS,Healthy,0.5499999999999999
DNR_07389,28,M,A-,Lahore,31.49165966165685,74.33726835405949,1,3,37,App,Minor issues,0.6649999999999999
DNR_07390,37,M,O+,Multan,30.115523259863295,71.50045475338906,0,4,15,Phone,Unhealthy,0.7250000000000001
DNR_07391,22,F,A+,Peshawar,34.06947640838113,71.56734661038587,0,1,35,SMS,Healthy,0.575
DNR_07392,39,M,A+,Multan,30.230505277146314,71.56519426695114,0,3,34,SMS,Healthy,0.6799999999999999
DNR_07393,53,F,O+,Lahore,31.576170566798353,74.34295752217791,1,1,13,App,Healthy,0.7849999999999999
DNR_07394,18,M,O+,Faisalabad,31.348327640428504,73.03757070600867,1,3,67,App,Healthy,0.615
DNR_07395,28,F,B+,Faisalabad,31.382890955695338,73.00669030967626,1,3,28,App,Healthy,0.8099999999999999
DNR_07396,18,M,A+,Quetta,30.217458601903765,67.03795021254578,0,9,93,App,Healthy,0.7849999999999999
DNR_07397,33,M,A+,Karachi,24.834963017693344,66.97435254051182,1,2,93,Phone,Healthy,0.33499999999999996
DNR_07398,23,M,A+,Quetta,30.218093444892006,67.02313884329531,0,4,43,SMS,Healthy,0.6849999999999999
DNR_07399,32,M,O+,Karachi,24.898372298672037,67.01128048287265,1,6,102,App,Minor issues,0.49
DNR_07400,48,M,O+,Peshawar,34.05703201720161,71.64616304577758,0,1,90,Phone,Minor issues,0.19999999999999996
DNR_07401,46,M,O+,Peshawar,34.05566812818144,71.53052973363447,0,2,103,App,Healthy,0.385
DNR_07402,41,M,B+,Quetta,30.16201639150808,66.96621214112254,0,2,66,App,Healthy,0.57
DNR_07403,24,F,A-,Multan,30.14326772775156,71.59256994080673,0,2,68,App,Healthy,0.5599999999999999
DNR_07404,40,M,O+,Multan,30.1771453059903,71.50210248443437,0,1,48,SMS,Healthy,0.51
DNR_07405,24,M,B+,Peshawar,34.05162345896713,71.60795841340605,0,2,7,App,Healthy,0.8649999999999999
DNR_07406,23,M,A+,Islamabad,33.67554485353499,73.09951217745818,1,1,20,App,Healthy,0.75
DNR_07407,48,M,O+,Peshawar,34.08412312428709,71.507050566342,0,2,78,SMS,Healthy,0.4099999999999999
DNR_07408,35,M,O+,Faisalabad,31.45684794467982,73.12686723130811,1,5,8,SMS,Healthy,0.9099999999999999
DNR_07409,36,F,A+,Peshawar,33.99667257600058,71.58315518541447,0,2,62,SMS,Minor issues,0.39
DNR_07410,28,M,B+,Karachi,24.92792292968869,66.95324423957533,1,0,175,App,Healthy,0.05
DNR_07411,27,M,B+,Islamabad,33.74450725637464,72.97141219308523,1,2,28,SMS,Healthy,0.6599999999999999
DNR_07412,18,M,A+,Faisalabad,31.387545016541235,73.08743695767508,1,10,18,SMS,Healthy,0.95
DNR_07413,21,F,O+,Multan,30.127205895205318,71.49177343405535,0,0,345,Phone,Minor issues,0.05
DNR_07414,18,M,B+,Quetta,30.157034262038096,66.96540738573907,0,3,94,SMS,Healthy,0.38
DNR_07415,45,F,O+,Multan,30.11471632247856,71.52514811942679,0,4,100,App,Minor issues,0.4
DNR_07416,21,M,O+,Islamabad,33.70924842717648,73.01322993770061,1,3,108,SMS,Healthy,0.30999999999999994
DNR_07417,23,F,O-,Faisalabad,31.495604348709577,73.13754441165374,1,4,48,App,Healthy,0.76
DNR_07418,18,M,O+,Peshawar,34.01294824297487,71.62884797348732,0,4,115,App,Healthy,0.42500000000000004
DNR_07419,41,F,O+,Quetta,30.19906264414309,67.00621322139546,0,5,29,SMS,Healthy,0.8049999999999999
DNR_07420,36,F,A+,Multan,30.157653510385973,71.57268479793534,0,8,80,SMS,Minor issues,0.6
DNR_07421,52,F,O+,Quetta,30.19527096082481,66.95455601825488,0,2,36,App,Healthy,0.72
DNR_07422,32,M,O+,Multan,30.2326263489282,71.49586216140084,0,1,23,SMS,Healthy,0.635
DNR_07423,22,F,O+,Karachi,24.875913322679605,66.94389848399958,1,1,24,Phone,Healthy,0.63
DNR_07424,39,M,B+,Faisalabad,31.397779341248636,73.00293529639738,1,3,12,SMS,Healthy,0.79
DNR_07425,45,M,O+,Islamabad,33.7392527501027,73.09085016334323,1,4,36,App,Healthy,0.82
DNR_07426,54,F,O+,Islamabad,33.68389980422611,73.0373087399897,1,1,93,SMS,Minor issues,0.18499999999999994
DNR_07427,38,F,O-,Karachi,24.867208181772522,66.94971973264501,1,1,79,App,Healthy,0.45499999999999996
DNR_07428,48,F,O+,Multan,30.0821780873746,71.56398546594004,0,2,7,App,Healthy,0.8649999999999999
DNR_07429,45,M,A+,Multan,30.183906547375194,71.47445789805032,0,4,55,SMS,Unhealthy,0.5249999999999999
DNR_07430,43,F,O+,Multan,30.10842768887387,71.56907235987279,0,4,53,App,Unhealthy,0.6349999999999999
DNR_07431,45,M,B+,Quetta,30.17593658143441,67.0428412631404,0,4,80,Phone,Healthy,0.5
DNR_07432,32,F,B+,Peshawar,33.97936578287692,71.6553175653963,0,6,27,App,Minor issues,0.865
DNR_07433,35,M,O+,Quetta,30.181126662269293,66.98305035916347,0,2,101,SMS,Healthy,0.295
DNR_07434,40,M,B+,Islamabad,33.65012405151988,73.09480721076073,1,1,63,App,Healthy,0.5349999999999999
DNR_07435,24,M,A+,Quetta,30.147687797792777,66.90904152485814,0,10,57,SMS,Healthy,0.9149999999999999
DNR_07436,21,F,O+,Lahore,31.53144705092688,74.37262778998307,1,2,77,App,Healthy,0.5149999999999999
DNR_07437,41,F,A+,Peshawar,33.99033951180505,71.52987435110452,0,5,65,Phone,Healthy,0.6249999999999999
DNR_07438,45,M,O-,Islamabad,33.68128687626158,73.03082894153658,1,4,107,App,Healthy,0.46499999999999997
DNR_07439,18,M,A+,Islamabad,33.71082215309765,73.03851108625004,1,2,117,App,Minor issues,0.21500000000000002
DNR_07440,48,M,B+,Lahore,31.48207578148129,74.41863007411678,1,3,8,SMS,Healthy,0.8099999999999999
DNR_07441,27,M,O+,Peshawar,34.09492546672119,71.6317722422827,0,2,65,App,Minor issues,0.475
DNR_07442,24,M,A-,Karachi,24.861582612221927,67.00460958784804,1,5,7,Phone,Healthy,0.9149999999999999
DNR_07443,55,M,A+,Faisalabad,31.4902619032969,73.0519817888332,1,2,99,App,Minor issues,0.305
DNR_07444,24,F,A+,Faisalabad,31.38536459303312,73.02717088630705,1,2,32,App,Healthy,0.7399999999999999
DNR_07445,28,F,B+,Islamabad,33.689403399516614,73.03265073797411,1,2,105,SMS,Healthy,0.27499999999999997
DNR_07446,31,M,O+,Lahore,31.61244698981255,74.37186523644763,1,6,68,App,Healthy,0.76
DNR_07447,49,M,B+,Multan,30.154985363034637,71.45240351373154,0,2,46,SMS,Healthy,0.57
DNR_07448,38,F,A+,Multan,30.09478716602412,71.54714026829417,0,2,117,SMS,Healthy,0.21500000000000002
DNR_07449,29,M,B+,Karachi,24.78295224471076,67.04370049788709,1,2,90,SMS,Healthy,0.35
DNR_07450,18,M,O+,Quetta,30.24338394958357,67.00503475229117,0,1,35,App,Healthy,0.6749999999999999
DNR_07451,25,M,O-,Quetta,30.14187403778421,66.95673489803886,0,5,60,App,Healthy,0.75
DNR_07452,21,F,O+,Multan,30.13530714597495,71.52271088657527,0,1,49,SMS,Healthy,0.505
DNR_07453,48,M,A+,Lahore,31.55657961249171,74.28593179927549,1,7,77,Phone,Healthy,0.6649999999999999
DNR_07454,18,F,O+,Faisalabad,31.35120670749463,73.10350158019152,1,3,99,Phone,Healthy,0.355
DNR_07455,32,M,O+,Karachi,24.785799962615748,67.04346565706187,1,0,341,App,Healthy,0.05
DNR_07456,29,M,B+,Multan,30.13508549624282,71.5544102459024,0,2,10,App,Minor issues,0.7499999999999999
DNR_07457,18,M,A+,Lahore,31.61105164809993,74.2745266760209,1,3,109,App,Healthy,0.4049999999999999
DNR_07458,43,M,A+,Karachi,24.81926719781863,66.9835363202812,1,3,14,SMS,Minor issues,0.68
DNR_07459,18,F,AB-,Peshawar,34.0375815546631,71.58439953168813,0,4,30,App,Healthy,0.8499999999999999
DNR_07460,32,M,B+,Faisalabad,31.49487939379407,73.07160490771837,1,2,76,App,Healthy,0.5199999999999999
DNR_07461,19,M,O+,Islamabad,33.748513612947235,72.99822939847259,1,4,45,App,Healthy,0.7749999999999999
DNR_07462,29,M,O+,Islamabad,33.648657864174474,73.05813429577566,1,5,47,App,Healthy,0.815
DNR_07463,36,F,A+,Peshawar,34.065130963358996,71.59228709065546,0,2,110,App,Healthy,0.35
DNR_07464,35,M,O+,Karachi,24.91583103297435,66.96766235266385,1,3,44,SMS,Healthy,0.63
DNR_07465,50,F,O+,Peshawar,34.01495196840459,71.65825252254915,0,2,116,Phone,Healthy,0.22000000000000003
DNR_07466,27,M,O+,Lahore,31.579191150713147,74.39107056143258,1,4,101,App,Healthy,0.495
DNR_07467,18,F,O+,Lahore,31.579376213940527,74.39595370998893,1,2,112,App,Healthy,0.33999999999999997
DNR_07468,49,M,O+,Karachi,24.93391032375323,66.93293795731215,1,4,108,App,Healthy,0.45999999999999996
DNR_07469,30,F,AB-,Islamabad,33.649022091093116,73.01985294176419,1,2,64,App,Healthy,0.58
DNR_07470,31,F,A+,Multan,30.155668784389317,71.4450956197815,0,3,92,App,Unhealthy,0.39
DNR_07471,18,M,A-,Quetta,30.21994450555592,66.92790272733677,0,1,87,App,Healthy,0.4149999999999999
DNR_07472,56,M,A+,Karachi,24.920278903274887,67.00261636212701,1,6,18,App,Healthy,0.95
DNR_07473,41,M,O+,Quetta,30.149332303121344,66.9385464107949,0,6,48,Phone,Minor issues,0.66
DNR_07474,28,M,O+,Karachi,24.803152395222508,67.07860085977548,1,2,30,SMS,Unhealthy,0.5499999999999999
DNR_07475,32,M,A+,Islamabad,33.7188400816377,73.12126879478622,1,3,105,SMS,Healthy,0.32499999999999996
DNR_07476,27,M,O+,Islamabad,33.61674526231404,73.03555235410386,1,5,50,SMS,Healthy,0.7
DNR_07477,23,F,A+,Peshawar,33.95876305477452,71.54392965269808,0,3,30,Phone,Healthy,0.7
DNR_07478,44,M,O+,Multan,30.2299236511951,71.5034102950836,0,4,46,Phone,Healthy,0.67
DNR_07479,30,M,A+,Lahore,31.502660414911464,74.33994974782878,1,4,88,SMS,Healthy,0.45999999999999996
DNR_07480,35,M,O+,Faisalabad,31.444076884761525,73.07118514321208,1,2,71,SMS,Healthy,0.44499999999999995
DNR_07481,36,M,B+,Peshawar,34.05014197308057,71.63124610310498,0,1,47,SMS,Healthy,0.515
DNR_07482,33,M,B-,Multan,30.20961557143871,71.51992343574271,0,5,23,SMS,Healthy,0.835
DNR_07483,18,F,AB+,Karachi,24.910023252147116,67.03203846320507,1,5,78,App,Healthy,0.6599999999999999
DNR_07484,40,M,B+,Quetta,30.120682791636565,66.9201701586094,0,8,90,App,Healthy,0.75
DNR_07485,42,F,O+,Multan,30.169002585346373,71.48966117964554,0,10,23,SMS,Minor issues,0.95
DNR_07486,37,M,O+,Peshawar,33.93700969195404,71.59210629274197,0,7,13,App,Healthy,0.95
DNR_07487,44,M,B+,Multan,30.099138601276888,71.47536469173582,0,8,36,App,Healthy,0.95
DNR_07488,24,M,A+,Islamabad,33.70581516813152,73.06485048231437,1,2,73,App,Healthy,0.5349999999999999
DNR_07489,21,M,O+,Multan,30.202499299572544,71.57515537033365,0,1,20,App,Healthy,0.75
DNR_07490,40,F,B+,Faisalabad,31.40755184695227,73.06536917354317,1,1,81,SMS,Healthy,0.345
DNR_07491,47,F,A+,Multan,30.084197025750587,71.54868520920871,0,3,113,App,Unhealthy,0.28500000000000003
DNR_07492,30,F,B+,Peshawar,34.03591306342721,71.59061199095449,0,2,73,App,Healthy,0.5349999999999999
DNR_07493,35,M,A+,Islamabad,33.718195656251524,73.02317874280696,1,4,24,App,Healthy,0.8799999999999999
DNR_07494,18,M,B+,Faisalabad,31.35036914737468,73.01841650982222,1,2,50,App,Healthy,0.6499999999999999
DNR_07495,37,F,B+,Karachi,24.78711415898512,67.0606225228548,1,2,112,SMS,Unhealthy,0.13999999999999993
DNR_07496,31,M,B-,Lahore,31.556386752541588,74.3012058919142,1,4,59,App,Healthy,0.705
DNR_07497,53,F,B+,Faisalabad,31.342851222385722,73.06704681475516,1,3,79,App,Healthy,0.5549999999999999
DNR_07498,24,M,B+,Faisalabad,31.38376135691424,73.13723286130015,1,6,110,SMS,Minor issues,0.35
DNR_07499,36,M,A+,Faisalabad,31.453360020517852,73.12213480282041,1,4,100,App,Healthy,0.5
DNR_07500,29,F,O+,Karachi,24.79002611791637,66.98556252526627,1,1,104,SMS,Healthy,0.22999999999999995
DNR_07501,25,M,A+,Islamabad,33.610596850756174,73.04227512391584,1,4,79,App,Healthy,0.605
DNR_07502,45,F,O+,Karachi,24.78921238865105,67.03129512689753,1,1,94,App,Unhealthy,0.28
DNR_07503,36,F,B+,Quetta,30.120063027837265,66.9690827390964,0,3,99,SMS,Unhealthy,0.255
DNR_07504,44,F,O+,Multan,30.212590135225792,71.48896153668748,0,4,104,SMS,Healthy,0.38
DNR_07505,26,M,A-,Peshawar,34.03671356170557,71.55073435644063,0,1,93,SMS,Minor issues,0.18499999999999994
DNR_07506,59,F,B+,Quetta,30.201476498570884,67.0006219395781,0,5,65,App,Healthy,0.7249999999999999
DNR_07507,39,F,B+,Faisalabad,31.452285456544192,73.0479020610909,1,4,47,Phone,Healthy,0.6649999999999999
DNR_07508,41,M,AB+,Faisalabad,31.488524474338575,73.07007590835462,1,1,72,SMS,Healthy,0.39
DNR_07509,32,M,B+,Quetta,30.175752409792246,66.9762224731585,0,8,110,SMS,Healthy,0.5499999999999999
DNR_07510,40,M,O-,Islamabad,33.71401809222959,73.07826871698262,1,2,24,SMS,Minor issues,0.58
DNR_07511,18,M,B+,Faisalabad,31.36060573371759,73.15853711782583,1,4,40,Phone,Healthy,0.7
DNR_07512,24,F,O+,Karachi,24.85601437813498,66.98587904840598,1,5,106,App,Healthy,0.5199999999999999
DNR_07513,31,M,A-,Karachi,24.78641834089637,67.06304989484727,1,2,74,App,Healthy,0.5299999999999999
DNR_07514,58,M,AB+,Peshawar,34.05207698377148,71.58043243289994,0,3,10,Phone,Healthy,0.7999999999999999
DNR_07515,32,F,A+,Multan,30.158812290030376,71.53736364603668,0,4,101,Phone,Unhealthy,0.295
DNR_07516,31,M,O+,Peshawar,34.08202536808893,71.5365468436315,0,4,70,SMS,Healthy,0.55
DNR_07517,43,F,B-,Multan,30.181259694121913,71.5254400293838,0,4,81,App,Healthy,0.595
DNR_07518,56,M,A+,Quetta,30.11734357279416,67.04363602848329,0,0,234,App,Healthy,0.05
DNR_07519,40,M,A+,Lahore,31.576147602202887,74.34960059185131,1,4,26,Phone,Healthy,0.7699999999999999
DNR_07520,29,M,B+,Multan,30.10918636754872,71.53156777263598,0,1,119,App,Healthy,0.255
DNR_07521,39,M,B+,Multan,30.228058822523,71.47321458045977,0,2,66,App,Healthy,0.57
DNR_07522,33,M,B-,Islamabad,33.74228801647414,73.12138067755895,1,4,68,App,Healthy,0.6599999999999999
DNR_07523,28,F,O+,Faisalabad,31.3486842303839,73.0666576643483,1,8,107,Phone,Healthy,0.565
DNR_07524,32,M,O+,Islamabad,33.682222450498244,72.99731488560793,1,1,43,SMS,Minor issues,0.435
DNR_07525,30,M,O+,Karachi,24.807104547270878,67.02478378577291,1,4,31,SMS,Minor issues,0.645
DNR_07526,37,M,B+,Faisalabad,31.450579538362206,73.11902287993462,1,4,107,Phone,Healthy,0.365
DNR_07527,38,M,O+,Karachi,24.8428133244165,67.01881600600437,1,1,36,SMS,Healthy,0.57
DNR_07528,32,M,B+,Faisalabad,31.47556010479465,73.0289993451007,1,3,112,App,Minor issues,0.2899999999999999
DNR_07529,38,M,AB+,Quetta,30.134899841786677,66.98493429638015,0,1,23,App,Healthy,0.735
DNR_07530,38,M,B+,Islamabad,33.66478744592455,72.98596146378252,1,2,96,App,Healthy,0.42000000000000004
DNR_07531,39,M,O-,Peshawar,34.02761848580175,71.58306137333636,0,3,111,SMS,Healthy,0.29499999999999993
DNR_07532,22,M,A+,Islamabad,33.63927137943546,73.11212043599744,1,5,91,SMS,Healthy,0.495
DNR_07533,39,F,A+,Quetta,30.12693289162224,66.89958402564054,0,1,40,Phone,Healthy,0.5499999999999999
DNR_07534,27,F,A+,Faisalabad,31.461801248482615,73.08369340426182,1,3,48,SMS,Healthy,0.61
DNR_07535,37,M,O+,Faisalabad,31.444218453291466,73.11237477520916,1,2,7,SMS,Healthy,0.7649999999999999
DNR_07536,40,F,B+,Multan,30.196618444073014,71.5436369085513,0,3,30,Phone,Healthy,0.7
DNR_07537,55,F,AB-,Peshawar,34.024203829663776,71.58791307287215,0,0,239,SMS,Healthy,0.05
DNR_07538,41,F,O-,Quetta,30.17224240384777,67.04551411963715,0,11,41,SMS,Healthy,0.95
DNR_07539,20,F,B+,Lahore,31.603351060683238,74.36380954943894,1,6,77,App,Healthy,0.715
DNR_07540,35,M,AB-,Karachi,24.88664372567395,66.93486425015759,1,1,37,Phone,Healthy,0.565
DNR_07541,38,F,B+,Karachi,24.787653562706122,66.92962317090543,1,7,19,App,Healthy,0.95
DNR_07542,25,F,A-,Karachi,24.901797236865033,66.9629738831347,1,1,30,App,Healthy,0.7
DNR_07543,33,M,A+,Peshawar,33.937875329008584,71.51044711998495,0,4,33,App,Healthy,0.835
DNR_07544,33,F,AB+,Lahore,31.579659961936695,74.2905619211214,1,8,19,App,Minor issues,0.95
DNR_07545,39,M,A+,Peshawar,33.94998443809347,71.63185327207714,0,0,154,App,Healthy,0.05
DNR_07546,25,M,A+,Multan,30.183180181546494,71.53427162979175,0,8,78,SMS,Healthy,0.71
DNR_07547,48,F,O+,Lahore,31.51235069876741,74.30356875601423,1,0,269,SMS,Minor issues,0.05
DNR_07548,33,M,B+,Islamabad,33.721429098176614,73.08656379127726,1,3,106,App,Healthy,0.41999999999999993
DNR_07549,34,F,B+,Peshawar,34.04512492494019,71.58775389092487,0,2,59,Phone,Healthy,0.505
DNR_07550,44,F,O+,Quetta,30.170700574099506,66.97298191891188,0,8,117,Phone,Healthy,0.515
DNR_07551,29,M,AB-,Karachi,24.939975428876433,66.94009201107413,1,1,87,App,Healthy,0.4149999999999999
DNR_07552,50,M,A+,Faisalabad,31.373876732138132,73.14999820685645,1,5,108,App,Healthy,0.5099999999999999
DNR_07553,35,F,A-,Islamabad,33.689950696414776,73.09642534029341,1,2,39,App,Healthy,0.705
DNR_07554,53,M,B+,Karachi,24.890061212989057,67.01394338249942,1,2,38,App,Healthy,0.71
DNR_07555,32,M,AB-,Faisalabad,31.477086809698356,73.10694910443641,1,0,190,SMS,Unhealthy,0.05
DNR_07556,29,F,B+,Multan,30.134313998765887,71.59213671782628,0,3,116,App,Minor issues,0.27
DNR_07557,42,F,A-,Islamabad,33.710577285854214,73.01906059017236,1,1,48,SMS,Healthy,0.51
DNR_07558,37,F,B+,Quetta,30.228715428670238,66.97611383797606,0,0,273,App,Healthy,0.05
DNR_07559,32,M,B+,Karachi,24.801997205915622,67.02600496364951,1,3,19,SMS,Healthy,0.755
DNR_07560,21,M,B+,Faisalabad,31.38264724715665,73.12267251081768,1,2,9,Phone,Healthy,0.7549999999999999
DNR_07561,45,F,O-,Quetta,30.23034756920079,66.96680758601688,0,4,63,App,Healthy,0.6849999999999999
DNR_07562,29,M,A+,Peshawar,34.06941843319254,71.50098329918848,0,3,29,Phone,Healthy,0.705
DNR_07563,53,F,B+,Karachi,24.930916462862626,66.94274773948992,1,4,36,Phone,Unhealthy,0.62
DNR_07564,29,M,O+,Islamabad,33.69780603013927,73.09572674268318,1,0,281,SMS,Healthy,0.05
DNR_07565,45,M,O-,Multan,30.171647615023318,71.57559165151896,0,5,114,SMS,Minor issues,0.28
DNR_07566,35,M,A+,Faisalabad,31.372878746336887,73.08103079057052,1,4,104,App,Healthy,0.48
DNR_07567,30,M,B+,Multan,30.17063782897665,71.45584966391627,0,2,7,App,Healthy,0.8649999999999999
DNR_07568,54,F,A+,Multan,30.187098160579485,71.54877655268086,0,4,32,App,Healthy,0.8399999999999999
DNR_07569,35,M,O+,Faisalabad,31.428073687823577,73.07783023666177,1,3,88,App,Healthy,0.51
DNR_07570,27,F,B+,Multan,30.16409742086239,71.5084200458622,0,2,62,SMS,Minor issues,0.39
DNR_07571,47,M,A+,Faisalabad,31.422548978365946,73.04969148410406,1,3,90,SMS,Healthy,0.4
DNR_07572,32,M,O+,Lahore,31.58558003141682,74.27112243157616,1,0,258,App,Minor issues,0.05
DNR_07573,18,M,O+,Lahore,31.593280376376864,74.41783201138395,1,1,96,SMS,Minor issues,0.16999999999999998
DNR_07574,46,M,O+,Peshawar,34.013797212906844,71.51383925472547,0,8,118,App,Healthy,0.61
DNR_07575,18,F,O+,Karachi,24.848515394936587,66.93099848382833,1,2,91,App,Minor issues,0.345
DNR_07576,36,F,A+,Peshawar,33.9361612203929,71.62626566735936,0,3,54,App,Healthy,0.6799999999999999
DNR_07577,29,F,B+,Peshawar,34.01121217108962,71.51306159533269,0,2,74,App,Minor issues,0.42999999999999994
DNR_07578,45,M,A+,Multan,30.09010317473685,71.46164155353591,0,1,46,Phone,Healthy,0.52
DNR_07579,51,M,A+,Karachi,24.83069109314059,66.93853772490984,1,1,20,App,Healthy,0.75
DNR_07580,43,F,O+,Lahore,31.54689599711791,74.37667836324782,1,6,50,App,Minor issues,0.75
DNR_07581,48,F,O+,Faisalabad,31.390425936562885,73.12815105112324,1,6,23,Phone,Healthy,0.885
DNR_07582,39,M,O+,Lahore,31.563621018928284,74.33000478824832,1,2,85,Phone,Healthy,0.375
DNR_07583,60,F,O+,Peshawar,33.99998776220487,71.50426102768213,0,7,75,App,Healthy,0.7749999999999999
DNR_07584,25,M,O+,Peshawar,33.99893865982625,71.50355218703092,0,2,54,App,Healthy,0.6299999999999999
DNR_07585,20,M,O+,Lahore,31.52043171835805,74.36783570513896,1,5,91,App,Minor issues,0.495
DNR_07586,49,M,B+,Quetta,30.17356491548977,67.02413057731727,0,5,59,App,Healthy,0.7549999999999999
DNR_07587,22,F,A+,Faisalabad,31.414781440359885,73.08026393759854,1,4,97,SMS,Minor issues,0.315
DNR_07588,48,M,B-,Karachi,24.932415637274143,66.96517422011799,1,0,229,SMS,Healthy,0.05
DNR_07589,20,F,O+,Peshawar,33.969571623022674,71.64728011181892,0,2,18,App,Minor issues,0.71
DNR_07590,37,M,A+,Lahore,31.481843420974577,74.34691785592709,1,2,100,Phone,Healthy,0.3
DNR_07591,31,M,O-,Peshawar,34.036917087712055,71.56514452071666,0,9,48,App,Healthy,0.95
DNR_07592,35,M,O-,Quetta,30.198717162007675,66.98825577509845,0,7,18,App,Healthy,0.95
DNR_07593,22,F,B+,Faisalabad,31.42063149412308,73.12011511653905,1,0,221,Phone,Healthy,0.05
DNR_07594,43,F,A+,Peshawar,34.03853785159253,71.55847955995642,0,1,88,App,Minor issues,0.30999999999999994
DNR_07595,41,F,O+,Quetta,30.21732432101025,66.9192239113555,0,0,369,App,Healthy,0.05
DNR_07596,44,M,A-,Lahore,31.49115527824305,74.35198556579172,1,1,39,App,Unhealthy,0.5549999999999999
DNR_07597,45,M,A+,Karachi,24.926482404670157,66.94811312507186,1,2,34,App,Healthy,0.7299999999999999
DNR_07598,42,M,B+,Karachi,24.92631821314445,66.95500580177617,1,2,20,App,Minor issues,0.7
DNR_07599,20,F,B+,Faisalabad,31.419973731770334,73.14492760682539,1,3,101,App,Healthy,0.44499999999999995
DNR_07600,35,F,A+,Islamabad,33.69568321777496,73.04686941596287,1,6,40,App,Healthy,0.8999999999999999
DNR_07601,22,M,A+,Peshawar,34.064557875496604,71.51568189605754,0,3,115,App,Healthy,0.375
DNR_07602,18,M,O-,Lahore,31.521903350740672,74.28325920120346,1,3,21,App,Unhealthy,0.745
DNR_07603,26,F,B+,Karachi,24.849783281955204,67.03499578670787,1,6,8,Phone,Healthy,0.95
DNR_07604,50,M,B+,Lahore,31.581389015423035,74.36498884546992,1,5,18,SMS,Unhealthy,0.76
DNR_07605,37,F,A+,Multan,30.120133394948688,71.51630924652234,0,7,65,App,Healthy,0.825
DNR_07606,41,M,A+,Quetta,30.19738270208628,66.92271119484606,0,2,82,SMS,Healthy,0.39
DNR_07607,44,M,O+,Islamabad,33.7511850018701,73.03192835630726,1,1,22,App,Healthy,0.74
DNR_07608,39,M,A+,Karachi,24.883511234336904,67.02411714881251,1,1,28,App,Healthy,0.71
DNR_07609,21,F,A-,Lahore,31.504532445271273,74.28584858755826,1,3,82,App,Healthy,0.54
DNR_07610,32,M,O+,Quetta,30.18879411526327,66.9293741421613,0,2,8,App,Unhealthy,0.7599999999999999
DNR_07611,25,M,O+,Islamabad,33.764273438044036,73.11731828193841,1,2,118,App,Healthy,0.31000000000000005
DNR_07612,44,F,AB-,Islamabad,33.64880408856649,73.04239545178775,1,10,70,App,Healthy,0.95
DNR_07613,29,F,B+,Islamabad,33.60495944722197,73.04121876228596,1,4,104,App,Healthy,0.48
DNR_07614,40,M,A+,Quetta,30.1557668972694,66.92325495312097,0,4,16,SMS,Healthy,0.82
DNR_07615,24,M,O+,Islamabad,33.72516682595245,73.01234122520312,1,2,41,SMS,Healthy,0.595
DNR_07616,40,M,B+,Peshawar,34.055558809697786,71.6048347188203,0,8,50,App,Minor issues,0.85
DNR_07617,29,M,B+,Faisalabad,31.463469287778004,73.11812224698333,1,0,217,App,Healthy,0.05
DNR_07618,42,F,O+,Quetta,30.213913936424888,66.91156501496543,0,4,93,App,Healthy,0.5349999999999999
DNR_07619,29,M,O+,Karachi,24.85247541189616,67.07932077527632,1,1,26,App,Healthy,0.72
DNR_07620,35,M,AB-,Quetta,30.1933144984324,66.9156905048247,0,1,19,App,Healthy,0.755
DNR_07621,37,M,O+,Peshawar,34.04354158429822,71.50142897334423,0,4,51,Phone,Healthy,0.6449999999999999
DNR_07622,18,F,B+,Multan,30.21435334449657,71.5262943924613,0,7,73,App,Unhealthy,0.6849999999999999
DNR_07623,35,M,B+,Peshawar,34.017307053682366,71.52969196268445,0,2,93,Phone,Healthy,0.33499999999999996
DNR_07624,19,F,B+,Lahore,31.470325896032744,74.37614417157356,1,2,39,App,Healthy,0.705
DNR_07625,41,M,A+,Lahore,31.548278266578798,74.2767199517388,1,4,96,SMS,Healthy,0.42000000000000004
DNR_07626,18,M,O+,Faisalabad,31.4733396331779,73.09193259154705,1,1,114,SMS,Healthy,0.18000000000000005
DNR_07627,20,M,O+,Karachi,24.807800064133637,67.01672959857157,1,1,10,SMS,Minor issues,0.6
DNR_07628,40,F,O+,Islamabad,33.73074638377503,73.10041978816093,1,1,81,SMS,Healthy,0.345
DNR_07629,21,F,O+,Faisalabad,31.44479342776614,73.14763835369548,1,2,68,SMS,Minor issues,0.36
DNR_07630,28,M,A+,Lahore,31.477566483391463,74.26431047288855,1,2,18,App,Healthy,0.8099999999999999
DNR_07631,21,M,B+,Karachi,24.866164562301776,66.99961503027177,1,3,19,App,Healthy,0.855
DNR_07632,46,F,O+,Quetta,30.160796260659104,66.97600017727623,0,5,10,SMS,Healthy,0.8999999999999999
DNR_07633,56,F,B+,Peshawar,34.08786559781391,71.50849756353063,0,4,97,App,Healthy,0.515
DNR_07634,26,M,AB+,Faisalabad,31.419636090775306,73.14572162707232,1,3,91,App,Healthy,0.495
DNR_07635,46,F,O+,Peshawar,34.08967271052554,71.54686071750861,0,1,112,SMS,Healthy,0.18999999999999995
DNR_07636,46,M,O+,Faisalabad,31.431233185885024,73.00909114660585,1,6,56,App,Healthy,0.82
DNR_07637,38,M,A+,Peshawar,33.9551331063472,71.5555263197585,0,1,30,SMS,Healthy,0.6
DNR_07638,28,F,A+,Karachi,24.877051990194094,66.98927172826068,1,2,69,SMS,Healthy,0.45499999999999996
DNR_07639,18,M,A+,Islamabad,33.762130811315025,73.11690051079405,1,1,115,SMS,Healthy,0.17500000000000004
DNR_07640,24,F,B+,Multan,30.13113366164236,71.6013553856129,0,5,35,App,Healthy,0.875
DNR_07641,35,F,AB-,Multan,30.22519955144828,71.54008731088501,0,0,345,Phone,Healthy,0.05
DNR_07642,40,F,A+,Karachi,24.888140099560665,67.02590378448566,1,6,104,SMS,Healthy,0.48
DNR_07643,30,M,B+,Karachi,24.883773653822857,67.04023127055295,1,1,113,SMS,Healthy,0.18500000000000005
DNR_07644,31,M,B+,Lahore,31.52559300587663,74.28736744760799,1,5,98,App,Healthy,0.5599999999999999
DNR_07645,19,M,B+,Lahore,31.570713590200732,74.32325647974078,1,0,218,App,Healthy,0.05
DNR_07646,55,M,A+,Peshawar,33.974616501114404,71.64919046343591,0,1,32,SMS,Healthy,0.59
DNR_07647,21,F,A+,Multan,30.137561273705856,71.45518798978668,0,4,111,App,Healthy,0.44499999999999995
DNR_07648,36,M,AB+,Karachi,24.902275613618166,67.02040752373443,1,2,59,SMS,Healthy,0.505
DNR_07649,31,M,O+,Multan,30.19353326166864,71.50672560959488,0,2,74,Phone,Healthy,0.42999999999999994
DNR_07650,32,F,O+,Quetta,30.16748756068405,66.98279471530911,0,0,202,App,Healthy,0.05
DNR_07651,31,M,O+,Faisalabad,31.49659464021267,73.11821527276112,1,4,26,App,Healthy,0.8699999999999999
DNR_07652,20,F,B+,Karachi,24.781468009301545,66.98667744294168,1,3,90,Phone,Minor issues,0.3
DNR_07653,39,M,O+,Faisalabad,31.393573152033163,73.04158135920206,1,3,114,App,Healthy,0.38
DNR_07654,35,F,A+,Islamabad,33.70446008226434,73.04807486109794,1,2,9,App,Healthy,0.8549999999999999
DNR_07655,42,M,B+,Multan,30.087909413565217,71.51692125382199,0,6,31,SMS,Minor issues,0.745
DNR_07656,39,M,O+,Lahore,31.596169727803233,74.40640089931662,1,1,89,App,Healthy,0.4049999999999999
DNR_07657,44,F,O+,Peshawar,34.030116780048516,71.50507908388933,0,1,20,SMS,Healthy,0.65
DNR_07658,22,F,A+,Karachi,24.79181540679152,67.07405252562253,1,2,65,SMS,Healthy,0.475
DNR_07659,29,M,O+,Peshawar,34.047243101854264,71.53061309615902,0,2,96,SMS,Healthy,0.32
DNR_07660,37,F,AB+,Quetta,30.162097116278687,66.95656806145675,0,0,270,SMS,Minor issues,0.05
DNR_07661,18,M,O-,Multan,30.13138354487887,71.57588757097082,0,7,42,App,Healthy,0.94
DNR_07662,40,M,A+,Quetta,30.109429327506433,66.96658655895025,0,1,89,App,Healthy,0.4049999999999999
DNR_07663,36,M,O+,Peshawar,34.063720683818396,71.65934631791835,0,3,108,App,Healthy,0.4099999999999999
DNR_07664,50,M,A+,Karachi,24.896591711114397,66.96738853390123,1,5,100,SMS,Healthy,0.44999999999999996
DNR_07665,22,M,A+,Multan,30.091115072399653,71.50319121097054,0,5,71,SMS,Healthy,0.595
DNR_07666,29,F,B+,Multan,30.16785198922702,71.48422247192354,0,7,65,SMS,Healthy,0.725
DNR_07667,34,F,AB+,Faisalabad,31.4207536434511,73.08133494140158,1,4,22,App,Unhealthy,0.7899999999999999
DNR_07668,32,M,B+,Faisalabad,31.39814282821805,73.15897861955766,1,4,68,SMS,Healthy,0.5599999999999999
DNR_07669,28,M,O+,Karachi,24.88120855256971,66.95597041356906,1,8,28,App,Healthy,0.95
DNR_07670,26,M,A+,Karachi,24.820632852941536,67.03603737002945,1,1,69,App,Healthy,0.505
DNR_07671,26,M,AB-,Karachi,24.914256057956216,67.02514466285267,1,2,118,App,Healthy,0.31000000000000005
DNR_07672,44,M,B+,Quetta,30.115059206945322,66.89971566969137,0,3,68,App,Healthy,0.61
DNR_07673,36,F,B-,Lahore,31.595010371756437,74.39103472215085,1,2,15,App,Healthy,0.825
DNR_07674,27,M,O+,Multan,30.174822540812208,71.5859714333192,0,0,391,App,Unhealthy,0.05
DNR_07675,35,M,O+,Islamabad,33.69161010720888,73.09548809445467,1,3,32,App,Minor issues,0.69
DNR_07676,21,M,A+,Faisalabad,31.348202628677207,73.09088377134056,1,2,9,App,Healthy,0.8549999999999999
DNR_07677,34,F,O+,Faisalabad,31.450586877661507,73.0035882424983,1,1,81,App,Minor issues,0.345
DNR_07678,43,F,B-,Islamabad,33.741361194958046,73.03554458199734,1,3,65,Phone,Healthy,0.525
DNR_07679,41,M,O-,Faisalabad,31.426265005234793,73.13111296164395,1,5,27,App,Healthy,0.9149999999999999
DNR_07680,52,M,A+,Faisalabad,31.494184983116195,73.12610179089306,1,3,50,SMS,Minor issues,0.5
DNR_07681,33,F,B+,Quetta,30.156859938551868,66.91927888851981,0,8,63,App,Healthy,0.885
DNR_07682,35,M,O+,Karachi,24.91474238102065,67.04371627354712,1,7,101,Phone,Healthy,0.545
DNR_07683,53,M,A+,Karachi,24.906075384756825,66.93161214349563,1,5,45,App,Minor issues,0.725
DNR_07684,44,F,O+,Faisalabad,31.426106049577932,73.06878971517531,1,6,32,App,Healthy,0.94
DNR_07685,28,M,A+,Peshawar,33.951469001256015,71.52274855302787,0,0,257,SMS,Healthy,0.05
DNR_07686,38,M,O+,Faisalabad,31.475047142872572,73.09625981918113,1,3,13,App,Healthy,0.8849999999999999
DNR_07687,21,M,O+,Quetta,30.200478014705393,66.96658986589121,0,3,106,App,Healthy,0.41999999999999993
DNR_07688,18,F,B+,Peshawar,33.95534779285546,71.65567845205618,0,1,35,App,Minor issues,0.575
DNR_07689,35,M,O+,Faisalabad,31.410383338118102,73.1343415715244,1,11,19,App,Healthy,0.95
DNR_07690,24,M,A+,Faisalabad,31.461942606267712,73.02031879535156,1,0,291,App,Healthy,0.05
DNR_07691,34,M,O+,Lahore,31.505341109994756,74.30766584004164,1,3,96,App,Minor issues,0.37
DNR_07692,25,F,A+,Quetta,30.17230629555451,66.98212686410437,0,5,116,SMS,Healthy,0.37
DNR_07693,40,F,A+,Islamabad,33.616802880597255,73.03247726632955,1,13,119,App,Healthy,0.855
DNR_07694,51,F,O+,Faisalabad,31.48814299003887,73.08798764844154,1,1,23,App,Unhealthy,0.635
DNR_07695,22,M,O+,Karachi,24.930022787342704,66.95898774637908,1,0,348,SMS,Healthy,0.05
DNR_07696,36,M,B+,Karachi,24.91997722207853,67.0150082234084,1,1,42,App,Minor issues,0.54
DNR_07697,26,M,A-,Faisalabad,31.441914317621617,73.03257826924164,1,4,42,App,Healthy,0.79
DNR_07698,18,M,O-,Karachi,24.89476654212649,67.0032594846801,1,2,113,App,Unhealthy,0.23500000000000004
DNR_07699,27,M,O+,Lahore,31.581825272540616,74.40726629466869,1,1,23,Phone,Healthy,0.635
DNR_07700,40,F,O+,Islamabad,33.6184177057954,72.98931508811464,1,4,114,Phone,Minor issues,0.23000000000000004
DNR_07701,39,F,B+,Lahore,31.611706399264815,74.29480496665282,1,0,176,SMS,Healthy,0.05
DNR_07702,39,M,A+,Quetta,30.244046114854946,66.93758446811889,0,5,93,SMS,Healthy,0.485
DNR_07703,18,F,B+,Islamabad,33.72229942191627,73.11637009489765,1,3,85,Phone,Minor issues,0.325
DNR_07704,38,F,B+,Islamabad,33.62092207148363,73.04558131628374,1,10,53,App,Healthy,0.95
DNR_07705,37,F,O+,Islamabad,33.681129577412555,73.01084241919773,1,5,79,Phone,Healthy,0.5549999999999999
DNR_07706,32,M,B-,Quetta,30.198787923528098,67.04609718224134,0,5,100,App,Minor issues,0.44999999999999996
DNR_07707,19,M,O+,Lahore,31.49035038231727,74.41846533517794,1,2,7,App,Unhealthy,0.7649999999999999
DNR_07708,30,M,B+,Quetta,30.205731003964186,66.9258183368873,0,4,63,App,Unhealthy,0.585
DNR_07709,32,F,B-,Karachi,24.85296551249848,67.04009197835904,1,4,103,SMS,Healthy,0.385
DNR_07710,42,F,O+,Islamabad,33.63027068133584,73.08821336050582,1,1,8,App,Unhealthy,0.71
DNR_07711,25,M,A+,Peshawar,34.05106962925857,71.56796764637451,0,6,109,Phone,Healthy,0.45499999999999996
DNR_07712,35,M,A+,Lahore,31.581444220004975,74.28225760413133,1,7,31,App,Unhealthy,0.8949999999999999
DNR_07713,33,F,B+,Faisalabad,31.377293934196423,73.00551778835987,1,4,86,SMS,Minor issues,0.37
DNR_07714,18,M,AB+,Multan,30.085188102508447,71.49794713271372,0,2,29,SMS,Healthy,0.6549999999999999
DNR_07715,27,M,O+,Peshawar,34.020574891341646,71.56458066476591,0,0,237,SMS,Minor issues,0.05
DNR_07716,18,M,O+,Peshawar,34.01054826818186,71.60176443646142,0,7,14,SMS,Healthy,0.95
DNR_07717,20,M,A+,Faisalabad,31.48293442080338,73.11715141282131,1,3,14,SMS,Minor issues,0.68
DNR_07718,39,M,B+,Lahore,31.556802916081995,74.41219603526856,1,0,196,App,Healthy,0.05
DNR_07719,31,M,AB-,Faisalabad,31.412024193850893,73.12619628629554,1,5,64,SMS,Healthy,0.63
DNR_07720,18,M,O+,Islamabad,33.69509099318982,73.00890986412013,1,0,396,SMS,Healthy,0.05
DNR_07721,45,M,O+,Faisalabad,31.447397148175785,73.04056713787743,1,4,37,SMS,Healthy,0.715
DNR_07722,39,M,A+,Faisalabad,31.402993583004548,73.11543106053982,1,2,100,Phone,Minor issues,0.19999999999999998
DNR_07723,27,M,A+,Peshawar,33.96030150311589,71.52663666798291,0,4,108,SMS,Healthy,0.36
DNR_07724,24,M,O+,Islamabad,33.64894968387377,73.09414515271703,1,1,30,SMS,Minor issues,0.49999999999999994
DNR_07725,60,F,O+,Islamabad,33.66761286532676,73.06698449386485,1,8,32,SMS,Minor issues,0.84
DNR_07726,25,F,O+,Islamabad,33.62328853386559,73.02677684996542,1,3,101,App,Healthy,0.44499999999999995
DNR_07727,39,M,A+,Karachi,24.78957291130978,66.9313745046847,1,2,84,App,Healthy,0.48
DNR_07728,32,M,B+,Islamabad,33.67490783920672,73.09362262320712,1,1,63,App,Healthy,0.5349999999999999
DNR_07729,38,F,O+,Faisalabad,31.39425542083093,73.04132911997665,1,4,115,App,Healthy,0.42500000000000004
DNR_07730,26,F,O-,Islamabad,33.738154332313535,73.03853848873709,1,5,90,SMS,Minor issues,0.39999999999999997
DNR_07731,25,F,O+,Quetta,30.237513982662207,66.92983842737706,0,3,85,SMS,Healthy,0.42500000000000004
DNR_07732,45,F,A-,Peshawar,34.03289912548641,71.53471713740268,0,3,82,App,Minor issues,0.44000000000000006
DNR_07733,18,M,B+,Karachi,24.932253951439563,66.95503651910205,1,4,112,SMS,Healthy,0.33999999999999997
DNR_07734,23,M,A+,Faisalabad,31.490296370494725,73.08694081689433,1,2,27,SMS,Healthy,0.6649999999999999
DNR_07735,47,M,AB-,Faisalabad,31.371722755769913,73.1460050034563,1,2,93,App,Minor issues,0.33499999999999996
DNR_07736,43,M,B+,Peshawar,34.08529408612471,71.55485608388292,0,1,27,SMS,Healthy,0.615
DNR_07737,41,M,B+,Karachi,24.823119524686945,66.94239797155929,1,2,83,App,Healthy,0.485
DNR_07738,57,F,O+,Faisalabad,31.349423781477782,73.14865896608633,1,6,94,Phone,Healthy,0.53
DNR_07739,33,F,B+,Lahore,31.49804424651833,74.30040697180989,1,1,10,SMS,Minor issues,0.6
DNR_07740,18,M,O+,Islamabad,33.74335968297194,73.12571754893173,1,1,106,App,Healthy,0.31999999999999995
DNR_07741,24,M,B-,Peshawar,34.03903115276691,71.51165034019476,0,5,92,SMS,Healthy,0.49
DNR_07742,43,M,A+,Lahore,31.515126919858034,74.3915542744199,1,6,65,SMS,Healthy,0.6749999999999999
DNR_07743,42,M,A+,Lahore,31.57957812852832,74.34699773255234,1,2,53,App,Healthy,0.6349999999999999
DNR_07744,40,F,O+,Karachi,24.789286856078675,66.97836263985155,1,2,19,App,Healthy,0.8049999999999999
DNR_07745,37,M,O+,Peshawar,33.93880812763834,71.59104067933727,0,4,20,SMS,Healthy,0.7999999999999999
DNR_07746,22,M,O-,Multan,30.225136863361307,71.58521549461972,0,3,88,App,Healthy,0.51
DNR_07747,32,F,B+,Faisalabad,31.465795659203547,73.12988598580323,1,1,48,SMS,Healthy,0.51
DNR_07748,41,M,B+,Multan,30.138003927120554,71.51030174656911,0,5,36,SMS,Healthy,0.7699999999999999
DNR_07749,21,M,A+,Karachi,24.93885037687209,66.99803695841757,1,1,40,SMS,Healthy,0.5499999999999999
DNR_07750,24,M,A+,Islamabad,33.66285556815353,73.10056196560585,1,8,105,SMS,Healthy,0.575
DNR_07751,60,M,O+,Karachi,24.83388657626703,66.95132444254374,1,5,70,App,Healthy,0.7
DNR_07752,26,M,O+,Islamabad,33.72101761910731,73.03011425942127,1,1,41,SMS,Healthy,0.545
DNR_07753,42,M,B+,Quetta,30.1693483604651,66.94147524955615,0,5,91,App,Healthy,0.595
DNR_07754,25,M,O+,Peshawar,34.034129926833074,71.54215865768163,0,3,98,App,Healthy,0.45999999999999996
DNR_07755,36,F,A-,Lahore,31.529696620798433,74.4205100895251,1,5,93,App,Minor issues,0.485
DNR_07756,39,M,B+,Multan,30.202048958405324,71.53315465540865,0,3,53,SMS,Minor issues,0.485
DNR_07757,41,M,A+,Islamabad,33.75235649241899,73.01352261795813,1,6,18,App,Healthy,0.95
DNR_07758,18,M,B+,Peshawar,33.94360511238883,71.52593659347153,0,3,11,SMS,Healthy,0.7949999999999999
DNR_07759,22,F,B+,Faisalabad,31.49030094621178,73.02306492218175,1,3,84,SMS,Healthy,0.43000000000000005
DNR_07760,35,F,B+,Peshawar,33.99710251272373,71.59305945030263,0,0,337,SMS,Healthy,0.05
DNR_07761,35,M,O+,Multan,30.219780274495275,71.56070649158958,0,5,38,SMS,Minor issues,0.6599999999999999
DNR_07762,18,M,O+,Islamabad,33.63234906814127,73.00170970209456,1,4,64,SMS,Healthy,0.58
DNR_07763,34,F,O+,Islamabad,33.6735471360075,73.09388019472694,1,4,20,Phone,Minor issues,0.7
DNR_07764,36,F,A+,Karachi,24.92665306665981,67.03397193672573,1,4,58,App,Healthy,0.71
DNR_07765,43,F,O+,Multan,30.133426150146654,71.47421282836179,0,2,79,Phone,Healthy,0.4049999999999999
DNR_07766,25,M,A+,Karachi,24.87890228933783,66.95738681493056,1,5,115,Phone,Healthy,0.375
DNR_07767,34,F,B+,Peshawar,33.97701373637655,71.55961118815624,0,0,281,SMS,Healthy,0.05
DNR_07768,27,M,B+,Peshawar,33.97743800541241,71.64162437584906,0,1,77,App,Healthy,0.46499999999999997
DNR_07769,25,M,A+,Peshawar,34.05783413208401,71.5804096011732,0,0,222,SMS,Healthy,0.05
DNR_07770,27,M,O+,Peshawar,34.01791046555394,71.57857382203913,0,3,63,Phone,Minor issues,0.435
DNR_07771,50,M,B+,Faisalabad,31.40209310055956,73.09330539001236,1,1,38,App,Healthy,0.6599999999999999
DNR_07772,20,M,A+,Multan,30.17067116264566,71.54546850440867,0,3,75,App,Healthy,0.575
DNR_07773,35,M,B+,Multan,30.212985564951648,71.55523978251891,0,3,23,App,Healthy,0.835
DNR_07774,30,M,A+,Multan,30.20141532855168,71.54031929137714,0,0,400,Phone,Healthy,0.05
DNR_07775,18,M,AB-,Lahore,31.518016601680024,74.33836296291281,1,5,114,SMS,Minor issues,0.28
DNR_07776,20,F,B+,Faisalabad,31.40734801260963,73.03782183773352,1,14,71,SMS,Healthy,0.95
DNR_07777,30,M,A-,Faisalabad,31.47037047126193,73.03205615754588,1,5,8,Phone,Healthy,0.9099999999999999
DNR_07778,27,M,B+,Lahore,31.58264465913002,74.27870269398376,1,5,8,App,Healthy,0.95
DNR_07779,18,M,B+,Peshawar,33.95712144292678,71.5118387130565,0,2,44,SMS,Unhealthy,0.48
DNR_07780,19,M,B+,Quetta,30.150121150310955,66.99709593921663,0,4,40,App,Healthy,0.7999999999999999
DNR_07781,27,M,A+,Lahore,31.606026478817327,74.26793115382853,1,3,18,App,Healthy,0.86
DNR_07782,23,F,A+,Peshawar,34.06059151919834,71.59195794351929,0,2,54,SMS,Healthy,0.5299999999999999
DNR_07783,22,F,O+,Karachi,24.787971356352113,66.9341665286147,1,4,94,App,Healthy,0.53
DNR_07784,22,M,O+,Islamabad,33.65453042531793,73.0439119504555,1,4,116,SMS,Healthy,0.32000000000000006
DNR_07785,41,M,B-,Lahore,31.499475677608167,74.27443814045526,1,1,31,App,Healthy,0.695
DNR_07786,25,M,A+,Peshawar,34.01145398586932,71.50189984072318,0,3,101,App,Minor issues,0.345
DNR_07787,29,F,A+,Karachi,24.88370133441266,66.97918564597202,1,6,28,SMS,Healthy,0.86
DNR_07788,27,M,O+,Multan,30.10605422339064,71.49443440151089,0,12,49,App,Healthy,0.95
DNR_07789,31,M,A-,Peshawar,34.066822993508524,71.60635834061172,0,2,87,Phone,Healthy,0.365
DNR_07790,51,M,B+,Multan,30.154906594485166,71.55674118410856,0,6,109,App,Minor issues,0.45499999999999996
DNR_07791,34,M,O+,Faisalabad,31.356581645155153,73.1482265529671,1,3,112,SMS,Healthy,0.2899999999999999
DNR_07792,44,M,AB-,Quetta,30.232243407742963,66.94341165274966,0,3,76,Phone,Healthy,0.47
DNR_07793,48,F,B+,Peshawar,34.07730246907091,71.58833005615757,0,5,9,App,Healthy,0.95
DNR_07794,31,M,A+,Multan,30.23706985750458,71.50720130755955,0,2,19,App,Healthy,0.8049999999999999
DNR_07795,34,F,B+,Lahore,31.61903842769042,74.28818168321935,1,1,49,SMS,Healthy,0.505
DNR_07796,31,M,B+,Lahore,31.61492149052334,74.40891096014491,1,1,93,SMS,Healthy,0.2849999999999999
DNR_07797,29,M,O+,Multan,30.20672050353874,71.51814738931593,0,1,27,Phone,Minor issues,0.515
DNR_07798,36,M,O+,Islamabad,33.68288830656168,73.06479492364733,1,1,24,App,Healthy,0.73
DNR_07799,41,M,A+,Faisalabad,31.42437863727841,73.12701448338522,1,8,34,SMS,Healthy,0.9299999999999999
DNR_07800,31,M,A+,Lahore,31.471906399061602,74.36543765193497,1,2,85,App,Healthy,0.475
DNR_07801,18,M,B+,Quetta,30.18816292164197,66.9951385608531,0,3,63,SMS,Healthy,0.535
DNR_07802,22,M,A+,Lahore,31.498657291784994,74.29080638289564,1,2,89,App,Healthy,0.45499999999999996
DNR_07803,46,M,B+,Quetta,30.25201583166152,67.02613521639887,0,6,86,SMS,Healthy,0.5700000000000001
DNR_07804,38,F,A+,Lahore,31.496327008312804,74.28658203495205,1,6,48,SMS,Healthy,0.76
DNR_07805,37,M,O+,Karachi,24.916645473978402,67.00362011801514,1,5,110,Phone,Minor issues,0.29999999999999993
DNR_07806,51,M,AB+,Islamabad,33.6995788333309,73.05461097986414,1,8,48,SMS,Healthy,0.86
DNR_07807,18,F,O-,Lahore,31.550037967800424,74.37996593020092,1,0,325,Phone,Healthy,0.05
DNR_07808,46,M,A-,Karachi,24.793673240668056,67.00243059228326,1,1,78,SMS,Healthy,0.36
DNR_07809,18,M,B+,Lahore,31.487448283433782,74.36650752557131,1,2,25,App,Minor issues,0.6749999999999999
DNR_07810,41,M,A+,Islamabad,33.632971723795755,73.09256283113952,1,3,12,SMS,Healthy,0.79
DNR_07811,27,M,B+,Islamabad,33.680892196354726,73.08220690533074,1,7,114,App,Healthy,0.5800000000000001
DNR_07812,42,F,AB-,Multan,30.205842285470208,71.56846346875936,0,3,75,SMS,Unhealthy,0.375
DNR_07813,20,M,O+,Islamabad,33.63650241440754,73.00284052230313,1,2,16,SMS,Minor issues,0.62
DNR_07814,25,M,B-,Multan,30.14757157545071,71.48791235538317,0,0,163,SMS,Minor issues,0.05
DNR_07815,60,M,A+,Faisalabad,31.346354063511082,73.10449895177416,1,2,12,Phone,Unhealthy,0.64
DNR_07816,27,F,A+,Lahore,31.547701841596563,74.41638804115618,1,4,55,App,Unhealthy,0.6249999999999999
DNR_07817,32,F,B+,Faisalabad,31.431049483917725,73.0697824587641,1,1,114,App,Healthy,0.28
DNR_07818,18,M,O+,Multan,30.211977575104676,71.48110566395833,0,1,117,Phone,Healthy,0.16500000000000004
DNR_07819,50,M,O+,Lahore,31.624339235779374,74.29309557572203,1,12,25,App,Unhealthy,0.95
DNR_07820,37,M,AB-,Islamabad,33.674291021959945,73.08492500973874,1,7,72,SMS,Healthy,0.6900000000000001
DNR_07821,25,F,B+,Faisalabad,31.412133523630036,73.1172365738942,1,1,118,App,Healthy,0.26
DNR_07822,51,M,O+,Multan,30.17861752319433,71.46965914988502,0,3,93,Phone,Healthy,0.385
DNR_07823,28,M,AB-,Islamabad,33.62565299662872,73.0406277938458,1,6,97,App,Healthy,0.615
DNR_07824,35,M,O-,Quetta,30.23597410627235,67.00593054393568,0,1,55,App,Healthy,0.575
DNR_07825,30,F,O+,Quetta,30.210765914000817,66.96774757082417,0,3,50,App,Healthy,0.7
DNR_07826,25,F,B+,Islamabad,33.67692752389368,73.0164864268142,1,6,113,App,Minor issues,0.43500000000000005
DNR_07827,32,M,A+,Faisalabad,31.49604072385127,73.1247783923021,1,3,44,SMS,Healthy,0.63
DNR_07828,18,M,O+,Quetta,30.243190970043443,67.01316789115866,0,6,106,App,Healthy,0.57
DNR_07829,27,M,O+,Faisalabad,31.458200285405642,73.13489898135131,1,3,15,App,Healthy,0.875
DNR_07830,24,M,A+,Karachi,24.81500455592198,66.96952302336771,1,4,92,Phone,Healthy,0.43999999999999995
DNR_07831,25,F,B+,Karachi,24.907101277404582,66.9240203522117,1,6,73,SMS,Healthy,0.635
DNR_07832,18,F,A+,Lahore,31.551228404883382,74.40056737758633,1,9,30,App,Minor issues,0.95
DNR_07833,39,M,A+,Islamabad,33.644285964919355,73.08560508792405,1,3,92,App,Minor issues,0.39
DNR_07834,38,M,AB-,Islamabad,33.728387183893396,73.05603287842189,1,5,90,SMS,Healthy,0.5
DNR_07835,26,M,AB-,Karachi,24.892982960849977,67.01152426091164,1,3,106,SMS,Healthy,0.31999999999999995
DNR_07836,20,F,B+,Lahore,31.49100779489846,74.39696852488633,1,5,118,SMS,Healthy,0.36
DNR_07837,18,M,A+,Lahore,31.59791718776292,74.36965043122177,1,1,114,Phone,Healthy,0.18000000000000005
DNR_07838,22,F,B+,Faisalabad,31.36656307987121,73.0433294036761,1,0,297,App,Healthy,0.05
DNR_07839,18,M,B+,Quetta,30.22274074800322,66.98185488231609,0,2,97,Phone,Minor issues,0.215
DNR_07840,32,F,B+,Peshawar,33.94125060614073,71.60434523675421,0,0,343,App,Healthy,0.05
DNR_07841,18,F,A-,Faisalabad,31.470058909266093,73.09295677464516,1,2,8,Phone,Healthy,0.7599999999999999
DNR_07842,38,M,B+,Karachi,24.8073364377026,67.045612097802,1,1,52,App,Healthy,0.59
DNR_07843,22,M,O+,Quetta,30.25850244920743,67.01450292235191,0,2,109,App,Healthy,0.355
DNR_07844,19,M,O+,Peshawar,33.93764003173259,71.52631795530397,0,1,7,App,Minor issues,0.715
DNR_07845,60,F,O-,Quetta,30.12511707777338,67.00495935600262,0,6,109,SMS,Minor issues,0.355
DNR_07846,21,F,O+,Faisalabad,31.480509584029658,73.02265052499936,1,5,34,Phone,Unhealthy,0.6799999999999999
DNR_07847,25,M,O+,Islamabad,33.66617583263362,73.12120451949077,1,4,117,App,Healthy,0.41500000000000004
DNR_07848,26,M,O+,Quetta,30.193037680720295,66.91609636362209,0,1,37,App,Healthy,0.6649999999999999
DNR_07849,18,M,O+,Peshawar,33.93925063294475,71.53069066655928,0,2,106,SMS,Healthy,0.26999999999999996
DNR_07850,48,F,B-,Multan,30.199028720559873,71.4546474963829,0,2,105,Phone,Healthy,0.27499999999999997
DNR_07851,39,M,B+,Islamabad,33.67426433599149,73.06801346172746,1,3,114,SMS,Healthy,0.28
DNR_07852,35,M,O+,Multan,30.203681782672746,71.54317974572876,0,2,22,App,Unhealthy,0.69
DNR_07853,31,M,A+,Quetta,30.102910770375296,66.93362930626408,0,2,26,SMS,Healthy,0.6699999999999999
DNR_07854,50,F,O+,Peshawar,33.93705573323171,71.5056133876826,0,3,62,Phone,Healthy,0.54
DNR_07855,18,F,B+,Lahore,31.603508682582873,74.39668303115417,1,3,20,Phone,Healthy,0.75
DNR_07856,27,M,B+,Quetta,30.186199072986447,67.00361808031214,0,1,26,SMS,Healthy,0.62
DNR_07857,41,M,O-,Islamabad,33.704318840168554,73.00484127991794,1,3,68,App,Healthy,0.61
DNR_07858,29,F,O+,Faisalabad,31.39706442673813,73.10466980454156,1,7,11,App,Healthy,0.95
DNR_07859,18,M,B-,Quetta,30.245983369748938,67.00844137859309,0,8,33,Phone,Healthy,0.9349999999999999
DNR_07860,26,F,O+,Faisalabad,31.44776674969162,73.14665013920737,1,1,50,App,Healthy,0.6
DNR_07861,31,M,O+,Quetta,30.17169692922646,67.01831349560959,0,5,64,Phone,Healthy,0.63
DNR_07862,45,F,O+,Karachi,24.81569193605469,66.9897514396778,1,2,113,SMS,Healthy,0.23500000000000004
DNR_07863,58,F,O-,Quetta,30.120745982119022,67.05127388324802,0,1,36,App,Minor issues,0.57
DNR_07864,42,M,O-,Karachi,24.904129970137774,67.011295624863,1,4,80,SMS,Healthy,0.5
DNR_07865,33,M,O+,Karachi,24.80651691849027,66.98603502642781,1,12,87,App,Healthy,0.95
DNR_07866,19,M,AB-,Karachi,24.786076399961694,67.07471020315106,1,4,87,App,Healthy,0.565
DNR_07867,49,M,O+,Islamabad,33.70165370192501,72.99861920432677,1,1,90,SMS,Healthy,0.29999999999999993
DNR_07868,18,M,A+,Faisalabad,31.415964051571425,73.02842603335087,1,0,279,Phone,Healthy,0.05
DNR_07869,18,M,AB-,Islamabad,33.63124453529696,73.10961972119468,1,0,157,SMS,Healthy,0.05
DNR_07870,44,M,O+,Lahore,31.480830889106816,74.28866340444127,1,6,51,App,Healthy,0.845
DNR_07871,25,F,O+,Islamabad,33.70976295463908,73.03686726716958,1,1,77,App,Healthy,0.46499999999999997
DNR_07872,18,F,B+,Lahore,31.54813106886088,74.35907835200517,1,7,32,App,Unhealthy,0.89
DNR_07873,32,M,A+,Lahore,31.48255936977043,74.3414974633406,1,11,69,Phone,Healthy,0.905
DNR_07874,40,F,A+,Faisalabad,31.455884344640978,73.0153734493172,1,1,67,App,Healthy,0.5149999999999999
DNR_07875,27,M,B+,Peshawar,33.95094688481881,71.5469910814919,0,12,7,SMS,Unhealthy,0.95
DNR_07876,18,M,A+,Karachi,24.93940259716698,67.04098987735098,1,6,61,SMS,Unhealthy,0.595
DNR_07877,39,M,A+,Islamabad,33.61067323552752,73.11768041816133,1,10,81,App,Healthy,0.8949999999999999
DNR_07878,27,M,A+,Islamabad,33.73999630896342,73.07894156404994,1,1,75,SMS,Minor issues,0.27499999999999997
DNR_07879,33,M,AB+,Faisalabad,31.425807754817953,73.1123532141375,1,1,65,App,Minor issues,0.42499999999999993
DNR_07880,43,F,A+,Lahore,31.52404848364901,74.38926345063287,1,5,27,App,Unhealthy,0.815
DNR_07881,48,F,O+,Lahore,31.509459321086897,74.37845932208509,1,3,15,Phone,Healthy,0.775
DNR_07882,39,M,O+,Faisalabad,31.39765098413119,73.13994003601722,1,3,92,App,Healthy,0.49
DNR_07883,27,F,B+,Islamabad,33.64396371984595,72.97003750774017,1,2,77,Phone,Healthy,0.4149999999999999
DNR_07884,26,M,B+,Islamabad,33.75908358688391,72.99166170544352,1,1,31,App,Healthy,0.695
DNR_07885,23,M,B+,Quetta,30.25336936865307,66.94609456884137,0,9,116,SMS,Healthy,0.5700000000000001
DNR_07886,24,M,O+,Karachi,24.901463779262105,67.02054325914628,1,2,64,App,Healthy,0.58
DNR_07887,19,M,A+,Peshawar,34.00843769694403,71.57517920031577,0,2,109,SMS,Unhealthy,0.15499999999999994
DNR_07888,29,M,A+,Multan,30.16274938585164,71.4797007624149,0,3,86,App,Healthy,0.52
DNR_07889,38,M,A+,Faisalabad,31.446612926862038,73.02826906189334,1,2,26,App,Healthy,0.7699999999999999
DNR_07890,18,M,B-,Quetta,30.151783525451968,66.9786139026651,0,4,33,App,Healthy,0.835
DNR_07891,31,M,O+,Multan,30.09778503243654,71.4807273408855,0,7,51,App,Healthy,0.895
DNR_07892,27,M,B+,Multan,30.114956063003003,71.5019417784484,0,2,114,App,Minor issues,0.23000000000000004
DNR_07893,23,M,A+,Faisalabad,31.41976964120238,73.06408125098869,1,6,70,App,Minor issues,0.65
DNR_07894,33,M,O+,Peshawar,33.97550975846251,71.65467433027419,0,2,88,SMS,Healthy,0.36
DNR_07895,49,M,A+,Faisalabad,31.445290743229393,73.01588530751101,1,4,44,SMS,Healthy,0.68
DNR_07896,18,M,O+,Quetta,30.11026885952958,67.0499487340848,0,5,33,App,Minor issues,0.7849999999999999
DNR_07897,51,M,A+,Islamabad,33.616624534458516,73.10941714831704,1,1,118,App,Minor issues,0.16000000000000003
DNR_07898,48,M,A+,Quetta,30.15351943360584,66.97941089693954,0,4,73,App,Healthy,0.635
DNR_07899,35,F,A+,Islamabad,33.655604678052086,73.10993393873304,1,7,65,Phone,Healthy,0.725
DNR_07900,49,M,A+,Peshawar,34.003136781109966,71.56758014907237,0,2,98,Phone,Minor issues,0.21
DNR_07901,53,M,A+,Islamabad,33.757623068417075,73.11131652930662,1,5,87,App,Healthy,0.615
DNR_07902,27,M,O+,Islamabad,33.63331061077535,73.04385441298538,1,3,96,SMS,Healthy,0.37
DNR_07903,37,M,B+,Islamabad,33.7476605355704,73.11568687319962,1,4,104,App,Healthy,0.48
DNR_07904,39,M,B+,Peshawar,34.053020543264495,71.58883844986156,0,4,64,SMS,Minor issues,0.48
DNR_07905,45,M,O+,Peshawar,33.98037235826586,71.65155533685575,0,8,21,SMS,Minor issues,0.895
DNR_07906,31,M,O+,Quetta,30.255658138751787,66.9063489791465,0,1,19,SMS,Healthy,0.655
DNR_07907,19,F,B+,Lahore,31.483210993636128,74.36639012959513,1,4,21,App,Healthy,0.895
DNR_07908,53,F,O-,Quetta,30.190118387195785,66.90800359909514,0,4,111,App,Minor issues,0.345
DNR_07909,30,M,B+,Quetta,30.10404201136242,66.98432170429912,0,7,44,Phone,Healthy,0.83
DNR_07910,37,M,O+,Karachi,24.82511375485932,67.03522305107857,1,5,107,App,Minor issues,0.4149999999999999
DNR_07911,44,M,B+,Multan,30.202149191142286,71.582832863427,0,4,33,App,Healthy,0.835
DNR_07912,45,M,O+,Multan,30.16081426763731,71.56100977030044,0,2,96,SMS,Healthy,0.32
DNR_07913,39,M,A+,Islamabad,33.66162483617179,73.01360017875578,1,2,90,SMS,Healthy,0.35
DNR_07914,24,M,B+,Lahore,31.57052874914868,74.38285485492703,1,6,48,SMS,Minor issues,0.66
DNR_07915,19,F,A+,Quetta,30.17979941302603,66.96675343741907,0,6,15,App,Healthy,0.95
DNR_07916,29,F,O+,Peshawar,34.02090935341451,71.51368793296828,0,2,20,App,Healthy,0.7999999999999999
DNR_07917,21,M,O+,Lahore,31.605552924692674,74.33823907666293,1,4,76,SMS,Healthy,0.52
DNR_07918,45,M,A+,Faisalabad,31.44905193689459,73.14612722156544,1,1,57,App,Healthy,0.565
DNR_07919,30,M,O+,Lahore,31.594205421416746,74.3189097975296,1,4,116,Phone,Healthy,0.32000000000000006
DNR_07920,37,M,A+,Faisalabad,31.347988574693186,73.01271214060084,1,0,225,Phone,Healthy,0.05
DNR_07921,45,M,AB+,Islamabad,33.6774408422085,73.12577899683177,1,1,107,Phone,Healthy,0.21499999999999997
DNR_07922,39,F,O+,Quetta,30.23808885244743,67.01424971627519,0,8,63,App,Healthy,0.885
DNR_07923,27,F,B+,Islamabad,33.634789859929796,73.05278328221426,1,1,17,App,Minor issues,0.665
DNR_07924,41,M,A+,Faisalabad,31.345109801907032,73.0692645236742,1,1,78,SMS,Minor issues,0.25999999999999995
DNR_07925,27,F,B-,Quetta,30.258296444891837,67.04062724515826,0,8,75,App,Healthy,0.825
DNR_07926,31,M,O+,Multan,30.19894738418623,71.59192085757519,0,3,41,App,Healthy,0.745
DNR_07927,49,M,O+,Lahore,31.606302919915425,74.2998016919526,1,4,32,App,Minor issues,0.7399999999999999
DNR_07928,28,M,B+,Karachi,24.785471277713423,67.04169735771025,1,0,364,App,Healthy,0.05
DNR_07929,37,M,B+,Karachi,24.870480603328737,67.03897781883282,1,1,78,App,Healthy,0.45999999999999996
DNR_07930,43,F,B+,Peshawar,33.96533590151017,71.61540065867172,0,2,56,SMS,Minor issues,0.41999999999999993
DNR_07931,28,F,O-,Quetta,30.22975534482688,66.94137937271093,0,2,43,SMS,Healthy,0.585
DNR_07932,34,M,A-,Lahore,31.526627855796246,74.37022397621072,1,1,33,Phone,Healthy,0.585
DNR_07933,38,M,O+,Multan,30.20694175372236,71.48690761905242,0,8,65,SMS,Minor issues,0.675
DNR_07934,30,F,A+,Islamabad,33.748537310191246,73.0601706608359,1,7,61,App,Healthy,0.845
DNR_07935,23,M,O+,Faisalabad,31.42908388749407,73.07718180100689,1,2,117,SMS,Healthy,0.21500000000000002
DNR_07936,26,M,B-,Islamabad,33.69521566941766,73.00946643666393,1,1,48,App,Healthy,0.61
DNR_07937,30,M,AB+,Lahore,31.550401457912063,74.37019574684659,1,2,19,App,Minor issues,0.705
DNR_07938,40,M,B+,Lahore,31.47324764085729,74.30968534090809,1,6,90,SMS,Healthy,0.55
DNR_07939,29,M,O+,Karachi,24.82650819655329,67.00771318836824,1,4,30,SMS,Healthy,0.7499999999999999
DNR_07940,30,M,B+,Karachi,24.826206226481474,66.99015792750562,1,3,51,App,Healthy,0.695
DNR_07941,38,M,B+,Islamabad,33.6871545587823,73.09794103081488,1,1,76,SMS,Minor issues,0.26999999999999996
DNR_07942,31,M,A+,Multan,30.122813849218364,71.46004049823283,0,4,61,SMS,Minor issues,0.495
DNR_07943,53,M,B+,Faisalabad,31.455139191798644,73.09830865561545,1,4,32,App,Healthy,0.8399999999999999
DNR_07944,28,F,A+,Quetta,30.258099337636484,67.02831308290945,0,0,343,SMS,Healthy,0.05
DNR_07945,25,M,B+,Quetta,30.22119851751859,67.04910897347631,0,2,57,App,Healthy,0.615
DNR_07946,30,F,A+,Lahore,31.561825006517076,74.40541620318855,1,1,55,Phone,Healthy,0.475
DNR_07947,23,F,O+,Islamabad,33.67874322295561,72.97161264700868,1,3,89,SMS,Healthy,0.405
DNR_07948,25,M,O+,Karachi,24.80146128537911,67.0611472047909,1,2,70,SMS,Healthy,0.44999999999999996
DNR_07949,32,F,B+,Lahore,31.5864655543172,74.2981587653619,1,3,18,SMS,Healthy,0.76
DNR_07950,47,M,A+,Quetta,30.120199539872768,66.9043410520859,0,2,16,SMS,Healthy,0.72
DNR_07951,47,F,O+,Peshawar,34.05444693050403,71.61892005269165,0,1,55,App,Healthy,0.575
DNR_07952,22,F,O+,Karachi,24.846434634705318,66.98894620223372,1,3,74,App,Minor issues,0.48
DNR_07953,29,M,A+,Karachi,24.87705738489372,66.97337630464988,1,2,76,App,Healthy,0.5199999999999999
DNR_07954,26,M,AB-,Islamabad,33.69797145010828,72.9847194363651,1,7,107,SMS,Healthy,0.515
DNR_07955,35,M,AB+,Islamabad,33.610136667351206,73.0900606243172,1,3,116,SMS,Healthy,0.27
DNR_07956,47,M,O+,Peshawar,34.06619152933856,71.5070640588565,0,2,22,SMS,Minor issues,0.59
DNR_07957,18,M,B+,Karachi,24.85761893205303,67.07419192705652,1,4,22,App,Healthy,0.8899999999999999
DNR_07958,18,M,A+,Quetta,30.14830834149777,66.92104144972747,0,2,22,App,Healthy,0.7899999999999999
DNR_07959,33,M,B+,Quetta,30.158394082228092,66.96455607395346,0,4,57,SMS,Healthy,0.615
DNR_07960,37,F,O+,Lahore,31.524304281214544,74.277428987602,1,3,103,SMS,Healthy,0.33499999999999996
DNR_07961,18,M,A+,Lahore,31.519641654932247,74.30829109313204,1,2,35,SMS,Minor issues,0.525
DNR_07962,26,F,A+,Lahore,31.5677981373321,74.40620735077296,1,2,65,App,Healthy,0.575
DNR_07963,35,M,B+,Karachi,24.852712339920657,67.03134789606064,1,4,62,Phone,Healthy,0.59
DNR_07964,18,M,O+,Multan,30.218489395974565,71.5168044740472,0,5,103,App,Healthy,0.5349999999999999
DNR_07965,36,M,O+,Karachi,24.842020382012368,67.07554994236605,1,4,82,App,Healthy,0.59
DNR_07966,45,M,A+,Karachi,24.836894159035783,66.95599478079238,1,4,16,Phone,Healthy,0.82
DNR_07967,22,M,A+,Quetta,30.134631124618526,67.03472453567264,0,4,107,Phone,Healthy,0.365
DNR_07968,34,F,B+,Peshawar,34.076196788315606,71.56947697328481,0,2,82,App,Healthy,0.49
DNR_07969,51,M,A-,Faisalabad,31.34885317652857,73.10723769297215,1,0,397,Phone,Healthy,0.05
DNR_07970,34,F,B+,Lahore,31.583692497314956,74.38411227272778,1,2,10,SMS,Healthy,0.7499999999999999
DNR_07971,34,F,AB+,Islamabad,33.74461413164423,73.01781422013944,1,4,62,SMS,Healthy,0.59
DNR_07972,19,F,AB-,Faisalabad,31.412793882858516,73.01741348732001,1,7,45,SMS,Healthy,0.8250000000000001
DNR_07973,47,M,O+,Islamabad,33.71905565365212,73.11952761422663,1,2,64,App,Healthy,0.58
DNR_07974,38,M,A+,Karachi,24.87592572949599,67.00830126643493,1,4,19,App,Healthy,0.905
DNR_07975,36,M,B+,Faisalabad,31.354704125507347,73.05865652899124,1,6,99,SMS,Healthy,0.505
DNR_07976,29,M,O+,Quetta,30.233219331462465,66.98982983166722,0,1,68,App,Healthy,0.5099999999999999
DNR_07977,50,F,A+,Multan,30.11170846300332,71.46360017809405,0,5,98,App,Healthy,0.5599999999999999
DNR_07978,48,F,O+,Faisalabad,31.34577035877023,73.10134032268091,1,8,19,App,Healthy,0.95
DNR_07979,30,F,A+,Quetta,30.166593813240652,66.89668061297333,0,4,48,SMS,Unhealthy,0.56
DNR_07980,38,M,O+,Lahore,31.595657985073778,74.3811106250504,1,2,77,Phone,Minor issues,0.31499999999999995
DNR_07981,18,F,A+,Islamabad,33.721881867076426,73.07869037801146,1,2,19,SMS,Healthy,0.705
DNR_07982,59,F,O+,Multan,30.189038053123767,71.56996847291758,0,3,37,App,Minor issues,0.6649999999999999
DNR_07983,34,M,B-,Peshawar,33.96395075349819,71.63037722043482,0,3,9,SMS,Healthy,0.8049999999999999
DNR_07984,60,F,O+,Islamabad,33.736147750802644,72.97772939639643,1,2,102,SMS,Healthy,0.29
DNR_07985,35,M,O+,Faisalabad,31.351062460950445,73.02112807757274,1,8,103,App,Unhealthy,0.585
DNR_07986,49,F,A+,Multan,30.140716288339533,71.56823794094683,0,6,56,SMS,Minor issues,0.62
DNR_07987,22,M,O+,Multan,30.150282630767283,71.44748568841452,0,2,115,App,Minor issues,0.22500000000000003
DNR_07988,44,M,B+,Peshawar,33.938199390986654,71.55161381209005,0,2,34,Phone,Healthy,0.6299999999999999
DNR_07989,18,F,B+,Lahore,31.484919139037878,74.32104193707978,1,0,177,SMS,Healthy,0.05
DNR_07990,33,F,O+,Peshawar,34.06669366729656,71.53825408429847,0,3,104,SMS,Healthy,0.32999999999999996
DNR_07991,23,F,A+,Islamabad,33.74814661428239,73.03378273674744,1,5,110,App,Healthy,0.4999999999999999
DNR_07992,36,F,B+,Multan,30.188188480293626,71.5456899958936,0,6,77,SMS,Healthy,0.615
DNR_07993,31,M,B+,Multan,30.21792942921285,71.58964259130391,0,1,35,App,Healthy,0.6749999999999999
DNR_07994,29,F,A+,Islamabad,33.679362899483024,72.98930061829215,1,2,92,SMS,Healthy,0.33999999999999997
DNR_07995,18,M,A+,Faisalabad,31.47947125285474,73.105729968872,1,3,59,SMS,Healthy,0.555
DNR_07996,34,M,O+,Islamabad,33.719563724998785,73.12460965120657,1,0,163,App,Healthy,0.05
DNR_07997,37,F,O+,Peshawar,34.004404473154814,71.5780839115697,0,1,80,Phone,Healthy,0.35
DNR_07998,28,M,B+,Lahore,31.51509600521855,74.40796321052431,1,5,31,SMS,Healthy,0.7949999999999999
DNR_07999,18,M,AB-,Karachi,24.88320852125137,66.93155421091623,1,5,95,App,Healthy,0.575
DNR_08000,24,F,AB-,Lahore,31.513969791001383,74.2955842157773,1,4,17,App,Healthy,0.915
DNR_08001,34,F,O+,Multan,30.148597947210522,71.56121033181824,0,0,321,SMS,Healthy,0.05
DNR_08002,18,M,O+,Faisalabad,31.39201796366066,73.10923470203649,1,1,19,App,Unhealthy,0.655
DNR_08003,36,M,B+,Islamabad,33.70338968096516,73.04945144195463,1,6,88,Phone,Healthy,0.56
DNR_08004,26,F,A+,Lahore,31.605492912062935,74.40252039988178,1,3,40,App,Minor issues,0.65
DNR_08005,25,M,O+,Lahore,31.573867172188216,74.36595153028858,1,1,65,App,Healthy,0.5249999999999999
DNR_08006,21,M,O+,Islamabad,33.75284916996575,73.10979774395169,1,2,44,App,Healthy,0.6799999999999999
DNR_08007,34,M,A-,Multan,30.203675139048702,71.58078529668188,0,3,106,App,Healthy,0.41999999999999993
DNR_08008,27,F,A+,Multan,30.126362075820218,71.54632324703968,0,1,98,Phone,Healthy,0.26
DNR_08009,48,M,O-,Karachi,24.86789913182089,67.02359430085517,1,1,117,App,Healthy,0.265
DNR_08010,42,M,B+,Faisalabad,31.343260942928595,73.0077931909624,1,2,22,SMS,Healthy,0.69
DNR_08011,36,M,A+,Quetta,30.160212765044573,66.98553349528291,0,3,59,App,Healthy,0.655
DNR_08012,30,M,O+,Faisalabad,31.43765049018892,73.0477714108185,1,13,106,App,Healthy,0.9199999999999999
DNR_08013,52,M,B+,Peshawar,34.04600457801129,71.63483927681429,0,1,65,SMS,Healthy,0.42499999999999993
DNR_08014,20,F,B-,Faisalabad,31.363857727046575,73.06147997472047,1,0,230,SMS,Healthy,0.05
DNR_08015,29,M,B+,Islamabad,33.62938635595038,73.00133846212475,1,3,41,SMS,Minor issues,0.545
DNR_08016,44,M,B+,Multan,30.141508691584562,71.48391757814113,0,0,250,App,Unhealthy,0.05
DNR_08017,18,M,A+,Faisalabad,31.392266981195913,73.11616024183321,1,3,57,App,Healthy,0.665
DNR_08018,40,M,O+,Peshawar,34.05598789615183,71.6088778643446,0,2,12,SMS,Healthy,0.74
DNR_08019,41,M,B+,Karachi,24.82240476780396,66.92615725853871,1,2,80,Phone,Minor issues,0.29999999999999993
DNR_08020,24,F,B+,Islamabad,33.61970159828332,72.99693991333035,1,5,49,Phone,Healthy,0.705
DNR_08021,28,F,B+,Multan,30.233678572889755,71.58750024430461,0,4,85,SMS,Healthy,0.475
DNR_08022,42,M,A+,Islamabad,33.646112177915604,73.02641154615071,1,4,47,App,Healthy,0.7649999999999999
DNR_08023,43,M,B+,Lahore,31.537213227278958,74.3165148115022,1,3,71,App,Healthy,0.595
DNR_08024,35,M,B+,Lahore,31.60504101850118,74.3586278089314,1,9,59,SMS,Minor issues,0.755
DNR_08025,24,F,B+,Karachi,24.84602579062041,67.03943057024368,1,2,17,App,Healthy,0.815
DNR_08026,60,M,A+,Karachi,24.86840851812768,66.9560578740956,1,1,68,App,Healthy,0.5099999999999999
DNR_08027,55,F,O+,Karachi,24.873501470569757,66.98261348064118,1,3,112,App,Healthy,0.3899999999999999
DNR_08028,30,F,A+,Peshawar,33.961401156005515,71.59892054617515,0,1,81,SMS,Healthy,0.345
DNR_08029,31,F,A+,Lahore,31.590266544936703,74.36586790744316,1,3,21,Phone,Unhealthy,0.645
DNR_08030,29,F,A+,Peshawar,34.052367986536346,71.61278728579377,0,4,102,Phone,Healthy,0.39
DNR_08031,45,F,B+,Quetta,30.141975904248532,67.02615891390802,0,6,49,SMS,Minor issues,0.655
DNR_08032,31,M,B+,Peshawar,33.93551966602506,71.51062968842017,0,1,29,Phone,Healthy,0.605
DNR_08033,46,M,O+,Peshawar,34.04110629385539,71.65812670653234,0,3,12,App,Minor issues,0.79
DNR_08034,36,M,A+,Multan,30.152210127933646,71.45399994925678,0,6,103,App,Healthy,0.585
DNR_08035,33,M,O+,Peshawar,34.087377364418955,71.50385287851184,0,6,64,SMS,Healthy,0.68
DNR_08036,21,F,O+,Karachi,24.874429903200944,66.96897691559528,1,5,68,SMS,Minor issues,0.51
DNR_08037,40,F,A+,Multan,30.212942631390277,71.5913222126973,0,4,40,App,Minor issues,0.7
DNR_08038,40,M,B+,Islamabad,33.654047322927056,73.01536234817252,1,7,47,App,Minor issues,0.8150000000000001
DNR_08039,36,M,O+,Lahore,31.60450405908423,74.39191180632287,1,6,111,SMS,Healthy,0.44499999999999995
DNR_08040,28,M,A+,Lahore,31.48814346290762,74.3825262857865,1,5,89,SMS,Healthy,0.505
DNR_08041,41,M,A+,Lahore,31.626649954171874,74.26952589143464,1,4,62,Phone,Healthy,0.59
DNR_08042,48,M,O-,Islamabad,33.62368280340308,73.10586829457682,1,5,110,App,Minor issues,0.3999999999999999
DNR_08043,39,M,A+,Islamabad,33.72057604112255,73.12079327816929,1,1,105,SMS,Healthy,0.22499999999999998
DNR_08044,24,M,O+,Faisalabad,31.39159146243642,73.08101805967246,1,2,33,Phone,Healthy,0.6349999999999999
DNR_08045,30,M,B+,Quetta,30.22364523168719,67.01297112891453,0,0,365,App,Minor issues,0.05
DNR_08046,44,M,A+,Peshawar,33.97959188660473,71.50787116793421,0,2,15,App,Healthy,0.825
DNR_08047,41,F,O+,Multan,30.213861922454726,71.53585833998743,0,4,24,SMS,Healthy,0.7799999999999999
DNR_08048,24,M,A+,Peshawar,34.034679015472925,71.51309147350517,0,3,71,Phone,Healthy,0.495
DNR_08049,18,F,B+,Faisalabad,31.383193351597622,73.15761128241506,1,4,16,Phone,Healthy,0.82
DNR_08050,25,M,O+,Peshawar,34.078198725751854,71.53317860145236,0,1,58,App,Healthy,0.5599999999999999
DNR_08051,30,M,A+,Lahore,31.491977921904752,74.30685807417872,1,3,83,App,Healthy,0.535
DNR_08052,57,F,O+,Karachi,24.938523963783112,67.04835547180691,1,2,45,App,Minor issues,0.575
DNR_08053,18,M,O+,Islamabad,33.673592447855114,73.10188697450232,1,7,40,App,Minor issues,0.85
DNR_08054,33,M,B+,Islamabad,33.75862387366855,73.08605306639804,1,5,18,Phone,Healthy,0.86
DNR_08055,35,M,B+,Quetta,30.19738082423156,66.97731362252809,0,3,50,App,Healthy,0.7
DNR_08056,42,F,A+,Faisalabad,31.453593419127635,73.01868114318206,1,1,92,Phone,Healthy,0.2899999999999999
DNR_08057,18,F,B+,Peshawar,34.09173332546364,71.57081465593185,0,8,58,Phone,Healthy,0.8099999999999999
DNR_08058,31,M,O+,Lahore,31.523474245737642,74.29805973111768,1,5,47,App,Healthy,0.815
DNR_08059,19,M,O+,Quetta,30.19110573339837,66.9283672048162,0,4,54,Phone,Minor issues,0.53
DNR_08060,33,M,O+,Faisalabad,31.456364148613307,73.15659370111422,1,5,84,SMS,Minor issues,0.43
DNR_08061,45,M,A+,Multan,30.098695257744094,71.60036751718482,0,5,68,SMS,Healthy,0.61
DNR_08062,41,F,O+,Quetta,30.18371726614064,67.00292410638164,0,2,104,SMS,Healthy,0.27999999999999997
DNR_08063,32,M,B+,Peshawar,34.02211971643131,71.57347689948666,0,7,110,App,Healthy,0.6
DNR_08064,18,F,A+,Multan,30.14370526711684,71.49329657464811,0,8,21,App,Healthy,0.95
DNR_08065,37,M,B+,Lahore,31.50326185721248,74.294804513282,1,5,24,SMS,Healthy,0.83
DNR_08066,29,F,A+,Karachi,24.90810478236636,67.05084575536314,1,3,86,App,Healthy,0.52
DNR_08067,45,F,O+,Karachi,24.80999264199357,66.93016445053924,1,2,26,Phone,Unhealthy,0.57
DNR_08068,28,M,A+,Peshawar,33.98335847692809,71.58643765192744,0,0,290,SMS,Minor issues,0.05
DNR_08069,47,M,A+,Lahore,31.590755578103686,74.29150924576729,1,4,18,App,Healthy,0.9099999999999999
DNR_08070,31,M,A+,Faisalabad,31.457151253959807,73.11752528878965,1,5,47,SMS,Minor issues,0.615
DNR_08071,36,M,A+,Islamabad,33.7004559763072,73.06224494594682,1,1,45,SMS,Healthy,0.525
DNR_08072,28,F,O+,Lahore,31.503160736803938,74.26591788604759,1,3,19,Phone,Healthy,0.755
DNR_08073,33,M,B-,Multan,30.12899640566034,71.59273975568307,0,7,119,App,Healthy,0.555
DNR_08074,43,F,A+,Peshawar,33.947932709434,71.53663617849826,0,4,37,SMS,Minor issues,0.615
DNR_08075,39,M,O+,Faisalabad,31.45778318728464,73.09881317677443,1,1,73,Phone,Healthy,0.385
DNR_08076,51,M,O+,Quetta,30.187610561673505,67.00503327014358,0,3,30,SMS,Healthy,0.7
DNR_08077,21,F,O+,Lahore,31.616552593938962,74.38352891604421,1,2,111,SMS,Minor issues,0.14499999999999993
DNR_08078,37,F,A+,Lahore,31.517568114375372,74.41433822505768,1,8,35,Phone,Healthy,0.9249999999999999
DNR_08079,31,M,A+,Karachi,24.922900157525714,66.98839697595504,1,4,22,SMS,Minor issues,0.69
DNR_08080,33,F,A+,Peshawar,33.94696240545712,71.56417916309769,0,1,90,App,Healthy,0.3999999999999999
DNR_08081,34,F,A+,Multan,30.220502050868472,71.5374608458333,0,3,17,Phone,Minor issues,0.665
DNR_08082,42,M,O+,Multan,30.170207565679572,71.59074475501846,0,2,63,SMS,Healthy,0.485
DNR_08083,29,M,A+,Peshawar,33.945280309804296,71.62762527756544,0,0,203,SMS,Healthy,0.05
DNR_08084,45,F,B+,Faisalabad,31.339148809767696,73.02442957104405,1,1,11,SMS,Healthy,0.695
DNR_08085,31,M,A+,Multan,30.224150707503643,71.5245347168684,0,6,118,Phone,Minor issues,0.31000000000000005
DNR_08086,34,F,B+,Lahore,31.61213451924459,74.313037125048,1,4,69,SMS,Healthy,0.555
DNR_08087,27,M,B+,Peshawar,33.97810683757111,71.52473529546177,0,3,114,App,Minor issues,0.28
DNR_08088,22,M,O+,Islamabad,33.73358050348273,73.04808708387797,1,1,58,SMS,Healthy,0.45999999999999996
DNR_08089,44,M,B+,Quetta,30.120694439824693,67.00225493388196,0,6,10,App,Healthy,0.95
DNR_08090,28,M,O+,Karachi,24.87624725631012,66.93609483348202,1,2,64,App,Minor issues,0.48
DNR_08091,37,M,O+,Peshawar,34.06462169429655,71.6490923683116,0,4,57,App,Healthy,0.715
DNR_08092,48,M,O+,Karachi,24.805104871443618,67.05712004563905,1,2,12,App,Healthy,0.84
DNR_08093,39,M,O+,Peshawar,33.94395837535498,71.56074717183421,0,5,36,SMS,Healthy,0.7699999999999999
DNR_08094,30,M,A+,Islamabad,33.69210644720619,73.09482414377223,1,3,119,App,Healthy,0.355
DNR_08095,35,M,B+,Multan,30.0914854808924,71.51994456392082,0,2,112,Phone,Healthy,0.23999999999999994
DNR_08096,29,M,B+,Multan,30.097554014592024,71.58390372626764,0,5,14,App,Unhealthy,0.88
DNR_08097,18,M,A+,Quetta,30.200343165311946,66.90428733342792,0,1,94,App,Healthy,0.38
DNR_08098,23,M,B-,Karachi,24.89709466398704,66.94510736134539,1,2,66,App,Healthy,0.57
DNR_08099,22,F,A+,Lahore,31.546300075261083,74.3528063655389,1,0,162,App,Healthy,0.05
DNR_08100,36,F,O+,Karachi,24.90776020335092,67.00190251754975,1,4,44,App,Healthy,0.78
DNR_08101,27,M,O+,Peshawar,34.06687291665637,71.54438825704922,0,5,106,Phone,Minor issues,0.31999999999999995
DNR_08102,49,M,B+,Karachi,24.87459812200135,66.97457570140143,1,3,11,SMS,Healthy,0.7949999999999999
DNR_08103,37,F,B+,Karachi,24.788651456021906,66.96635140938683,1,5,36,Phone,Healthy,0.7699999999999999
DNR_08104,29,M,O+,Peshawar,34.0665039055839,71.55353410044748,0,3,44,SMS,Healthy,0.63
DNR_08105,23,M,O+,Lahore,31.510391694373563,74.28210555447689,1,2,17,Phone,Healthy,0.715
DNR_08106,35,M,O+,Peshawar,34.044332547095266,71.51232491071178,0,3,52,SMS,Minor issues,0.49
DNR_08107,29,M,A+,Karachi,24.815025902840684,67.00793383123802,1,7,38,App,Healthy,0.95
DNR_08108,24,M,A+,Faisalabad,31.38763342984823,73.01232881906226,1,3,51,App,Healthy,0.695
DNR_08109,27,F,A+,Quetta,30.250003423331243,67.03495160557782,0,3,24,Phone,Minor issues,0.63
DNR_08110,18,M,O+,Quetta,30.160686350989245,66.94485670831769,0,3,103,Phone,Healthy,0.33499999999999996
DNR_08111,21,M,O+,Faisalabad,31.355968263286563,73.11947878471356,1,1,87,SMS,Healthy,0.31499999999999995
DNR_08112,39,F,B+,Faisalabad,31.38845959407402,73.11576948114198,1,2,15,App,Healthy,0.825
DNR_08113,18,F,A+,Multan,30.086532769527707,71.57556376330385,0,1,107,App,Unhealthy,0.21499999999999997
DNR_08114,44,M,B-,Peshawar,33.99265139777975,71.5826623563594,0,6,115,SMS,Healthy,0.42500000000000004
DNR_08115,26,M,B+,Faisalabad,31.362319880438655,73.1512653459528,1,7,66,Phone,Healthy,0.72
DNR_08116,22,M,O+,Multan,30.175460525826228,71.59931566177535,0,4,7,SMS,Healthy,0.8649999999999999
DNR_08117,29,F,A+,Faisalabad,31.376113298670937,73.00985376412412,1,1,38,App,Minor issues,0.5599999999999999
DNR_08118,18,F,A+,Faisalabad,31.456577251267298,73.1360775955115,1,4,10,App,Healthy,0.95
DNR_08119,35,M,A+,Islamabad,33.62941291142873,72.98978328386515,1,3,115,Phone,Healthy,0.275
DNR_08120,29,M,O+,Lahore,31.549049349681894,74.39428947753213,1,1,19,SMS,Healthy,0.655
DNR_08121,39,F,O-,Quetta,30.23715029480954,67.04789631221055,0,3,75,SMS,Healthy,0.475
DNR_08122,32,F,B+,Karachi,24.92125212013503,67.01616779920984,1,4,114,SMS,Healthy,0.33000000000000007
DNR_08123,34,M,O+,Lahore,31.476200901852792,74.33614854153348,1,4,81,App,Healthy,0.595
DNR_08124,30,F,B-,Karachi,24.906814235014277,67.04935165830545,1,2,40,App,Minor issues,0.6
DNR_08125,22,F,A+,Karachi,24.909407428851814,66.95636623937538,1,2,90,SMS,Healthy,0.35
DNR_08126,28,M,O-,Islamabad,33.673266293672214,72.99591630389133,1,4,102,SMS,Healthy,0.39
DNR_08127,29,M,O+,Faisalabad,31.412268977479584,73.14737553906495,1,3,77,App,Healthy,0.565
DNR_08128,42,M,B+,Islamabad,33.73640341051377,73.02800085952288,1,2,105,App,Unhealthy,0.27499999999999997
DNR_08129,28,F,O-,Islamabad,33.70696681879846,72.97542865676034,1,3,78,Phone,Minor issues,0.36
DNR_08130,34,M,B+,Quetta,30.18615402808622,66.98028670099731,0,3,23,SMS,Healthy,0.735
DNR_08131,22,M,A+,Lahore,31.58911486271306,74.2656450782492,1,10,73,App,Healthy,0.9349999999999999
DNR_08132,52,F,A+,Islamabad,33.71692657117462,73.08350118825577,1,2,74,Phone,Healthy,0.42999999999999994
DNR_08133,39,F,B-,Karachi,24.786786101183385,67.0545436478139,1,3,88,SMS,Minor issues,0.31
DNR_08134,24,F,O+,Karachi,24.920163726916886,67.03455690430465,1,1,73,SMS,Healthy,0.385
DNR_08135,20,M,B+,Lahore,31.609752445275138,74.34219307821792,1,2,17,Phone,Healthy,0.715
DNR_08136,23,M,A-,Multan,30.21179816939026,71.56389855834387,0,4,17,SMS,Healthy,0.8150000000000001
DNR_08137,25,M,A+,Faisalabad,31.470591056919716,73.13282506615529,1,3,10,App,Healthy,0.8999999999999999
DNR_08138,38,F,A+,Quetta,30.15660053695138,67.00957186125366,0,7,52,App,Healthy,0.8899999999999999
DNR_08139,51,F,O+,Islamabad,33.69324086860611,73.02576666381859,1,3,49,App,Healthy,0.705
DNR_08140,43,M,O-,Multan,30.124078581596002,71.48314725469713,0,7,21,App,Healthy,0.95
DNR_08141,43,M,AB+,Islamabad,33.701893224169126,73.00426738536395,1,2,41,SMS,Healthy,0.595
DNR_08142,51,M,B+,Faisalabad,31.435155799973973,73.01033699440498,1,1,83,SMS,Healthy,0.33499999999999996
DNR_08143,28,M,O+,Islamabad,33.690413699522786,73.03781094728495,1,6,103,App,Healthy,0.585
DNR_08144,36,M,B+,Lahore,31.587494909411237,74.30966939105305,1,1,72,App,Healthy,0.49
DNR_08145,26,F,O+,Islamabad,33.705871743468435,73.0445024803787,1,5,110,Phone,Minor issues,0.29999999999999993
DNR_08146,29,M,B+,Faisalabad,31.42673670952974,73.08361861695673,1,5,7,SMS,Minor issues,0.815
DNR_08147,44,M,O+,Quetta,30.204270883709487,66.98799491034113,0,10,118,App,Minor issues,0.61
DNR_08148,36,M,B+,Faisalabad,31.464599998271815,73.13004630377714,1,5,47,SMS,Healthy,0.715
DNR_08149,40,F,O+,Quetta,30.12259962960963,66.94387366704319,0,1,81,App,Healthy,0.44499999999999995
DNR_08150,20,F,A+,Lahore,31.61508793656314,74.39597348859667,1,3,108,SMS,Healthy,0.30999999999999994
DNR_08151,18,M,O+,Faisalabad,31.46029073662151,73.11943562794544,1,3,10,App,Healthy,0.8999999999999999
DNR_08152,36,M,O+,Islamabad,33.6807063549602,73.07900320006907,1,1,39,App,Minor issues,0.5549999999999999
DNR_08153,33,M,B+,Islamabad,33.64636909471357,73.05745350509517,1,4,36,SMS,Healthy,0.72
DNR_08154,25,M,O+,Multan,30.093408073788133,71.50158248253787,0,1,68,App,Healthy,0.5099999999999999
DNR_08155,27,M,B+,Karachi,24.90663131553282,66.96160521878677,1,3,80,SMS,Healthy,0.44999999999999996
DNR_08156,50,F,B+,Lahore,31.5935658450086,74.30625161025945,1,6,52,App,Healthy,0.84
DNR_08157,28,M,B+,Islamabad,33.61898110038536,73.10669736178492,1,4,12,SMS,Healthy,0.84
DNR_08158,57,F,A+,Faisalabad,31.47675546591788,73.04649023776011,1,2,44,App,Healthy,0.6799999999999999
DNR_08159,37,M,O+,Karachi,24.817877955170406,66.97727550404147,1,0,334,App,Healthy,0.05
DNR_08160,47,M,A+,Lahore,31.521157835819814,74.31913957075467,1,0,270,App,Minor issues,0.05
DNR_08161,26,F,A+,Lahore,31.613919448882513,74.28193241803018,1,2,93,App,Healthy,0.43499999999999994
DNR_08162,24,F,B+,Quetta,30.108842844470935,66.96701490868955,0,3,54,SMS,Unhealthy,0.48
DNR_08163,26,M,O+,Faisalabad,31.47925470183909,73.09814432158639,1,4,81,SMS,Minor issues,0.39499999999999996
DNR_08164,20,M,B+,Peshawar,33.97644137156765,71.59544815349591,0,0,312,App,Healthy,0.05
DNR_08165,45,M,O-,Faisalabad,31.443230343881392,73.04312455255167,1,3,9,Phone,Healthy,0.8049999999999999
DNR_08166,27,M,AB-,Multan,30.13692949058747,71.52295468848875,0,1,37,SMS,Healthy,0.565
DNR_08167,46,F,A-,Faisalabad,31.384155441816862,73.1229670113101,1,2,10,SMS,Healthy,0.7499999999999999
DNR_08168,41,M,A-,Karachi,24.819734607473656,67.00094752185349,1,3,61,App,Healthy,0.645
DNR_08169,48,M,O+,Islamabad,33.64557152711357,73.09133707293395,1,5,73,SMS,Minor issues,0.485
DNR_08170,51,F,A-,Lahore,31.498038966850753,74.32103594728468,1,3,15,App,Healthy,0.875
DNR_08171,26,M,B-,Quetta,30.13181397108532,66.9579538351184,0,1,22,App,Healthy,0.74
DNR_08172,22,M,AB+,Quetta,30.107188626536114,67.0408598015703,0,4,115,App,Healthy,0.42500000000000004
DNR_08173,29,M,B+,Islamabad,33.72675592107617,73.07766932476179,1,5,24,SMS,Healthy,0.83
DNR_08174,32,M,AB-,Multan,30.1535723886551,71.57115177454881,0,4,18,Phone,Healthy,0.8099999999999999
DNR_08175,41,F,B+,Peshawar,34.073855648505166,71.5267122735981,0,9,98,SMS,Minor issues,0.56
DNR_08176,18,M,O+,Lahore,31.602676508633703,74.33632966843274,1,3,15,SMS,Healthy,0.775
DNR_08177,25,M,B+,Peshawar,34.083768216859696,71.61803813085272,0,5,61,SMS,Minor issues,0.5449999999999999
DNR_08178,26,M,O+,Karachi,24.850983755324823,66.95092034062385,1,1,36,SMS,Healthy,0.57
DNR_08179,51,M,A+,Multan,30.149155261502255,71.50069381893839,0,1,96,App,Minor issues,0.27
DNR_08180,37,M,O+,Islamabad,33.60825930391316,73.01271164138511,1,10,63,App,Healthy,0.95
DNR_08181,44,M,O+,Quetta,30.225359328731653,66.96801904392028,0,10,33,SMS,Healthy,0.95
DNR_08182,18,M,B+,Quetta,30.143516365390642,66.98709802914784,0,3,103,App,Minor issues,0.33499999999999996
DNR_08183,32,F,O+,Quetta,30.194121226514152,67.0466828393323,0,0,206,App,Unhealthy,0.05
DNR_08184,18,M,A+,Multan,30.17058711871545,71.45709646867978,0,3,39,SMS,Healthy,0.6549999999999999
DNR_08185,41,M,A+,Multan,30.177038184625037,71.45678054574543,0,0,310,App,Healthy,0.05
DNR_08186,37,M,B+,Faisalabad,31.399294524243725,73.1539085807094,1,1,52,App,Healthy,0.59
DNR_08187,41,M,B+,Lahore,31.618288068542327,74.320122435957,1,1,18,App,Healthy,0.76
DNR_08188,26,F,A+,Peshawar,34.05992313730693,71.56640725007453,0,8,50,App,Healthy,0.95
DNR_08189,33,M,AB+,Peshawar,33.97676683241919,71.62171953209135,0,1,66,App,Healthy,0.5199999999999999
DNR_08190,29,F,A+,Peshawar,34.05910413383774,71.64987793713641,0,3,115,App,Healthy,0.375
DNR_08191,37,F,B+,Quetta,30.25500358754342,67.04621188526221,0,0,371,App,Healthy,0.05
DNR_08192,27,M,B+,Lahore,31.610793049506288,74.30077194157529,1,3,119,SMS,Healthy,0.255
DNR_08193,33,F,B+,Multan,30.11440723374308,71.50492634213649,0,2,90,App,Minor issues,0.35
DNR_08194,29,M,B+,Quetta,30.226265017559566,66.96745237274318,0,2,16,App,Healthy,0.82
DNR_08195,27,M,O+,Multan,30.108819782678435,71.5265583278554,0,2,40,SMS,Healthy,0.6
DNR_08196,28,F,B+,Karachi,24.804570813600822,67.00814534846027,1,4,86,App,Healthy,0.57
DNR_08197,43,M,A+,Multan,30.157064810375413,71.58130046672983,0,1,117,App,Healthy,0.265
DNR_08198,32,F,A+,Multan,30.09727966537089,71.52753830563329,0,4,41,SMS,Healthy,0.695
DNR_08199,18,M,A+,Quetta,30.127175329199158,66.99752707958658,0,3,84,App,Healthy,0.53
DNR_08200,34,M,AB+,Lahore,31.578408975673792,74.3106692871105,1,2,115,App,Unhealthy,0.22500000000000003
DNR_08201,37,M,O+,Multan,30.189326776060568,71.5024046617526,0,2,31,App,Healthy,0.7449999999999999
DNR_08202,39,M,B+,Lahore,31.549359055250118,74.27199625871027,1,3,68,SMS,Healthy,0.51
DNR_08203,28,F,B+,Peshawar,33.96309051894869,71.65819671555639,0,1,70,App,Minor issues,0.4
DNR_08204,43,F,B+,Karachi,24.81065881172944,66.98436142774831,1,6,95,SMS,Healthy,0.525
DNR_08205,46,M,B+,Faisalabad,31.409645747952943,73.15517777581422,1,4,20,App,Healthy,0.8999999999999999
DNR_08206,20,M,B+,Faisalabad,31.37989824694537,73.00794516796957,1,5,82,App,Healthy,0.64
DNR_08207,26,F,A-,Karachi,24.828694503341286,66.94579612246523,1,4,10,SMS,Minor issues,0.75
DNR_08208,38,F,O+,Islamabad,33.656781328113645,72.99056804169082,1,2,67,SMS,Healthy,0.46499999999999997
DNR_08209,25,F,B+,Peshawar,34.01516315293812,71.63504981557965,0,0,360,App,Healthy,0.05
DNR_08210,27,M,B+,Peshawar,34.0493740762645,71.61668356340452,0,2,65,App,Healthy,0.575
DNR_08211,39,M,A-,Peshawar,34.0856307192666,71.50793707067058,0,3,54,App,Healthy,0.6799999999999999
DNR_08212,31,M,O+,Multan,30.146314583191817,71.5685755587229,0,1,87,Phone,Healthy,0.31499999999999995
DNR_08213,28,M,O+,Lahore,31.47443674369147,74.3133273195999,1,3,29,App,Healthy,0.8049999999999999
DNR_08214,50,M,O+,Islamabad,33.70573949831212,72.98527755077824,1,3,26,SMS,Healthy,0.72
DNR_08215,40,F,O-,Islamabad,33.73566300099651,73.06022358604976,1,4,117,App,Minor issues,0.31500000000000006
DNR_08216,40,M,AB-,Faisalabad,31.363484275018383,73.11022649716513,1,7,114,App,Healthy,0.5800000000000001
DNR_08217,18,M,A+,Islamabad,33.639646724393145,73.01641010185253,1,3,114,App,Healthy,0.38
DNR_08218,35,M,O+,Faisalabad,31.403217693027873,73.08089758301698,1,3,64,SMS,Minor issues,0.43
DNR_08219,45,M,B+,Multan,30.232457093869826,71.5510752327994,0,3,118,Phone,Healthy,0.26
DNR_08220,41,M,B-,Multan,30.093685326933144,71.48271312204805,0,4,37,App,Healthy,0.815
DNR_08221,24,M,B+,Islamabad,33.65080585238075,72.97415469517674,1,4,94,Phone,Healthy,0.43000000000000005
DNR_08222,26,F,A+,Karachi,24.89939328564068,66.93928513339996,1,3,52,App,Healthy,0.69
DNR_08223,32,M,O+,Faisalabad,31.386528118823165,73.00851443859928,1,1,54,App,Healthy,0.58
DNR_08224,18,M,O+,Multan,30.230513859527573,71.45353435134481,0,2,87,App,Healthy,0.46499999999999997
DNR_08225,28,F,A+,Peshawar,34.08348017695627,71.53080133318757,0,3,79,App,Healthy,0.5549999999999999
DNR_08226,18,M,A+,Quetta,30.225839673134306,66.94881526612174,0,10,36,SMS,Healthy,0.95
DNR_08227,25,F,B+,Quetta,30.18093022529413,67.0281425483507,0,2,105,App,Healthy,0.375
DNR_08228,36,M,A+,Islamabad,33.696798614229586,73.07052191528317,1,3,63,Phone,Unhealthy,0.435
DNR_08229,33,M,B+,Quetta,30.132290307369257,67.04588307203507,0,4,98,SMS,Minor issues,0.31
DNR_08230,26,M,O+,Karachi,24.811692011028512,67.02557162378753,1,5,40,App,Unhealthy,0.7499999999999999
DNR_08231,23,F,A+,Multan,30.219391180649303,71.54660735633469,0,2,72,SMS,Minor issues,0.33999999999999997
DNR_08232,27,M,O+,Islamabad,33.73464958746559,73.1169833771396,1,5,101,SMS,Minor issues,0.345
DNR_08233,30,M,AB-,Quetta,30.21120989054207,67.00606276057955,0,5,36,App,Healthy,0.8699999999999999
DNR_08234,30,F,O+,Quetta,30.1475388737904,66.9217553125587,0,2,45,SMS,Healthy,0.575
DNR_08235,58,M,A-,Multan,30.214803871986497,71.52271400349076,0,8,9,App,Healthy,0.95
DNR_08236,22,M,O+,Multan,30.21871485879392,71.45609700247812,0,4,96,SMS,Healthy,0.42000000000000004
DNR_08237,20,F,O-,Islamabad,33.697391421768884,73.05948885950507,1,3,70,App,Healthy,0.6
DNR_08238,28,M,A-,Karachi,24.83310170912344,67.03503506193672,1,6,33,App,Healthy,0.9349999999999999
DNR_08239,30,F,O+,Islamabad,33.647743387989735,73.1048348006832,1,3,74,Phone,Healthy,0.48
DNR_08240,46,M,O+,Karachi,24.859162725651277,66.97385450260961,1,3,97,App,Minor issues,0.365
DNR_08241,29,M,O-,Quetta,30.245834354989377,67.03241644819735,0,5,109,App,Healthy,0.5049999999999999
DNR_08242,18,F,A+,Faisalabad,31.49689861172613,73.15061664691068,1,1,105,App,Healthy,0.32499999999999996
DNR_08243,52,F,O+,Peshawar,33.9592652561004,71.51258509655563,0,4,112,SMS,Healthy,0.33999999999999997
DNR_08244,18,M,AB+,Islamabad,33.611043163223954,73.07162847676032,1,1,63,SMS,Minor issues,0.33499999999999996
DNR_08245,33,M,A-,Lahore,31.53532611596527,74.34421553294356,1,2,23,SMS,Healthy,0.6849999999999999
DNR_08246,21,M,O+,Karachi,24.799393594473347,66.99175966448061,1,3,99,App,Healthy,0.45499999999999996
DNR_08247,31,F,O+,Multan,30.15737566664749,71.56020804424526,0,7,87,App,Healthy,0.715
DNR_08248,48,M,AB+,Multan,30.145522951121578,71.60003602343775,0,3,77,Phone,Healthy,0.46499999999999997
DNR_08249,60,F,B+,Quetta,30.157653167914,66.95772385475252,0,8,31,SMS,Minor issues,0.845
DNR_08250,20,F,O+,Peshawar,34.08450981069592,71.59748431711138,0,6,97,SMS,Unhealthy,0.41500000000000004
DNR_08251,35,F,O-,Karachi,24.876170677327714,66.97407159339433,1,4,110,App,Healthy,0.44999999999999996
DNR_08252,44,M,B-,Quetta,30.18837066474543,66.94898979140922,0,1,22,SMS,Healthy,0.64
DNR_08253,28,M,O+,Islamabad,33.737087837040924,73.0651126879065,1,8,62,App,Unhealthy,0.7899999999999999
DNR_08254,51,M,A+,Peshawar,34.07117940808824,71.58865306619386,0,5,37,App,Healthy,0.865
DNR_08255,31,F,A+,Islamabad,33.71462431473022,73.02513094259501,1,2,44,App,Healthy,0.6799999999999999
DNR_08256,29,F,O+,Peshawar,34.01782588706689,71.55424456119611,0,1,14,App,Healthy,0.78
DNR_08257,46,M,A+,Multan,30.139418099610488,71.45294816163293,0,4,114,SMS,Minor issues,0.23000000000000004
DNR_08258,18,M,A+,Quetta,30.19677082350077,66.98747895394393,0,1,113,SMS,Healthy,0.18500000000000005
DNR_08259,38,M,A+,Faisalabad,31.47317769098413,73.06239708938452,1,4,62,Phone,Minor issues,0.49
DNR_08260,27,M,B+,Faisalabad,31.396526192422066,73.04829568186815,1,4,18,Phone,Healthy,0.8099999999999999
DNR_08261,36,M,A+,Karachi,24.879499829505058,66.95107216095299,1,3,46,Phone,Healthy,0.62
DNR_08262,35,M,A+,Quetta,30.25269634096132,66.97547422036999,0,9,37,App,Healthy,0.95
DNR_08263,43,M,O+,Lahore,31.502154373781057,74.32558094224635,1,6,104,Phone,Healthy,0.48
DNR_08264,27,F,B+,Islamabad,33.62627376422097,73.00535138352006,1,8,102,App,Healthy,0.69
DNR_08265,44,M,A+,Lahore,31.563770260086176,74.28023319443156,1,5,100,Phone,Healthy,0.44999999999999996
DNR_08266,26,M,B+,Lahore,31.59084154524875,74.34508281786627,1,4,48,App,Healthy,0.76
DNR_08267,39,M,A+,Multan,30.145089875665665,71.52269551419649,0,4,26,App,Minor issues,0.7699999999999999
DNR_08268,30,M,O+,Multan,30.199552395147506,71.59215632467992,0,0,361,App,Healthy,0.05
DNR_08269,54,M,O+,Multan,30.07996095913138,71.55326315309843,0,4,99,Phone,Minor issues,0.305
DNR_08270,41,F,A+,Karachi,24.913815403096738,66.93607763977062,1,4,71,SMS,Healthy,0.545
DNR_08271,30,M,O+,Quetta,30.218803230917125,66.93203598381851,0,4,7,App,Healthy,0.95
DNR_08272,47,F,A+,Islamabad,33.70588585313544,73.09408014382572,1,6,92,Phone,Healthy,0.54
DNR_08273,44,M,O+,Quetta,30.13873306092599,66.9234832214603,0,4,109,App,Healthy,0.45499999999999996
DNR_08274,48,F,O+,Islamabad,33.61645121570225,73.05682117302707,1,0,227,Phone,Healthy,0.05
DNR_08275,18,F,O-,Multan,30.088596144049042,71.49883859668333,0,1,101,SMS,Healthy,0.24499999999999997
DNR_08276,26,F,O+,Peshawar,34.08095619935926,71.5851227752885,0,1,76,App,Healthy,0.47
DNR_08277,37,M,A-,Quetta,30.163700942677632,66.99264003272896,0,2,7,App,Healthy,0.8649999999999999
DNR_08278,37,F,B+,Multan,30.199681485889702,71.46901198620175,0,2,116,App,Healthy,0.32000000000000006
DNR_08279,18,M,B+,Karachi,24.81119535046267,67.06253090317527,1,2,25,App,Minor issues,0.6749999999999999
DNR_08280,19,F,A+,Karachi,24.938930408206982,66.92641682856946,1,2,34,SMS,Healthy,0.6299999999999999
DNR_08281,26,F,B+,Peshawar,34.060443547520975,71.61337591238451,0,1,76,App,Unhealthy,0.37
DNR_08282,25,M,A+,Peshawar,34.00884955112715,71.62536771968747,0,3,73,App,Minor issues,0.485
DNR_08283,38,M,A-,Islamabad,33.73393887405068,73.08533341347665,1,0,190,App,Healthy,0.05
DNR_08284,23,M,A+,Multan,30.16890214852316,71.58115524357171,0,1,10,App,Healthy,0.7999999999999999
DNR_08285,35,F,A-,Multan,30.101262221633345,71.5236321021044,0,1,22,SMS,Healthy,0.64
DNR_08286,20,M,O-,Peshawar,33.95711810863707,71.65220866847672,0,0,192,SMS,Healthy,0.05
DNR_08287,34,F,O+,Quetta,30.16447174770843,66.95221255707283,0,4,31,SMS,Healthy,0.745
DNR_08288,29,M,A-,Islamabad,33.66302545695472,73.08027200666268,1,2,61,Phone,Healthy,0.495
DNR_08289,57,M,A+,Lahore,31.61129691981016,74.38147814448237,1,10,88,App,Minor issues,0.7599999999999999
DNR_08290,22,M,O+,Lahore,31.590017248190183,74.28858295755964,1,3,46,SMS,Healthy,0.62
DNR_08291,42,M,O-,Islamabad,33.7003293180018,73.01112596010604,1,3,107,Phone,Healthy,0.31499999999999995
DNR_08292,35,M,O+,Islamabad,33.621768932114385,72.99133442880265,1,2,93,App,Healthy,0.43499999999999994
DNR_08293,29,F,O+,Lahore,31.47846873523758,74.32822074553596,1,4,73,App,Minor issues,0.535
DNR_08294,27,M,AB+,Quetta,30.162744154612025,66.95691424962496,0,4,25,App,Healthy,0.875
DNR_08295,18,F,B-,Faisalabad,31.37284488441554,73.11160120220264,1,1,53,SMS,Healthy,0.485
DNR_08296,45,F,O+,Islamabad,33.71988417997749,73.09304825013191,1,1,41,App,Healthy,0.645
DNR_08297,27,M,A+,Faisalabad,31.366198790424544,73.04020859175786,1,2,86,App,Minor issues,0.37
DNR_08298,21,M,O+,Multan,30.18423776565977,71.54736932436494,0,2,20,App,Minor issues,0.7
DNR_08299,34,F,AB+,Lahore,31.537965764683715,74.28049765233929,1,5,102,SMS,Healthy,0.43999999999999995
DNR_08300,26,M,A+,Peshawar,34.0067270894161,71.59125847101248,0,4,46,Phone,Healthy,0.67
DNR_08301,23,F,A+,Faisalabad,31.38786100994709,73.13575088657997,1,2,15,SMS,Healthy,0.725
DNR_08302,32,M,B+,Lahore,31.62389958959849,74.37933704840026,1,3,54,SMS,Healthy,0.58
DNR_08303,33,M,O+,Quetta,30.122712172464876,67.02158854069853,0,1,48,App,Unhealthy,0.51
DNR_08304,32,F,B+,Islamabad,33.74052769980396,73.01204449388997,1,1,42,SMS,Healthy,0.54
DNR_08305,32,M,B-,Quetta,30.220860009835416,67.02056017611348,0,4,39,SMS,Healthy,0.705
DNR_08306,47,M,B+,Islamabad,33.65820583675245,72.98563545545915,1,11,91,App,Healthy,0.895
DNR_08307,32,F,B+,Multan,30.197651262640218,71.51923131905347,0,1,28,App,Healthy,0.71
DNR_08308,49,M,O+,Peshawar,34.07659070580589,71.5246530688565,0,0,246,Phone,Minor issues,0.05
DNR_08309,45,M,B+,Quetta,30.222724591593877,67.00277726836181,0,1,36,Phone,Healthy,0.57
DNR_08310,36,M,A+,Peshawar,34.04532830731583,71.65045663547714,0,9,92,SMS,Minor issues,0.59
DNR_08311,45,M,B-,Multan,30.234591685556335,71.49472658905911,0,3,64,Phone,Healthy,0.53
DNR_08312,18,M,B+,Quetta,30.234028389982033,67.04351453228459,0,3,55,App,Healthy,0.6749999999999999
DNR_08313,60,M,A+,Karachi,24.825108657345364,66.97166263421646,1,2,8,App,Healthy,0.8599999999999999
DNR_08314,31,M,A+,Karachi,24.90295818086556,66.92312923700023,1,3,20,SMS,Healthy,0.75
DNR_08315,19,M,O+,Islamabad,33.63818279755018,73.07025145325488,1,4,105,SMS,Healthy,0.375
DNR_08316,25,F,O+,Peshawar,33.95984296434748,71.56044460323636,0,1,27,SMS,Healthy,0.615
DNR_08317,28,M,O+,Karachi,24.845080316699608,67.02739645445128,1,1,62,App,Healthy,0.5399999999999999
DNR_08318,25,M,A+,Peshawar,34.01894595966177,71.63684904395785,0,2,82,SMS,Healthy,0.39
DNR_08319,38,M,B+,Quetta,30.237443644400976,66.98931635339481,0,1,113,Phone,Minor issues,0.08500000000000003
DNR_08320,18,F,A+,Quetta,30.2493953391846,67.04244806094866,0,4,26,SMS,Unhealthy,0.6699999999999999
DNR_08321,32,F,A+,Peshawar,34.063506357773214,71.61895987651472,0,1,95,SMS,Unhealthy,0.175
DNR_08322,18,M,O+,Lahore,31.591593766688508,74.39934850174585,1,5,53,App,Healthy,0.7849999999999999
DNR_08323,24,M,A+,Islamabad,33.61279142707917,73.0150119208848,1,3,116,App,Healthy,0.37
DNR_08324,36,M,A-,Peshawar,33.98958709097065,71.56381668786317,0,4,16,SMS,Healthy,0.82
DNR_08325,18,F,AB+,Faisalabad,31.427962685877272,73.01143890997648,1,12,71,App,Healthy,0.95
DNR_08326,30,M,O+,Quetta,30.169997626961937,66.97394243460812,0,3,12,App,Healthy,0.89
DNR_08327,33,M,O+,Faisalabad,31.487216269904234,73.02431237453943,1,7,36,SMS,Healthy,0.87
DNR_08328,53,F,B+,Karachi,24.88123634222874,66.95750336157923,1,1,90,Phone,Healthy,0.29999999999999993
DNR_08329,42,M,AB+,Lahore,31.58372130210384,74.2850157532988,1,1,60,App,Healthy,0.5499999999999999
DNR_08330,31,F,B+,Karachi,24.878973880991154,67.02109167774917,1,4,57,App,Healthy,0.715
DNR_08331,25,F,O+,Faisalabad,31.36239999116146,73.07513512441176,1,3,111,App,Minor issues,0.29499999999999993
DNR_08332,24,F,A+,Islamabad,33.69177505619001,73.01052469434181,1,4,59,SMS,Minor issues,0.505
DNR_08333,39,F,B+,Islamabad,33.71457643875771,72.97150814650993,1,3,72,SMS,Minor issues,0.39
DNR_08334,41,M,B+,Karachi,24.923233376902964,66.9776897428972,1,3,59,SMS,Healthy,0.555
DNR_08335,36,M,A+,Faisalabad,31.369520854893825,73.1374495975323,1,2,118,SMS,Minor issues,0.11000000000000001
DNR_08336,27,M,B+,Quetta,30.174811323265054,66.91596604887177,0,3,83,SMS,Healthy,0.43500000000000005
DNR_08337,32,M,AB+,Lahore,31.596057841047188,74.29986720649799,1,2,74,SMS,Healthy,0.42999999999999994
DNR_08338,25,M,B+,Quetta,30.162886695326822,66.99607220742318,0,2,72,App,Minor issues,0.43999999999999995
DNR_08339,29,M,A+,Quetta,30.192254443515345,66.95792289677074,0,6,20,App,Minor issues,0.9
DNR_08340,42,M,A+,Islamabad,33.762014840100825,73.04782254389448,1,2,98,SMS,Healthy,0.31
DNR_08341,31,M,A-,Islamabad,33.69735141867669,72.98513468301952,1,4,42,Phone,Healthy,0.6900000000000001
DNR_08342,18,M,AB-,Quetta,30.117954888256836,67.02354300318413,0,9,59,SMS,Minor issues,0.755
DNR_08343,39,M,B-,Faisalabad,31.36237834157694,73.00467417462865,1,5,89,App,Healthy,0.605
DNR_08344,29,M,B+,Faisalabad,31.404450351024437,73.15292376959287,1,2,37,Phone,Healthy,0.615
DNR_08345,46,F,O+,Faisalabad,31.471475127020863,73.15591304125654,1,0,266,SMS,Healthy,0.05
DNR_08346,32,M,A+,Lahore,31.548440753173175,74.27402094774781,1,3,40,App,Healthy,0.75
DNR_08347,31,M,B+,Islamabad,33.755714277733915,73.08859990053931,1,1,96,App,Healthy,0.37
DNR_08348,38,F,O+,Quetta,30.125072286441448,66.96838645711016,0,2,65,SMS,Healthy,0.475
DNR_08349,60,F,AB-,Karachi,24.855689493853767,67.07581415998324,1,1,99,SMS,Healthy,0.255
DNR_08350,18,M,A+,Peshawar,34.02892412632492,71.62353341061537,0,1,15,App,Healthy,0.775
DNR_08351,27,F,O+,Faisalabad,31.447733508953466,73.05529119649192,1,0,247,App,Healthy,0.05
DNR_08352,26,M,A+,Multan,30.165283961691415,71.58964757337596,0,3,59,App,Minor issues,0.555
DNR_08353,20,M,O+,Islamabad,33.74585157504091,73.0533347310813,1,3,17,App,Healthy,0.865
DNR_08354,29,F,A+,Lahore,31.625926120057407,74.26654966312559,1,0,188,Phone,Minor issues,0.05
DNR_08355,32,M,A+,Multan,30.149785083896862,71.5475723398153,0,0,323,SMS,Healthy,0.05
DNR_08356,39,M,O+,Karachi,24.781101232493977,67.06827471156743,1,4,111,App,Healthy,0.44499999999999995
DNR_08357,49,F,O+,Quetta,30.17455561839101,67.04260129353162,0,1,102,Phone,Minor issues,0.13999999999999996
DNR_08358,48,M,B+,Islamabad,33.688388751166265,73.04351652260067,1,3,12,SMS,Healthy,0.79
DNR_08359,44,F,AB-,Karachi,24.80336539469287,66.93399124364332,1,3,30,SMS,Healthy,0.7
DNR_08360,57,M,O+,Lahore,31.524574429115585,74.29975372178532,1,2,92,App,Healthy,0.43999999999999995
DNR_08361,45,F,A+,Peshawar,34.05388783654493,71.60165699854109,0,3,45,SMS,Healthy,0.625
DNR_08362,50,M,A+,Islamabad,33.7374718436535,73.03540756001296,1,2,71,SMS,Healthy,0.44499999999999995
DNR_08363,33,M,O+,Faisalabad,31.47558737902252,73.00526424506089,1,12,83,Phone,Unhealthy,0.7850000000000001
DNR_08364,40,M,O+,Karachi,24.78404641421926,67.03280394225538,1,2,42,App,Healthy,0.69
DNR_08365,18,M,B+,Quetta,30.141437966018756,66.98310289406082,0,5,50,SMS,Healthy,0.7
DNR_08366,21,F,B+,Karachi,24.901852785625636,67.07858395175131,1,5,96,SMS,Healthy,0.47
DNR_08367,28,M,O+,Quetta,30.17474666047861,67.00547787172387,0,8,36,App,Unhealthy,0.92
DNR_08368,43,M,O+,Islamabad,33.75976643560778,73.09953176342125,1,5,55,App,Healthy,0.7749999999999999
DNR_08369,34,M,AB+,Faisalabad,31.352009130266328,73.0263394037102,1,3,43,Phone,Healthy,0.635
DNR_08370,31,F,B+,Lahore,31.616417285723337,74.41580423084547,1,3,33,SMS,Healthy,0.6849999999999999
DNR_08371,18,M,A+,Karachi,24.90916927893442,66.983831309342,1,4,18,App,Healthy,0.9099999999999999
DNR_08372,22,F,B+,Karachi,24.841257947956226,66.99725722498734,1,3,14,Phone,Healthy,0.78
DNR_08373,42,M,A+,Multan,30.113400221878294,71.52876627737899,0,7,85,App,Healthy,0.725
DNR_08374,39,M,A+,Peshawar,33.949002613299676,71.60696459090056,0,0,154,App,Healthy,0.05
DNR_08375,28,M,O+,Faisalabad,31.33956980070003,73.01975499756288,1,3,37,App,Minor issues,0.6649999999999999
DNR_08376,37,F,O+,Peshawar,33.99096835989961,71.5770006378022,0,2,103,App,Healthy,0.385
DNR_08377,39,M,A+,Quetta,30.1655811587945,67.04262853286943,0,2,52,Phone,Healthy,0.5399999999999999
DNR_08378,18,M,O+,Peshawar,33.93878540599283,71.540240329934,0,5,42,App,Healthy,0.84
DNR_08379,48,F,O+,Karachi,24.837329959112502,67.06193305547355,1,5,50,App,Healthy,0.7999999999999999
DNR_08380,37,F,A+,Lahore,31.498205581248495,74.40366625923079,1,3,38,App,Healthy,0.76
DNR_08381,38,M,AB+,Multan,30.222204912787927,71.45861654135236,0,2,14,SMS,Healthy,0.73
DNR_08382,36,M,A+,Multan,30.172050046313633,71.57721110618705,0,1,77,App,Healthy,0.46499999999999997
DNR_08383,21,F,O+,Peshawar,34.054791620895855,71.59023017354967,0,2,92,App,Healthy,0.43999999999999995
DNR_08384,37,M,AB-,Karachi,24.792598984665062,66.93939884255927,1,3,85,App,Healthy,0.525
DNR_08385,40,M,O+,Quetta,30.112131390990907,66.92298087961132,0,3,88,SMS,Minor issues,0.31
DNR_08386,34,M,O+,Quetta,30.25016102594533,66.89533625307831,0,4,37,App,Unhealthy,0.715
DNR_08387,30,M,O+,Islamabad,33.6535078560857,73.10583428563625,1,1,10,App,Healthy,0.7999999999999999
DNR_08388,38,M,O+,Karachi,24.837976583271356,66.93056853607511,1,5,113,Phone,Healthy,0.385
DNR_08389,42,M,B+,Faisalabad,31.41450836470811,73.07789932251899,1,1,36,App,Healthy,0.6699999999999999
DNR_08390,29,M,AB-,Lahore,31.583044082153396,74.38294267947207,1,4,54,SMS,Healthy,0.63
DNR_08391,29,F,A+,Faisalabad,31.48147358928391,73.14127427472081,1,8,21,Phone,Minor issues,0.895
DNR_08392,31,M,B+,Karachi,24.78889111368784,67.03346685685052,1,1,109,SMS,Healthy,0.20499999999999996
DNR_08393,36,F,B+,Karachi,24.911471207210475,66.92965739849933,1,0,248,Phone,Healthy,0.05
DNR_08394,43,M,O+,Karachi,24.79630414554662,67.00662015567598,1,2,30,SMS,Healthy,0.6499999999999999
DNR_08395,23,M,O+,Lahore,31.616865945266127,74.27746494076709,1,1,58,App,Minor issues,0.45999999999999996
DNR_08396,34,F,A+,Faisalabad,31.471099692938797,73.03993266120345,1,3,106,SMS,Healthy,0.31999999999999995
DNR_08397,30,M,O+,Faisalabad,31.34896369946814,73.14009134029881,1,3,32,App,Healthy,0.7899999999999999
DNR_08398,45,M,O+,Quetta,30.19389970338661,66.91782714673023,0,14,91,SMS,Healthy,0.945
DNR_08399,29,M,B+,Lahore,31.48135537024782,74.40991907337,1,1,90,SMS,Minor issues,0.19999999999999996
DNR_08400,21,F,O+,Lahore,31.576992832611943,74.34429235193316,1,4,71,Phone,Healthy,0.545
DNR_08401,60,M,B+,Karachi,24.88854860341351,66.99452373921469,1,4,106,SMS,Healthy,0.37
DNR_08402,20,M,O+,Quetta,30.196811359791973,66.96900383058771,0,1,100,Phone,Healthy,0.24999999999999997
DNR_08403,44,F,O+,Lahore,31.568537734445545,74.27410224207428,1,4,16,SMS,Minor issues,0.72
DNR_08404,41,F,O+,Islamabad,33.74225955275898,73.04158829205882,1,5,116,Phone,Healthy,0.37
DNR_08405,18,M,O+,Multan,30.096931464427886,71.53808689269857,0,3,102,SMS,Minor issues,0.24
DNR_08406,40,M,O-,Lahore,31.529380788180447,74.35262550417491,1,3,40,App,Healthy,0.75
DNR_08407,36,M,B+,Islamabad,33.68839753881254,72.99225716585326,1,2,118,Phone,Healthy,0.21000000000000002
DNR_08408,25,F,B+,Karachi,24.824451100940028,66.97311651602195,1,3,83,Phone,Healthy,0.43500000000000005
DNR_08409,27,M,A+,Multan,30.17275946668786,71.4908869059017,0,4,33,SMS,Minor issues,0.635
DNR_08410,46,F,A+,Peshawar,34.06690264441959,71.55469344216692,0,4,72,SMS,Healthy,0.54
DNR_08411,18,M,B+,Quetta,30.221169187817086,66.9825205983142,0,1,84,App,Minor issues,0.32999999999999996
DNR_08412,33,F,A+,Peshawar,33.979058880176034,71.5843474548813,0,6,29,App,Healthy,0.95
DNR_08413,31,F,A+,Karachi,24.799640428248765,66.98943949107068,1,4,43,SMS,Healthy,0.6849999999999999
DNR_08414,21,M,A+,Peshawar,34.0599479377249,71.54609375693965,0,2,119,Phone,Healthy,0.20500000000000002
DNR_08415,41,M,AB+,Quetta,30.254802134885495,67.0364220402665,0,6,14,SMS,Healthy,0.93
DNR_08416,28,F,A+,Karachi,24.894827563970765,66.92412271663366,1,2,49,App,Healthy,0.6549999999999999
DNR_08417,38,M,O+,Islamabad,33.6505755857847,73.06004786633535,1,0,237,App,Healthy,0.05
DNR_08418,45,M,A+,Quetta,30.235823275617093,67.04613682105156,0,7,33,SMS,Healthy,0.8849999999999999
DNR_08419,32,M,B+,Islamabad,33.74310816588289,73.01484212217801,1,5,118,SMS,Unhealthy,0.26
DNR_08420,24,F,O+,Faisalabad,31.412246249341184,73.09501831590892,1,2,86,App,Minor issues,0.37
DNR_08421,39,M,A+,Multan,30.15551753152891,71.4767039246649,0,8,33,SMS,Minor issues,0.835
DNR_08422,46,M,A+,Quetta,30.204428610091327,66.984592834954,0,4,93,App,Healthy,0.5349999999999999
DNR_08423,19,M,O+,Lahore,31.61342213211448,74.39564947113936,1,1,13,App,Healthy,0.7849999999999999
DNR_08424,37,M,AB+,Lahore,31.584189116588817,74.32895551398136,1,4,67,App,Healthy,0.6649999999999999
DNR_08425,36,M,O-,Lahore,31.56041348216461,74.31971902875419,1,1,73,App,Healthy,0.485
DNR_08426,42,M,A+,Peshawar,34.08359989225481,71.63047092464423,0,3,56,SMS,Healthy,0.57
DNR_08427,21,M,A+,Faisalabad,31.428023620125227,73.0787333192064,1,2,111,App,Healthy,0.345
DNR_08428,34,M,B+,Multan,30.09528288690724,71.50504795747322,0,6,61,App,Healthy,0.7949999999999999
DNR_08429,45,M,O+,Islamabad,33.6392738751289,73.06375745198591,1,6,71,Phone,Healthy,0.645
DNR_08430,46,F,B+,Karachi,24.858610805264227,67.0707820480797,1,3,62,Phone,Minor issues,0.44
DNR_08431,42,M,A+,Multan,30.077570908567694,71.50778924159737,0,2,60,App,Minor issues,0.5
DNR_08432,24,F,A+,Islamabad,33.686832394252804,73.03140186417326,1,4,15,App,Healthy,0.925
DNR_08433,20,M,AB-,Karachi,24.91441586387265,66.99939639813286,1,4,88,App,Healthy,0.5599999999999999
DNR_08434,19,M,O+,Peshawar,34.082236463027506,71.50622692477079,0,6,104,SMS,Healthy,0.48
DNR_08435,22,M,B+,Quetta,30.231977334027743,67.0014954867398,0,0,310,SMS,Healthy,0.05
DNR_08436,31,M,A+,Quetta,30.23123472365096,66.90617863128372,0,4,7,SMS,Healthy,0.8649999999999999
DNR_08437,39,M,A-,Multan,30.143597278109343,71.49812035186977,0,3,48,App,Healthy,0.71
DNR_08438,41,M,A+,Islamabad,33.654066869695676,73.0153076302577,1,0,340,Phone,Healthy,0.05
DNR_08439,35,M,B+,Islamabad,33.686414834624664,73.0525261886382,1,4,117,App,Minor issues,0.31500000000000006
DNR_08440,38,M,A+,Karachi,24.937999907834982,66.97114095835045,1,4,51,App,Healthy,0.7449999999999999
DNR_08441,25,M,O-,Faisalabad,31.470087455807175,73.14122127168606,1,5,76,Phone,Healthy,0.57
DNR_08442,21,M,A+,Lahore,31.613622571811213,74.38961732622712,1,1,108,App,Healthy,0.30999999999999994
DNR_08443,35,M,B+,Lahore,31.60620077528731,74.2914916716073,1,1,44,Phone,Healthy,0.53
DNR_08444,37,M,O+,Karachi,24.783944190400877,66.99364005561576,1,4,96,SMS,Healthy,0.42000000000000004
DNR_08445,31,M,B+,Multan,30.237233621915887,71.54492902337897,0,2,45,SMS,Healthy,0.575
DNR_08446,44,M,O+,Islamabad,33.748806708737526,72.97353287209361,1,2,34,App,Healthy,0.7299999999999999
DNR_08447,41,M,B+,Multan,30.159939948948224,71.49878010230795,0,3,98,Phone,Healthy,0.36
DNR_08448,34,M,O+,Multan,30.12131027975661,71.52585950145196,0,2,21,App,Minor issues,0.695
DNR_08449,18,M,O+,Faisalabad,31.41429586363764,73.03882721960498,1,8,33,App,Minor issues,0.9349999999999999
DNR_08450,46,F,O+,Multan,30.138483086428185,71.50970406023528,0,1,8,App,Healthy,0.8099999999999999
DNR_08451,19,F,O+,Multan,30.1807775519266,71.45237474191401,0,3,24,App,Healthy,0.83
DNR_08452,42,M,O+,Peshawar,34.02987584267631,71.50241132754329,0,2,41,SMS,Minor issues,0.495
DNR_08453,19,M,O+,Peshawar,34.041205334332574,71.58092956483615,0,1,75,App,Healthy,0.475
DNR_08454,45,M,A+,Islamabad,33.670976547415485,73.03471670981804,1,4,10,App,Healthy,0.95
DNR_08455,41,M,O+,Karachi,24.818412043094927,67.02663818759302,1,4,99,SMS,Minor issues,0.305
DNR_08456,18,M,B-,Karachi,24.819003356003815,66.97248715905133,1,2,44,App,Healthy,0.6799999999999999
DNR_08457,38,F,B+,Lahore,31.611224841438535,74.31168377439761,1,1,77,App,Healthy,0.46499999999999997
DNR_08458,30,F,B+,Karachi,24.905864914020135,67.06541911561027,1,2,53,App,Healthy,0.6349999999999999
DNR_08459,53,M,B+,Karachi,24.87773620103173,66.98086356214867,1,2,39,SMS,Healthy,0.605
DNR_08460,36,M,O+,Karachi,24.880248038035603,67.06806766292722,1,6,47,SMS,Minor issues,0.665
DNR_08461,47,M,O+,Peshawar,33.988624688905155,71.5017458617116,0,2,38,Phone,Minor issues,0.51
DNR_08462,30,M,B+,Islamabad,33.65462364128357,73.02835345514336,1,4,43,SMS,Healthy,0.6849999999999999
DNR_08463,25,F,B+,Quetta,30.168347327415987,67.0354572925127,0,4,38,Phone,Healthy,0.71
DNR_08464,18,M,O+,Karachi,24.89233259068472,66.94246058113424,1,8,62,App,Healthy,0.8899999999999999
DNR_08465,38,M,AB+,Multan,30.14637246628403,71.53987212137964,0,2,77,App,Healthy,0.5149999999999999
DNR_08466,48,F,O+,Karachi,24.802572471305155,66.95077295651689,1,4,82,App,Healthy,0.59
DNR_08467,18,M,O+,Lahore,31.49168877012386,74.41799157589055,1,12,78,App,Healthy,0.95
DNR_08468,34,F,A+,Peshawar,34.05139350952157,71.57644146872879,0,1,105,SMS,Healthy,0.22499999999999998
DNR_08469,56,M,A+,Lahore,31.476016125056162,74.37606038491363,1,3,86,Phone,Healthy,0.42000000000000004
DNR_08470,22,M,B+,Multan,30.157681977086828,71.51951624295003,0,1,58,App,Healthy,0.5599999999999999
DNR_08471,24,M,B+,Faisalabad,31.476715511404674,73.10833731370388,1,3,40,SMS,Healthy,0.65
DNR_08472,40,F,O+,Peshawar,33.985941055206794,71.60216490046606,0,1,110,App,Healthy,0.29999999999999993
DNR_08473,45,M,B+,Islamabad,33.64410317771554,73.11663184448962,1,1,9,App,Unhealthy,0.705
DNR_08474,24,M,B+,Lahore,31.62725466167995,74.34562618634006,1,6,29,Phone,Healthy,0.855
DNR_08475,43,M,B+,Karachi,24.79971379338321,67.07188000700283,1,1,103,App,Healthy,0.33499999999999996
DNR_08476,32,M,O+,Multan,30.168344386657093,71.55327441013063,0,2,91,SMS,Healthy,0.345
DNR_08477,33,M,O+,Quetta,30.209064650402972,66.91114604750442,0,2,53,App,Healthy,0.6349999999999999
DNR_08478,41,F,AB-,Peshawar,34.026649902271934,71.58379311524425,0,1,81,App,Healthy,0.44499999999999995
DNR_08479,54,M,B+,Multan,30.18075204036342,71.59993773321415,0,3,56,App,Healthy,0.6699999999999999
DNR_08480,42,M,B+,Quetta,30.140477924721374,66.96074580517468,0,3,102,App,Minor issues,0.33999999999999997
DNR_08481,27,M,O+,Peshawar,34.022740769666925,71.64607482756715,0,2,115,App,Minor issues,0.22500000000000003
DNR_08482,33,M,O+,Peshawar,33.93982574246199,71.57374523134517,0,3,110,App,Healthy,0.3999999999999999
DNR_08483,23,M,A+,Multan,30.10588562474889,71.59191225351033,0,3,77,App,Minor issues,0.46499999999999997
DNR_08484,50,M,O+,Lahore,31.556729357224608,74.31146355499685,1,3,47,App,Healthy,0.715
DNR_08485,47,M,O+,Karachi,24.871993472670976,66.92768968523508,1,3,58,App,Healthy,0.66
DNR_08486,56,M,B-,Quetta,30.244884095366444,66.99655103990985,0,1,74,App,Healthy,0.48
DNR_08487,28,M,A+,Quetta,30.13137548226106,66.99154823794875,0,2,26,Phone,Minor issues,0.57
DNR_08488,47,M,B-,Multan,30.10792836648199,71.56033625304102,0,2,16,App,Healthy,0.82
DNR_08489,23,M,B+,Multan,30.107287318474587,71.48042552007787,0,2,36,App,Healthy,0.72
DNR_08490,18,M,O-,Karachi,24.895648548134393,67.00995029330772,1,6,12,SMS,Healthy,0.9400000000000001
DNR_08491,22,M,AB+,Lahore,31.618283068521922,74.41829289656496,1,4,26,SMS,Healthy,0.7699999999999999
DNR_08492,46,F,O+,Karachi,24.905900169034908,67.01054478464292,1,1,87,Phone,Healthy,0.31499999999999995
DNR_08493,20,F,B+,Faisalabad,31.461988948969488,73.07156160139685,1,4,68,SMS,Healthy,0.5599999999999999
DNR_08494,54,M,A-,Quetta,30.24875059728614,67.0266540219739,0,3,101,SMS,Healthy,0.345
DNR_08495,33,F,B+,Karachi,24.924511449447177,66.93166429584483,1,4,105,SMS,Healthy,0.375
DNR_08496,25,M,O+,Islamabad,33.73955694130986,73.01101080700691,1,2,102,SMS,Healthy,0.29
DNR_08497,31,M,O+,Peshawar,34.034466598649814,71.59671233167788,0,7,89,App,Healthy,0.705
DNR_08498,18,M,A+,Peshawar,33.98564947583176,71.53484767825289,0,3,114,Phone,Healthy,0.28
DNR_08499,39,M,AB-,Karachi,24.903998546352593,67.02768443562535,1,4,117,App,Minor issues,0.31500000000000006
DNR_08500,47,M,O+,Quetta,30.13251535179912,67.02939000037269,0,3,27,App,Healthy,0.815
DNR_08501,30,M,O+,Multan,30.163248245668186,71.58973130438577,0,4,65,SMS,Healthy,0.575
DNR_08502,42,M,A-,Lahore,31.52797183885988,74.32022715560116,1,4,119,SMS,Healthy,0.30500000000000005
DNR_08503,35,M,A+,Karachi,24.855335857162853,67.02933155990246,1,4,96,SMS,Minor issues,0.32
DNR_08504,32,M,B-,Lahore,31.517035911161518,74.29985732470976,1,3,22,App,Healthy,0.84
DNR_08505,24,M,A+,Karachi,24.892551201164476,66.93499152290329,1,5,107,SMS,Healthy,0.4149999999999999
DNR_08506,31,M,O+,Lahore,31.51378539011231,74.2800955439602,1,3,53,SMS,Healthy,0.585
DNR_08507,46,F,A+,Quetta,30.183971721449662,66.95245966427798,0,2,63,App,Unhealthy,0.485
DNR_08508,31,M,O+,Lahore,31.4841361238994,74.34173358992828,1,2,19,App,Healthy,0.8049999999999999
DNR_08509,23,M,O+,Islamabad,33.763033526990554,73.03351387460717,1,2,21,SMS,Healthy,0.695
DNR_08510,29,M,A-,Lahore,31.518882621892306,74.35212806998238,1,8,51,Phone,Healthy,0.845
DNR_08511,24,M,O+,Faisalabad,31.485873873739827,73.02605946246474,1,5,47,SMS,Minor issues,0.615
DNR_08512,19,M,AB+,Faisalabad,31.464707862649057,73.0613587310809,1,1,75,App,Healthy,0.475
DNR_08513,18,M,B-,Multan,30.152837290220308,71.52047528531057,0,2,46,SMS,Unhealthy,0.47
DNR_08514,18,M,O+,Multan,30.105443725697356,71.52235035287477,0,6,52,SMS,Healthy,0.74
DNR_08515,33,F,A-,Islamabad,33.6281692666981,73.12494675639844,1,8,36,SMS,Unhealthy,0.8200000000000001
DNR_08516,30,M,O+,Multan,30.153155978390007,71.56068325815598,0,7,35,Phone,Unhealthy,0.775
DNR_08517,20,F,A+,Lahore,31.480915017593603,74.3304075949251,1,2,57,App,Healthy,0.615
DNR_08518,38,F,A+,Multan,30.221612863024085,71.54078155346318,0,3,114,SMS,Healthy,0.28
DNR_08519,41,M,O+,Faisalabad,31.467878877552632,73.0713273717878,1,5,76,App,Healthy,0.6699999999999999
DNR_08520,44,M,O+,Islamabad,33.604910050762335,73.042396971654,1,2,19,SMS,Minor issues,0.605
DNR_08521,30,F,O+,Karachi,24.78813043568348,67.05788178539406,1,6,73,SMS,Healthy,0.635
DNR_08522,40,M,A+,Faisalabad,31.39564509171182,73.02403711411502,1,2,24,App,Healthy,0.7799999999999999
DNR_08523,37,M,A+,Multan,30.22303259766796,71.59594158619197,0,5,24,SMS,Healthy,0.83
DNR_08524,22,M,O+,Multan,30.11869907566222,71.51426507445733,0,3,112,App,Healthy,0.3899999999999999
DNR_08525,32,M,O+,Karachi,24.90513948551695,66.94143744435006,1,1,45,App,Healthy,0.625
DNR_08526,18,M,O+,Faisalabad,31.47931434053844,73.09268181161332,1,6,96,SMS,Healthy,0.52
DNR_08527,38,F,B+,Lahore,31.586209922219393,74.34788481151077,1,1,34,App,Minor issues,0.58
DNR_08528,18,M,B+,Peshawar,33.9729472183451,71.55992994606629,0,2,57,Phone,Healthy,0.515
DNR_08529,32,M,A+,Islamabad,33.719613839131014,73.05996019482893,1,1,118,SMS,Healthy,0.16000000000000003
DNR_08530,35,F,B+,Karachi,24.868036419414373,66.93753528110494,1,6,43,App,Healthy,0.885
DNR_08531,31,F,A+,Faisalabad,31.382511539304048,73.00771635547818,1,11,73,SMS,Minor issues,0.785
DNR_08532,21,M,O+,Karachi,24.93248313162665,66.99133011250268,1,8,113,App,Healthy,0.635
DNR_08533,30,M,O+,Islamabad,33.72576524602663,73.10602579232471,1,9,114,SMS,Unhealthy,0.48000000000000004
DNR_08534,40,M,O-,Faisalabad,31.40303614227616,73.11076222093604,1,2,54,SMS,Healthy,0.5299999999999999
DNR_08535,52,M,B+,Quetta,30.253145384400305,66.95445024816591,0,3,91,App,Healthy,0.495
DNR_08536,31,M,B+,Faisalabad,31.486542201629828,73.12560956682985,1,3,109,App,Healthy,0.4049999999999999
DNR_08537,24,M,B+,Islamabad,33.67386758872626,73.11040184072701,1,5,60,App,Minor issues,0.65
DNR_08538,29,M,O+,Quetta,30.254730201975764,67.02550155600936,0,4,100,Phone,Healthy,0.4
DNR_08539,23,M,B-,Islamabad,33.669271776945806,73.09683545427009,1,6,63,App,Healthy,0.7849999999999999
DNR_08540,31,M,O+,Islamabad,33.71029121462774,73.09299317795444,1,1,36,Phone,Healthy,0.57
DNR_08541,20,M,O+,Peshawar,34.05271160341275,71.62923762251563,0,4,74,App,Healthy,0.63
DNR_08542,31,F,A+,Faisalabad,31.478116572935814,73.12084921109184,1,4,81,App,Minor issues,0.495
DNR_08543,37,M,O+,Peshawar,34.03349123890763,71.5950658404135,0,5,98,SMS,Minor issues,0.36
DNR_08544,52,F,B+,Multan,30.093612495786306,71.53385809279028,0,4,25,SMS,Healthy,0.775
DNR_08545,26,M,AB-,Quetta,30.171425497231827,66.93674792253266,0,3,96,SMS,Healthy,0.37
DNR_08546,39,M,A+,Quetta,30.240798591566744,66.96437166985525,0,4,67,SMS,Healthy,0.565
DNR_08547,31,M,B+,Quetta,30.187292598932938,66.94777728333264,0,3,47,App,Minor issues,0.615
DNR_08548,29,F,B+,Karachi,24.92971916364372,66.97992749813312,1,2,83,App,Healthy,0.485
DNR_08549,28,F,B+,Peshawar,34.07418184621489,71.55444675129402,0,2,106,App,Healthy,0.37
DNR_08550,33,F,AB+,Multan,30.159771206122812,71.53852536377616,0,1,87,App,Healthy,0.4149999999999999
DNR_08551,21,M,O+,Peshawar,34.04354529593401,71.62349770456257,0,7,71,SMS,Healthy,0.695
DNR_08552,51,M,A-,Lahore,31.559219360988944,74.31486119508354,1,9,64,App,Unhealthy,0.83
DNR_08553,31,F,A+,Quetta,30.173083893655363,66.91102075540522,0,2,63,Phone,Healthy,0.485
DNR_08554,28,F,B+,Islamabad,33.76243801272127,73.12367204728221,1,2,69,App,Healthy,0.5549999999999999
DNR_08555,22,F,O+,Lahore,31.567785090701687,74.38826104706646,1,1,8,SMS,Healthy,0.71
DNR_08556,19,M,A+,Quetta,30.243354745477532,66.9964806444785,0,2,80,App,Healthy,0.4999999999999999
DNR_08557,28,F,B+,Karachi,24.827464442143015,66.93161583364682,1,5,28,App,Healthy,0.9099999999999999
DNR_08558,28,M,A+,Multan,30.16056749911338,71.5161198279006,0,3,83,Phone,Healthy,0.43500000000000005
DNR_08559,29,F,A+,Lahore,31.614052486485832,74.38047607105423,1,10,78,App,Healthy,0.9099999999999999
DNR_08560,44,M,A+,Islamabad,33.716259825702544,72.99733516819177,1,4,15,App,Healthy,0.925
DNR_08561,51,F,O+,Peshawar,34.05990654462485,71.59135399840339,0,2,86,Phone,Healthy,0.37
DNR_08562,27,F,B+,Quetta,30.10068694181951,66.9854648346302,0,3,112,App,Healthy,0.3899999999999999
DNR_08563,33,F,O+,Multan,30.099228834864306,71.60028087015174,0,1,48,App,Healthy,0.61
DNR_08564,49,M,B+,Islamabad,33.66261055762542,73.06027909614774,1,7,61,Phone,Healthy,0.745
DNR_08565,37,M,O+,Quetta,30.223845281714706,66.95491838453142,0,3,35,App,Healthy,0.7749999999999999
DNR_08566,38,F,A+,Karachi,24.86334099860638,66.92173736047508,1,3,84,Phone,Minor issues,0.33
DNR_08567,51,M,A+,Peshawar,34.00574146500009,71.6424000530858,0,6,84,App,Healthy,0.68
DNR_08568,39,M,B+,Quetta,30.121500139577325,67.01022012069237,0,11,79,App,Healthy,0.95
DNR_08569,34,F,AB+,Quetta,30.133755312314012,67.00600504114125,0,5,79,Phone,Minor issues,0.45499999999999996
DNR_08570,36,M,AB+,Islamabad,33.604645690544366,73.07874943381458,1,1,49,SMS,Healthy,0.505
DNR_08571,20,M,B+,Multan,30.14833134241402,71.5919354495825,0,3,41,App,Healthy,0.745
DNR_08572,42,F,O+,Peshawar,34.072861435495724,71.55106083997198,0,0,390,Phone,Healthy,0.05
DNR_08573,40,M,A+,Multan,30.117294522627912,71.4520087156814,0,1,94,App,Healthy,0.38
DNR_08574,18,F,A+,Lahore,31.612951979607107,74.42304739389891,1,1,13,SMS,Healthy,0.6849999999999999
DNR_08575,41,M,AB+,Karachi,24.8352080695426,67.04524354165379,1,1,119,SMS,Unhealthy,0.05500000000000001
DNR_08576,31,F,O+,Karachi,24.79795771628836,67.05911975430736,1,7,25,SMS,Healthy,0.9249999999999999
DNR_08577,52,F,AB+,Lahore,31.61604685690037,74.2803420796177,1,2,12,SMS,Healthy,0.74
DNR_08578,37,F,A+,Multan,30.130384641583834,71.60341921595,0,2,12,App,Healthy,0.84
DNR_08579,56,M,A+,Faisalabad,31.439911421249068,73.1087876011947,1,1,101,SMS,Minor issues,0.14499999999999996
DNR_08580,24,M,A+,Quetta,30.11529059938778,67.0485912626901,0,2,68,SMS,Unhealthy,0.36
DNR_08581,23,M,B+,Multan,30.14779476554188,71.53238160824783,0,9,81,SMS,Healthy,0.745
DNR_08582,43,M,O+,Faisalabad,31.36441323306163,73.05265126977959,1,0,287,App,Unhealthy,0.05
DNR_08583,18,M,O+,Quetta,30.234734632466154,67.00706303332075,0,5,88,App,Healthy,0.61
DNR_08584,49,M,O+,Islamabad,33.74805919327864,73.01564966468165,1,4,108,SMS,Healthy,0.36
DNR_08585,20,M,A-,Faisalabad,31.393193012983197,73.01244590801022,1,3,89,App,Healthy,0.505
DNR_08586,29,M,O+,Karachi,24.89331687618484,67.07972565292678,1,3,28,App,Healthy,0.8099999999999999
DNR_08587,39,F,O+,Multan,30.106075956511674,71.46109623067734,0,14,85,App,Healthy,0.95
DNR_08588,33,M,A+,Peshawar,34.000392548720605,71.52948386966271,0,1,37,SMS,Healthy,0.565
DNR_08589,28,M,O+,Lahore,31.530448758548403,74.27470922191587,1,4,65,SMS,Healthy,0.575
DNR_08590,30,M,A+,Peshawar,33.96412178109302,71.55766763466244,0,3,13,App,Healthy,0.8849999999999999
DNR_08591,31,F,O+,Multan,30.162476230504478,71.50739138508486,0,12,111,App,Healthy,0.845
DNR_08592,22,M,B+,Quetta,30.17844938160525,67.01771770271905,0,5,87,SMS,Healthy,0.515
DNR_08593,51,F,A+,Faisalabad,31.37138515766655,73.08306898849183,1,2,108,App,Healthy,0.36
DNR_08594,26,M,B+,Quetta,30.162088444211626,66.8977731456885,0,6,16,Phone,Healthy,0.92
DNR_08595,52,M,B-,Quetta,30.206519012780596,67.00376025256739,0,11,71,App,Healthy,0.95
DNR_08596,23,M,A+,Faisalabad,31.490356145491017,73.01498183793835,1,3,79,SMS,Healthy,0.45499999999999996
DNR_08597,24,M,A+,Faisalabad,31.407881158666083,73.05996658218065,1,5,67,App,Healthy,0.7149999999999999
DNR_08598,35,M,O+,Peshawar,34.01781845785666,71.53596982031912,0,4,46,App,Healthy,0.77
DNR_08599,42,M,O+,Karachi,24.82309981549141,66.96872274562057,1,2,93,Phone,Healthy,0.33499999999999996
DNR_08600,18,M,A+,Islamabad,33.62491220158461,72.98835047082252,1,5,64,SMS,Healthy,0.63
DNR_08601,43,F,A+,Faisalabad,31.34592988990983,73.0036250049593,1,0,174,App,Minor issues,0.05
DNR_08602,42,F,AB-,Islamabad,33.6469747623707,73.06984687042336,1,10,92,SMS,Healthy,0.7399999999999999
DNR_08603,43,F,B-,Quetta,30.134713048271557,66.97197422633111,0,2,63,App,Minor issues,0.485
DNR_08604,35,F,O+,Karachi,24.84240610690993,66.95966087726815,1,2,10,App,Minor issues,0.7499999999999999
DNR_08605,18,F,B+,Multan,30.176637040702325,71.54051885055016,0,2,22,SMS,Healthy,0.69
DNR_08606,46,M,B+,Islamabad,33.67193200947765,73.02824090089412,1,5,56,App,Healthy,0.7699999999999999
DNR_08607,35,F,A+,Peshawar,34.04741902412225,71.51701030229688,0,7,100,SMS,Healthy,0.55
DNR_08608,18,F,A+,Faisalabad,31.33993593288959,73.02566502878875,1,2,39,SMS,Healthy,0.605
DNR_08609,36,F,O+,Quetta,30.156302877711774,67.00727865712142,0,4,61,Phone,Healthy,0.595
DNR_08610,19,F,O+,Islamabad,33.65338628163231,72.98311361233377,1,3,73,SMS,Healthy,0.485
DNR_08611,28,M,B+,Lahore,31.603562592044806,74.3170962580714,1,2,19,App,Healthy,0.8049999999999999
DNR_08612,29,M,A+,Peshawar,34.05717681681255,71.56455164072663,0,2,44,App,Healthy,0.6799999999999999
DNR_08613,32,M,A+,Karachi,24.846738108293327,66.95382082879476,1,1,59,SMS,Healthy,0.45499999999999996
DNR_08614,39,M,A+,Karachi,24.815361102015505,66.9619857799664,1,4,20,App,Unhealthy,0.7999999999999999
DNR_08615,32,M,O+,Islamabad,33.65750424811711,73.07315996081026,1,1,29,App,Minor issues,0.605
DNR_08616,40,F,B-,Islamabad,33.7607384452763,72.9738786511967,1,3,32,App,Minor issues,0.69
DNR_08617,46,F,A+,Islamabad,33.71454823295833,72.97487377880248,1,3,74,App,Healthy,0.58
DNR_08618,18,F,O+,Islamabad,33.73097217752889,72.99108488215457,1,6,41,App,Healthy,0.895
DNR_08619,41,F,A+,Islamabad,33.696349042814035,73.10311742452762,1,6,8,App,Healthy,0.95
DNR_08620,59,F,B+,Lahore,31.58082069897583,74.28139363207026,1,1,27,Phone,Healthy,0.615
DNR_08621,39,M,O+,Faisalabad,31.35689305775867,73.01290167616507,1,11,9,App,Minor issues,0.95
DNR_08622,32,M,A+,Lahore,31.50951933254141,74.3746190908374,1,4,76,App,Healthy,0.62
DNR_08623,51,M,O+,Karachi,24.91294220716407,67.03449919402877,1,1,111,Phone,Healthy,0.19499999999999995
DNR_08624,41,M,B+,Faisalabad,31.349721351518095,73.1325977112522,1,4,103,App,Healthy,0.485
DNR_08625,22,F,O+,Karachi,24.827780314037216,67.07883926545192,1,2,108,App,Minor issues,0.25999999999999995
DNR_08626,30,M,A-,Karachi,24.78301733819605,66.94063838869916,1,2,16,App,Healthy,0.82
DNR_08627,25,M,A+,Islamabad,33.66240370732041,73.06823061931614,1,1,27,App,Minor issues,0.615
DNR_08628,27,M,O-,Karachi,24.799456422046312,67.0496304950021,1,10,50,App,Healthy,0.95
DNR_08629,53,F,O+,Multan,30.10915976197141,71.55824771712585,0,3,19,Phone,Healthy,0.755
DNR_08630,23,M,A+,Lahore,31.501912576773265,74.3747151228016,1,3,56,SMS,Healthy,0.57
DNR_08631,37,M,O+,Islamabad,33.74200866911157,72.97021472106344,1,5,67,App,Healthy,0.7149999999999999
DNR_08632,32,M,O+,Islamabad,33.62537929598016,73.02281354789572,1,6,50,App,Healthy,0.85
DNR_08633,34,F,O+,Peshawar,33.994564049506025,71.59955283474933,0,4,70,App,Minor issues,0.55
DNR_08634,32,M,O+,Quetta,30.132132581103228,67.00463812612158,0,1,64,App,Healthy,0.5299999999999999
DNR_08635,55,M,O+,Multan,30.177002592414997,71.45498166536215,0,5,45,App,Healthy,0.825
DNR_08636,23,M,O+,Karachi,24.842543510112193,67.00674695732826,1,0,322,App,Healthy,0.05
DNR_08637,28,M,O+,Peshawar,34.02437273829703,71.6557905987606,0,5,83,SMS,Healthy,0.535
DNR_08638,20,F,A+,Karachi,24.889467555165727,67.04386532354495,1,4,21,App,Minor issues,0.795
DNR_08639,21,M,O+,Islamabad,33.61110593226247,73.08592293490933,1,1,95,App,Minor issues,0.275
DNR_08640,18,M,AB-,Islamabad,33.65460142005249,73.1244253457964,1,1,73,Phone,Healthy,0.385
DNR_08641,43,M,B+,Quetta,30.133994094844315,66.99129599063444,0,2,116,App,Minor issues,0.22000000000000003
DNR_08642,51,M,O+,Peshawar,34.0273765259491,71.553944354901,0,2,18,App,Healthy,0.8099999999999999
DNR_08643,39,M,O+,Karachi,24.916332213009177,66.97847390709865,1,1,105,App,Healthy,0.32499999999999996
DNR_08644,23,F,A+,Peshawar,34.078826722437064,71.65820329018852,0,2,37,App,Healthy,0.715
DNR_08645,29,M,A+,Lahore,31.55149666891146,74.38655252603438,1,7,35,Phone,Healthy,0.875
DNR_08646,39,F,B+,Peshawar,33.982019935910415,71.52860465521248,0,3,8,SMS,Healthy,0.8099999999999999
DNR_08647,19,F,O+,Quetta,30.14469295070525,66.90758594060615,0,2,64,App,Healthy,0.58
DNR_08648,35,M,B+,Lahore,31.49454158190267,74.40200795844325,1,3,72,SMS,Healthy,0.49
DNR_08649,56,M,O+,Islamabad,33.687126463451705,73.00234454045022,1,3,39,SMS,Healthy,0.6549999999999999
DNR_08650,23,M,A+,Lahore,31.597315863825852,74.32590041864694,1,1,94,SMS,Minor issues,0.18
DNR_08651,39,M,O+,Quetta,30.136618146252854,66.91254394364304,0,5,97,App,Healthy,0.565
DNR_08652,39,M,O+,Multan,30.15281887802912,71.50168001259604,0,5,67,SMS,Healthy,0.6149999999999999
DNR_08653,22,M,B+,Multan,30.21509173773778,71.55110204701637,0,8,9,SMS,Minor issues,0.95
DNR_08654,43,M,A+,Peshawar,33.99668597025942,71.59369955728408,0,3,94,App,Minor issues,0.38
DNR_08655,19,M,A+,Islamabad,33.705396344300006,73.06487830872624,1,2,111,Phone,Healthy,0.24499999999999994
DNR_08656,47,M,O+,Islamabad,33.625193203664544,73.04717497044197,1,3,60,SMS,Unhealthy,0.45
DNR_08657,18,M,A+,Peshawar,34.034796199499404,71.5944767697612,0,4,113,App,Healthy,0.43500000000000005
DNR_08658,49,M,A+,Quetta,30.17511609196757,66.98755153071458,0,2,85,App,Healthy,0.475
DNR_08659,41,M,B+,Islamabad,33.72814627842456,73.09547579237912,1,3,67,Phone,Healthy,0.515
DNR_08660,58,M,A+,Peshawar,34.04441508363667,71.62623315069318,0,1,65,App,Healthy,0.5249999999999999
DNR_08661,26,M,A+,Islamabad,33.713632239320965,73.05048305699637,1,15,41,SMS,Healthy,0.95
DNR_08662,37,F,O-,Quetta,30.180924517734237,66.89966160209731,0,5,83,Phone,Healthy,0.535
DNR_08663,31,M,A+,Karachi,24.919426993711777,67.01835589104344,1,7,28,Phone,Minor issues,0.81
DNR_08664,22,M,O+,Multan,30.221922026045085,71.56518545011637,0,5,64,SMS,Unhealthy,0.53
DNR_08665,25,M,O+,Quetta,30.219876419980555,67.01398839858669,0,1,117,Phone,Unhealthy,0.06500000000000002
DNR_08666,43,M,O+,Peshawar,33.938775796059446,71.57389438562659,0,2,118,App,Minor issues,0.21000000000000002
DNR_08667,39,F,O+,Quetta,30.12589339638087,66.89861946746919,0,2,77,SMS,Healthy,0.4149999999999999
DNR_08668,18,F,O+,Multan,30.226170614026778,71.60145342204223,0,1,73,Phone,Healthy,0.385
DNR_08669,29,F,B+,Faisalabad,31.438741161892967,73.07022388966858,1,0,211,Phone,Minor issues,0.05
DNR_08670,30,F,A+,Karachi,24.924738397886884,67.07449131883686,1,2,38,SMS,Minor issues,0.51
DNR_08671,24,M,A+,Islamabad,33.66234855655005,73.05852346037138,1,6,81,App,Healthy,0.695
DNR_08672,18,M,A+,Islamabad,33.6953284698817,73.07455795162268,1,2,10,SMS,Minor issues,0.6499999999999999
DNR_08673,23,M,B+,Islamabad,33.740246792661544,73.06394335207446,1,9,9,SMS,Healthy,0.95
DNR_08674,41,M,B+,Karachi,24.907616078986365,66.96645562438384,1,3,51,App,Healthy,0.695
DNR_08675,53,M,O+,Islamabad,33.73904151625399,73.01932427837184,1,6,107,SMS,Healthy,0.46499999999999997
DNR_08676,46,F,B+,Quetta,30.227245948812755,66.91270171783663,0,0,388,App,Minor issues,0.05
DNR_08677,23,M,A+,Multan,30.1172550852918,71.50347000550767,0,2,28,SMS,Healthy,0.6599999999999999
DNR_08678,40,F,O+,Karachi,24.81518113697305,66.95407603732485,1,2,55,SMS,Healthy,0.5249999999999999
DNR_08679,24,M,O+,Karachi,24.837315695913237,67.07965577272898,1,2,28,SMS,Minor issues,0.5599999999999999
DNR_08680,30,F,B+,Quetta,30.159670646773733,67.0278634644978,0,5,78,App,Healthy,0.6599999999999999
DNR_08681,35,M,B+,Karachi,24.88234904933855,67.05514716309636,1,4,110,Phone,Healthy,0.35
DNR_08682,33,M,B+,Quetta,30.178420929778703,66.93288255768174,0,7,94,App,Healthy,0.68
DNR_08683,27,M,B+,Lahore,31.576552044708382,74.27222453833517,1,4,14,Phone,Healthy,0.83
DNR_08684,18,M,B+,Faisalabad,31.48759234893637,73.04035510085566,1,1,67,App,Healthy,0.5149999999999999
DNR_08685,48,F,O+,Faisalabad,31.403049618878363,73.08649120045395,1,2,105,App,Healthy,0.375
DNR_08686,18,M,B+,Multan,30.148878863044843,71.51884252332766,0,5,80,App,Healthy,0.6499999999999999
DNR_08687,32,F,O+,Lahore,31.59170873896323,74.40210039787397,1,2,97,Phone,Healthy,0.315
DNR_08688,34,F,B+,Faisalabad,31.37569660994174,73.01329920262907,1,1,16,SMS,Healthy,0.67
DNR_08689,60,M,B+,Multan,30.118780033992163,71.44731513710613,0,1,107,SMS,Healthy,0.21499999999999997
DNR_08690,41,F,O+,Quetta,30.205557205482712,66.93626339322371,0,2,32,App,Healthy,0.7399999999999999
DNR_08691,42,F,A+,Multan,30.186388546610296,71.48149917211511,0,3,99,Phone,Healthy,0.355
DNR_08692,39,M,B+,Karachi,24.880851795547468,66.95028117861091,1,2,119,App,Minor issues,0.20500000000000002
DNR_08693,54,F,A+,Faisalabad,31.467239214276752,73.11545758183539,1,3,61,App,Healthy,0.645
DNR_08694,34,M,B+,Karachi,24.923707501976434,67.07699843589312,1,1,80,App,Minor issues,0.35
DNR_08695,27,F,A+,Lahore,31.5717213015324,74.31532559098666,1,3,48,App,Minor issues,0.61
DNR_08696,47,F,A+,Islamabad,33.725298596024494,73.10656364861143,1,1,8,SMS,Healthy,0.71
DNR_08697,18,M,A+,Karachi,24.848319683777277,67.03107176980687,1,3,110,SMS,Healthy,0.29999999999999993
DNR_08698,25,F,A+,Multan,30.229878424128625,71.50624693429845,0,9,81,Phone,Healthy,0.745
DNR_08699,20,F,O+,Faisalabad,31.460020248186545,73.06757873574853,1,2,73,SMS,Healthy,0.43499999999999994
DNR_08700,53,F,A+,Karachi,24.83746835309922,66.93519748022602,1,2,101,SMS,Healthy,0.295
DNR_08701,27,M,B+,Islamabad,33.61996091506411,73.01492686873095,1,2,17,App,Healthy,0.815
DNR_08702,30,M,B+,Karachi,24.939522974640315,67.06317643122041,1,2,59,App,Minor issues,0.505
DNR_08703,29,F,O+,Karachi,24.918972865165202,66.9904195427765,1,2,115,App,Healthy,0.32500000000000007
DNR_08704,19,M,A+,Lahore,31.48253997662869,74.3033049998421,1,1,75,App,Healthy,0.475
DNR_08705,43,M,O+,Peshawar,34.00136921493055,71.58836629982748,0,3,54,SMS,Healthy,0.58
DNR_08706,19,M,A+,Islamabad,33.75578913468843,72.99581978892293,1,1,37,SMS,Healthy,0.565
DNR_08707,19,M,O+,Multan,30.203557394147637,71.53228786259157,0,2,59,SMS,Healthy,0.505
DNR_08708,33,M,A+,Quetta,30.14274026294356,67.01586536813457,0,1,38,Phone,Unhealthy,0.45999999999999996
DNR_08709,24,M,A-,Karachi,24.92120551900938,67.02022147328233,1,2,66,Phone,Minor issues,0.37
DNR_08710,35,M,A+,Quetta,30.25431540426271,66.93405914377496,0,1,30,App,Healthy,0.7
DNR_08711,32,F,AB-,Islamabad,33.70874801065308,73.05637935832613,1,2,92,SMS,Healthy,0.33999999999999997
DNR_08712,28,M,AB-,Islamabad,33.61431307703871,73.09680453358726,1,3,107,App,Healthy,0.4149999999999999
DNR_08713,18,F,O+,Quetta,30.24035220603482,67.02049425877281,0,2,61,SMS,Healthy,0.495
DNR_08714,43,F,A+,Multan,30.226379121720232,71.53388545315495,0,2,20,App,Unhealthy,0.7
DNR_08715,44,M,O+,Karachi,24.914312292547383,67.0810549592344,1,1,30,SMS,Healthy,0.6
DNR_08716,28,M,O+,Peshawar,34.04621169644353,71.62141378714924,0,1,73,SMS,Healthy,0.385
DNR_08717,18,M,O+,Karachi,24.862083015697767,67.02404517072164,1,1,105,App,Healthy,0.32499999999999996
DNR_08718,43,M,A+,Islamabad,33.72834892214691,73.10279042362421,1,4,40,App,Minor issues,0.7
DNR_08719,52,M,B+,Lahore,31.58080649831808,74.35365496821437,1,5,28,App,Minor issues,0.8099999999999999
DNR_08720,22,F,O+,Karachi,24.89050286321541,67.04689134360773,1,0,151,SMS,Healthy,0.05
DNR_08721,30,M,AB-,Multan,30.13212914151752,71.45906129624849,0,2,107,Phone,Healthy,0.26499999999999996
DNR_08722,31,F,O+,Faisalabad,31.423298693179877,73.08108148076792,1,5,85,App,Healthy,0.625
DNR_08723,33,F,A+,Quetta,30.116889788089157,66.93339382941465,0,0,314,App,Healthy,0.05
DNR_08724,23,F,O+,Lahore,31.621925695168514,74.38984626109534,1,3,87,SMS,Healthy,0.41500000000000004
DNR_08725,27,F,A+,Karachi,24.81776305069329,66.96707453538929,1,3,43,SMS,Healthy,0.635
DNR_08726,24,M,A+,Multan,30.151650354166257,71.58276877384714,0,3,94,Phone,Healthy,0.38
DNR_08727,23,F,AB-,Multan,30.115395118531634,71.59808865355447,0,1,33,Phone,Healthy,0.585
DNR_08728,35,M,O+,Karachi,24.831744169295252,67.05080323108815,1,1,85,SMS,Minor issues,0.22499999999999998
DNR_08729,38,F,B-,Faisalabad,31.390831700967976,73.0861076314374,1,5,86,Phone,Healthy,0.52
DNR_08730,60,M,AB+,Multan,30.18379038217068,71.52408088348484,0,4,49,App,Healthy,0.7549999999999999
DNR_08731,29,F,B+,Faisalabad,31.41129676243375,73.09874767195288,1,2,71,App,Healthy,0.5449999999999999
DNR_08732,26,F,AB-,Karachi,24.80381206471474,67.04214882351383,1,1,55,App,Unhealthy,0.475
DNR_08733,34,F,O+,Quetta,30.104939182000354,67.00157878277244,0,3,36,Phone,Minor issues,0.5700000000000001
DNR_08734,58,F,B-,Peshawar,34.00910510062469,71.62375051789888,0,5,27,SMS,Healthy,0.815
DNR_08735,51,M,B+,Multan,30.17241485442655,71.60456554094132,0,4,9,App,Healthy,0.95
DNR_08736,41,M,O+,Faisalabad,31.400774618127457,73.0039165737385,1,3,112,App,Healthy,0.3899999999999999
DNR_08737,27,F,B+,Karachi,24.815053600684244,67.04150756082015,1,3,79,App,Healthy,0.5549999999999999
DNR_08738,23,M,O+,Peshawar,34.091132649369065,71.51903895593054,0,12,77,App,Healthy,0.95
DNR_08739,33,F,A+,Faisalabad,31.43448020074897,73.10663235685458,1,1,40,Phone,Healthy,0.5499999999999999
DNR_08740,21,M,A+,Multan,30.104557418255265,71.53510428403517,0,3,23,App,Healthy,0.835
DNR_08741,34,M,A+,Lahore,31.57949444538502,74.31009534987703,1,1,115,App,Healthy,0.275
DNR_08742,46,F,A+,Multan,30.237077918656095,71.52923527776522,0,4,103,SMS,Healthy,0.385
DNR_08743,25,M,B+,Peshawar,34.09244155424303,71.51175059440553,0,3,29,SMS,Minor issues,0.605
DNR_08744,41,M,A+,Multan,30.224885576102633,71.4924747157651,0,1,63,App,Healthy,0.5349999999999999
DNR_08745,18,M,A+,Lahore,31.594331069119352,74.33020786897153,1,2,46,App,Healthy,0.6699999999999999
DNR_08746,52,F,A+,Islamabad,33.608367009611705,73.09196520403532,1,2,111,App,Healthy,0.345
DNR_08747,18,F,A+,Multan,30.142256022610354,71.47941656948535,0,1,59,App,Minor issues,0.45499999999999996
DNR_08748,31,M,A+,Multan,30.12355405669609,71.46013477493156,0,2,64,SMS,Minor issues,0.38
DNR_08749,50,M,O+,Lahore,31.625933347458975,74.40483115115246,1,3,10,App,Healthy,0.8999999999999999
DNR_08750,27,M,O+,Lahore,31.598271653215445,74.37128572139102,1,1,94,SMS,Healthy,0.28
DNR_08751,33,M,AB-,Karachi,24.83285449859951,67.01605870104419,1,1,79,SMS,Healthy,0.355
DNR_08752,27,M,O+,Peshawar,34.01466351515309,71.58062817130116,0,3,11,SMS,Healthy,0.7949999999999999
DNR_08753,18,M,O+,Faisalabad,31.34792357191726,73.05182086648342,1,4,74,App,Healthy,0.63
DNR_08754,33,M,A+,Multan,30.101743584131277,71.5784348649008,0,1,57,App,Healthy,0.565
DNR_08755,26,M,A-,Quetta,30.242184279800423,66.97853081786205,0,6,17,App,Healthy,0.95
DNR_08756,18,F,B+,Karachi,24.786428330665597,67.00577510267685,1,3,14,App,Healthy,0.88
DNR_08757,20,F,O+,Islamabad,33.71476466764078,73.02392384098474,1,2,74,SMS,Healthy,0.42999999999999994
DNR_08758,21,M,B+,Faisalabad,31.36087715368407,73.00952601790368,1,6,10,SMS,Unhealthy,0.85
DNR_08759,37,M,O-,Quetta,30.16683215178291,66.90462026437032,0,5,48,App,Healthy,0.8099999999999999
DNR_08760,27,M,B+,Faisalabad,31.413930767226596,73.14022420919787,1,4,113,SMS,Healthy,0.3350000000000001
DNR_08761,27,F,A+,Islamabad,33.64593873975587,72.98041669674689,1,0,288,SMS,Healthy,0.05
DNR_08762,30,M,A+,Peshawar,34.00028695846652,71.54108504766748,0,1,21,App,Healthy,0.745
DNR_08763,33,F,O+,Faisalabad,31.491714424659936,73.14052395661345,1,1,102,App,Healthy,0.33999999999999997
DNR_08764,36,F,A-,Peshawar,34.08742659657894,71.6034601165384,0,3,66,App,Healthy,0.62
DNR_08765,19,M,A+,Karachi,24.793544558877496,67.00734338805631,1,4,84,App,Minor issues,0.48
DNR_08766,37,F,O+,Islamabad,33.66487359119934,72.97233500499645,1,5,15,App,Minor issues,0.875
DNR_08767,38,M,B+,Multan,30.16912987512059,71.56382847121641,0,1,79,Phone,Healthy,0.355
DNR_08768,29,F,A+,Karachi,24.804462437789354,67.03249150207276,1,5,7,SMS,Healthy,0.9149999999999999
DNR_08769,35,M,O+,Quetta,30.14763029360369,66.8977730532528,0,3,77,Phone,Minor issues,0.365
DNR_08770,34,M,O+,Quetta,30.25351242907906,67.02531952674852,0,4,12,SMS,Minor issues,0.74
DNR_08771,21,M,A+,Quetta,30.110296385437138,66.92156953425155,0,10,106,SMS,Healthy,0.6699999999999999
DNR_08772,59,F,A+,Quetta,30.24700621767711,67.04922941995024,0,4,70,Phone,Unhealthy,0.45
DNR_08773,27,F,O+,Karachi,24.791382082361654,66.93401578149113,1,1,111,App,Healthy,0.29499999999999993
DNR_08774,18,F,A+,Lahore,31.542446049412277,74.2663492547573,1,2,35,SMS,Healthy,0.625
DNR_08775,39,F,O+,Lahore,31.597570706922564,74.35790143886075,1,1,114,SMS,Minor issues,0.08000000000000003
DNR_08776,19,M,B-,Quetta,30.173659453639385,66.96470636600253,0,3,64,App,Healthy,0.63
DNR_08777,48,F,A+,Multan,30.080961726367583,71.53934749219104,0,3,64,Phone,Healthy,0.53
DNR_08778,18,M,O+,Quetta,30.19724395850949,66.93859726398499,0,5,22,App,Minor issues,0.84
DNR_08779,46,M,B+,Islamabad,33.63533215701571,73.00576165945631,1,2,24,SMS,Healthy,0.6799999999999999
DNR_08780,35,M,A+,Faisalabad,31.38909450144889,73.02402563332807,1,1,64,Phone,Healthy,0.42999999999999994
DNR_08781,29,F,A+,Islamabad,33.71743203255609,73.09737831288012,1,2,40,App,Minor issues,0.6
DNR_08782,36,M,B+,Faisalabad,31.480833658737005,73.11948051890377,1,11,63,Phone,Healthy,0.9349999999999999
DNR_08783,34,F,O+,Islamabad,33.6217672869625,73.00167295104805,1,3,82,SMS,Healthy,0.44000000000000006
DNR_08784,54,M,A+,Karachi,24.92406749628619,67.06525891316804,1,5,61,App,Healthy,0.7449999999999999
DNR_08785,50,M,O+,Multan,30.228209368236822,71.55634237754974,0,2,20,SMS,Healthy,0.7
DNR_08786,29,F,B+,Multan,30.19629440301815,71.46485294802815,0,0,326,SMS,Healthy,0.05
DNR_08787,30,M,O-,Multan,30.096250822635408,71.46151474647112,0,6,100,Phone,Healthy,0.5
DNR_08788,34,M,AB-,Lahore,31.546831026488245,74.35479668032319,1,8,88,SMS,Healthy,0.66
DNR_08789,32,F,O+,Peshawar,34.01760363078764,71.60436673760977,0,1,18,SMS,Healthy,0.66
DNR_08790,48,M,A+,Peshawar,34.06650942793926,71.50386067934242,0,6,59,Phone,Minor issues,0.605
DNR_08791,39,M,A+,Peshawar,34.04014218201624,71.60672241703543,0,6,93,App,Healthy,0.635
DNR_08792,38,M,O+,Karachi,24.831547675708354,67.08061074200188,1,1,113,App,Healthy,0.28500000000000003
DNR_08793,38,F,A-,Lahore,31.620517991935323,74.3444782240365,1,8,47,Phone,Healthy,0.865
DNR_08794,25,M,B+,Peshawar,34.01275642711996,71.65269386079333,0,3,114,SMS,Minor issues,0.18000000000000005
DNR_08795,18,M,B+,Quetta,30.108036183140744,66.93971596274817,0,1,111,App,Healthy,0.29499999999999993
DNR_08796,39,M,O+,Lahore,31.55444315729418,74.42120327653137,1,4,59,SMS,Minor issues,0.505
DNR_08797,31,F,O+,Islamabad,33.7292966903493,72.99762217760848,1,2,99,App,Healthy,0.405
DNR_08798,18,F,O+,Lahore,31.61485664264279,74.30450354202235,1,1,35,SMS,Minor issues,0.475
DNR_08799,25,M,A+,Lahore,31.558407743385846,74.35199235310193,1,9,64,Phone,Healthy,0.83
DNR_08800,18,M,B+,Peshawar,34.06538408542531,71.63247425174912,0,2,66,SMS,Minor issues,0.37
DNR_08801,29,M,A+,Faisalabad,31.400662996479372,73.12144087766349,1,5,85,App,Minor issues,0.525
DNR_08802,31,M,A+,Multan,30.2023362520295,71.57848380826853,0,5,103,Phone,Healthy,0.43499999999999994
DNR_08803,26,M,O+,Islamabad,33.67182106611094,73.05856984154804,1,1,13,Phone,Healthy,0.6849999999999999
DNR_08804,41,F,O+,Faisalabad,31.372853579116555,73.05423329348847,1,1,25,App,Healthy,0.725
DNR_08805,28,M,B+,Karachi,24.937573259344443,67.06238972720281,1,4,44,App,Healthy,0.78
DNR_08806,31,M,A+,Multan,30.139737956968734,71.52800811837605,0,1,23,App,Healthy,0.735
DNR_08807,26,M,B+,Peshawar,34.04895719450757,71.57579509082186,0,2,110,SMS,Minor issues,0.14999999999999994
DNR_08808,42,M,O+,Karachi,24.80884358135075,67.02649270545729,1,0,174,App,Healthy,0.05
DNR_08809,36,F,O+,Faisalabad,31.39832219281398,73.05522141432884,1,9,24,Phone,Healthy,0.95
DNR_08810,23,M,B+,Lahore,31.598124349998415,74.32155556309567,1,1,79,Phone,Healthy,0.355
DNR_08811,35,M,O+,Lahore,31.513113024585344,74.34586495243522,1,2,106,App,Minor issues,0.26999999999999996
DNR_08812,18,F,B+,Multan,30.19948206790247,71.53020030621212,0,2,83,SMS,Healthy,0.385
DNR_08813,38,M,O+,Multan,30.229896599209287,71.51406306692527,0,4,101,App,Healthy,0.495
DNR_08814,40,M,B+,Multan,30.22331127704049,71.5378512627824,0,8,33,SMS,Healthy,0.9349999999999999
DNR_08815,33,M,O-,Multan,30.134328782518093,71.54343163087353,0,3,97,SMS,Healthy,0.365
DNR_08816,32,F,O+,Quetta,30.251820954192628,66.9294056811275,0,6,66,App,Healthy,0.77
DNR_08817,18,M,O+,Multan,30.131574293777035,71.57121107453075,0,3,97,SMS,Healthy,0.365
DNR_08818,43,M,O-,Lahore,31.516257299928956,74.40566731438541,1,0,199,SMS,Minor issues,0.05
DNR_08819,18,M,O+,Faisalabad,31.447486022575884,73.11104205199328,1,1,58,App,Healthy,0.5599999999999999
DNR_08820,34,M,B+,Lahore,31.526688897603023,74.3827985896317,1,2,43,App,Unhealthy,0.585
DNR_08821,18,M,O+,Karachi,24.833769976264616,67.0044154604966,1,1,26,SMS,Healthy,0.62
DNR_08822,40,M,A-,Lahore,31.483099082477075,74.33479008624874,1,4,102,Phone,Healthy,0.39
DNR_08823,50,F,B+,Multan,30.15329936923306,71.5549138265467,0,1,35,SMS,Healthy,0.575
DNR_08824,43,M,O+,Karachi,24.783661508929374,67.03261956091845,1,1,23,App,Healthy,0.735
DNR_08825,32,M,B+,Faisalabad,31.401886134894916,73.11799706886221,1,2,53,SMS,Healthy,0.5349999999999999
DNR_08826,31,M,A+,Peshawar,34.064683320184564,71.57087150707596,0,3,74,App,Healthy,0.58
DNR_08827,18,M,B+,Karachi,24.85480712370822,67.02457681445577,1,0,360,SMS,Minor issues,0.05
DNR_08828,45,F,A+,Karachi,24.875089969433095,67.005214111864,1,6,94,SMS,Minor issues,0.43000000000000005
DNR_08829,30,F,B+,Lahore,31.512915281021506,74.39086341437839,1,3,19,App,Healthy,0.855
DNR_08830,22,M,O+,Quetta,30.210592513854863,66.97958783674466,0,2,85,SMS,Healthy,0.375
DNR_08831,29,M,A+,Islamabad,33.641342430541286,73.04256212306684,1,7,30,Phone,Healthy,0.9
DNR_08832,18,M,O+,Faisalabad,31.36760836821592,73.04136009242545,1,4,78,SMS,Minor issues,0.41
DNR_08833,40,F,B+,Lahore,31.600742377472017,74.34998859394294,1,4,75,App,Healthy,0.625
DNR_08834,33,M,O+,Lahore,31.579091783648753,74.37944372533256,1,5,72,App,Healthy,0.69
DNR_08835,49,M,O+,Faisalabad,31.408229585463022,73.0933574413817,1,3,70,SMS,Minor issues,0.4
DNR_08836,45,M,B+,Multan,30.093979308903794,71.5780360849151,0,4,9,Phone,Healthy,0.8549999999999999
DNR_08837,52,M,AB-,Quetta,30.130945106733858,66.93396752520546,0,4,77,App,Healthy,0.615
DNR_08838,39,M,AB+,Quetta,30.17302470838041,66.94630513162315,0,2,12,App,Minor issues,0.74
DNR_08839,29,M,O+,Peshawar,33.958991865000534,71.62935448098634,0,0,223,App,Healthy,0.05
DNR_08840,39,F,A+,Peshawar,34.018170028350426,71.55390774829281,0,6,42,SMS,Healthy,0.79
DNR_08841,35,M,O+,Multan,30.223713585924525,71.60039381183434,0,1,112,SMS,Healthy,0.18999999999999995
DNR_08842,35,F,B+,Faisalabad,31.41694649377292,73.08509735817094,1,2,84,SMS,Healthy,0.38
DNR_08843,35,F,B+,Multan,30.21379835951281,71.52392558992096,0,3,26,App,Minor issues,0.72
DNR_08844,18,M,O+,Faisalabad,31.4877217685384,73.15065292820836,1,7,44,SMS,Healthy,0.83
DNR_08845,49,M,A+,Quetta,30.181648583207135,66.93252412908859,0,3,19,SMS,Healthy,0.755
DNR_08846,32,F,O+,Karachi,24.90184252470641,66.98571037382997,1,6,83,Phone,Healthy,0.5850000000000001
DNR_08847,19,M,O+,Multan,30.203938158368945,71.46888325051721,0,1,13,App,Healthy,0.7849999999999999
DNR_08848,25,F,B+,Faisalabad,31.37835989394925,73.05052732073207,1,2,101,App,Healthy,0.395
DNR_08849,28,F,O+,Multan,30.180605031150883,71.56251276045911,0,2,24,SMS,Healthy,0.6799999999999999
DNR_08850,23,M,O+,Quetta,30.1830994637845,67.00069255863183,0,3,9,App,Healthy,0.9049999999999999
DNR_08851,54,M,B+,Faisalabad,31.481130065648948,73.09159953786282,1,4,99,SMS,Minor issues,0.305
DNR_08852,37,M,O+,Karachi,24.87194375669435,66.94497397435242,1,2,50,App,Healthy,0.6499999999999999
DNR_08853,21,M,A-,Faisalabad,31.366091506780137,73.11235380716833,1,0,399,App,Healthy,0.05
DNR_08854,28,M,B+,Peshawar,34.080654798412915,71.57430320056201,0,3,53,App,Healthy,0.6849999999999999
DNR_08855,28,F,A+,Peshawar,33.982402690442626,71.50559479019934,0,4,37,App,Healthy,0.815
DNR_08856,50,F,B+,Peshawar,33.970661758814934,71.61043704425045,0,8,14,SMS,Healthy,0.95
DNR_08857,44,M,A+,Islamabad,33.7540538962734,72.96980598188016,1,1,45,SMS,Healthy,0.525
DNR_08858,45,M,A+,Islamabad,33.70574873262737,72.97553007918592,1,3,117,SMS,Healthy,0.265
DNR_08859,18,M,O+,Lahore,31.47537398933282,74.29060111942397,1,1,102,App,Healthy,0.33999999999999997
DNR_08860,39,F,A+,Lahore,31.500220291881508,74.34911580533532,1,8,101,SMS,Healthy,0.595
DNR_08861,23,F,O+,Peshawar,34.000438363883205,71.65818579959715,0,1,59,App,Healthy,0.5549999999999999
DNR_08862,23,M,A+,Peshawar,33.99359501008905,71.57071027282154,0,4,21,Phone,Healthy,0.795
DNR_08863,49,M,O+,Faisalabad,31.451215224421308,73.08393726040528,1,4,98,SMS,Healthy,0.41000000000000003
DNR_08864,38,F,A+,Islamabad,33.699195717145386,73.0030899779314,1,1,53,App,Minor issues,0.485
DNR_08865,48,M,AB+,Peshawar,34.01274157411425,71.5452040404334,0,1,112,App,Healthy,0.2899999999999999
DNR_08866,33,M,B+,Karachi,24.93701626140904,66.98104027237896,1,0,357,SMS,Healthy,0.05
DNR_08867,18,M,AB-,Lahore,31.50559584668957,74.37753601282706,1,3,41,App,Healthy,0.745
DNR_08868,26,M,A+,Islamabad,33.64355391585695,72.99905208492048,1,2,118,App,Healthy,0.31000000000000005
DNR_08869,33,F,A+,Faisalabad,31.440007555582323,73.02081917310518,1,0,357,App,Healthy,0.05
DNR_08870,23,F,O+,Faisalabad,31.49496801684692,73.07828555406743,1,3,13,SMS,Healthy,0.7849999999999999
DNR_08871,30,M,O+,Karachi,24.910015381786355,66.93467088493414,1,3,39,SMS,Minor issues,0.5549999999999999
DNR_08872,50,F,O+,Faisalabad,31.430916894363715,73.03488629694289,1,1,86,App,Minor issues,0.31999999999999995
DNR_08873,32,M,O+,Islamabad,33.65194814147946,73.07387575043494,1,1,73,SMS,Healthy,0.385
DNR_08874,18,M,AB-,Karachi,24.919092501171605,67.02284997487504,1,1,39,SMS,Minor issues,0.45499999999999996
DNR_08875,32,F,A+,Peshawar,33.95454637005906,71.63782421704651,0,2,10,SMS,Healthy,0.7499999999999999
DNR_08876,38,M,A+,Peshawar,33.973648695971434,71.6068308240248,0,2,59,Phone,Healthy,0.505
DNR_08877,20,M,A+,Faisalabad,31.39364690622849,73.1273966708201,1,9,32,SMS,Healthy,0.95
DNR_08878,38,M,O+,Quetta,30.112336739906876,66.94178004754744,0,7,33,SMS,Unhealthy,0.7849999999999999
DNR_08879,30,F,O+,Islamabad,33.69397301559665,72.98984819189923,1,2,61,SMS,Minor issues,0.395
DNR_08880,37,M,O+,Islamabad,33.70449482983313,73.06866310756878,1,4,64,App,Healthy,0.6799999999999999
DNR_08881,35,M,O+,Lahore,31.59237071410189,74.28681396070495,1,5,110,SMS,Healthy,0.3999999999999999
DNR_08882,44,F,B+,Lahore,31.627488068816767,74.38033547232503,1,5,85,SMS,Healthy,0.525
DNR_08883,26,M,A+,Multan,30.187525972998714,71.51919085328443,0,2,69,App,Healthy,0.5549999999999999
DNR_08884,30,F,A-,Quetta,30.256668206432277,66.96922670581048,0,2,49,Phone,Healthy,0.5549999999999999
DNR_08885,20,F,B-,Faisalabad,31.37452489426343,73.05480490357546,1,1,65,App,Healthy,0.5249999999999999
DNR_08886,19,M,O+,Faisalabad,31.36441245998084,73.12266936172261,1,1,21,App,Healthy,0.745
DNR_08887,18,M,A+,Quetta,30.18878355773131,67.03366057580482,0,3,118,SMS,Healthy,0.26
DNR_08888,37,M,A-,Faisalabad,31.487037507564303,73.00881816028553,1,2,51,App,Healthy,0.6449999999999999
DNR_08889,29,F,O-,Peshawar,33.97789664866208,71.52314393854542,0,1,45,SMS,Healthy,0.525
DNR_08890,28,F,B+,Quetta,30.15095098915816,66.90471757543119,0,0,351,Phone,Healthy,0.05
DNR_08891,27,M,B+,Multan,30.11940377297206,71.46330399935593,0,0,183,App,Minor issues,0.05
DNR_08892,35,F,B+,Islamabad,33.701975394562986,72.99763304832754,1,2,89,App,Healthy,0.45499999999999996
DNR_08893,27,M,O+,Quetta,30.218575954764496,66.94317828728266,0,4,56,Phone,Healthy,0.62
DNR_08894,56,F,A+,Faisalabad,31.365240527153265,73.08924306129602,1,3,49,App,Healthy,0.705
DNR_08895,32,M,A+,Lahore,31.50575146073333,74.3507089640829,1,10,61,App,Unhealthy,0.8949999999999999
DNR_08896,49,F,O+,Multan,30.158312938821176,71.54918698444035,0,2,51,App,Healthy,0.6449999999999999
DNR_08897,31,M,O+,Multan,30.085491994027354,71.49943523002575,0,4,101,App,Minor issues,0.395
DNR_08898,41,M,A+,Quetta,30.25694811586036,66.93631517679148,0,0,216,App,Healthy,0.05
DNR_08899,29,M,B+,Islamabad,33.73468378887724,72.98053586948386,1,3,117,App,Healthy,0.365
DNR_08900,29,F,A+,Multan,30.132808694771654,71.4504576172484,0,6,28,App,Healthy,0.95
DNR_08901,34,F,O+,Multan,30.12562651260716,71.5841693289573,0,6,79,Phone,Healthy,0.605
DNR_08902,33,F,B+,Faisalabad,31.4328730461264,73.04390319895765,1,8,45,App,Healthy,0.95
DNR_08903,40,M,AB+,Lahore,31.603253942558645,74.39259164253798,1,3,14,SMS,Healthy,0.78
DNR_08904,26,F,B+,Islamabad,33.74899007891403,73.11338374549314,1,4,10,Phone,Healthy,0.85
DNR_08905,51,M,B+,Lahore,31.576451896740124,74.4060275677908,1,3,73,SMS,Healthy,0.485
DNR_08906,49,F,O+,Quetta,30.24222224526365,67.02712449063507,0,4,101,Phone,Minor issues,0.295
DNR_08907,33,M,O+,Faisalabad,31.469772478397708,73.05367286599069,1,2,86,App,Minor issues,0.37
DNR_08908,37,M,A+,Islamabad,33.71223624932746,73.0815256519378,1,1,66,Phone,Healthy,0.41999999999999993
DNR_08909,52,M,B+,Peshawar,34.04225221385732,71.51065903236079,0,4,36,SMS,Healthy,0.72
DNR_08910,30,F,AB-,Faisalabad,31.354752611542015,73.13846668862094,1,8,87,App,Healthy,0.7649999999999999
DNR_08911,28,M,A+,Islamabad,33.621246716358215,72.9812632259775,1,1,58,App,Healthy,0.5599999999999999
DNR_08912,21,F,B+,Faisalabad,31.37364120041247,73.09972676122902,1,1,87,Phone,Healthy,0.31499999999999995
DNR_08913,41,F,O+,Multan,30.108437115195404,71.49605933845157,0,6,34,App,Healthy,0.9299999999999999
DNR_08914,30,F,O+,Islamabad,33.6777521099881,73.11119394177146,1,1,60,App,Healthy,0.5499999999999999
DNR_08915,31,M,B-,Multan,30.092182294445795,71.59397412933099,0,2,86,App,Healthy,0.47
DNR_08916,23,F,O-,Islamabad,33.71482198479704,72.99912758712995,1,4,106,SMS,Unhealthy,0.26999999999999996
DNR_08917,32,F,A+,Faisalabad,31.477218750545045,73.04102790710938,1,4,115,App,Minor issues,0.32500000000000007
DNR_08918,40,M,B+,Faisalabad,31.468992329554503,73.06568731780942,1,6,71,SMS,Healthy,0.645
DNR_08919,35,M,O+,Quetta,30.133820282320517,66.95625473661131,0,2,50,App,Healthy,0.6499999999999999
DNR_08920,20,M,B+,Quetta,30.191057294206146,66.96040603573272,0,1,50,App,Healthy,0.6
DNR_08921,20,M,A+,Peshawar,34.07764738748627,71.60331397629581,0,5,97,Phone,Healthy,0.46499999999999997
DNR_08922,43,F,O+,Islamabad,33.631942946938565,73.11326659159131,1,2,67,App,Healthy,0.565
DNR_08923,29,M,B+,Multan,30.17325859519242,71.49040916486261,0,1,17,SMS,Unhealthy,0.5650000000000001
DNR_08924,44,M,O+,Quetta,30.139366718834292,67.0133097159156,0,1,54,SMS,Healthy,0.48
DNR_08925,22,M,O+,Quetta,30.176258518961788,67.01860069356378,0,6,72,Phone,Minor issues,0.54
DNR_08926,30,M,O+,Multan,30.130016630805592,71.53252169222785,0,5,116,Phone,Healthy,0.37
DNR_08927,43,F,A-,Multan,30.135507029200333,71.49439509216663,0,2,107,SMS,Healthy,0.26499999999999996
DNR_08928,33,F,B+,Multan,30.094955649985373,71.58026926425903,0,1,43,App,Healthy,0.635
DNR_08929,31,M,B+,Faisalabad,31.421682499728792,73.15222692090386,1,2,16,App,Healthy,0.82
DNR_08930,34,F,B-,Quetta,30.15993305887755,67.03565138364159,0,0,354,SMS,Healthy,0.05
DNR_08931,60,F,O-,Peshawar,33.95798318564811,71.51625838913398,0,2,11,SMS,Healthy,0.7449999999999999
DNR_08932,18,M,A+,Karachi,24.90034538329581,66.97496063215718,1,3,42,App,Healthy,0.74
DNR_08933,25,M,B+,Peshawar,34.06953508620772,71.64953866706918,0,0,164,App,Healthy,0.05
DNR_08934,18,F,B+,Quetta,30.206403622669303,66.96116228386576,0,4,113,SMS,Minor issues,0.23500000000000004
DNR_08935,34,F,B+,Islamabad,33.66082143808947,73.0961808634559,1,15,88,App,Healthy,0.95
DNR_08936,24,F,B+,Karachi,24.80572746243214,66.9842928147197,1,2,33,App,Healthy,0.7349999999999999
DNR_08937,27,F,A+,Lahore,31.61609242122428,74.37648474709412,1,2,31,SMS,Healthy,0.6449999999999999
DNR_08938,24,F,O+,Quetta,30.19494529822467,66.90897486860203,0,3,41,App,Healthy,0.745
DNR_08939,28,M,B+,Lahore,31.553749990935714,74.27529535282348,1,2,87,App,Healthy,0.46499999999999997
DNR_08940,29,M,B-,Multan,30.231701012327587,71.48398109331565,0,2,108,App,Minor issues,0.25999999999999995
DNR_08941,24,M,A+,Quetta,30.138040372835068,66.91353916448439,0,3,24,Phone,Healthy,0.73
DNR_08942,18,M,B+,Quetta,30.139551359996048,67.05208153585784,0,2,82,App,Healthy,0.49
DNR_08943,27,F,B+,Islamabad,33.691294124361086,73.02957575843037,1,2,72,App,Healthy,0.5399999999999999
DNR_08944,45,M,B+,Lahore,31.621737268406005,74.32185096299254,1,3,15,App,Healthy,0.875
DNR_08945,33,F,O+,Karachi,24.867505599726886,67.06673338588274,1,3,19,SMS,Healthy,0.755
DNR_08946,18,M,B+,Quetta,30.22203477963002,67.0443177023632,0,4,23,App,Healthy,0.885
DNR_08947,53,M,O+,Islamabad,33.66776232352944,73.0696485161332,1,1,8,App,Healthy,0.8099999999999999
DNR_08948,19,F,O+,Faisalabad,31.383455361039843,73.05501155313708,1,3,19,App,Healthy,0.855
DNR_08949,48,M,B+,Multan,30.22684245468721,71.49141922557959,0,3,109,SMS,Minor issues,0.20499999999999996
DNR_08950,38,M,O+,Peshawar,34.03939850148973,71.64366512019879,0,1,75,Phone,Healthy,0.375
DNR_08951,43,F,A+,Peshawar,34.01979165876915,71.65963388282428,0,2,58,SMS,Healthy,0.51
DNR_08952,41,F,O-,Islamabad,33.677968123658474,73.10019085709513,1,2,99,SMS,Healthy,0.305
DNR_08953,26,M,A+,Lahore,31.52383210471799,74.30860441402952,1,4,114,App,Healthy,0.43000000000000005
DNR_08954,18,F,O+,Islamabad,33.74927566441124,73.1085106004456,1,1,86,App,Minor issues,0.31999999999999995
DNR_08955,24,M,B+,Multan,30.181820563152055,71.5987453723488,0,2,88,App,Minor issues,0.36
DNR_08956,18,M,A+,Lahore,31.581722259655674,74.39051942534394,1,1,22,App,Minor issues,0.64
DNR_08957,21,M,B+,Faisalabad,31.402296398669005,73.03563044633216,1,2,18,App,Healthy,0.8099999999999999
DNR_08958,30,M,B+,Lahore,31.500964284647416,74.33365777909434,1,5,24,SMS,Healthy,0.83
DNR_08959,43,M,O+,Karachi,24.9013698977065,66.95288570627434,1,5,21,Phone,Healthy,0.845
DNR_08960,25,F,A+,Quetta,30.222052528231586,66.94834809237408,0,0,291,SMS,Healthy,0.05
DNR_08961,32,M,A+,Karachi,24.786121228219844,67.03398151531508,1,5,45,SMS,Healthy,0.725
DNR_08962,29,M,O+,Faisalabad,31.370185506495158,73.05057696900977,1,1,60,App,Healthy,0.5499999999999999
DNR_08963,18,M,B-,Faisalabad,31.40949270306639,73.12300603875701,1,5,70,App,Healthy,0.7
DNR_08964,24,M,B-,Quetta,30.110817734073642,66.99738936964846,0,1,9,App,Healthy,0.8049999999999999
DNR_08965,34,M,B+,Lahore,31.490998632369028,74.37030906980478,1,3,60,SMS,Healthy,0.55
DNR_08966,31,M,O+,Islamabad,33.71441560250203,73.10881465564182,1,9,90,App,Healthy,0.7999999999999999
DNR_08967,42,M,O+,Faisalabad,31.431527822139024,73.00800408334449,1,1,23,App,Healthy,0.735
DNR_08968,24,M,A+,Multan,30.169346185250472,71.51927901771786,0,5,66,SMS,Healthy,0.62
DNR_08969,36,M,A+,Islamabad,33.640540315863795,73.02613573464522,1,3,115,Phone,Healthy,0.275
DNR_08970,18,F,B+,Karachi,24.93113664796432,66.97912967653117,1,2,33,App,Healthy,0.7349999999999999
DNR_08971,18,F,A+,Lahore,31.57832360591632,74.27657638179932,1,4,81,App,Healthy,0.595
DNR_08972,25,F,A+,Faisalabad,31.349126173949024,73.02948977387133,1,8,59,App,Healthy,0.905
DNR_08973,42,M,B+,Lahore,31.506303653428947,74.42125370969686,1,6,111,App,Healthy,0.5449999999999999
DNR_08974,24,M,B+,Karachi,24.896629295714714,66.96459263306808,1,3,107,App,Healthy,0.4149999999999999
DNR_08975,34,M,B+,Peshawar,34.01936022132138,71.50191501459426,0,4,88,SMS,Healthy,0.45999999999999996
DNR_08976,24,M,AB-,Islamabad,33.704957092519706,73.07337466329432,1,2,119,SMS,Minor issues,0.10500000000000001
DNR_08977,18,M,B+,Lahore,31.480131176277492,74.31359132012089,1,3,92,SMS,Healthy,0.39
DNR_08978,21,M,B+,Peshawar,33.96605076071356,71.62891289728083,0,3,16,App,Healthy,0.87
DNR_08979,28,F,O+,Quetta,30.168358245816428,67.01269770073799,0,4,16,Phone,Unhealthy,0.72
DNR_08980,26,M,A+,Karachi,24.81410294417363,66.92343924179085,1,11,48,Phone,Healthy,0.95
DNR_08981,37,F,A-,Islamabad,33.64740049451852,73.04911176798782,1,2,96,SMS,Minor issues,0.22
DNR_08982,31,M,B+,Faisalabad,31.34289908371267,73.0416039457079,1,2,54,App,Healthy,0.6299999999999999
DNR_08983,36,F,O+,Islamabad,33.66315564293107,73.04979998333376,1,4,103,App,Healthy,0.485
DNR_08984,42,F,A+,Lahore,31.507044999143357,74.35063035479163,1,1,16,App,Healthy,0.77
DNR_08985,50,M,O+,Faisalabad,31.44178190127358,73.04133839014163,1,4,45,App,Minor issues,0.6749999999999999
DNR_08986,29,M,B+,Karachi,24.848791856029585,66.92902518843452,1,0,374,App,Minor issues,0.05
DNR_08987,18,M,A+,Quetta,30.135014872359935,66.98675848988215,0,5,27,App,Healthy,0.9149999999999999
DNR_08988,29,F,A+,Peshawar,34.05701979489643,71.65329911449393,0,0,372,App,Healthy,0.05
DNR_08989,57,F,B-,Lahore,31.508047301009036,74.42045533691787,1,3,103,App,Healthy,0.43499999999999994
DNR_08990,23,F,O+,Multan,30.17106521950989,71.59305261876561,0,0,361,Phone,Minor issues,0.05
DNR_08991,41,M,A+,Lahore,31.628290166578637,74.40999044610402,1,2,42,SMS,Healthy,0.59
DNR_08992,18,M,A-,Lahore,31.570580010222837,74.41333030209339,1,5,83,App,Minor issues,0.535
DNR_08993,35,F,B+,Karachi,24.930067055844685,66.99214931432238,1,8,50,App,Minor issues,0.85
DNR_08994,18,F,AB+,Islamabad,33.65400510402962,73.02358422172927,1,4,34,SMS,Minor issues,0.6299999999999999
DNR_08995,39,M,O+,Peshawar,33.95220824871898,71.58792008925278,0,2,57,App,Healthy,0.615
DNR_08996,18,M,O+,Peshawar,34.02669363284402,71.51614244481891,0,3,31,App,Healthy,0.7949999999999999
DNR_08997,37,F,B+,Quetta,30.22901062421964,67.01170132906077,0,8,91,App,Healthy,0.7449999999999999
DNR_08998,26,F,O+,Islamabad,33.721714495442065,72.97790601203454,1,1,17,SMS,Healthy,0.665
DNR_08999,40,M,B+,Peshawar,34.08937536590178,71.62387678870044,0,2,107,SMS,Minor issues,0.16499999999999995
DNR_09000,41,F,O+,Quetta,30.16565021126789,66.92351948600277,0,1,7,App,Minor issues,0.715
DNR_09001,49,M,O+,Karachi,24.90126611744695,67.03042100968136,1,0,196,Phone,Healthy,0.05
DNR_09002,37,F,B+,Quetta,30.176688317527347,66.95636755635628,0,3,70,App,Healthy,0.6
DNR_09003,44,M,A-,Faisalabad,31.361233098823313,73.01453321622755,1,1,82,SMS,Healthy,0.33999999999999997
DNR_09004,34,M,A+,Islamabad,33.66167104530319,73.01185563659965,1,1,38,App,Healthy,0.6599999999999999
DNR_09005,18,M,B-,Islamabad,33.712941595158675,72.97851216664081,1,3,51,SMS,Healthy,0.595
DNR_09006,34,M,B+,Multan,30.228174408842474,71.57123355358729,0,2,89,App,Healthy,0.45499999999999996
DNR_09007,41,F,A+,Peshawar,34.081549737715086,71.57809539259625,0,1,84,SMS,Healthy,0.32999999999999996
DNR_09008,47,M,A+,Karachi,24.89113251944435,67.00263474214114,1,4,58,Phone,Healthy,0.61
DNR_09009,18,M,A+,Lahore,31.623343686990108,74.28422338503916,1,3,17,App,Healthy,0.865
DNR_09010,37,M,A-,Islamabad,33.71931295706972,72.98431913107159,1,2,69,Phone,Healthy,0.45499999999999996
DNR_09011,44,M,B+,Multan,30.235881505544455,71.59551679609376,0,2,43,SMS,Healthy,0.585
DNR_09012,31,M,O+,Islamabad,33.675049290640004,73.10140077881718,1,2,112,SMS,Unhealthy,0.13999999999999993
DNR_09013,39,M,O+,Islamabad,33.61247250332107,73.09495442834086,1,13,58,SMS,Healthy,0.95
DNR_09014,34,M,A+,Quetta,30.224740157069313,66.90994808854873,0,1,56,SMS,Healthy,0.47
DNR_09015,39,F,O+,Lahore,31.514579536357946,74.38681326725573,1,1,69,SMS,Healthy,0.405
DNR_09016,34,F,O+,Faisalabad,31.469367729956442,73.10600401615243,1,1,16,App,Healthy,0.77
DNR_09017,48,F,O+,Multan,30.196940304716314,71.5192294421221,0,4,52,SMS,Healthy,0.64
DNR_09018,35,M,O+,Multan,30.226185943809885,71.5263515290191,0,6,80,App,Minor issues,0.6
DNR_09019,46,M,B-,Lahore,31.59151381507206,74.3641649903429,1,2,12,SMS,Healthy,0.74
DNR_09020,48,F,O+,Quetta,30.154044486610267,66.96719814934234,0,4,75,App,Healthy,0.625
DNR_09021,43,M,B+,Quetta,30.254908651331093,67.05487165408782,0,3,55,SMS,Healthy,0.575
DNR_09022,18,M,A+,Lahore,31.627304724004002,74.4229827698181,1,1,89,SMS,Minor issues,0.20499999999999996
DNR_09023,49,M,A-,Lahore,31.532941333554724,74.31208581175733,1,5,103,App,Healthy,0.5349999999999999
DNR_09024,45,M,O+,Multan,30.16878944392429,71.45452303133956,0,3,35,App,Healthy,0.7749999999999999
DNR_09025,20,F,O+,Islamabad,33.66144570008538,73.06094924739497,1,7,59,App,Healthy,0.855
DNR_09026,36,M,O+,Islamabad,33.67288032214299,73.11604042718076,1,3,22,App,Healthy,0.84
DNR_09027,27,F,A+,Faisalabad,31.407314752911674,73.12800627761808,1,3,33,SMS,Healthy,0.6849999999999999
DNR_09028,35,M,O-,Multan,30.083194441938645,71.53687997098883,0,3,98,Phone,Healthy,0.36
DNR_09029,26,M,A-,Faisalabad,31.348509883914367,73.10537459619721,1,6,25,App,Minor issues,0.875
DNR_09030,38,M,O+,Quetta,30.173577646320872,67.02299871701395,0,6,30,App,Healthy,0.95
DNR_09031,22,F,AB+,Quetta,30.158533311792976,66.9613288961428,0,2,82,App,Healthy,0.49
DNR_09032,28,M,A+,Faisalabad,31.408461193288854,73.00677733864765,1,2,82,App,Minor issues,0.39
DNR_09033,35,M,A+,Peshawar,34.08237643882599,71.65596366538507,0,1,43,Phone,Unhealthy,0.435
DNR_09034,35,F,B+,Islamabad,33.688960158195655,73.08413249426977,1,2,76,App,Healthy,0.5199999999999999
DNR_09035,26,F,A+,Quetta,30.173229232946646,67.05106024635174,0,1,11,SMS,Healthy,0.695
DNR_09036,25,M,A+,Faisalabad,31.427010588348445,73.1356951358474,1,2,46,SMS,Minor issues,0.47
DNR_09037,41,F,B+,Karachi,24.915409498668378,67.00853780980215,1,0,326,App,Healthy,0.05
DNR_09038,18,M,B+,Islamabad,33.61854685530594,73.05587692488382,1,1,14,Phone,Healthy,0.68
DNR_09039,46,F,B+,Quetta,30.174439642856534,66.93777162439468,0,7,105,App,Healthy,0.625
DNR_09040,36,M,B+,Peshawar,34.07228426981246,71.65838179377201,0,2,56,App,Healthy,0.6199999999999999
DNR_09041,26,F,A+,Karachi,24.822037407712656,66.99904852937088,1,5,41,Phone,Minor issues,0.645
DNR_09042,32,F,A+,Faisalabad,31.39056266581505,73.06843030428398,1,5,119,App,Healthy,0.45499999999999996
DNR_09043,45,M,A+,Faisalabad,31.485430615430037,73.14130184986821,1,1,104,App,Minor issues,0.22999999999999995
DNR_09044,26,F,AB+,Islamabad,33.6175664539028,72.99057673109803,1,2,73,App,Healthy,0.5349999999999999
DNR_09045,38,F,A+,Lahore,31.550707445089934,74.33498020871329,1,5,35,App,Minor issues,0.775
DNR_09046,34,M,O+,Lahore,31.513709751643788,74.26426046595515,1,13,79,App,Minor issues,0.95
DNR_09047,34,M,O+,Multan,30.142603393678577,71.55773550107678,0,6,98,App,Healthy,0.61
DNR_09048,36,F,O+,Peshawar,33.960979269617425,71.53791079138246,0,9,107,App,Healthy,0.7149999999999999
DNR_09049,43,M,O-,Islamabad,33.71885702136688,73.09897164323247,1,3,66,App,Healthy,0.62
DNR_09050,28,M,O+,Multan,30.09846075772598,71.52526170257279,0,5,33,SMS,Healthy,0.7849999999999999
DNR_09051,18,M,O+,Karachi,24.86761962758279,66.95183488994206,1,6,42,SMS,Healthy,0.79
DNR_09052,46,M,O+,Islamabad,33.672923140251186,73.0475593104702,1,1,38,Phone,Healthy,0.5599999999999999
DNR_09053,41,F,O+,Peshawar,34.01971436607989,71.52314076745154,0,5,45,Phone,Minor issues,0.625
DNR_09054,28,M,A+,Karachi,24.89650421354361,66.9552363770581,1,0,305,SMS,Healthy,0.05
DNR_09055,34,M,B+,Lahore,31.494940233711116,74.3855654872716,1,3,42,SMS,Healthy,0.64
DNR_09056,18,M,A+,Faisalabad,31.46224281979016,73.14018465853911,1,3,60,App,Healthy,0.65
DNR_09057,50,M,B+,Islamabad,33.731939311559714,73.02157386304043,1,3,59,App,Healthy,0.655
DNR_09058,44,M,O+,Lahore,31.61705464120085,74.33096253736801,1,3,55,App,Unhealthy,0.575
DNR_09059,26,F,O+,Quetta,30.215767950392923,66.9428994376467,0,3,52,App,Minor issues,0.59
DNR_09060,52,M,O+,Multan,30.215892731068195,71.5204157540063,0,1,25,App,Healthy,0.725
DNR_09061,24,M,B+,Quetta,30.132395427857,66.95623124350931,0,6,105,App,Healthy,0.575
DNR_09062,30,M,O+,Faisalabad,31.386610750844284,73.07879702554537,1,1,27,Phone,Minor issues,0.515
DNR_09063,18,M,B+,Islamabad,33.63762218795559,73.11234122838556,1,1,115,App,Healthy,0.275
DNR_09064,46,F,A+,Faisalabad,31.378912735834504,73.04293609243561,1,4,43,App,Healthy,0.7849999999999999
DNR_09065,29,F,A+,Karachi,24.925954944076036,66.97141526200258,1,5,41,App,Healthy,0.845
DNR_09066,31,M,A+,Multan,30.103450987249047,71.58492893930259,0,2,98,Phone,Healthy,0.31
DNR_09067,31,M,O+,Lahore,31.551451596181085,74.30131708472207,1,3,102,Phone,Healthy,0.33999999999999997
DNR_09068,40,M,O-,Peshawar,34.08264390775664,71.55724136070738,0,2,27,App,Healthy,0.7649999999999999
DNR_09069,29,M,A+,Peshawar,33.97659632448569,71.51275711727777,0,0,270,App,Healthy,0.05
DNR_09070,30,F,B+,Peshawar,34.02407672978681,71.52134040216025,0,5,48,SMS,Minor issues,0.61
DNR_09071,34,F,A-,Peshawar,33.93600551644675,71.6157241693929,0,1,75,App,Healthy,0.475
DNR_09072,27,M,A+,Lahore,31.516824408086794,74.31161864478206,1,6,33,App,Minor issues,0.835
DNR_09073,27,M,O+,Karachi,24.93888212233681,66.97359662731199,1,4,97,App,Minor issues,0.41500000000000004
DNR_09074,24,M,B+,Peshawar,33.97380432121068,71.5533153829811,0,6,77,App,Minor issues,0.615
DNR_09075,41,M,A-,Karachi,24.885787113811965,66.92743460409426,1,3,49,Phone,Healthy,0.605
DNR_09076,45,F,A+,Quetta,30.19901616629211,66.95313325672701,0,3,102,SMS,Unhealthy,0.24
DNR_09077,34,M,B+,Karachi,24.822634226758577,67.01037909089946,1,1,37,App,Unhealthy,0.565
DNR_09078,26,M,O+,Peshawar,33.946984961966976,71.60938526286995,0,1,22,App,Healthy,0.74
DNR_09079,18,M,A+,Islamabad,33.614653414417575,73.0157343596632,1,2,117,App,Unhealthy,0.21500000000000002
DNR_09080,38,F,A+,Peshawar,33.97258393333643,71.63558180593238,0,3,91,SMS,Healthy,0.395
DNR_09081,18,F,AB+,Peshawar,34.07102226116224,71.5888438200333,0,1,76,App,Minor issues,0.37
DNR_09082,30,M,A+,Faisalabad,31.496652621419955,73.07769097687041,1,2,109,SMS,Minor issues,0.15499999999999994
DNR_09083,53,M,AB-,Multan,30.20917599461926,71.54632161700009,0,1,60,Phone,Healthy,0.44999999999999996
DNR_09084,35,F,O+,Quetta,30.232608811036783,67.02761071509032,0,6,88,App,Minor issues,0.56
DNR_09085,37,M,A+,Quetta,30.115845258931255,67.0229764499623,0,1,7,App,Healthy,0.815
DNR_09086,25,F,O+,Faisalabad,31.364255658890897,73.06434774586236,1,3,34,SMS,Minor issues,0.58
DNR_09087,35,M,O+,Multan,30.233127953411614,71.48336363117306,0,2,53,App,Healthy,0.6349999999999999
DNR_09088,50,F,A+,Islamabad,33.63345135614544,73.04840181353265,1,0,332,App,Minor issues,0.05
DNR_09089,18,F,AB-,Quetta,30.20974526267596,66.92326259545753,0,1,26,App,Minor issues,0.62
DNR_09090,22,M,A+,Multan,30.200052771042788,71.45362655538429,0,3,114,SMS,Minor issues,0.18000000000000005
DNR_09091,27,M,O+,Lahore,31.572475293330157,74.34779058452266,1,6,88,App,Healthy,0.66
DNR_09092,25,F,B+,Lahore,31.4992246915161,74.3385168402329,1,5,118,SMS,Healthy,0.36
DNR_09093,37,M,O+,Quetta,30.102576078373655,67.00549833562395,0,2,61,SMS,Healthy,0.495
DNR_09094,25,M,O+,Quetta,30.11398659393721,66.9971898700082,0,4,86,App,Healthy,0.57
DNR_09095,36,F,O-,Karachi,24.93083765791035,67.07037147097762,1,8,15,App,Healthy,0.95
DNR_09096,42,F,AB+,Multan,30.119726123363428,71.4767105277376,0,5,55,App,Healthy,0.7749999999999999
DNR_09097,32,F,A+,Faisalabad,31.469874569767878,73.00872899574927,1,0,256,App,Healthy,0.05
DNR_09098,37,M,A+,Islamabad,33.61193648605992,73.02358273032173,1,3,44,App,Minor issues,0.63
DNR_09099,29,M,B+,Peshawar,34.050800291849974,71.51917971220202,0,3,108,App,Healthy,0.4099999999999999
DNR_09100,34,M,B+,Islamabad,33.715397723416345,73.10183561348556,1,4,94,SMS,Healthy,0.43000000000000005
DNR_09101,57,F,AB+,Multan,30.209704941703794,71.56096419665072,0,1,64,SMS,Healthy,0.42999999999999994
DNR_09102,19,M,A+,Karachi,24.85359901110812,67.0435153231774,1,1,50,Phone,Minor issues,0.39999999999999997
DNR_09103,28,M,O-,Quetta,30.190378370159845,66.98924421249033,0,3,80,App,Healthy,0.5499999999999999
DNR_09104,25,M,O+,Peshawar,34.08770702271535,71.57935630477806,0,4,26,SMS,Healthy,0.7699999999999999
DNR_09105,22,F,O+,Karachi,24.800262584466722,66.9821300632766,1,0,158,App,Healthy,0.05
DNR_09106,26,M,A+,Karachi,24.846226640491743,66.9278410094333,1,10,113,SMS,Healthy,0.635
DNR_09107,23,M,O+,Islamabad,33.75332511438864,72.97836765186375,1,1,15,SMS,Healthy,0.675
DNR_09108,18,M,O+,Lahore,31.517888133148716,74.40236988109709,1,3,99,Phone,Healthy,0.355
DNR_09109,18,M,A+,Karachi,24.889946895543236,67.07170873357293,1,6,82,App,Minor issues,0.5900000000000001
DNR_09110,27,F,O+,Islamabad,33.734600489255385,73.10399664448502,1,5,47,App,Minor issues,0.715
DNR_09111,31,F,B+,Islamabad,33.66474239522225,73.10249321650284,1,0,337,App,Minor issues,0.05
DNR_09112,43,F,B-,Peshawar,33.94668952834649,71.58775445195569,0,2,73,Phone,Healthy,0.43499999999999994
DNR_09113,46,M,B+,Quetta,30.17200972342592,66.97057713201788,0,1,102,Phone,Healthy,0.23999999999999996
DNR_09114,28,F,B+,Lahore,31.47903582526553,74.39346474240982,1,2,13,Phone,Healthy,0.7349999999999999
DNR_09115,36,M,B-,Lahore,31.473054347315752,74.29668070054174,1,3,119,SMS,Healthy,0.255
DNR_09116,49,F,B+,Peshawar,34.01509744651973,71.55200082304788,0,2,84,App,Healthy,0.48
DNR_09117,25,F,B+,Karachi,24.884991800084507,67.01090727122322,1,0,152,SMS,Minor issues,0.05
DNR_09118,33,F,A-,Peshawar,33.97425969154908,71.6147611592607,0,0,150,App,Healthy,0.05
DNR_09119,37,M,O+,Quetta,30.14116303341287,67.04323138392647,0,2,57,App,Healthy,0.615
DNR_09120,30,M,A+,Islamabad,33.668381787441795,72.99582829682119,1,1,63,App,Healthy,0.5349999999999999
DNR_09121,18,F,A+,Islamabad,33.68796882704203,73.08223247306879,1,2,69,App,Unhealthy,0.45499999999999996
DNR_09122,29,M,O-,Lahore,31.568212465530454,74.31228002408659,1,1,104,App,Healthy,0.32999999999999996
DNR_09123,37,M,O-,Peshawar,33.96047082717675,71.57428426250337,0,3,75,SMS,Minor issues,0.375
DNR_09124,35,F,B+,Lahore,31.623921036227966,74.36714053069542,1,4,117,App,Healthy,0.41500000000000004
DNR_09125,31,M,A+,Karachi,24.799349020484094,67.05262232047093,1,3,42,App,Healthy,0.74
DNR_09126,42,F,A+,Multan,30.205630891255566,71.53145292090362,0,2,78,App,Healthy,0.5099999999999999
DNR_09127,45,F,A+,Multan,30.17015187521655,71.5363597426103,0,2,108,SMS,Healthy,0.25999999999999995
DNR_09128,27,M,B+,Faisalabad,31.469067929648816,73.08777499387121,1,3,28,App,Healthy,0.8099999999999999
DNR_09129,27,M,A+,Peshawar,34.08607324622509,71.6018432757034,0,3,82,SMS,Minor issues,0.34
DNR_09130,36,M,B-,Quetta,30.10039849302087,67.03639213671055,0,4,48,SMS,Healthy,0.66
DNR_09131,26,F,B+,Peshawar,33.964214389103034,71.55863984005566,0,6,65,App,Minor issues,0.6749999999999999
DNR_09132,41,M,O+,Peshawar,34.007823330399525,71.57411057119155,0,2,111,SMS,Minor issues,0.14499999999999993
DNR_09133,24,M,O+,Multan,30.17054063680985,71.47263723602265,0,3,40,App,Minor issues,0.65
DNR_09134,33,M,O+,Multan,30.149146269558376,71.46676948918204,0,3,79,SMS,Healthy,0.45499999999999996
DNR_09135,26,F,B+,Quetta,30.235138290947546,66.94758311140612,0,7,86,SMS,Healthy,0.62
DNR_09136,30,M,AB+,Karachi,24.800590546617435,67.05628907848221,1,2,33,SMS,Healthy,0.6349999999999999
DNR_09137,25,F,O+,Karachi,24.904948968741305,66.92842186337776,1,2,100,App,Healthy,0.4
DNR_09138,38,M,O+,Quetta,30.216591223637764,67.00850499781453,0,6,59,Phone,Minor issues,0.605
DNR_09139,18,F,O+,Islamabad,33.639319284368646,73.04364755799662,1,2,87,Phone,Healthy,0.365
DNR_09140,50,M,A+,Karachi,24.863087215163233,67.06367496179419,1,2,93,App,Healthy,0.43499999999999994
DNR_09141,36,M,B+,Faisalabad,31.361113376757473,73.15586129673568,1,1,59,App,Healthy,0.5549999999999999
DNR_09142,20,F,O-,Quetta,30.17720224559229,67.04262778720806,0,3,19,Phone,Healthy,0.755
DNR_09143,22,F,A+,Peshawar,34.04368705685431,71.51713665977718,0,0,243,SMS,Healthy,0.05
DNR_09144,27,F,B+,Peshawar,33.993781237620965,71.62961831024542,0,6,110,SMS,Healthy,0.44999999999999996
DNR_09145,28,M,A+,Lahore,31.55205241824185,74.39203357290914,1,1,41,App,Minor issues,0.545
DNR_09146,22,M,B+,Peshawar,34.040418591750324,71.5196110153587,0,4,55,SMS,Minor issues,0.5249999999999999
DNR_09147,27,M,O+,Multan,30.159510387418223,71.45743285765167,0,2,56,SMS,Minor issues,0.41999999999999993
DNR_09148,30,M,AB+,Peshawar,34.04579164000855,71.56607588866387,0,3,95,App,Healthy,0.475
DNR_09149,32,F,B+,Quetta,30.113523565966872,67.02021047176132,0,6,42,App,Unhealthy,0.79
DNR_09150,35,F,A+,Faisalabad,31.40535266693556,73.10311119196712,1,0,269,SMS,Unhealthy,0.05
DNR_09151,38,M,O+,Islamabad,33.67651925666833,73.05443429659083,1,3,19,App,Healthy,0.855
DNR_09152,36,M,A+,Faisalabad,31.36353069691181,73.1330029823449,1,4,117,SMS,Unhealthy,0.21500000000000002
DNR_09153,28,M,AB-,Lahore,31.518800668677244,74.30753340714148,1,1,36,App,Healthy,0.6699999999999999
DNR_09154,18,M,B+,Islamabad,33.69937333835883,73.12150419879544,1,5,88,SMS,Minor issues,0.41
DNR_09155,20,M,B+,Karachi,24.841165401086528,67.03022273794055,1,7,114,App,Minor issues,0.4800000000000001
DNR_09156,38,M,B+,Faisalabad,31.348964763807018,73.06695676450816,1,3,102,App,Healthy,0.43999999999999995
DNR_09157,18,M,O+,Karachi,24.869267233960613,67.0306853929434,1,4,39,App,Healthy,0.8049999999999999
DNR_09158,40,M,O+,Quetta,30.254073126594605,67.02499102305761,0,4,38,App,Healthy,0.8099999999999999
DNR_09159,38,M,B+,Quetta,30.19133503766086,66.96620940733847,0,1,39,SMS,Healthy,0.5549999999999999
DNR_09160,33,M,A+,Multan,30.156610073416537,71.54787629079932,0,10,39,App,Minor issues,0.95
DNR_09161,28,M,O+,Karachi,24.928330818400067,66.94216129558214,1,1,98,App,Healthy,0.36
DNR_09162,25,M,O+,Karachi,24.797695057517277,67.07225241186536,1,1,113,Phone,Minor issues,0.08500000000000003
DNR_09163,42,F,O+,Lahore,31.471193062260696,74.34841841714369,1,3,83,Phone,Healthy,0.43500000000000005
DNR_09164,37,M,A-,Islamabad,33.644429445925354,73.01325391471818,1,3,71,Phone,Healthy,0.495
DNR_09165,18,M,A+,Peshawar,34.00580444963816,71.59379599015875,0,0,171,SMS,Healthy,0.05
DNR_09166,18,M,B+,Islamabad,33.629933765343914,72.98049158575864,1,4,70,App,Unhealthy,0.55
DNR_09167,42,M,A+,Multan,30.220176495672256,71.45686359791935,0,2,10,Phone,Healthy,0.7499999999999999
DNR_09168,18,M,A+,Multan,30.18605200677876,71.5981513200324,0,3,92,SMS,Healthy,0.39
DNR_09169,24,F,A+,Peshawar,33.9955601829594,71.64730434494226,0,5,65,App,Healthy,0.7249999999999999
DNR_09170,24,F,AB+,Lahore,31.561981362356182,74.33288333817212,1,2,117,SMS,Healthy,0.21500000000000002
DNR_09171,24,F,O+,Karachi,24.903918017722642,67.02399801845162,1,4,74,App,Unhealthy,0.53
DNR_09172,49,M,B+,Faisalabad,31.40308770157421,73.08219634655876,1,4,22,SMS,Healthy,0.7899999999999999
DNR_09173,27,F,O+,Peshawar,34.02468547249505,71.56872217640355,0,1,22,App,Healthy,0.74
DNR_09174,42,M,O+,Lahore,31.541947887986097,74.41572004414571,1,1,108,App,Healthy,0.30999999999999994
DNR_09175,35,M,O+,Faisalabad,31.48821994881054,73.08550987784034,1,3,8,App,Healthy,0.9099999999999999
DNR_09176,20,M,A-,Karachi,24.808548691820732,67.0080528366241,1,3,116,App,Minor issues,0.27
DNR_09177,40,M,O+,Karachi,24.936392992022295,67.05440800805883,1,5,37,App,Healthy,0.865
DNR_09178,42,M,O+,Peshawar,34.085416208304615,71.52827545722973,0,2,118,App,Healthy,0.31000000000000005
DNR_09179,18,M,B-,Lahore,31.529137586031723,74.31515352466056,1,3,83,SMS,Healthy,0.43500000000000005
DNR_09180,30,F,A+,Quetta,30.170358705606404,67.05170472498182,0,0,393,App,Healthy,0.05
DNR_09181,22,M,B+,Peshawar,33.9781937803519,71.53973828079542,0,0,161,App,Healthy,0.05
DNR_09182,31,M,B+,Quetta,30.150987366483253,66.9153462182763,0,2,9,App,Healthy,0.8549999999999999
DNR_09183,40,M,B+,Lahore,31.581900969433782,74.31808801232246,1,6,52,SMS,Healthy,0.74
DNR_09184,22,M,B+,Peshawar,34.05684998827905,71.6216930557672,0,2,24,App,Healthy,0.7799999999999999
DNR_09185,42,M,O+,Quetta,30.241627221835405,66.91344597228377,0,4,35,SMS,Healthy,0.725
DNR_09186,39,F,B+,Faisalabad,31.345305570485802,73.0019779976638,1,0,209,SMS,Healthy,0.05
DNR_09187,26,M,B+,Lahore,31.507865737999893,74.27527017701782,1,1,108,SMS,Healthy,0.20999999999999996
DNR_09188,38,F,B+,Quetta,30.17007662058838,66.90627922840363,0,4,50,SMS,Minor issues,0.55
DNR_09189,29,M,B+,Lahore,31.518774593837286,74.31858831186521,1,7,56,App,Healthy,0.8699999999999999
DNR_09190,31,M,A+,Islamabad,33.72524827078806,73.04406653602983,1,1,50,Phone,Healthy,0.5
DNR_09191,21,F,A+,Karachi,24.853386901528957,66.97904708493301,1,8,29,SMS,Healthy,0.95
DNR_09192,26,M,A+,Islamabad,33.628608941408444,73.04338739426375,1,0,265,SMS,Healthy,0.05
DNR_09193,31,M,O+,Faisalabad,31.49147221479225,73.08243814679967,1,5,63,SMS,Healthy,0.6349999999999999
DNR_09194,33,M,O+,Peshawar,34.030072623639505,71.64583557552587,0,2,93,App,Healthy,0.43499999999999994
DNR_09195,28,F,B+,Karachi,24.934001952469732,66.96557580324517,1,0,337,Phone,Healthy,0.05
DNR_09196,18,F,O+,Faisalabad,31.360942743762333,73.02542520262789,1,4,10,App,Healthy,0.95
DNR_09197,29,F,A+,Lahore,31.547516281776964,74.27023590306895,1,3,43,App,Healthy,0.735
DNR_09198,47,F,B-,Quetta,30.144478612081336,67.03981452363195,0,3,111,App,Healthy,0.3949999999999999
DNR_09199,47,M,B+,Faisalabad,31.38384956637885,73.07571766785291,1,4,43,App,Minor issues,0.6849999999999999
DNR_09200,40,M,O+,Lahore,31.495075229874562,74.3242035113859,1,5,73,App,Healthy,0.6849999999999999
DNR_09201,35,F,O-,Lahore,31.522550766629543,74.27964838073122,1,2,45,App,Healthy,0.6749999999999999
DNR_09202,20,F,B-,Peshawar,34.0801360941787,71.63168028099105,0,0,204,App,Healthy,0.05
DNR_09203,37,M,A+,Faisalabad,31.351396552480267,73.12595876550142,1,4,87,SMS,Minor issues,0.365
DNR_09204,41,F,A+,Peshawar,33.9812368282456,71.64611473591722,0,4,11,SMS,Minor issues,0.7449999999999999
DNR_09205,27,F,O+,Faisalabad,31.49498781517317,73.05609233747786,1,2,33,SMS,Healthy,0.6349999999999999
DNR_09206,22,M,B+,Lahore,31.493532593001305,74.38532571136902,1,5,102,SMS,Healthy,0.43999999999999995
DNR_09207,23,M,B+,Islamabad,33.608648201634054,73.09411880961196,1,2,107,SMS,Healthy,0.26499999999999996
DNR_09208,18,M,O+,Quetta,30.113077886242376,67.04530810874644,0,2,37,App,Healthy,0.715
DNR_09209,23,M,A+,Peshawar,33.98394652383434,71.62611100601649,0,4,26,App,Healthy,0.8699999999999999
DNR_09210,30,M,A+,Lahore,31.499805151133035,74.39034156931774,1,1,118,App,Healthy,0.26
DNR_09211,49,M,A+,Peshawar,33.99147874876489,71.6587478984471,0,3,25,App,Healthy,0.825
DNR_09212,37,M,A+,Faisalabad,31.392444027057135,73.0361978128542,1,1,66,Phone,Healthy,0.41999999999999993
DNR_09213,39,M,AB+,Karachi,24.833483820886116,66.93931742790352,1,6,19,Phone,Unhealthy,0.805
DNR_09214,18,F,B+,Islamabad,33.70286090600274,73.03907003787803,1,1,106,Phone,Healthy,0.21999999999999997
DNR_09215,30,M,B+,Islamabad,33.68101160837841,73.02577106945762,1,2,17,App,Minor issues,0.715
DNR_09216,27,M,A+,Lahore,31.50594117759741,74.32216876301224,1,3,19,Phone,Minor issues,0.655
DNR_09217,31,M,A+,Faisalabad,31.370930146855386,73.1210561619175,1,6,89,App,Healthy,0.655
DNR_09218,18,M,A+,Karachi,24.822360574773747,66.93358650657576,1,4,29,SMS,Healthy,0.755
DNR_09219,27,M,O+,Multan,30.179105153864743,71.46539206630266,0,5,98,App,Minor issues,0.45999999999999996
DNR_09220,18,M,A-,Lahore,31.497691704761998,74.28377461136667,1,3,50,Phone,Healthy,0.6
DNR_09221,20,M,A-,Peshawar,34.02400558793034,71.61979188566522,0,0,250,SMS,Minor issues,0.05
DNR_09222,41,M,O+,Faisalabad,31.493466002718392,73.12816822238423,1,10,49,App,Healthy,0.95
DNR_09223,37,M,B+,Faisalabad,31.435692092072507,73.13589825955988,1,2,43,App,Healthy,0.6849999999999999
DNR_09224,44,M,B+,Karachi,24.902496106495885,67.01296462257068,1,2,72,SMS,Healthy,0.43999999999999995
DNR_09225,18,F,O+,Karachi,24.829530896117515,67.02505650649975,1,7,35,App,Minor issues,0.875
DNR_09226,34,M,O+,Karachi,24.930084344152533,66.98015629657553,1,4,80,SMS,Healthy,0.5
DNR_09227,18,M,A+,Peshawar,33.99840976618662,71.64011270652682,0,2,63,App,Healthy,0.585
DNR_09228,54,F,O+,Karachi,24.90163820811877,67.05670201215305,1,5,70,SMS,Healthy,0.6
DNR_09229,25,F,A+,Lahore,31.62187043327334,74.40976729955422,1,5,32,App,Healthy,0.8899999999999999
DNR_09230,50,F,O+,Karachi,24.830157002739956,67.03031508641779,1,2,22,SMS,Healthy,0.69
DNR_09231,41,M,O+,Karachi,24.913323822333425,67.04513520186994,1,11,60,Phone,Healthy,0.95
DNR_09232,18,F,B-,Peshawar,34.00145644161341,71.5604779867257,0,2,103,Phone,Healthy,0.285
DNR_09233,26,F,B+,Lahore,31.554027278154823,74.2641699220679,1,2,117,App,Healthy,0.31500000000000006
DNR_09234,28,M,O+,Lahore,31.602046121702482,74.34423379498986,1,1,92,App,Healthy,0.3899999999999999
DNR_09235,26,F,O+,Multan,30.109693630569193,71.60258237980294,0,3,93,App,Healthy,0.485
DNR_09236,49,M,O+,Faisalabad,31.42794899573058,73.08373449197454,1,2,69,App,Healthy,0.5549999999999999
DNR_09237,31,F,O+,Faisalabad,31.38776468786405,73.13967417838086,1,3,101,App,Healthy,0.44499999999999995
DNR_09238,30,M,B+,Faisalabad,31.405348053603827,73.06811771549374,1,5,29,SMS,Healthy,0.8049999999999999
DNR_09239,19,F,O+,Peshawar,34.09310531120403,71.58989081862424,0,1,15,Phone,Healthy,0.675
DNR_09240,32,M,O+,Peshawar,34.05450773932645,71.6029064971143,0,5,84,App,Healthy,0.63
DNR_09241,22,M,AB+,Karachi,24.91691561616142,67.01702132149951,1,6,54,Phone,Unhealthy,0.63
DNR_09242,44,F,O+,Quetta,30.207655356502624,66.91970788800673,0,3,9,SMS,Healthy,0.8049999999999999
DNR_09243,26,M,B+,Faisalabad,31.402859770350283,73.14449891651479,1,7,25,Phone,Minor issues,0.825
DNR_09244,45,F,O+,Karachi,24.812882308526902,67.01659267855558,1,0,162,SMS,Healthy,0.05
DNR_09245,32,F,B-,Lahore,31.522024951581383,74.39294523730085,1,2,10,App,Healthy,0.8499999999999999
DNR_09246,30,M,O+,Faisalabad,31.440988489482944,73.05447337662335,1,4,53,App,Healthy,0.7349999999999999
DNR_09247,35,M,B+,Lahore,31.625849513456078,74.33693464134949,1,2,82,App,Minor issues,0.39
DNR_09248,44,F,O+,Multan,30.22477410705028,71.5272346236016,0,0,219,Phone,Minor issues,0.05
DNR_09249,33,M,B-,Multan,30.236287417906745,71.4463533958418,0,5,7,SMS,Minor issues,0.815
DNR_09250,36,F,B+,Quetta,30.225152930814208,67.00883000657971,0,0,332,SMS,Minor issues,0.05
DNR_09251,37,M,O+,Quetta,30.23431604472029,67.00021455683245,0,14,76,App,Healthy,0.95
DNR_09252,25,M,B+,Peshawar,33.95403126888742,71.632391901532,0,10,19,App,Healthy,0.95
DNR_09253,38,M,O+,Peshawar,33.93594442265462,71.59153802719271,0,6,24,SMS,Healthy,0.88
DNR_09254,18,F,B+,Lahore,31.618876729895636,74.30073153204629,1,2,8,App,Healthy,0.8599999999999999
DNR_09255,42,F,B-,Peshawar,34.092061291770385,71.52315805203506,0,7,106,App,Healthy,0.62
DNR_09256,36,M,A+,Faisalabad,31.350182011624167,73.01855797593419,1,1,108,App,Healthy,0.30999999999999994
DNR_09257,18,M,O-,Lahore,31.60129521745501,74.38905539061722,1,4,33,Phone,Healthy,0.735
DNR_09258,48,F,B+,Karachi,24.881865855691267,66.94530949620862,1,2,9,SMS,Healthy,0.7549999999999999
DNR_09259,32,F,B+,Lahore,31.556331591690988,74.30112065657961,1,1,74,App,Healthy,0.48
DNR_09260,48,M,A+,Peshawar,33.93926954775921,71.61330739557776,0,0,376,App,Unhealthy,0.05
DNR_09261,44,M,B+,Quetta,30.222301776161544,66.91900139668695,0,5,88,App,Healthy,0.61
DNR_09262,43,F,A+,Multan,30.16700029533571,71.4626508850453,0,4,25,SMS,Healthy,0.775
DNR_09263,18,M,B+,Quetta,30.211957931836874,66.9133250214426,0,1,8,SMS,Unhealthy,0.61
DNR_09264,57,M,A-,Multan,30.18802395652023,71.51788327967888,0,1,62,Phone,Healthy,0.43999999999999995
DNR_09265,47,M,A+,Peshawar,34.03068497738545,71.64313645486668,0,5,79,App,Healthy,0.6549999999999999
DNR_09266,29,F,O+,Lahore,31.581425998279357,74.32929426729025,1,2,58,App,Minor issues,0.51
DNR_09267,34,F,O+,Multan,30.206045303718366,71.51975004827862,0,0,289,App,Healthy,0.05
DNR_09268,25,M,O+,Quetta,30.106333820686125,66.91245370649285,0,4,72,SMS,Unhealthy,0.44
DNR_09269,18,M,B+,Lahore,31.495177260316154,74.38032191112175,1,3,35,App,Minor issues,0.6749999999999999
DNR_09270,33,F,O+,Quetta,30.240150854102232,66.9023980855328,0,4,95,App,Healthy,0.525
DNR_09271,18,M,A+,Lahore,31.480340285796384,74.34240040125398,1,7,16,Phone,Healthy,0.95
DNR_09272,22,M,O+,Faisalabad,31.465241807573992,73.0718282972006,1,5,85,SMS,Healthy,0.525
DNR_09273,31,M,AB+,Lahore,31.475861219201647,74.2941394818792,1,2,49,SMS,Healthy,0.5549999999999999
DNR_09274,32,M,A+,Quetta,30.104271243186883,66.90973075524589,0,4,89,SMS,Healthy,0.45499999999999996
DNR_09275,39,F,O-,Lahore,31.479672679443148,74.35480361758698,1,2,28,App,Healthy,0.7599999999999999
DNR_09276,43,M,O+,Faisalabad,31.357638938375906,73.01884928385114,1,1,8,App,Healthy,0.8099999999999999
DNR_09277,24,M,O+,Peshawar,34.02192222005587,71.56960248445152,0,3,79,App,Healthy,0.5549999999999999
DNR_09278,26,M,A+,Islamabad,33.70622037784105,73.09517467856837,1,2,94,SMS,Healthy,0.33
DNR_09279,53,F,A+,Faisalabad,31.40184421866901,73.01276125599423,1,2,46,SMS,Healthy,0.57
DNR_09280,48,F,O+,Faisalabad,31.36950909958181,73.00505564636299,1,4,26,App,Healthy,0.8699999999999999
DNR_09281,34,M,A+,Faisalabad,31.375692843145035,73.0710762366277,1,4,117,App,Healthy,0.41500000000000004
DNR_09282,18,F,A+,Quetta,30.100797918328634,66.97975463669431,0,2,53,SMS,Minor issues,0.43499999999999994
DNR_09283,20,M,B+,Quetta,30.154282411891813,66.9709702568036,0,10,83,SMS,Healthy,0.785
DNR_09284,51,M,O+,Faisalabad,31.479992565779643,73.1321147889818,1,2,112,SMS,Healthy,0.23999999999999994
DNR_09285,18,F,O-,Quetta,30.100713298376256,66.97395225045344,0,6,61,App,Healthy,0.7949999999999999
DNR_09286,32,M,O+,Faisalabad,31.40930859165965,73.07427158059754,1,7,16,App,Healthy,0.95
DNR_09287,28,F,B+,Peshawar,34.068516921530886,71.60333684187201,0,2,10,App,Healthy,0.8499999999999999
DNR_09288,50,M,B+,Peshawar,34.03803946784922,71.5039889555506,0,2,78,App,Minor issues,0.4099999999999999
DNR_09289,30,M,A+,Lahore,31.514269922177412,74.42046711929817,1,4,42,SMS,Healthy,0.6900000000000001
DNR_09290,21,F,O+,Multan,30.13970189700773,71.50313851539799,0,2,31,SMS,Healthy,0.6449999999999999
DNR_09291,29,M,A+,Quetta,30.124140874453197,66.99995741626364,0,8,57,SMS,Healthy,0.8150000000000001
DNR_09292,19,M,O+,Islamabad,33.72894641593373,73.0670952358623,1,1,94,App,Healthy,0.38
DNR_09293,18,M,B+,Multan,30.178881053868203,71.5428871273496,0,4,97,Phone,Healthy,0.41500000000000004
DNR_09294,18,M,O+,Quetta,30.20302646032343,67.00852560133441,0,2,64,App,Healthy,0.58
DNR_09295,28,M,A-,Peshawar,34.07863733633272,71.53212621289303,0,5,29,App,Healthy,0.9049999999999999
DNR_09296,25,M,O+,Faisalabad,31.381003795940803,73.03423111852271,1,5,40,SMS,Healthy,0.7499999999999999
DNR_09297,54,M,A+,Islamabad,33.729783588684434,72.98315188971189,1,4,57,App,Minor issues,0.615
DNR_09298,60,M,A-,Karachi,24.882382689791132,66.98671723894068,1,3,57,SMS,Minor issues,0.465
DNR_09299,32,M,AB-,Karachi,24.884949665440654,66.92401446284066,1,5,77,App,Healthy,0.6649999999999999
DNR_09300,43,M,A+,Islamabad,33.715473506933634,73.0655863407828,1,3,37,SMS,Healthy,0.6649999999999999
DNR_09301,32,F,B+,Multan,30.23434102070232,71.46716748865127,0,3,45,SMS,Healthy,0.625
DNR_09302,34,M,O+,Karachi,24.807207755459306,66.94476229088967,1,0,189,SMS,Healthy,0.05
DNR_09303,36,F,B+,Multan,30.085727908600994,71.5104585652449,0,1,86,App,Healthy,0.41999999999999993
DNR_09304,48,M,B+,Islamabad,33.60732491290005,73.07574051019981,1,7,63,App,Minor issues,0.735
DNR_09305,40,M,AB-,Multan,30.20098905653324,71.5559517494934,0,7,12,App,Healthy,0.95
DNR_09306,18,M,A+,Karachi,24.846242023972003,66.92569430465943,1,2,105,SMS,Healthy,0.27499999999999997
DNR_09307,42,M,B+,Lahore,31.522858191933896,74.4232145958686,1,2,62,App,Healthy,0.59
DNR_09308,20,M,O+,Islamabad,33.7427416225141,73.04820420151336,1,3,80,App,Minor issues,0.44999999999999996
DNR_09309,18,M,O+,Karachi,24.82466539232617,67.06802040580766,1,5,119,SMS,Minor issues,0.255
DNR_09310,31,F,B-,Quetta,30.183234243612073,67.03677599444666,0,4,55,App,Healthy,0.7249999999999999
DNR_09311,42,M,AB+,Peshawar,33.93849997358485,71.54449574430772,0,3,111,App,Minor issues,0.29499999999999993
DNR_09312,45,F,O+,Islamabad,33.7353861684353,73.08712402696356,1,6,103,SMS,Unhealthy,0.385
DNR_09313,36,M,A-,Faisalabad,31.354287634690543,73.01900107668115,1,5,41,App,Healthy,0.845
DNR_09314,27,M,AB-,Karachi,24.86104407846463,67.0377931682865,1,1,7,Phone,Healthy,0.715
DNR_09315,39,M,B+,Lahore,31.585119295938718,74.29054402262577,1,2,57,Phone,Healthy,0.515
DNR_09316,36,M,A+,Lahore,31.579761463476917,74.35722153441337,1,7,72,App,Healthy,0.79
DNR_09317,22,M,B+,Karachi,24.834716685419217,67.06422743774598,1,4,110,SMS,Healthy,0.35
DNR_09318,18,M,O-,Peshawar,33.96157983413238,71.59895537330894,0,4,50,Phone,Healthy,0.65
DNR_09319,44,M,O+,Lahore,31.52769752697043,74.42084279202318,1,3,20,SMS,Healthy,0.75
DNR_09320,25,M,A-,Multan,30.118713613595144,71.54471751290822,0,1,25,SMS,Minor issues,0.525
DNR_09321,40,M,B+,Peshawar,34.093752839836675,71.51300563834965,0,2,74,SMS,Minor issues,0.32999999999999996
DNR_09322,34,F,AB+,Quetta,30.136599069145376,66.94973050698285,0,2,86,SMS,Healthy,0.37
DNR_09323,55,F,O+,Multan,30.132997456600314,71.5479978263337,0,1,17,App,Healthy,0.765
DNR_09324,30,F,A+,Multan,30.150795698995864,71.52839642386526,0,2,84,SMS,Healthy,0.38
DNR_09325,26,M,O+,Karachi,24.79352765658231,67.07516872986727,1,2,51,App,Healthy,0.6449999999999999
DNR_09326,18,M,B+,Islamabad,33.7447374135567,73.06149297414643,1,7,38,App,Healthy,0.95
DNR_09327,29,M,A+,Peshawar,34.076146343681906,71.56742210034969,0,4,38,SMS,Healthy,0.71
DNR_09328,34,F,A+,Peshawar,33.95864270664903,71.54396661455144,0,1,65,App,Minor issues,0.42499999999999993
DNR_09329,31,M,B+,Faisalabad,31.462191700715387,73.0856090486944,1,6,32,SMS,Healthy,0.84
DNR_09330,31,M,O-,Lahore,31.561576873330765,74.40488566785668,1,1,57,Phone,Healthy,0.46499999999999997
DNR_09331,30,M,A+,Karachi,24.861273615950747,67.0539660542447,1,5,8,App,Healthy,0.95
DNR_09332,18,M,O+,Quetta,30.108744242792024,66.94847679904184,0,3,31,Phone,Healthy,0.695
DNR_09333,31,M,B+,Islamabad,33.6124281910873,72.99190908045226,1,5,33,Phone,Minor issues,0.6849999999999999
DNR_09334,44,F,B+,Quetta,30.170998015591515,66.93244485697174,0,0,167,App,Minor issues,0.05
DNR_09335,18,M,B+,Islamabad,33.619376662038086,73.06828670495725,1,4,21,App,Healthy,0.895
DNR_09336,32,F,O+,Karachi,24.798452258639006,66.9657414444172,1,3,78,SMS,Healthy,0.45999999999999996
DNR_09337,40,F,O+,Faisalabad,31.36684109803031,73.14783547344382,1,2,27,App,Healthy,0.7649999999999999
DNR_09338,52,M,O+,Islamabad,33.629483832627365,73.06098667214695,1,0,323,Phone,Healthy,0.05
DNR_09339,22,M,AB-,Quetta,30.231352496446494,67.0191534449156,0,5,82,App,Healthy,0.64
DNR_09340,32,M,B+,Karachi,24.916179607073705,66.94619985573276,1,0,340,App,Minor issues,0.05
DNR_09341,34,F,A+,Lahore,31.53956679959494,74.31505757002714,1,4,105,App,Minor issues,0.375
DNR_09342,33,F,A+,Karachi,24.833717063716094,66.94752088600039,1,3,75,SMS,Unhealthy,0.375
DNR_09343,40,M,O+,Multan,30.12766646751381,71.51913368619056,0,2,32,App,Healthy,0.7399999999999999
DNR_09344,18,F,O-,Multan,30.10475025456492,71.57877162994073,0,3,16,App,Minor issues,0.77
DNR_09345,26,F,O+,Lahore,31.4890555690723,74.38709121942192,1,5,16,App,Healthy,0.95
DNR_09346,29,F,O+,Karachi,24.877292294106784,66.94904601157269,1,1,11,App,Healthy,0.7949999999999999
DNR_09347,48,F,B+,Multan,30.23013067058627,71.45993462817432,0,2,26,SMS,Healthy,0.6699999999999999
DNR_09348,27,F,O+,Lahore,31.473901512878648,74.33803235381576,1,4,80,Phone,Minor issues,0.39999999999999997
DNR_09349,23,F,O+,Peshawar,34.044687763755036,71.61537103383714,0,2,101,App,Healthy,0.395
DNR_09350,51,F,B+,Peshawar,34.08093993773326,71.56075830414983,0,7,26,App,Healthy,0.95
DNR_09351,23,M,O+,Lahore,31.532252998717833,74.41215521811662,1,3,110,App,Healthy,0.3999999999999999
DNR_09352,31,M,B+,Faisalabad,31.345563005696597,73.02957650559821,1,0,199,Phone,Healthy,0.05
DNR_09353,32,M,B+,Quetta,30.23401222370155,66.97154421798258,0,4,42,SMS,Healthy,0.6900000000000001
DNR_09354,26,F,O+,Karachi,24.913314029616906,67.03467708336387,1,2,64,App,Healthy,0.58
DNR_09355,33,F,A+,Quetta,30.134075998796124,66.9632836073952,0,6,104,Phone,Healthy,0.48
DNR_09356,35,M,O+,Multan,30.11978300440495,71.56891008467049,0,4,96,SMS,Healthy,0.42000000000000004
DNR_09357,27,M,B+,Islamabad,33.74686195321549,73.11728372389784,1,4,65,Phone,Healthy,0.575
DNR_09358,23,F,AB-,Peshawar,34.08504237196764,71.57640366282357,0,5,75,SMS,Healthy,0.575
DNR_09359,30,M,O+,Peshawar,34.09488407298673,71.55645196262769,0,1,48,SMS,Healthy,0.51
DNR_09360,29,M,A+,Islamabad,33.68369364391266,73.00792213153314,1,2,83,App,Healthy,0.485
DNR_09361,27,M,O+,Multan,30.16571066456631,71.51095539419525,0,6,82,Phone,Minor issues,0.49000000000000005
DNR_09362,32,F,B+,Faisalabad,31.365476703458565,73.12745382361378,1,6,52,App,Healthy,0.84
DNR_09363,49,M,O+,Faisalabad,31.472355628266783,73.11491432326203,1,3,21,App,Healthy,0.845
DNR_09364,25,F,O+,Faisalabad,31.49417624225789,73.1166378508374,1,1,63,Phone,Healthy,0.43499999999999994
DNR_09365,40,F,A+,Lahore,31.562582366516686,74.29473001062307,1,2,78,App,Unhealthy,0.4099999999999999
DNR_09366,18,M,B-,Karachi,24.922418782987393,66.96059487635085,1,3,110,App,Healthy,0.3999999999999999
DNR_09367,53,M,O+,Lahore,31.610001665745347,74.31202341427858,1,0,322,SMS,Healthy,0.05
DNR_09368,43,M,A+,Faisalabad,31.48318129002762,73.08986761266581,1,7,48,SMS,Healthy,0.8099999999999999
DNR_09369,36,F,O+,Islamabad,33.62229093733559,73.06239168290583,1,3,73,SMS,Minor issues,0.385
DNR_09370,35,M,A+,Multan,30.105840358599554,71.49227794831147,0,7,44,App,Healthy,0.9299999999999999
DNR_09371,45,M,A+,Peshawar,33.982764242555504,71.57365819459389,0,2,16,Phone,Healthy,0.72
DNR_09372,42,M,B+,Quetta,30.143471554024007,67.04140619681985,0,1,30,App,Unhealthy,0.6
DNR_09373,34,M,O+,Karachi,24.79956800042967,67.04365184857242,1,1,91,SMS,Healthy,0.29499999999999993
DNR_09374,18,F,O-,Karachi,24.931569530601877,66.99850169358695,1,3,84,SMS,Healthy,0.43000000000000005
DNR_09375,32,F,A+,Karachi,24.8211702054854,67.05680376204671,1,2,98,App,Healthy,0.41000000000000003
DNR_09376,41,M,B+,Lahore,31.618958188470646,74.29412369555939,1,2,87,App,Healthy,0.46499999999999997
DNR_09377,35,F,B+,Multan,30.216797336596358,71.5034290685753,0,0,267,App,Healthy,0.05
DNR_09378,52,F,O+,Peshawar,34.000242839805296,71.65299127378088,0,1,22,App,Healthy,0.74
DNR_09379,39,M,AB+,Lahore,31.609429804689338,74.32336604930421,1,5,64,App,Healthy,0.73
DNR_09380,18,M,O+,Peshawar,34.09148549277962,71.61647857969437,0,6,18,App,Minor issues,0.91
DNR_09381,50,M,O+,Islamabad,33.687185308326455,73.01476258004448,1,2,95,Phone,Healthy,0.325
DNR_09382,27,F,A+,Islamabad,33.73452025568104,73.05247960358827,1,2,91,App,Healthy,0.44499999999999995
DNR_09383,25,F,O+,Multan,30.17692113590827,71.52221700313372,0,2,21,App,Healthy,0.7949999999999999
DNR_09384,25,F,B+,Peshawar,33.97565141863459,71.51350905384861,0,4,93,Phone,Healthy,0.43499999999999994
DNR_09385,22,F,A-,Quetta,30.217378234562748,66.9209398621242,0,2,90,SMS,Healthy,0.35
DNR_09386,29,M,O+,Multan,30.198726285011357,71.45815107079899,0,3,49,SMS,Healthy,0.605
DNR_09387,29,F,O+,Karachi,24.914938318679027,67.05569774285544,1,6,71,App,Minor issues,0.645
DNR_09388,27,F,A+,Lahore,31.626732545918873,74.36635113444584,1,1,98,App,Healthy,0.36
DNR_09389,34,F,A-,Peshawar,34.06294400346806,71.62678967294939,0,3,72,SMS,Minor issues,0.39
DNR_09390,41,M,B+,Quetta,30.223729376124858,67.0076594739019,0,5,40,App,Minor issues,0.7499999999999999
DNR_09391,45,M,O+,Quetta,30.225715259088883,66.9900368504981,0,2,33,SMS,Unhealthy,0.5349999999999999
DNR_09392,34,M,B+,Quetta,30.143134535436765,66.96436975812317,0,3,74,App,Healthy,0.58
DNR_09393,23,M,B+,Multan,30.086192896896822,71.4793330238484,0,3,35,App,Healthy,0.7749999999999999
DNR_09394,24,M,AB+,Faisalabad,31.454241482403436,73.02159415288591,1,1,109,App,Healthy,0.30499999999999994
DNR_09395,53,F,O+,Peshawar,34.08826328041439,71.59757761626689,0,6,93,SMS,Minor issues,0.435
DNR_09396,35,M,O+,Lahore,31.502235593308875,74.30403075676398,1,4,77,App,Healthy,0.615
DNR_09397,36,M,O+,Faisalabad,31.421134729163825,73.11669148966342,1,1,69,App,Healthy,0.505
DNR_09398,39,F,B+,Islamabad,33.660173354679216,73.12480114098825,1,3,113,App,Healthy,0.385
DNR_09399,27,M,O+,Karachi,24.91139324073339,67.06131021395795,1,1,55,App,Healthy,0.575
DNR_09400,31,M,O+,Islamabad,33.73817965390944,73.0408970437098,1,1,63,SMS,Minor issues,0.33499999999999996
DNR_09401,28,M,A+,Islamabad,33.70166414411694,73.10272819452946,1,1,112,SMS,Minor issues,0.08999999999999993
DNR_09402,45,F,A-,Peshawar,33.95824637733388,71.55769094347467,0,3,36,SMS,Unhealthy,0.5700000000000001
DNR_09403,45,M,O+,Peshawar,34.0136393271535,71.61636131532839,0,5,117,SMS,Healthy,0.365
DNR_09404,31,M,B+,Quetta,30.11861345309744,66.90582897076688,0,1,17,Phone,Healthy,0.665
DNR_09405,23,F,O+,Faisalabad,31.432033726134463,73.00969572663764,1,6,116,App,Unhealthy,0.42000000000000004
DNR_09406,18,M,A+,Quetta,30.245647069443944,66.92557826948988,0,4,15,App,Healthy,0.925
DNR_09407,40,M,B+,Lahore,31.569935461745313,74.33834344757591,1,3,83,Phone,Healthy,0.43500000000000005
DNR_09408,30,F,O+,Faisalabad,31.494570780470344,73.06880570404584,1,2,48,SMS,Healthy,0.5599999999999999
DNR_09409,18,M,B+,Lahore,31.49097384164345,74.29594244506394,1,2,49,App,Healthy,0.6549999999999999
DNR_09410,34,F,B+,Peshawar,33.94098625898098,71.6486017666551,0,6,12,SMS,Healthy,0.9400000000000001
DNR_09411,32,M,A+,Multan,30.155142041922645,71.51465911528994,0,3,20,App,Minor issues,0.75
DNR_09412,43,M,A+,Multan,30.180032854456144,71.50632323047034,0,3,85,App,Healthy,0.525
DNR_09413,33,F,O+,Karachi,24.843637279834248,67.04565649261994,1,3,58,SMS,Healthy,0.56
DNR_09414,21,F,A+,Faisalabad,31.391367803237035,73.03146794469554,1,5,111,App,Healthy,0.4949999999999999
DNR_09415,44,F,AB+,Peshawar,33.97667891358827,71.58375305582783,0,5,118,SMS,Healthy,0.36
DNR_09416,46,M,O+,Quetta,30.233058615428234,66.9533130630095,0,4,59,SMS,Minor issues,0.505
DNR_09417,29,M,O+,Quetta,30.12334390553232,66.92246053574023,0,6,109,SMS,Healthy,0.45499999999999996
DNR_09418,38,M,O+,Islamabad,33.65142568913645,72.99254486831994,1,4,87,Phone,Minor issues,0.365
DNR_09419,21,M,B+,Lahore,31.531952304487405,74.37580916381098,1,7,18,App,Healthy,0.95
DNR_09420,27,M,A-,Multan,30.13123724531534,71.56476541388557,0,0,282,App,Healthy,0.05
DNR_09421,27,M,B+,Quetta,30.12287753469187,67.01530152799867,0,9,51,SMS,Healthy,0.8949999999999999
DNR_09422,41,M,A+,Karachi,24.78733898198724,66.92468246375633,1,3,100,SMS,Healthy,0.35
DNR_09423,42,M,O+,Islamabad,33.65531422518893,72.98887670350898,1,1,84,SMS,Healthy,0.32999999999999996
DNR_09424,26,F,A+,Quetta,30.15036979627112,67.0315331145001,0,5,7,SMS,Minor issues,0.815
DNR_09425,54,F,A+,Karachi,24.847064535401707,66.97008774692773,1,1,55,App,Healthy,0.575
DNR_09426,46,M,O+,Faisalabad,31.42678884172172,73.01830310207617,1,7,47,SMS,Healthy,0.8150000000000001
DNR_09427,30,M,O+,Islamabad,33.64962929044527,72.9991875192172,1,3,22,SMS,Healthy,0.74
DNR_09428,38,M,A+,Karachi,24.9313182227662,66.98929998627936,1,1,43,SMS,Healthy,0.535
DNR_09429,18,M,O+,Lahore,31.625333563197746,74.40902813862789,1,2,88,App,Healthy,0.45999999999999996
DNR_09430,48,M,AB-,Lahore,31.506396793861636,74.30808454248957,1,2,14,App,Healthy,0.83
DNR_09431,52,F,A+,Quetta,30.11020793281692,66.94332290354119,0,4,55,SMS,Unhealthy,0.5249999999999999
DNR_09432,44,F,O+,Peshawar,34.08888210264287,71.6044655171954,0,1,69,SMS,Healthy,0.405
DNR_09433,40,M,O+,Quetta,30.25451573570312,67.04150282158433,0,3,95,SMS,Healthy,0.375
DNR_09434,34,F,O-,Faisalabad,31.45809354038522,73.07572526521118,1,1,73,SMS,Healthy,0.385
DNR_09435,33,F,O+,Lahore,31.54740862938385,74.37212718263942,1,1,96,SMS,Healthy,0.27
DNR_09436,41,M,AB+,Peshawar,33.9713949953262,71.5969446879051,0,0,249,SMS,Healthy,0.05
DNR_09437,30,M,B+,Peshawar,34.052148210430936,71.6220737149749,0,4,92,Phone,Healthy,0.43999999999999995
DNR_09438,47,F,O+,Multan,30.122570709209487,71.51960219854305,0,2,93,App,Healthy,0.43499999999999994
DNR_09439,33,M,AB-,Karachi,24.790917800319917,66.97477425058585,1,4,98,SMS,Minor issues,0.31
DNR_09440,38,F,A+,Lahore,31.49125639018957,74.4207065798857,1,9,88,Phone,Healthy,0.71
DNR_09441,37,M,A-,Quetta,30.107047757227097,66.98486227499616,0,4,60,SMS,Unhealthy,0.5
DNR_09442,20,M,B+,Faisalabad,31.476615015450054,73.09724581752243,1,7,66,Phone,Healthy,0.72
DNR_09443,29,F,B+,Islamabad,33.73782760572092,73.08232166581037,1,2,57,SMS,Healthy,0.515
DNR_09444,45,M,O+,Islamabad,33.74481345130198,73.10573188563968,1,3,74,App,Minor issues,0.48
DNR_09445,38,M,B-,Multan,30.188075409467256,71.5521992728803,0,3,81,App,Unhealthy,0.44499999999999995
DNR_09446,35,M,O+,Karachi,24.920434736110504,67.00687995118108,1,1,39,App,Healthy,0.6549999999999999
DNR_09447,18,M,A+,Peshawar,34.07292999102866,71.50455056560973,0,0,390,SMS,Minor issues,0.05
DNR_09448,40,F,B-,Lahore,31.487184646999356,74.38193622067116,1,0,247,App,Healthy,0.05
DNR_09449,42,M,B+,Islamabad,33.76329033567167,73.10657858076327,1,2,26,SMS,Healthy,0.6699999999999999
DNR_09450,20,M,A+,Peshawar,33.96842264542304,71.54897081811683,0,1,39,App,Healthy,0.6549999999999999
DNR_09451,32,M,B+,Lahore,31.49773596092264,74.31442003994891,1,11,46,App,Healthy,0.95
DNR_09452,39,M,B+,Faisalabad,31.479176993540882,73.15755810505064,1,3,66,Phone,Healthy,0.52
DNR_09453,40,M,A+,Islamabad,33.741453486599866,73.0233679273064,1,3,44,SMS,Minor issues,0.53
DNR_09454,29,F,B+,Faisalabad,31.42180576455558,73.0454497630164,1,5,46,App,Healthy,0.82
DNR_09455,42,F,O+,Faisalabad,31.343204682005158,73.14815974495305,1,2,95,SMS,Healthy,0.325
DNR_09456,18,M,A+,Quetta,30.2546852710855,66.92348094417439,0,3,43,App,Minor issues,0.635
DNR_09457,18,F,B+,Islamabad,33.706394801084556,72.98253246249527,1,3,113,SMS,Minor issues,0.18500000000000005
DNR_09458,45,M,O+,Karachi,24.81327561623535,66.96236431182338,1,10,32,App,Minor issues,0.95
DNR_09459,24,M,B+,Lahore,31.471137929415168,74.33070501543109,1,7,88,App,Healthy,0.71
DNR_09460,47,M,B+,Quetta,30.179180914529287,67.03004566631824,0,2,41,App,Healthy,0.695
DNR_09461,18,M,B-,Islamabad,33.62652038039524,73.07834255398323,1,2,69,SMS,Healthy,0.45499999999999996
DNR_09462,38,M,O+,Quetta,30.259675347261364,66.99366781361454,0,2,61,App,Healthy,0.595
DNR_09463,54,F,A+,Quetta,30.232538705514898,67.03419670819544,0,2,87,SMS,Healthy,0.365
DNR_09464,31,F,O+,Islamabad,33.752146407798236,72.97253116000466,1,7,68,App,Healthy,0.8099999999999999
DNR_09465,28,M,A+,Karachi,24.815132198788433,66.94160558732717,1,1,103,App,Healthy,0.33499999999999996
DNR_09466,31,F,A+,Faisalabad,31.392414500872135,73.0146500043091,1,1,99,SMS,Healthy,0.255
DNR_09467,44,M,B+,Lahore,31.47505522847032,74.29990478143785,1,4,101,App,Healthy,0.495
DNR_09468,31,F,O+,Quetta,30.206122675495525,67.01429545929427,0,4,113,App,Healthy,0.43500000000000005
DNR_09469,35,M,B+,Faisalabad,31.384993373739448,73.00816093300338,1,0,264,SMS,Healthy,0.05
DNR_09470,36,M,AB+,Karachi,24.870830476491538,67.03849634327159,1,4,87,App,Healthy,0.565
DNR_09471,36,M,O+,Faisalabad,31.47307115677775,73.07078189053045,1,0,284,App,Healthy,0.05
DNR_09472,30,F,O+,Islamabad,33.73352932739424,72.98017303226469,1,4,72,SMS,Healthy,0.54
DNR_09473,33,M,O+,Multan,30.231847377569636,71.4514256230051,0,2,27,Phone,Minor issues,0.565
DNR_09474,22,F,O+,Lahore,31.60371043128084,74.41989883680445,1,0,396,Phone,Minor issues,0.05
DNR_09475,23,M,B+,Quetta,30.16415824024651,66.98436108464936,0,6,87,App,Healthy,0.665
DNR_09476,34,M,B+,Faisalabad,31.41916647052643,73.11455994067789,1,4,8,Phone,Minor issues,0.76
DNR_09477,29,M,B+,Multan,30.23472452601697,71.45769848572165,0,13,74,Phone,Healthy,0.95
DNR_09478,46,M,B+,Islamabad,33.70837694873726,73.02449987680691,1,9,27,App,Minor issues,0.95
DNR_09479,18,M,B-,Lahore,31.473824634677488,74.31079294793723,1,3,99,SMS,Minor issues,0.255
DNR_09480,28,F,B+,Quetta,30.122332215577583,67.03178831204345,0,5,17,App,Healthy,0.95
DNR_09481,18,M,B+,Islamabad,33.739272575100024,73.11458993309095,1,2,31,App,Unhealthy,0.6449999999999999
DNR_09482,29,M,O+,Faisalabad,31.362820359085195,73.13691446787647,1,2,110,SMS,Minor issues,0.14999999999999994
DNR_09483,27,M,B+,Karachi,24.849345390199865,66.9996088685061,1,9,27,App,Healthy,0.95
DNR_09484,18,M,B+,Islamabad,33.62107097132464,72.98905236771368,1,3,107,Phone,Minor issues,0.21499999999999997
DNR_09485,34,F,A+,Peshawar,34.004340316946234,71.59674717817948,0,1,118,Phone,Healthy,0.16000000000000003
DNR_09486,24,M,O+,Peshawar,34.07346582128632,71.59971376510961,0,5,64,App,Healthy,0.73
DNR_09487,42,M,O+,Karachi,24.87165715825385,66.98964358049616,1,5,107,SMS,Healthy,0.4149999999999999
DNR_09488,30,M,A-,Lahore,31.492213069182913,74.26512985533648,1,4,27,App,Healthy,0.865
DNR_09489,33,F,A-,Faisalabad,31.412480274854197,73.1145706770056,1,1,34,App,Healthy,0.6799999999999999
DNR_09490,29,M,B+,Lahore,31.551022458715025,74.3218211912488,1,3,26,App,Healthy,0.82
DNR_09491,20,M,AB+,Lahore,31.482691693377387,74.30596803070586,1,6,110,App,Healthy,0.5499999999999999
DNR_09492,19,F,B+,Karachi,24.789773217207006,66.94318111343007,1,1,97,App,Minor issues,0.265
DNR_09493,24,F,O+,Islamabad,33.663566702709375,72.9901848223109,1,0,260,App,Healthy,0.05
DNR_09494,34,M,O+,Peshawar,34.0102492705615,71.54447230515267,0,4,36,App,Healthy,0.82
DNR_09495,33,F,O+,Peshawar,34.042134842534026,71.57840056289226,0,1,12,App,Healthy,0.79
DNR_09496,31,F,AB-,Islamabad,33.72563304267587,73.0901438258793,1,2,75,App,Healthy,0.5249999999999999
DNR_09497,48,F,A-,Quetta,30.21123220187659,67.03856638751999,0,2,115,SMS,Minor issues,0.12500000000000003
DNR_09498,41,F,A+,Karachi,24.92601710413114,67.03865781939382,1,6,32,SMS,Healthy,0.84
DNR_09499,23,M,B+,Karachi,24.83951365501172,66.9349898343243,1,1,50,App,Healthy,0.6
DNR_09500,21,F,A+,Quetta,30.227071451999784,66.9049341452842,0,1,35,Phone,Healthy,0.575
DNR_09501,38,M,A+,Lahore,31.577035634424423,74.28392719393176,1,6,66,SMS,Unhealthy,0.5700000000000001
DNR_09502,33,F,B+,Peshawar,34.00576089997918,71.54803100470816,0,4,18,Phone,Healthy,0.8099999999999999
DNR_09503,32,M,A+,Multan,30.23061896469802,71.5254858928895,0,5,115,App,Healthy,0.475
DNR_09504,34,F,O+,Quetta,30.193345883084096,66.92432808722269,0,2,19,SMS,Unhealthy,0.605
DNR_09505,56,F,O+,Islamabad,33.707698287744485,73.09199751436785,1,1,48,App,Healthy,0.61
DNR_09506,33,M,B+,Quetta,30.140684279300338,67.01656781356809,0,7,99,App,Healthy,0.655
DNR_09507,34,M,B+,Islamabad,33.666765760850865,73.01955687840318,1,2,12,SMS,Healthy,0.74
DNR_09508,32,M,B-,Islamabad,33.6987297864177,73.08536135938377,1,0,288,SMS,Unhealthy,0.05
DNR_09509,31,F,B+,Faisalabad,31.380847260799094,73.07257547851091,1,5,41,Phone,Healthy,0.745
DNR_09510,18,F,O+,Peshawar,34.090049505895216,71.55399956656882,0,4,113,SMS,Minor issues,0.23500000000000004
DNR_09511,35,F,A+,Faisalabad,31.46549452333123,73.01034391105546,1,4,80,App,Minor issues,0.5
DNR_09512,31,F,A+,Faisalabad,31.485138377525786,73.14299061353964,1,5,45,App,Healthy,0.825
DNR_09513,35,M,A+,Quetta,30.225238893986635,66.9986852108141,0,0,175,Phone,Minor issues,0.05
DNR_09514,34,M,O+,Karachi,24.813806497335342,67.02971851227271,1,5,112,SMS,Healthy,0.3899999999999999
DNR_09515,51,M,O+,Multan,30.20791426330627,71.47985819089845,0,1,97,SMS,Healthy,0.265
DNR_09516,18,M,B+,Faisalabad,31.338272434940958,73.00793815038548,1,5,111,App,Healthy,0.4949999999999999
DNR_09517,27,M,A+,Faisalabad,31.44375836497958,73.08524764747521,1,3,98,Phone,Healthy,0.36
DNR_09518,23,M,O+,Islamabad,33.729726786334446,73.10749499350588,1,3,103,SMS,Healthy,0.33499999999999996
DNR_09519,34,F,AB+,Peshawar,33.98792005720026,71.65327214009247,0,5,28,Phone,Healthy,0.8099999999999999
DNR_09520,18,M,AB-,Lahore,31.493060453696316,74.40374263897135,1,3,92,Phone,Healthy,0.39
DNR_09521,18,F,O-,Quetta,30.155719380506884,66.98578235468854,0,1,35,App,Healthy,0.6749999999999999
DNR_09522,28,M,AB-,Faisalabad,31.421681594798006,73.08294702487254,1,4,107,App,Healthy,0.46499999999999997
DNR_09523,38,M,O-,Islamabad,33.633956790186396,73.07085529797,1,3,31,App,Healthy,0.7949999999999999
DNR_09524,35,F,A-,Lahore,31.499525618517414,74.4111372137181,1,2,84,App,Healthy,0.48
DNR_09525,36,M,A+,Quetta,30.24260729399538,66.91633324425226,0,3,73,App,Healthy,0.585
DNR_09526,49,F,B+,Karachi,24.917226455342547,66.96658099404065,1,3,81,App,Healthy,0.5449999999999999
DNR_09527,39,M,AB-,Peshawar,33.95532348832998,71.55048210372043,0,3,40,App,Healthy,0.75
DNR_09528,42,M,A+,Karachi,24.861510006225963,67.00191864574249,1,5,106,App,Minor issues,0.41999999999999993
DNR_09529,25,F,B+,Islamabad,33.69081369986049,73.11356526708528,1,4,95,App,Healthy,0.525
DNR_09530,26,F,B+,Quetta,30.239798547411894,67.03729816988645,0,4,7,Phone,Healthy,0.8649999999999999
DNR_09531,31,F,B+,Faisalabad,31.36065288538391,73.1319522968759,1,5,16,App,Healthy,0.95
DNR_09532,39,M,B+,Karachi,24.872975894375454,66.96123702950995,1,1,102,SMS,Healthy,0.23999999999999996
DNR_09533,45,M,B+,Karachi,24.83454617147819,67.00530665996746,1,11,95,App,Healthy,0.875
DNR_09534,30,F,O+,Peshawar,34.053329169107634,71.65014027766775,0,4,44,App,Minor issues,0.68
DNR_09535,58,F,O+,Karachi,24.880610958252653,67.02925964368768,1,4,80,App,Healthy,0.6
DNR_09536,33,M,O+,Islamabad,33.68280323619863,73.11708909506055,1,2,85,SMS,Healthy,0.375
DNR_09537,45,M,B+,Peshawar,33.97138826892265,71.58296347517668,0,2,57,App,Healthy,0.615
DNR_09538,28,F,B+,Faisalabad,31.48431119692766,73.11883572023136,1,1,9,SMS,Unhealthy,0.605
DNR_09539,18,M,O+,Karachi,24.827480577569712,67.00538475113572,1,4,20,App,Healthy,0.8999999999999999
DNR_09540,40,F,B+,Islamabad,33.625132826965725,73.02160329717985,1,1,47,Phone,Healthy,0.515
DNR_09541,22,F,A+,Karachi,24.931509454144603,66.97254580976794,1,2,60,SMS,Minor issues,0.4
DNR_09542,23,F,O+,Karachi,24.86775505439735,67.0313289245072,1,6,9,SMS,Healthy,0.95
DNR_09543,36,M,O+,Multan,30.18344291946229,71.52016204581628,0,2,19,App,Healthy,0.8049999999999999
DNR_09544,42,M,O+,Lahore,31.61103654688773,74.28178268160609,1,2,50,Phone,Healthy,0.5499999999999999
DNR_09545,19,M,AB-,Faisalabad,31.344354874607447,73.11213132756602,1,3,49,App,Healthy,0.705
DNR_09546,29,M,B+,Islamabad,33.76084991310998,73.00371518764462,1,0,284,SMS,Healthy,0.05
DNR_09547,27,M,O+,Peshawar,33.9725507715241,71.5632476872652,0,2,18,SMS,Healthy,0.71
DNR_09548,28,F,A+,Karachi,24.92652146920756,66.92212670363587,1,1,23,Phone,Healthy,0.635
DNR_09549,19,F,O+,Peshawar,34.09128864282466,71.51091731540488,0,4,80,App,Unhealthy,0.5
DNR_09550,36,F,B+,Multan,30.1801641520134,71.50016241907119,0,4,26,SMS,Healthy,0.7699999999999999
DNR_09551,33,F,O+,Peshawar,33.96113788433663,71.56552179437642,0,1,15,App,Minor issues,0.675
DNR_09552,24,F,A+,Quetta,30.187525994262113,66.95724908440106,0,4,14,App,Minor issues,0.83
DNR_09553,26,M,B-,Quetta,30.2550300962753,66.9679197151047,0,5,99,SMS,Healthy,0.45499999999999996
DNR_09554,18,F,O+,Quetta,30.198952288582813,66.97038931420393,0,2,37,App,Healthy,0.715
DNR_09555,28,M,AB-,Peshawar,34.07767136526046,71.51091375089803,0,3,59,SMS,Healthy,0.555
DNR_09556,36,F,B+,Islamabad,33.623433647205566,73.11741083035635,1,0,309,App,Unhealthy,0.05
DNR_09557,48,F,B+,Lahore,31.55480171752173,74.40746217436069,1,2,83,App,Minor issues,0.385
DNR_09558,46,M,B+,Lahore,31.542067227245003,74.41095168912423,1,3,79,SMS,Healthy,0.45499999999999996
DNR_09559,32,F,A+,Faisalabad,31.444076944177333,73.01815637827569,1,2,29,App,Healthy,0.7549999999999999
DNR_09560,18,M,B+,Karachi,24.83305204025165,66.9446448788859,1,2,50,App,Healthy,0.6499999999999999
DNR_09561,26,M,A+,Lahore,31.57211763474959,74.41661622911285,1,5,63,App,Minor issues,0.6349999999999999
DNR_09562,24,F,A+,Faisalabad,31.431027969219677,73.02013192904752,1,3,116,App,Healthy,0.37
DNR_09563,36,F,B+,Faisalabad,31.3709246032882,73.07856932018379,1,2,65,SMS,Minor issues,0.375
DNR_09564,48,F,O+,Quetta,30.141422383770426,67.01138235998927,0,0,166,SMS,Healthy,0.05
DNR_09565,39,M,A+,Karachi,24.884092597205033,66.9992540722966,1,3,44,App,Minor issues,0.63
DNR_09566,31,F,A+,Karachi,24.81108150642125,67.05329798578902,1,4,93,SMS,Healthy,0.43499999999999994
DNR_09567,34,F,O-,Karachi,24.81029849915376,67.04178193635221,1,3,11,SMS,Healthy,0.7949999999999999
DNR_09568,18,M,O+,Multan,30.222312014128583,71.58231412659893,0,5,114,App,Healthy,0.48
DNR_09569,25,F,B+,Karachi,24.910014971307266,66.92994926457469,1,4,12,Phone,Minor issues,0.74
DNR_09570,38,M,B+,Quetta,30.116016392718226,67.02725245915761,0,4,100,Phone,Healthy,0.4
DNR_09571,37,F,B+,Lahore,31.51075190651123,74.36944479945414,1,0,183,App,Minor issues,0.05
DNR_09572,18,F,O+,Multan,30.157397605796916,71.46246818762513,0,3,49,App,Healthy,0.705
DNR_09573,18,M,A+,Multan,30.14392446561227,71.54913044256186,0,1,8,App,Healthy,0.8099999999999999
DNR_09574,19,M,A+,Quetta,30.140518643524796,66.914310476075,0,1,66,App,Healthy,0.5199999999999999
DNR_09575,32,M,O+,Multan,30.09068708647117,71.44855144297749,0,2,75,App,Healthy,0.5249999999999999
DNR_09576,34,F,O+,Islamabad,33.72401588858729,73.0302565005759,1,5,92,Phone,Unhealthy,0.38999999999999996
DNR_09577,44,M,O+,Peshawar,34.02663141400184,71.62154306109467,0,4,15,App,Healthy,0.925
DNR_09578,31,F,A+,Islamabad,33.69983108023078,73.09818641630119,1,0,241,App,Healthy,0.05
DNR_09579,18,M,A+,Karachi,24.862553795848473,66.99645290194516,1,6,95,SMS,Healthy,0.525
DNR_09580,38,F,A+,Faisalabad,31.365121916714774,73.1167843164441,1,4,95,Phone,Healthy,0.42500000000000004
DNR_09581,27,M,B+,Quetta,30.188001699934336,67.02616670295073,0,1,76,App,Healthy,0.47
DNR_09582,19,M,O+,Lahore,31.549100049519552,74.28308296569841,1,1,71,App,Minor issues,0.395
DNR_09583,29,F,O+,Peshawar,33.95432058378863,71.56036314645023,0,1,119,Phone,Healthy,0.15500000000000003
DNR_09584,40,F,B+,Lahore,31.50965357020022,74.26383268923178,1,2,74,App,Healthy,0.5299999999999999
DNR_09585,32,F,B+,Lahore,31.484373845618233,74.35252023864123,1,1,12,App,Healthy,0.79
DNR_09586,18,F,O+,Faisalabad,31.497792261339846,73.14103537696064,1,1,63,SMS,Healthy,0.43499999999999994
DNR_09587,24,M,O+,Karachi,24.882903224902783,66.98911837168906,1,1,70,App,Healthy,0.5
DNR_09588,18,M,A+,Lahore,31.532080881871728,74.30639564492742,1,2,95,SMS,Minor issues,0.225
DNR_09589,18,M,A+,Quetta,30.145268878235076,67.02019804143235,0,7,52,App,Healthy,0.8899999999999999
DNR_09590,39,M,A+,Multan,30.211762066249765,71.53190804023194,0,4,65,SMS,Healthy,0.575
DNR_09591,43,M,B+,Peshawar,34.09284578548415,71.57851714549467,0,0,157,SMS,Healthy,0.05
DNR_09592,32,M,O+,Islamabad,33.714891072388056,73.00833467311345,1,2,29,App,Healthy,0.7549999999999999
DNR_09593,52,M,A+,Faisalabad,31.355092796337587,73.0845653643846,1,3,87,App,Healthy,0.515
DNR_09594,37,M,O+,Peshawar,34.02882932736461,71.53199392211833,0,1,39,SMS,Healthy,0.5549999999999999
DNR_09595,25,F,A+,Quetta,30.195654926287794,66.96390844363864,0,3,42,App,Healthy,0.74
DNR_09596,38,M,O+,Lahore,31.6153985012857,74.28684807771478,1,4,9,App,Healthy,0.95
DNR_09597,31,M,O+,Karachi,24.911905601232657,67.0771621398028,1,5,36,App,Healthy,0.8699999999999999
DNR_09598,34,M,O+,Multan,30.093260556867456,71.55050311456014,0,2,105,App,Minor issues,0.27499999999999997
DNR_09599,33,M,AB-,Peshawar,34.047818294046564,71.62325987443397,0,2,15,Phone,Healthy,0.725
DNR_09600,28,F,O+,Karachi,24.871734079129187,67.04551916725194,1,3,68,App,Minor issues,0.51
DNR_09601,30,F,O+,Peshawar,34.0381013832868,71.58596369224833,0,1,106,SMS,Healthy,0.21999999999999997
DNR_09602,36,M,O+,Faisalabad,31.341267422808528,73.14809088953339,1,2,31,App,Healthy,0.7449999999999999
DNR_09603,36,F,B+,Quetta,30.198789009819983,67.04778798431992,0,4,111,SMS,Healthy,0.345
DNR_09604,32,F,B+,Multan,30.187066623628077,71.57543831886609,0,3,85,App,Healthy,0.525
DNR_09605,38,M,O+,Islamabad,33.75222099503502,73.11021736500929,1,7,58,SMS,Healthy,0.76
DNR_09606,32,M,A+,Quetta,30.236789493808455,66.95488244828655,0,0,160,SMS,Minor issues,0.05
DNR_09607,23,M,A+,Faisalabad,31.478804489906928,73.11434734177725,1,9,14,App,Minor issues,0.95
DNR_09608,37,F,B+,Peshawar,34.030333913626905,71.58914412257225,0,3,15,SMS,Healthy,0.775
DNR_09609,27,M,O+,Multan,30.164662366123483,71.44998830559533,0,1,97,SMS,Healthy,0.265
DNR_09610,36,M,B+,Quetta,30.225414584173677,66.93801760664469,0,1,21,SMS,Healthy,0.645
DNR_09611,53,F,O+,Karachi,24.881764734461413,67.07583322464899,1,3,63,Phone,Healthy,0.535
DNR_09612,37,M,A+,Multan,30.220743738872656,71.50891944539383,0,10,10,App,Healthy,0.95
DNR_09613,18,M,O-,Quetta,30.14436519300252,67.04399753571957,0,4,89,App,Unhealthy,0.45499999999999996
DNR_09614,34,F,B+,Faisalabad,31.396346875922106,73.07166145723436,1,3,29,Phone,Healthy,0.705
DNR_09615,19,M,O+,Lahore,31.539300060792108,74.31916432804377,1,4,64,Phone,Healthy,0.58
DNR_09616,41,F,O+,Multan,30.148543289193817,71.58735432813715,0,2,54,App,Healthy,0.6299999999999999
DNR_09617,18,M,O+,Faisalabad,31.47722094149318,73.0662005771634,1,4,22,Phone,Healthy,0.7899999999999999
DNR_09618,26,M,O+,Lahore,31.4729652419593,74.39131288719108,1,3,73,App,Healthy,0.585
DNR_09619,32,M,A+,Peshawar,34.07681732495043,71.57240131408928,0,11,106,App,Healthy,0.82
DNR_09620,46,M,A+,Islamabad,33.660717778371826,73.07244982854515,1,2,17,SMS,Healthy,0.715
DNR_09621,35,M,O+,Peshawar,34.0929659940356,71.54000498901401,0,4,36,App,Healthy,0.82
DNR_09622,23,M,B+,Karachi,24.84414478750386,66.99898596454274,1,1,48,SMS,Healthy,0.51
DNR_09623,39,F,A+,Karachi,24.874761628353255,66.95993809988923,1,4,85,SMS,Healthy,0.475
DNR_09624,43,M,A+,Faisalabad,31.37967387985104,73.04343159068519,1,4,8,Phone,Healthy,0.86
DNR_09625,34,M,A+,Multan,30.166889292341263,71.45376557198641,0,1,75,SMS,Healthy,0.375
DNR_09626,34,M,B+,Faisalabad,31.478455052292137,73.07332701928982,1,3,30,App,Healthy,0.7999999999999999
DNR_09627,44,M,AB+,Peshawar,34.03929678495093,71.53556664887647,0,11,75,App,Healthy,0.95
DNR_09628,36,M,O+,Karachi,24.879162129133107,67.07532132151177,1,2,86,SMS,Healthy,0.37
DNR_09629,29,M,O+,Islamabad,33.74184459360624,73.0844164489347,1,1,82,App,Healthy,0.43999999999999995
DNR_09630,18,F,A+,Multan,30.175979878358852,71.48241989035971,0,0,212,Phone,Healthy,0.05
DNR_09631,44,F,O+,Multan,30.11426143565949,71.56416057520433,0,0,283,App,Healthy,0.05
DNR_09632,52,M,A+,Peshawar,34.0644145793746,71.64995594612472,0,3,69,App,Healthy,0.605
DNR_09633,56,M,O+,Multan,30.160294974489513,71.44682922869143,0,6,107,SMS,Healthy,0.46499999999999997
DNR_09634,30,F,O+,Islamabad,33.66893885114313,72.98923577209193,1,1,79,App,Healthy,0.45499999999999996
DNR_09635,41,F,O+,Lahore,31.53233661777143,74.33771349897164,1,8,106,App,Healthy,0.6699999999999999
DNR_09636,30,M,B+,Karachi,24.92677754185932,66.92827644449295,1,4,58,App,Healthy,0.71
DNR_09637,35,M,A+,Peshawar,33.98164373386333,71.60120942076458,0,4,46,App,Healthy,0.77
DNR_09638,50,M,O+,Multan,30.173888223853442,71.58616623301451,0,1,100,SMS,Healthy,0.24999999999999997
DNR_09639,26,M,A-,Faisalabad,31.339412958144205,73.15752047268592,1,1,60,App,Healthy,0.5499999999999999
DNR_09640,24,M,O+,Islamabad,33.62009483844919,73.04680255998944,1,4,28,SMS,Healthy,0.7599999999999999
DNR_09641,52,M,O+,Islamabad,33.71230616088844,73.00253780534231,1,1,104,App,Minor issues,0.22999999999999995
DNR_09642,48,M,O+,Lahore,31.5061905189887,74.33114527350202,1,5,61,App,Healthy,0.7449999999999999
DNR_09643,35,F,O+,Islamabad,33.615894415997715,73.05811681429059,1,1,117,App,Healthy,0.265
DNR_09644,43,M,O+,Karachi,24.861795810542294,66.98935053288487,1,1,101,App,Minor issues,0.24499999999999997
DNR_09645,53,M,A+,Peshawar,34.07590337571175,71.5028199613282,0,2,12,App,Minor issues,0.74
DNR_09646,40,F,O+,Faisalabad,31.41734801120695,73.12204391900629,1,1,67,SMS,Unhealthy,0.31499999999999995
DNR_09647,30,M,B+,Islamabad,33.706300519437654,73.02395448329182,1,3,70,SMS,Unhealthy,0.4
DNR_09648,18,F,A+,Peshawar,33.94684570029484,71.50670411869497,0,3,104,Phone,Unhealthy,0.22999999999999998
DNR_09649,31,F,O+,Faisalabad,31.385024382945176,73.13376906224,1,7,104,App,Healthy,0.63
DNR_09650,18,M,O-,Karachi,24.788731489218616,67.03712518513464,1,3,50,SMS,Healthy,0.6
DNR_09651,33,M,A+,Lahore,31.481143934284315,74.29950107153626,1,7,11,App,Healthy,0.95
DNR_09652,33,F,A+,Multan,30.12557669860494,71.55114512057197,0,4,23,App,Healthy,0.885
DNR_09653,24,M,O+,Lahore,31.58608512083749,74.35852903419142,1,3,93,SMS,Healthy,0.385
DNR_09654,24,M,AB+,Multan,30.09324828543345,71.47466169332532,0,5,85,SMS,Healthy,0.525
DNR_09655,24,M,O+,Faisalabad,31.360301318539094,73.06527628240535,1,1,106,Phone,Healthy,0.21999999999999997
DNR_09656,34,F,A-,Karachi,24.841549909260348,66.93122338899713,1,3,98,Phone,Healthy,0.36
DNR_09657,34,F,B+,Lahore,31.5484516075455,74.2787584935536,1,4,68,App,Healthy,0.6599999999999999
DNR_09658,21,F,O+,Multan,30.12774508530336,71.59525187201895,0,4,74,Phone,Healthy,0.53
DNR_09659,33,M,B+,Lahore,31.582429146331062,74.29561646313769,1,2,8,App,Healthy,0.8599999999999999
DNR_09660,38,F,A+,Islamabad,33.619064885175156,73.12178874681214,1,1,82,App,Minor issues,0.33999999999999997
DNR_09661,21,M,O+,Quetta,30.18757862942561,66.93029387483928,0,2,108,SMS,Healthy,0.25999999999999995
DNR_09662,45,F,O+,Quetta,30.117433199707257,67.00357926066671,0,3,103,SMS,Healthy,0.33499999999999996
DNR_09663,30,M,B+,Karachi,24.81857067891324,66.94981971685195,1,3,65,App,Minor issues,0.525
DNR_09664,48,F,O+,Quetta,30.15531765877203,66.921032513605,0,6,114,SMS,Healthy,0.43000000000000005
DNR_09665,46,M,O+,Faisalabad,31.36169813667017,73.04366403668513,1,8,89,App,Healthy,0.7549999999999999
DNR_09666,39,F,O+,Lahore,31.51708004386553,74.42066820168043,1,1,63,SMS,Unhealthy,0.33499999999999996
DNR_09667,22,M,O+,Quetta,30.103002645254872,66.99346263556127,0,5,38,App,Healthy,0.8599999999999999
DNR_09668,44,M,O+,Karachi,24.89098925603641,67.02985391581474,1,1,53,SMS,Minor issues,0.38499999999999995
DNR_09669,28,F,O+,Karachi,24.84200923939462,66.96871792215912,1,1,88,Phone,Healthy,0.30999999999999994
DNR_09670,26,F,O+,Karachi,24.898899924090475,67.06933410527068,1,2,111,App,Healthy,0.345
DNR_09671,46,M,B+,Multan,30.17835399908892,71.52377078894862,0,7,55,App,Healthy,0.875
DNR_09672,41,M,A-,Peshawar,34.01834381072582,71.59565743872164,0,3,28,SMS,Healthy,0.71
DNR_09673,23,M,B+,Peshawar,33.9628867704514,71.54085998525576,0,2,93,App,Healthy,0.43499999999999994
DNR_09674,30,M,O+,Quetta,30.171379876365897,66.9047585822288,0,3,110,SMS,Healthy,0.29999999999999993
DNR_09675,37,M,B+,Quetta,30.111986466450706,66.9619115148599,0,0,366,App,Healthy,0.05
DNR_09676,24,M,A+,Faisalabad,31.3686045978396,73.06764394115334,1,10,20,SMS,Healthy,0.95
DNR_09677,18,F,A+,Peshawar,33.95351877829503,71.5046508341061,0,1,104,SMS,Healthy,0.22999999999999995
DNR_09678,30,M,O+,Faisalabad,31.450325875277137,73.07279800177727,1,3,95,SMS,Minor issues,0.275
DNR_09679,29,M,O+,Quetta,30.14728718723546,67.04736310278037,0,4,76,App,Healthy,0.62
DNR_09680,18,F,B+,Peshawar,33.96654739237145,71.57899089284247,0,2,69,SMS,Minor issues,0.355
DNR_09681,18,M,A+,Lahore,31.55854809230323,74.26632736849783,1,1,105,App,Minor issues,0.22499999999999998
DNR_09682,28,F,B+,Peshawar,34.04881953869462,71.56768082327457,0,2,92,SMS,Healthy,0.33999999999999997
DNR_09683,22,M,A+,Quetta,30.122013294706285,66.91095400973111,0,0,209,Phone,Healthy,0.05
DNR_09684,34,F,O+,Islamabad,33.7454061975866,73.04569015948853,1,4,88,Phone,Unhealthy,0.36
DNR_09685,38,F,O+,Islamabad,33.61967934353702,73.09054652285774,1,5,36,App,Healthy,0.8699999999999999
DNR_09686,22,M,O-,Faisalabad,31.491284505993594,73.1283144363495,1,3,68,SMS,Healthy,0.51
DNR_09687,46,M,O+,Faisalabad,31.483629215651113,73.11025396729701,1,0,285,App,Healthy,0.05
DNR_09688,27,M,O+,Peshawar,34.010432009267795,71.63443817457454,0,1,85,SMS,Unhealthy,0.22499999999999998
DNR_09689,31,F,O+,Peshawar,34.05852105617837,71.53022239004835,0,1,64,App,Healthy,0.5299999999999999
DNR_09690,26,F,O+,Lahore,31.57822285950738,74.33605125161725,1,4,72,App,Healthy,0.64
DNR_09691,30,F,A+,Lahore,31.49177955780661,74.34384422165601,1,5,48,SMS,Healthy,0.71
DNR_09692,28,M,A+,Faisalabad,31.44601359264517,73.06851235426704,1,1,87,App,Healthy,0.4149999999999999
DNR_09693,36,M,B+,Karachi,24.78557948984474,67.0549685733369,1,2,29,App,Minor issues,0.6549999999999999
DNR_09694,41,M,A-,Faisalabad,31.41730805143587,73.10901787391037,1,1,22,SMS,Healthy,0.64
DNR_09695,26,M,O+,Lahore,31.576034260272802,74.34109630149666,1,2,69,App,Healthy,0.5549999999999999
DNR_09696,25,M,B+,Islamabad,33.7184064179768,73.10758934399439,1,0,187,App,Healthy,0.05
DNR_09697,30,F,O+,Lahore,31.472789499251114,74.37931182163585,1,4,70,SMS,Healthy,0.55
DNR_09698,35,F,O+,Peshawar,33.982160639709356,71.63376005838775,0,5,101,App,Unhealthy,0.44499999999999995
DNR_09699,47,F,B+,Karachi,24.850429928496638,67.06236557837585,1,2,65,SMS,Healthy,0.475
DNR_09700,36,M,O+,Karachi,24.926202070754226,66.96900554084672,1,6,57,SMS,Healthy,0.715
DNR_09701,38,M,O+,Quetta,30.17912965977227,66.89656239615572,0,2,69,SMS,Healthy,0.45499999999999996
DNR_09702,33,M,AB+,Lahore,31.59339614381806,74.35343910009648,1,0,338,App,Minor issues,0.05
DNR_09703,38,M,O+,Quetta,30.175238272538124,66.9029112341928,0,2,75,Phone,Healthy,0.42499999999999993
DNR_09704,36,F,A+,Multan,30.229679607983392,71.5505434117648,0,1,90,SMS,Healthy,0.29999999999999993
DNR_09705,31,F,A+,Peshawar,34.048908460530484,71.57257466849731,0,3,119,App,Healthy,0.355
DNR_09706,32,M,B+,Quetta,30.111331826973924,66.89980653056547,0,10,81,App,Healthy,0.8949999999999999
DNR_09707,28,M,O+,Islamabad,33.66437984618864,73.04548210391238,1,5,66,Phone,Healthy,0.62
DNR_09708,29,M,B+,Faisalabad,31.42684385953645,73.11034183046448,1,6,96,App,Healthy,0.62
DNR_09709,36,M,B+,Islamabad,33.74984532301698,73.09528024811232,1,2,65,App,Healthy,0.575
DNR_09710,45,F,A+,Lahore,31.507253638089242,74.34096084610037,1,2,50,App,Healthy,0.6499999999999999
DNR_09711,37,M,O+,Multan,30.10164953342274,71.59297551359832,0,1,59,App,Healthy,0.5549999999999999
DNR_09712,49,F,A+,Quetta,30.230738037526915,66.99153628497426,0,4,92,App,Minor issues,0.43999999999999995
DNR_09713,37,M,B+,Islamabad,33.63211213287254,73.08042471643772,1,7,39,SMS,Minor issues,0.755
DNR_09714,32,M,B+,Lahore,31.61819455045453,74.29779640848754,1,2,106,App,Healthy,0.37
DNR_09715,33,M,A+,Quetta,30.132415875874276,66.9417322368449,0,3,116,App,Healthy,0.37
DNR_09716,20,M,A+,Faisalabad,31.45879039545941,73.09267865783582,1,0,201,SMS,Healthy,0.05
DNR_09717,27,M,O+,Islamabad,33.6054242143287,72.98574008611085,1,1,58,App,Healthy,0.5599999999999999
DNR_09718,24,M,B+,Islamabad,33.750049130975945,73.06567237580998,1,4,69,App,Minor issues,0.555
DNR_09719,35,M,A+,Multan,30.10455250328929,71.50721560824937,0,5,72,App,Minor issues,0.59
DNR_09720,37,M,A+,Quetta,30.10357503012363,66.97362196945505,0,14,86,App,Healthy,0.95
DNR_09721,26,M,A+,Multan,30.081229909019616,71.46162538454297,0,1,118,Phone,Minor issues,0.06000000000000001
DNR_09722,29,M,B+,Islamabad,33.65293693065205,72.989366548602,1,0,232,SMS,Healthy,0.05
DNR_09723,32,M,O+,Quetta,30.10718000053368,66.89703332533333,0,7,93,SMS,Minor issues,0.485
DNR_09724,20,M,B+,Quetta,30.220746240967685,66.95084863486551,0,5,105,SMS,Unhealthy,0.32499999999999996
DNR_09725,44,M,O+,Lahore,31.54386690819014,74.40073782482365,1,3,20,SMS,Healthy,0.75
DNR_09726,23,F,B+,Lahore,31.56072037833309,74.32886157697816,1,2,39,App,Healthy,0.705
DNR_09727,39,M,B+,Quetta,30.100636429404485,66.93675220007749,0,7,93,App,Unhealthy,0.585
DNR_09728,22,M,A+,Quetta,30.202490925561865,67.02073931128095,0,0,348,App,Minor issues,0.05
DNR_09729,28,M,A+,Faisalabad,31.485852841189622,73.09482417755918,1,4,95,App,Minor issues,0.42500000000000004
DNR_09730,45,M,O+,Peshawar,33.948896183189085,71.60614568921697,0,5,76,Phone,Minor issues,0.47
DNR_09731,39,M,O-,Peshawar,34.023822373300135,71.60133578489967,0,2,96,Phone,Healthy,0.32
DNR_09732,33,M,O+,Peshawar,34.004353951789525,71.57563355722341,0,4,110,App,Healthy,0.44999999999999996
DNR_09733,44,M,AB-,Lahore,31.478305131090842,74.36364643195758,1,2,43,SMS,Minor issues,0.485
DNR_09734,60,M,B+,Multan,30.139146808626354,71.58027213406093,0,3,63,Phone,Healthy,0.535
DNR_09735,34,F,O+,Karachi,24.78614744037745,67.03137847390137,1,3,45,App,Healthy,0.725
DNR_09736,41,M,B+,Faisalabad,31.366260852117303,73.13391461870786,1,0,230,App,Minor issues,0.05
DNR_09737,18,M,A+,Karachi,24.81751891664861,66.98794419339241,1,2,101,App,Minor issues,0.295
DNR_09738,27,M,A+,Quetta,30.248192006130317,66.9692726116367,0,0,388,SMS,Unhealthy,0.05
DNR_09739,26,M,O+,Peshawar,34.04176622600675,71.57693266054181,0,2,13,SMS,Healthy,0.7349999999999999
DNR_09740,43,M,AB+,Karachi,24.79064055790481,67.05673264744424,1,2,108,SMS,Healthy,0.25999999999999995
DNR_09741,40,M,O+,Multan,30.154595735696372,71.5054084916371,0,0,379,App,Healthy,0.05
DNR_09742,34,F,A+,Quetta,30.15633485560611,66.93395540656672,0,5,51,SMS,Healthy,0.695
DNR_09743,52,M,O+,Karachi,24.881381674274383,66.96936114229909,1,1,53,App,Healthy,0.585
DNR_09744,20,M,AB+,Karachi,24.883934439334244,66.96054359092214,1,3,54,App,Healthy,0.6799999999999999
DNR_09745,38,M,O+,Islamabad,33.68133476532794,73.08986036025209,1,2,72,Phone,Healthy,0.43999999999999995
DNR_09746,35,M,A+,Peshawar,34.05557584183178,71.50963793517857,0,1,58,SMS,Healthy,0.45999999999999996
DNR_09747,22,M,A+,Islamabad,33.62911712827793,73.1205933343627,1,2,9,App,Healthy,0.8549999999999999
DNR_09748,34,M,B-,Islamabad,33.68417470978519,73.08280848667181,1,1,23,App,Healthy,0.735
DNR_09749,40,M,B+,Multan,30.23246902239221,71.60396806484792,0,3,53,SMS,Healthy,0.585
DNR_09750,21,F,B+,Peshawar,33.95095937958664,71.65957406196597,0,4,109,App,Healthy,0.45499999999999996
DNR_09751,25,M,O+,Quetta,30.18458353166586,66.90358367813029,0,7,70,App,Healthy,0.8
DNR_09752,24,M,B+,Multan,30.149330613582954,71.53394634001482,0,5,106,SMS,Minor issues,0.31999999999999995
DNR_09753,39,M,A+,Quetta,30.165055069962396,67.02081658787466,0,5,25,Phone,Healthy,0.825
DNR_09754,18,F,A+,Karachi,24.91973340285357,66.97098996125591,1,3,58,SMS,Healthy,0.56
DNR_09755,44,M,A+,Islamabad,33.60903688817344,73.0254534886069,1,4,23,App,Healthy,0.885
DNR_09756,34,M,O+,Multan,30.109141951288354,71.49651072073087,0,3,103,SMS,Minor issues,0.235
DNR_09757,35,M,B+,Islamabad,33.63474100452329,73.02792678647761,1,2,67,App,Healthy,0.565
DNR_09758,18,F,O+,Islamabad,33.69319273700915,73.00545993497272,1,2,57,App,Minor issues,0.515
DNR_09759,32,M,B+,Lahore,31.59248356976427,74.36684727578867,1,1,76,App,Healthy,0.47
DNR_09760,40,M,B+,Faisalabad,31.41068913233507,73.03147228091377,1,1,25,SMS,Minor issues,0.525
DNR_09761,49,F,A+,Peshawar,34.06429982785295,71.61740349929673,0,2,71,App,Healthy,0.5449999999999999
DNR_09762,40,M,A+,Peshawar,33.99081974523431,71.51945247213517,0,6,41,SMS,Healthy,0.795
DNR_09763,42,M,B-,Peshawar,33.995577780900994,71.54353152680324,0,1,35,App,Unhealthy,0.575
DNR_09764,25,F,AB+,Karachi,24.88467210728265,67.0020060720021,1,3,8,App,Minor issues,0.8099999999999999
DNR_09765,35,F,O+,Multan,30.097286810566118,71.44566858300801,0,1,63,SMS,Minor issues,0.33499999999999996
DNR_09766,38,M,B-,Peshawar,34.092514498618954,71.60224230989995,0,4,89,App,Healthy,0.5549999999999999
DNR_09767,34,F,B+,Multan,30.13772407157016,71.47258895593443,0,2,56,SMS,Healthy,0.5199999999999999
DNR_09768,35,F,O+,Multan,30.140931642021236,71.57714966289548,0,2,119,Phone,Healthy,0.20500000000000002
DNR_09769,29,M,A+,Karachi,24.781412939417365,67.02009522075714,1,4,73,App,Healthy,0.635
DNR_09770,32,F,B+,Multan,30.232980408785828,71.45996509735376,0,5,22,SMS,Minor issues,0.74
DNR_09771,47,F,B+,Karachi,24.850657837704436,66.93071354945555,1,5,45,SMS,Healthy,0.725
DNR_09772,24,M,B+,Lahore,31.587356597130366,74.33259988709719,1,5,53,SMS,Healthy,0.6849999999999999
DNR_09773,31,F,O+,Multan,30.22982771749863,71.45253416180844,0,6,45,App,Healthy,0.875
DNR_09774,32,F,A-,Lahore,31.496922901609643,74.39875033093942,1,1,9,App,Healthy,0.8049999999999999
DNR_09775,36,M,B+,Lahore,31.48045911699356,74.31085854357352,1,2,58,App,Healthy,0.61
DNR_09776,38,F,O+,Peshawar,34.025990725908535,71.6061348996761,0,6,31,Phone,Unhealthy,0.745
DNR_09777,44,M,AB+,Peshawar,33.974105618381756,71.54700189451759,0,3,64,SMS,Healthy,0.53
DNR_09778,42,M,O+,Lahore,31.491953624508117,74.2879594569939,1,0,248,SMS,Minor issues,0.05
DNR_09779,33,F,A-,Quetta,30.23875633798375,66.96674824151661,0,2,60,SMS,Healthy,0.5
DNR_09780,23,M,B+,Lahore,31.56956056337849,74.2915034723617,1,2,26,App,Minor issues,0.6699999999999999
DNR_09781,36,M,AB+,Lahore,31.478520448675578,74.38759498203682,1,5,102,SMS,Healthy,0.43999999999999995
DNR_09782,30,F,A+,Quetta,30.241565783762866,67.00466342591702,0,0,155,SMS,Unhealthy,0.05
DNR_09783,38,M,O+,Multan,30.13982986344403,71.47050368088988,0,4,12,App,Minor issues,0.84
DNR_09784,41,M,O+,Karachi,24.940310330619376,66.96584948008982,1,5,16,SMS,Healthy,0.87
DNR_09785,38,F,B+,Quetta,30.2249675506611,67.03557977358888,0,2,77,App,Healthy,0.5149999999999999
DNR_09786,36,M,A+,Multan,30.10165543597705,71.44826885566825,0,2,103,App,Healthy,0.385
DNR_09787,38,F,A-,Multan,30.18660816402405,71.48012403174694,0,0,169,App,Healthy,0.05
DNR_09788,45,F,A+,Karachi,24.797436755656985,66.97054734088054,1,3,104,SMS,Minor issues,0.22999999999999998
DNR_09789,18,M,O+,Lahore,31.577851399910898,74.29989608538337,1,0,304,App,Healthy,0.05
DNR_09790,27,M,O+,Lahore,31.58045005666447,74.39371030753156,1,3,78,SMS,Minor issues,0.36
DNR_09791,33,M,O+,Peshawar,34.019450386846756,71.58134691799681,0,4,110,App,Healthy,0.44999999999999996
DNR_09792,22,F,B+,Lahore,31.565819532428737,74.3928625010757,1,3,33,SMS,Healthy,0.6849999999999999
DNR_09793,40,M,AB+,Faisalabad,31.484124813485494,73.12411313397328,1,3,80,App,Healthy,0.5499999999999999
DNR_09794,33,M,A+,Lahore,31.476012309958534,74.36406415662672,1,4,98,App,Healthy,0.51
DNR_09795,35,M,B+,Karachi,24.915350961531463,66.99661065461481,1,0,187,App,Minor issues,0.05
DNR_09796,25,F,B+,Lahore,31.539154175876902,74.35103514528105,1,4,79,App,Healthy,0.605
DNR_09797,41,F,B+,Quetta,30.257882391787106,66.92675272530086,0,1,52,SMS,Healthy,0.49
DNR_09798,29,M,B+,Multan,30.148647742519557,71.57692716079791,0,2,41,App,Healthy,0.695
DNR_09799,31,M,AB+,Peshawar,34.056135351074204,71.59866000781007,0,10,75,Phone,Healthy,0.825
DNR_09800,45,F,O+,Peshawar,34.071800492742724,71.53241062178688,0,10,36,SMS,Minor issues,0.9199999999999999
DNR_09801,38,M,AB-,Multan,30.12572738186572,71.55367979235051,0,3,102,App,Unhealthy,0.33999999999999997
DNR_09802,35,F,O+,Quetta,30.1356729456814,66.95234845258219,0,3,42,SMS,Unhealthy,0.54
DNR_09803,25,F,B+,Islamabad,33.63263410346661,73.1120981755989,1,5,14,Phone,Healthy,0.88
DNR_09804,38,F,A+,Peshawar,34.0390102421966,71.64903638415139,0,5,77,Phone,Healthy,0.565
DNR_09805,30,F,B+,Karachi,24.881005374187033,67.0713741260919,1,2,97,SMS,Minor issues,0.215
DNR_09806,34,F,A+,Islamabad,33.748215538363354,73.08286414973993,1,0,177,App,Healthy,0.05
DNR_09807,39,M,O+,Faisalabad,31.365135174745646,73.04253344911568,1,5,77,SMS,Healthy,0.565
DNR_09808,32,M,B+,Quetta,30.120585418567494,66.8965139834419,0,2,55,Phone,Healthy,0.5249999999999999
DNR_09809,30,M,B-,Faisalabad,31.41757437602419,73.02429949821826,1,2,44,App,Healthy,0.6799999999999999
DNR_09810,29,M,O+,Islamabad,33.628267163240984,73.01995495421986,1,2,58,SMS,Unhealthy,0.41000000000000003
DNR_09811,28,M,A+,Peshawar,34.07609929858651,71.62116349781675,0,2,76,SMS,Healthy,0.41999999999999993
DNR_09812,42,M,O+,Peshawar,34.066808201520836,71.56108642531782,0,3,51,SMS,Healthy,0.595
DNR_09813,40,F,O+,Quetta,30.202672070742366,67.00086255139574,0,10,29,App,Healthy,0.95
DNR_09814,45,M,AB-,Peshawar,34.032867874268234,71.51731733333347,0,8,73,App,Minor issues,0.735
DNR_09815,49,F,B+,Quetta,30.156804504363016,66.97805446451996,0,6,78,SMS,Healthy,0.61
DNR_09816,37,M,AB+,Multan,30.093085092678084,71.47571321477001,0,0,325,SMS,Minor issues,0.05
DNR_09817,39,F,A+,Multan,30.08384359361122,71.54941179877132,0,1,54,Phone,Healthy,0.48
DNR_09818,24,F,B+,Multan,30.123881104185227,71.55213922063643,0,2,103,SMS,Healthy,0.285
DNR_09819,18,M,B+,Peshawar,33.98554992584764,71.54233527991431,0,1,98,App,Healthy,0.36
DNR_09820,21,M,O+,Peshawar,34.01569497316903,71.55316501146586,0,5,40,Phone,Minor issues,0.6499999999999999
DNR_09821,31,M,B+,Quetta,30.12401869866788,66.91437785799422,0,1,117,App,Healthy,0.265
DNR_09822,41,F,B+,Multan,30.185236704013267,71.54518868804739,0,1,90,SMS,Healthy,0.29999999999999993
DNR_09823,18,M,O+,Quetta,30.176031383405377,67.0159824715706,0,2,54,Phone,Healthy,0.5299999999999999
DNR_09824,55,M,O-,Peshawar,33.98372466560933,71.55036079740495,0,5,63,Phone,Unhealthy,0.5349999999999999
DNR_09825,18,M,B+,Multan,30.172523675831524,71.50378191094757,0,2,65,SMS,Healthy,0.475
DNR_09826,26,F,A+,Multan,30.202265279305525,71.49202780549066,0,4,80,Phone,Healthy,0.5
DNR_09827,35,F,A+,Islamabad,33.75357715930033,73.02968462743507,1,3,38,SMS,Healthy,0.66
DNR_09828,33,M,O+,Karachi,24.926861283098994,67.00777166934162,1,4,58,SMS,Healthy,0.61
DNR_09829,25,F,O+,Faisalabad,31.447606892498328,73.01666273472271,1,1,76,App,Healthy,0.47
DNR_09830,36,M,B+,Karachi,24.92703426113073,66.98400800670994,1,3,86,App,Healthy,0.52
DNR_09831,31,M,A-,Lahore,31.53061727913916,74.37276256532276,1,2,93,App,Healthy,0.43499999999999994
DNR_09832,49,M,B+,Islamabad,33.61346910257435,73.10213163226226,1,4,113,Phone,Minor issues,0.23500000000000004
DNR_09833,18,M,AB+,Islamabad,33.75973243860477,73.01396015677001,1,11,107,SMS,Minor issues,0.615
DNR_09834,33,M,O+,Faisalabad,31.496863496163236,73.12412943036597,1,3,49,App,Minor issues,0.605
DNR_09835,34,M,O+,Lahore,31.481761491143878,74.3987467602524,1,4,74,Phone,Healthy,0.53
DNR_09836,18,F,B+,Faisalabad,31.41411174960409,73.10641744917608,1,4,113,App,Minor issues,0.3350000000000001
DNR_09837,40,M,O+,Lahore,31.548947792124814,74.37547263673716,1,3,25,App,Healthy,0.825
DNR_09838,28,M,O+,Lahore,31.56266083757711,74.38710307488235,1,7,53,App,Healthy,0.885
DNR_09839,36,M,B+,Peshawar,34.02272902433053,71.51464456904186,0,3,33,App,Unhealthy,0.6849999999999999
DNR_09840,35,M,B+,Islamabad,33.659523903074714,73.05780356074166,1,7,110,App,Healthy,0.6
DNR_09841,23,F,A+,Lahore,31.498762966477805,74.36706019124831,1,3,80,SMS,Healthy,0.44999999999999996
DNR_09842,27,M,B+,Quetta,30.191088166573657,66.95203233461625,0,4,57,App,Healthy,0.715
DNR_09843,21,M,O+,Islamabad,33.67211209180198,73.07275754659446,1,7,118,SMS,Healthy,0.4600000000000001
DNR_09844,26,F,O+,Multan,30.1011075885487,71.49052418201097,0,13,23,App,Healthy,0.95
DNR_09845,25,F,O+,Islamabad,33.73048532488184,72.98952607587738,1,2,41,App,Unhealthy,0.595
DNR_09846,43,M,A+,Quetta,30.223239485921177,66.974921367541,0,7,38,SMS,Healthy,0.86
DNR_09847,27,M,A+,Peshawar,33.967364411017385,71.53610106682477,0,5,118,SMS,Healthy,0.36
DNR_09848,30,F,AB-,Peshawar,33.93982300398676,71.51122685517299,0,3,14,SMS,Healthy,0.78
DNR_09849,28,F,B+,Islamabad,33.696164475925755,73.04124425627674,1,2,12,Phone,Healthy,0.74
DNR_09850,25,F,O+,Islamabad,33.70403667197684,73.12735940100708,1,1,61,Phone,Healthy,0.44499999999999995
DNR_09851,32,M,O+,Karachi,24.853391382710576,67.05195545457474,1,3,26,Phone,Minor issues,0.62
DNR_09852,37,M,B+,Karachi,24.84156922556405,67.0526964103089,1,8,72,SMS,Healthy,0.74
DNR_09853,37,M,B-,Lahore,31.4975882254778,74.42266123931712,1,4,30,Phone,Healthy,0.7499999999999999
DNR_09854,26,M,A+,Lahore,31.542483245063504,74.28267271207581,1,0,328,SMS,Healthy,0.05
DNR_09855,32,M,O+,Multan,30.092261836322475,71.50923025076153,0,3,47,App,Healthy,0.715
DNR_09856,24,M,B-,Peshawar,34.03258561048263,71.55573404436424,0,8,63,SMS,Healthy,0.785
DNR_09857,24,M,B+,Peshawar,33.93672405046731,71.55075128100638,0,3,34,SMS,Healthy,0.6799999999999999
DNR_09858,26,M,B+,Karachi,24.93789596486344,67.04202259592859,1,4,73,SMS,Healthy,0.535
DNR_09859,29,M,AB+,Multan,30.181955211316613,71.44888355581331,0,3,53,App,Healthy,0.6849999999999999
DNR_09860,39,M,B+,Lahore,31.511142179737,74.38704930956204,1,4,92,App,Healthy,0.5399999999999999
DNR_09861,39,M,O+,Peshawar,34.083190638614,71.52598003166503,0,5,114,Phone,Healthy,0.38
DNR_09862,32,F,B+,Faisalabad,31.357639786505256,73.1162236617187,1,3,32,SMS,Healthy,0.69
DNR_09863,18,M,B+,Lahore,31.477144066333757,74.34246046978222,1,7,26,App,Unhealthy,0.92
DNR_09864,27,F,B+,Faisalabad,31.473144832221777,73.15287364144262,1,6,45,Phone,Healthy,0.775
DNR_09865,24,F,B+,Peshawar,33.9695464517633,71.63486808767186,0,8,95,App,Healthy,0.725
DNR_09866,43,M,A-,Lahore,31.543913042612118,74.3722277507264,1,9,52,App,Healthy,0.95
DNR_09867,30,F,A-,Peshawar,33.97737805150666,71.57701045506553,0,1,49,SMS,Healthy,0.505
DNR_09868,25,F,B+,Islamabad,33.72942218136891,73.01154916804434,1,2,63,App,Healthy,0.585
DNR_09869,35,F,O+,Karachi,24.913162807560933,67.06980881625611,1,1,33,SMS,Healthy,0.585
DNR_09870,59,M,O+,Quetta,30.159608724654795,67.0385749288002,0,1,108,Phone,Healthy,0.20999999999999996
DNR_09871,29,M,A+,Faisalabad,31.450281449163445,73.00484410853737,1,1,106,Phone,Healthy,0.21999999999999997
DNR_09872,27,M,A+,Lahore,31.524883624477475,74.39550932934641,1,8,104,App,Healthy,0.6799999999999999
DNR_09873,18,M,B+,Lahore,31.48013708996467,74.40899255795453,1,3,92,App,Unhealthy,0.39
DNR_09874,22,M,AB+,Peshawar,34.06845795458012,71.5196567248886,0,4,9,App,Minor issues,0.8549999999999999
DNR_09875,32,M,O+,Islamabad,33.66178981364553,73.06997189158439,1,1,40,SMS,Healthy,0.5499999999999999
DNR_09876,55,M,O-,Quetta,30.156943027203233,66.98314777475599,0,1,93,App,Healthy,0.3849999999999999
DNR_09877,31,M,O+,Karachi,24.88206993630397,67.00509129401964,1,3,13,SMS,Healthy,0.7849999999999999
DNR_09878,31,M,A+,Lahore,31.486436181816163,74.37632677746743,1,4,72,SMS,Healthy,0.54
DNR_09879,34,M,B+,Multan,30.184942043162753,71.51722008137156,0,2,108,App,Healthy,0.36
DNR_09880,18,F,A+,Lahore,31.53038661719111,74.34655396508653,1,5,87,Phone,Healthy,0.515
DNR_09881,40,F,O-,Peshawar,34.09403961229215,71.64963568577599,0,4,85,App,Healthy,0.575
DNR_09882,28,F,B+,Quetta,30.105108317580797,67.02523335136443,0,3,17,App,Healthy,0.865
DNR_09883,25,F,B+,Peshawar,34.06792434744569,71.50673827414077,0,3,46,App,Healthy,0.72
DNR_09884,18,M,B+,Karachi,24.822178053176074,66.98874056537665,1,9,61,SMS,Healthy,0.845
DNR_09885,25,M,A+,Lahore,31.619375219469635,74.39379714510345,1,3,108,SMS,Healthy,0.30999999999999994
DNR_09886,26,M,O+,Islamabad,33.742242804301924,73.08531751095738,1,2,86,SMS,Minor issues,0.27
DNR_09887,18,M,B+,Multan,30.107784658794287,71.55107699097387,0,1,91,SMS,Healthy,0.29499999999999993
DNR_09888,32,M,O+,Multan,30.207832297771123,71.5981987501014,0,5,70,SMS,Minor issues,0.5
DNR_09889,38,M,B-,Multan,30.189422419000454,71.59802430561058,0,3,79,App,Healthy,0.5549999999999999
DNR_09890,34,M,O+,Lahore,31.570638452220336,74.36697990303801,1,3,84,SMS,Healthy,0.43000000000000005
DNR_09891,29,M,A+,Multan,30.14322553285341,71.46988232878503,0,2,47,SMS,Healthy,0.565
DNR_09892,40,F,O+,Karachi,24.828305743102188,66.95812556529587,1,3,109,SMS,Minor issues,0.20499999999999996
DNR_09893,42,F,A+,Faisalabad,31.42131687576051,73.06467366647645,1,2,22,App,Minor issues,0.69
DNR_09894,38,M,B+,Lahore,31.581327344296334,74.35202444814045,1,3,104,SMS,Healthy,0.32999999999999996
DNR_09895,39,F,B+,Lahore,31.515808812979667,74.26470384313807,1,6,101,SMS,Minor issues,0.395
DNR_09896,29,M,B+,Quetta,30.220215621186362,66.93673246100637,0,1,20,App,Healthy,0.75
DNR_09897,52,M,A+,Faisalabad,31.41003836644085,73.07469275052776,1,3,9,App,Healthy,0.9049999999999999
DNR_09898,50,M,B+,Lahore,31.50599365053476,74.3719008566894,1,2,44,Phone,Healthy,0.58
DNR_09899,40,F,B+,Karachi,24.79257984664163,66.99151901253417,1,4,109,SMS,Healthy,0.355
DNR_09900,51,M,O+,Karachi,24.888045982349233,67.02688090274903,1,7,80,SMS,Healthy,0.65
DNR_09901,26,M,B-,Multan,30.179053469323026,71.56007797104847,0,6,9,App,Healthy,0.95
DNR_09902,35,F,B+,Multan,30.139206377966207,71.54061751454167,0,2,14,Phone,Healthy,0.73
DNR_09903,31,F,O+,Peshawar,33.94899580496044,71.544288741711,0,5,92,App,Healthy,0.59
DNR_09904,18,F,AB-,Islamabad,33.716502828210054,73.10845681351297,1,3,46,SMS,Healthy,0.62
DNR_09905,31,F,B+,Lahore,31.542354723077995,74.348806084322,1,2,91,App,Healthy,0.44499999999999995
DNR_09906,21,M,A+,Faisalabad,31.466977963481952,73.13354070850718,1,3,87,SMS,Minor issues,0.315
DNR_09907,32,M,O+,Karachi,24.922392001005438,67.02395354199774,1,5,28,App,Healthy,0.9099999999999999
DNR_09908,33,M,O+,Quetta,30.103985191068258,66.96777495421813,0,1,17,SMS,Minor issues,0.5650000000000001
DNR_09909,34,M,A+,Peshawar,34.087072131806515,71.52624871875422,0,2,12,App,Minor issues,0.74
DNR_09910,27,M,B+,Quetta,30.14848695598949,66.97514190205365,0,2,116,App,Healthy,0.32000000000000006
DNR_09911,26,M,AB+,Multan,30.184534236180397,71.57054531899138,0,0,310,App,Healthy,0.05
DNR_09912,33,F,B+,Islamabad,33.67230466413419,73.11360064305346,1,7,76,App,Minor issues,0.67
DNR_09913,35,M,O+,Karachi,24.93663794731863,66.9717720880755,1,3,51,SMS,Healthy,0.595
DNR_09914,18,F,A-,Islamabad,33.692399078622394,73.10041566952724,1,3,99,App,Healthy,0.45499999999999996
DNR_09915,36,M,A+,Faisalabad,31.453803704624498,73.1359570118713,1,2,63,Phone,Healthy,0.485
DNR_09916,32,M,A+,Multan,30.20765945167807,71.52302776334042,0,0,210,SMS,Healthy,0.05
DNR_09917,18,F,A+,Quetta,30.208325356631143,66.90902936920962,0,3,50,App,Healthy,0.7
DNR_09918,40,F,B-,Karachi,24.84789557053083,66.96199296446315,1,4,59,SMS,Healthy,0.605
DNR_09919,38,F,B+,Karachi,24.81625208972599,67.06434569010743,1,5,81,App,Healthy,0.6449999999999999
DNR_09920,45,F,O+,Karachi,24.87778023005477,67.01724943838849,1,4,26,Phone,Healthy,0.7699999999999999
DNR_09921,39,M,A+,Faisalabad,31.415724335373493,73.11870324505186,1,5,7,App,Minor issues,0.9149999999999999
DNR_09922,34,M,B+,Quetta,30.247583513572177,66.95697234211303,0,1,44,Phone,Healthy,0.53
DNR_09923,26,M,A+,Islamabad,33.762857669564895,73.12673287552016,1,3,67,App,Minor issues,0.515
DNR_09924,51,M,A+,Multan,30.17683212632568,71.54017528057793,0,1,60,Phone,Healthy,0.44999999999999996
DNR_09925,18,M,O-,Peshawar,34.065998708010746,71.55534542833531,0,1,107,Phone,Healthy,0.21499999999999997
DNR_09926,60,M,B+,Multan,30.19935961722394,71.58474163995916,0,4,55,App,Minor issues,0.6249999999999999
DNR_09927,41,M,O+,Quetta,30.24674421781522,66.95107216128794,0,4,111,Phone,Minor issues,0.24499999999999994
DNR_09928,37,M,A+,Multan,30.190907083969137,71.58528821397786,0,2,83,SMS,Healthy,0.385
DNR_09929,22,M,O+,Faisalabad,31.43593457873388,73.03696661431384,1,2,44,App,Healthy,0.6799999999999999
DNR_09930,43,M,A-,Islamabad,33.667611628718724,73.09218808331308,1,3,76,App,Healthy,0.57
DNR_09931,43,F,O+,Faisalabad,31.429366040664206,73.01994373533343,1,1,112,App,Healthy,0.2899999999999999
DNR_09932,24,M,B+,Faisalabad,31.36313538776482,73.06961351472006,1,6,74,App,Healthy,0.73
DNR_09933,18,M,A-,Peshawar,34.04223834739227,71.62877736026309,0,2,57,App,Healthy,0.615
DNR_09934,30,M,A+,Islamabad,33.70236285070737,73.04535590309492,1,3,110,SMS,Healthy,0.29999999999999993
DNR_09935,44,M,B+,Lahore,31.57994474033282,74.35970407137971,1,0,271,App,Minor issues,0.05
DNR_09936,26,M,AB+,Peshawar,33.98512954241379,71.5850266339855,0,1,67,App,Healthy,0.5149999999999999
DNR_09937,21,F,B+,Lahore,31.532969220671998,74.29831158543485,1,2,15,SMS,Unhealthy,0.625
DNR_09938,34,M,O+,Karachi,24.833420632839587,67.0495839519283,1,4,22,App,Minor issues,0.7899999999999999
DNR_09939,28,F,O+,Islamabad,33.73422419329322,73.04221085364047,1,3,102,App,Healthy,0.43999999999999995
DNR_09940,21,M,A+,Quetta,30.19897673925911,66.9954632753785,0,4,49,App,Healthy,0.7549999999999999
DNR_09941,41,M,A+,Multan,30.091870841124475,71.58708519445993,0,8,49,SMS,Healthy,0.855
DNR_09942,33,M,AB-,Lahore,31.602534900374003,74.29240009575744,1,0,200,Phone,Healthy,0.05
DNR_09943,37,F,A+,Multan,30.23291223128647,71.49637155166664,0,2,13,SMS,Healthy,0.7349999999999999
DNR_09944,27,M,O+,Faisalabad,31.391879933984388,73.14865227725625,1,2,49,Phone,Healthy,0.5549999999999999
DNR_09945,18,M,O+,Islamabad,33.65623489842915,73.02709505304395,1,1,17,Phone,Healthy,0.665
DNR_09946,37,M,AB+,Multan,30.085699611206053,71.50888166734501,0,5,85,Phone,Healthy,0.525
DNR_09947,26,M,B+,Multan,30.182849138733502,71.4746262771601,0,2,9,Phone,Healthy,0.7549999999999999
DNR_09948,29,M,AB+,Karachi,24.89596541215977,66.95531174471371,1,9,77,SMS,Healthy,0.765
DNR_09949,20,M,O+,Multan,30.174924834492938,71.58816368002174,0,2,109,App,Healthy,0.355
DNR_09950,18,M,O+,Faisalabad,31.490088496821,73.00124731884397,1,5,71,App,Healthy,0.695
DNR_09951,23,F,A+,Quetta,30.23235733355964,66.90537315079743,0,2,61,SMS,Healthy,0.495
DNR_09952,18,M,B+,Multan,30.175672192436892,71.46251961630827,0,2,7,App,Healthy,0.8649999999999999
DNR_09953,42,M,B+,Karachi,24.810153187110128,66.97336137900243,1,1,38,App,Minor issues,0.5599999999999999
DNR_09954,37,M,AB+,Karachi,24.852692357821926,66.93396657629586,1,3,27,SMS,Healthy,0.715
DNR_09955,18,F,AB+,Karachi,24.833116466404256,67.02676489501573,1,2,41,SMS,Healthy,0.595
DNR_09956,18,M,AB-,Quetta,30.245006342930083,66.90411436277921,0,1,63,Phone,Healthy,0.43499999999999994
DNR_09957,26,M,O+,Peshawar,33.95597289485369,71.55588728912336,0,2,26,SMS,Healthy,0.6699999999999999
DNR_09958,29,M,A+,Multan,30.187306620805085,71.47861092221038,0,3,54,App,Healthy,0.6799999999999999
DNR_09959,37,M,O+,Lahore,31.470862407566372,74.31656781243724,1,1,46,SMS,Healthy,0.52
DNR_09960,47,F,O-,Multan,30.08918045310841,71.46651314742525,0,2,114,App,Healthy,0.33000000000000007
DNR_09961,37,F,AB-,Karachi,24.888497803519,66.9984652433727,1,1,10,Phone,Minor issues,0.6
DNR_09962,41,F,O+,Multan,30.178761381770343,71.52706126573315,0,2,111,Phone,Healthy,0.24499999999999994
DNR_09963,20,M,O+,Multan,30.166504120842617,71.57405518966686,0,2,52,App,Healthy,0.6399999999999999
DNR_09964,40,F,B+,Faisalabad,31.39232699943314,73.15704812074583,1,5,53,App,Healthy,0.7849999999999999
DNR_09965,22,M,A+,Lahore,31.593900263571715,74.34557439586779,1,5,64,SMS,Healthy,0.63
DNR_09966,27,M,O+,Karachi,24.932548182300796,66.92844372997189,1,1,83,SMS,Healthy,0.33499999999999996
DNR_09967,50,M,AB+,Lahore,31.628888243539542,74.26744741118142,1,5,110,App,Healthy,0.4999999999999999
DNR_09968,45,M,O+,Lahore,31.48530279714864,74.41435111006113,1,8,93,Phone,Minor issues,0.5349999999999999
DNR_09969,18,F,B+,Faisalabad,31.414573166318387,73.11984108469294,1,4,66,Phone,Healthy,0.57
DNR_09970,18,F,B-,Multan,30.115095297589903,71.57487765287155,0,2,11,Phone,Healthy,0.7449999999999999
DNR_09971,39,M,O-,Karachi,24.80080550833577,66.99037636716886,1,2,55,App,Healthy,0.6249999999999999
DNR_09972,25,F,O+,Faisalabad,31.40223283682948,73.09781432019336,1,2,77,App,Minor issues,0.4149999999999999
DNR_09973,23,M,O-,Multan,30.107009647612873,71.493288260299,0,6,73,SMS,Healthy,0.635
DNR_09974,36,M,B+,Quetta,30.110958938412296,67.01962873957922,0,3,107,App,Minor issues,0.31499999999999995
DNR_09975,21,M,A+,Faisalabad,31.429962315771963,73.12558516485134,1,4,119,SMS,Unhealthy,0.20500000000000002
DNR_09976,25,M,B+,Faisalabad,31.39532681230502,73.05987305111245,1,4,80,SMS,Healthy,0.5
DNR_09977,41,F,B+,Multan,30.198881901301924,71.5155725967694,0,1,19,Phone,Healthy,0.655
DNR_09978,53,M,O-,Lahore,31.55942911988715,74.31130913144791,1,4,51,Phone,Healthy,0.6449999999999999
DNR_09979,38,F,O+,Peshawar,33.95544714461964,71.6237975318943,0,2,22,App,Healthy,0.7899999999999999
DNR_09980,34,F,O+,Karachi,24.826991144766794,67.06813801413253,1,2,33,Phone,Healthy,0.6349999999999999
DNR_09981,43,M,B+,Lahore,31.501501272252227,74.26387913401285,1,2,64,App,Healthy,0.58
DNR_09982,23,M,B+,Multan,30.20066604072214,71.50178781518126,0,5,85,App,Healthy,0.625
DNR_09983,32,M,A+,Lahore,31.503603844456443,74.34543073399962,1,1,43,App,Healthy,0.635
DNR_09984,35,M,B+,Lahore,31.488431339294525,74.30228610206458,1,2,84,App,Healthy,0.48
DNR_09985,49,M,O+,Quetta,30.136275563019566,66.95134499384862,0,1,45,Phone,Healthy,0.525
DNR_09986,41,M,A-,Lahore,31.627830183171383,74.3420243469023,1,1,96,App,Healthy,0.37
DNR_09987,27,F,O-,Islamabad,33.70155503745067,73.11253495181292,1,5,25,App,Healthy,0.9249999999999999
DNR_09988,18,M,A+,Peshawar,34.02750226508929,71.54438241070065,0,3,61,SMS,Healthy,0.545
DNR_09989,34,F,O+,Quetta,30.251067729175194,66.90501861071016,0,4,24,App,Healthy,0.8799999999999999
DNR_09990,18,M,O+,Islamabad,33.6888946486484,73.04336788656576,1,4,89,App,Healthy,0.5549999999999999
DNR_09991,45,M,O+,Peshawar,33.967341086531405,71.64769205076928,0,3,105,App,Healthy,0.42499999999999993
DNR_09992,23,M,B-,Faisalabad,31.464735141917306,73.11077597487898,1,0,197,SMS,Healthy,0.05
DNR_09993,25,M,A+,Peshawar,34.015274460325365,71.5297881282076,0,6,43,App,Healthy,0.885
DNR_09994,29,M,O+,Karachi,24.912624181326443,67.0237643122323,1,3,32,App,Healthy,0.7899999999999999
DNR_09995,18,M,B-,Multan,30.133812641581805,71.58192775526679,0,6,119,App,Minor issues,0.405
DNR_09996,28,M,AB+,Lahore,31.489071029755742,74.33771486746659,1,1,18,Phone,Healthy,0.66
DNR_09997,47,M,B+,Karachi,24.919482945335734,67.00870253371806,1,8,9,SMS,Healthy,0.95
DNR_09998,23,M,A+,Multan,30.078904321354862,71.56229729619112,0,5,116,Phone,Healthy,0.37
DNR_09999,29,M,B+,Multan,30.08860853818356,71.49970083659629,0,5,25,App,Healthy,0.9249999999999999
