date,blood_type,daily_requests,day_of_week,month,is_weekend,day_of_year
2021-11-23,A+,24,1,11,0,327
2021-11-23,A-,13,1,11,0,327
2021-11-23,B+,24,1,11,0,327
2021-11-23,B-,14,1,11,0,327
2021-11-23,AB+,21,1,11,0,327
2021-11-23,AB-,10,1,11,0,327
2021-11-23,O+,29,1,11,0,327
2021-11-23,O-,12,1,11,0,327
2021-11-24,A+,25,2,11,0,328
2021-11-24,A-,15,2,11,0,328
2021-11-24,B+,28,2,11,0,328
2021-11-24,B-,15,2,11,0,328
2021-11-24,AB+,21,2,11,0,328
2021-11-24,AB-,12,2,11,0,328
2021-11-24,O+,27,2,11,0,328
2021-11-24,O-,12,2,11,0,328
2021-11-25,A+,21,3,11,0,329
2021-11-25,A-,13,3,11,0,329
2021-11-25,B+,26,3,11,0,329
2021-11-25,B-,12,3,11,0,329
2021-11-25,AB+,19,3,11,0,329
2021-11-25,AB-,10,3,11,0,329
2021-11-25,O+,26,3,11,0,329
2021-11-25,O-,11,3,11,0,329
2021-11-26,A+,21,4,11,0,330
2021-11-26,A-,13,4,11,0,330
2021-11-26,B+,24,4,11,0,330
2021-11-26,B-,13,4,11,0,330
2021-11-26,AB+,18,4,11,0,330
2021-11-26,AB-,9,4,11,0,330
2021-11-26,O+,23,4,11,0,330
2021-11-26,O-,8,4,11,0,330
2021-11-27,A+,26,5,11,1,331
2021-11-27,A-,18,5,11,1,331
2021-11-27,B+,27,5,11,1,331
2021-11-27,B-,15,5,11,1,331
2021-11-27,AB+,24,5,11,1,331
2021-11-27,AB-,12,5,11,1,331
2021-11-27,O+,32,5,11,1,331
2021-11-27,O-,15,5,11,1,331
2021-11-28,A+,29,6,11,1,332
2021-11-28,A-,18,6,11,1,332
2021-11-28,B+,27,6,11,1,332
2021-11-28,B-,19,6,11,1,332
2021-11-28,AB+,25,6,11,1,332
2021-11-28,AB-,17,6,11,1,332
2021-11-28,O+,30,6,11,1,332
2021-11-28,O-,15,6,11,1,332
2021-11-29,A+,24,0,11,0,333
2021-11-29,A-,15,0,11,0,333
2021-11-29,B+,24,0,11,0,333
2021-11-29,B-,16,0,11,0,333
2021-11-29,AB+,19,0,11,0,333
2021-11-29,AB-,8,0,11,0,333
2021-11-29,O+,24,0,11,0,333
2021-11-29,O-,10,0,11,0,333
2021-11-30,A+,26,1,11,0,334
2021-11-30,A-,15,1,11,0,334
2021-11-30,B+,27,1,11,0,334
2021-11-30,B-,15,1,11,0,334
2021-11-30,AB+,22,1,11,0,334
2021-11-30,AB-,11,1,11,0,334
2021-11-30,O+,27,1,11,0,334
2021-11-30,O-,13,1,11,0,334
2021-12-01,A+,24,2,12,0,335
2021-12-01,A-,15,2,12,0,335
2021-12-01,B+,26,2,12,0,335
2021-12-01,B-,17,2,12,0,335
2021-12-01,AB+,20,2,12,0,335
2021-12-01,AB-,9,2,12,0,335
2021-12-01,O+,27,2,12,0,335
2021-12-01,O-,14,2,12,0,335
2021-12-02,A+,24,3,12,0,336
2021-12-02,A-,13,3,12,0,336
2021-12-02,B+,25,3,12,0,336
2021-12-02,B-,11,3,12,0,336
2021-12-02,AB+,21,3,12,0,336
2021-12-02,AB-,10,3,12,0,336
2021-12-02,O+,26,3,12,0,336
2021-12-02,O-,12,3,12,0,336
2021-12-03,A+,22,4,12,0,337
2021-12-03,A-,12,4,12,0,337
2021-12-03,B+,24,4,12,0,337
2021-12-03,B-,13,4,12,0,337
2021-12-03,AB+,17,4,12,0,337
2021-12-03,AB-,9,4,12,0,337
2021-12-03,O+,24,4,12,0,337
2021-12-03,O-,8,4,12,0,337
2021-12-04,A+,28,5,12,1,338
2021-12-04,A-,18,5,12,1,338
2021-12-04,B+,29,5,12,1,338
2021-12-04,B-,17,5,12,1,338
2021-12-04,AB+,25,5,12,1,338
2021-12-04,AB-,16,5,12,1,338
2021-12-04,O+,33,5,12,1,338
2021-12-04,O-,16,5,12,1,338
2021-12-05,A+,27,6,12,1,339
2021-12-05,A-,19,6,12,1,339
2021-12-05,B+,30,6,12,1,339
2021-12-05,B-,17,6,12,1,339
2021-12-05,AB+,23,6,12,1,339
2021-12-05,AB-,14,6,12,1,339
2021-12-05,O+,31,6,12,1,339
2021-12-05,O-,15,6,12,1,339
2021-12-06,A+,23,0,12,0,340
2021-12-06,A-,14,0,12,0,340
2021-12-06,B+,25,0,12,0,340
2021-12-06,B-,12,0,12,0,340
2021-12-06,AB+,21,0,12,0,340
2021-12-06,AB-,9,0,12,0,340
2021-12-06,O+,25,0,12,0,340
2021-12-06,O-,10,0,12,0,340
2021-12-07,A+,23,1,12,0,341
2021-12-07,A-,18,1,12,0,341
2021-12-07,B+,26,1,12,0,341
2021-12-07,B-,14,1,12,0,341
2021-12-07,AB+,21,1,12,0,341
2021-12-07,AB-,9,1,12,0,341
2021-12-07,O+,29,1,12,0,341
2021-12-07,O-,14,1,12,0,341
2021-12-08,A+,25,2,12,0,342
2021-12-08,A-,16,2,12,0,342
2021-12-08,B+,25,2,12,0,342
2021-12-08,B-,14,2,12,0,342
2021-12-08,AB+,20,2,12,0,342
2021-12-08,AB-,12,2,12,0,342
2021-12-08,O+,29,2,12,0,342
2021-12-08,O-,13,2,12,0,342
2021-12-09,A+,24,3,12,0,343
2021-12-09,A-,16,3,12,0,343
2021-12-09,B+,23,3,12,0,343
2021-12-09,B-,16,3,12,0,343
2021-12-09,AB+,22,3,12,0,343
2021-12-09,AB-,12,3,12,0,343
2021-12-09,O+,28,3,12,0,343
2021-12-09,O-,13,3,12,0,343
2021-12-10,A+,23,4,12,0,344
2021-12-10,A-,15,4,12,0,344
2021-12-10,B+,23,4,12,0,344
2021-12-10,B-,13,4,12,0,344
2021-12-10,AB+,21,4,12,0,344
2021-12-10,AB-,6,4,12,0,344
2021-12-10,O+,26,4,12,0,344
2021-12-10,O-,11,4,12,0,344
2021-12-11,A+,26,5,12,1,345
2021-12-11,A-,20,5,12,1,345
2021-12-11,B+,28,5,12,1,345
2021-12-11,B-,19,5,12,1,345
2021-12-11,AB+,25,5,12,1,345
2021-12-11,AB-,14,5,12,1,345
2021-12-11,O+,33,5,12,1,345
2021-12-11,O-,16,5,12,1,345
2021-12-12,A+,29,6,12,1,346
2021-12-12,A-,21,6,12,1,346
2021-12-12,B+,29,6,12,1,346
2021-12-12,B-,19,6,12,1,346
2021-12-12,AB+,25,6,12,1,346
2021-12-12,AB-,16,6,12,1,346
2021-12-12,O+,34,6,12,1,346
2021-12-12,O-,17,6,12,1,346
2021-12-13,A+,24,0,12,0,347
2021-12-13,A-,15,0,12,0,347
2021-12-13,B+,25,0,12,0,347
2021-12-13,B-,11,0,12,0,347
2021-12-13,AB+,23,0,12,0,347
2021-12-13,AB-,9,0,12,0,347
2021-12-13,O+,29,0,12,0,347
2021-12-13,O-,12,0,12,0,347
2021-12-14,A+,25,1,12,0,348
2021-12-14,A-,16,1,12,0,348
2021-12-14,B+,29,1,12,0,348
2021-12-14,B-,16,1,12,0,348
2021-12-14,AB+,22,1,12,0,348
2021-12-14,AB-,11,1,12,0,348
2021-12-14,O+,27,1,12,0,348
2021-12-14,O-,13,1,12,0,348
2021-12-15,A+,24,2,12,0,349
2021-12-15,A-,17,2,12,0,349
2021-12-15,B+,26,2,12,0,349
2021-12-15,B-,17,2,12,0,349
2021-12-15,AB+,24,2,12,0,349
2021-12-15,AB-,13,2,12,0,349
2021-12-15,O+,29,2,12,0,349
2021-12-15,O-,14,2,12,0,349
2021-12-16,A+,23,3,12,0,350
2021-12-16,A-,18,3,12,0,350
2021-12-16,B+,25,3,12,0,350
2021-12-16,B-,15,3,12,0,350
2021-12-16,AB+,22,3,12,0,350
2021-12-16,AB-,9,3,12,0,350
2021-12-16,O+,27,3,12,0,350
2021-12-16,O-,14,3,12,0,350
2021-12-17,A+,23,4,12,0,351
2021-12-17,A-,15,4,12,0,351
2021-12-17,B+,24,4,12,0,351
2021-12-17,B-,14,4,12,0,351
2021-12-17,AB+,20,4,12,0,351
2021-12-17,AB-,12,4,12,0,351
2021-12-17,O+,25,4,12,0,351
2021-12-17,O-,11,4,12,0,351
2021-12-18,A+,28,5,12,1,352
2021-12-18,A-,20,5,12,1,352
2021-12-18,B+,30,5,12,1,352
2021-12-18,B-,19,5,12,1,352
2021-12-18,AB+,25,5,12,1,352
2021-12-18,AB-,15,5,12,1,352
2021-12-18,O+,32,5,12,1,352
2021-12-18,O-,15,5,12,1,352
2021-12-19,A+,27,6,12,1,353
2021-12-19,A-,20,6,12,1,353
2021-12-19,B+,27,6,12,1,353
2021-12-19,B-,19,6,12,1,353
2021-12-19,AB+,26,6,12,1,353
2021-12-19,AB-,17,6,12,1,353
2021-12-19,O+,32,6,12,1,353
2021-12-19,O-,19,6,12,1,353
2021-12-20,A+,25,0,12,0,354
2021-12-20,A-,13,0,12,0,354
2021-12-20,B+,25,0,12,0,354
2021-12-20,B-,16,0,12,0,354
2021-12-20,AB+,20,0,12,0,354
2021-12-20,AB-,11,0,12,0,354
2021-12-20,O+,29,0,12,0,354
2021-12-20,O-,11,0,12,0,354
2021-12-21,A+,27,1,12,0,355
2021-12-21,A-,16,1,12,0,355
2021-12-21,B+,23,1,12,0,355
2021-12-21,B-,17,1,12,0,355
2021-12-21,AB+,23,1,12,0,355
2021-12-21,AB-,13,1,12,0,355
2021-12-21,O+,27,1,12,0,355
2021-12-21,O-,12,1,12,0,355
2021-12-22,A+,28,2,12,0,356
2021-12-22,A-,17,2,12,0,356
2021-12-22,B+,27,2,12,0,356
2021-12-22,B-,16,2,12,0,356
2021-12-22,AB+,25,2,12,0,356
2021-12-22,AB-,14,2,12,0,356
2021-12-22,O+,29,2,12,0,356
2021-12-22,O-,12,2,12,0,356
2021-12-23,A+,26,3,12,0,357
2021-12-23,A-,15,3,12,0,357
2021-12-23,B+,25,3,12,0,357
2021-12-23,B-,17,3,12,0,357
2021-12-23,AB+,23,3,12,0,357
2021-12-23,AB-,13,3,12,0,357
2021-12-23,O+,27,3,12,0,357
2021-12-23,O-,15,3,12,0,357
2021-12-24,A+,25,4,12,0,358
2021-12-24,A-,14,4,12,0,358
2021-12-24,B+,24,4,12,0,358
2021-12-24,B-,14,4,12,0,358
2021-12-24,AB+,20,4,12,0,358
2021-12-24,AB-,13,4,12,0,358
2021-12-24,O+,26,4,12,0,358
2021-12-24,O-,10,4,12,0,358
2021-12-25,A+,31,5,12,1,359
2021-12-25,A-,20,5,12,1,359
2021-12-25,B+,31,5,12,1,359
2021-12-25,B-,20,5,12,1,359
2021-12-25,AB+,26,5,12,1,359
2021-12-25,AB-,15,5,12,1,359
2021-12-25,O+,32,5,12,1,359
2021-12-25,O-,16,5,12,1,359
2021-12-26,A+,30,6,12,1,360
2021-12-26,A-,22,6,12,1,360
2021-12-26,B+,33,6,12,1,360
2021-12-26,B-,19,6,12,1,360
2021-12-26,AB+,27,6,12,1,360
2021-12-26,AB-,16,6,12,1,360
2021-12-26,O+,33,6,12,1,360
2021-12-26,O-,16,6,12,1,360
2021-12-27,A+,24,0,12,0,361
2021-12-27,A-,14,0,12,0,361
2021-12-27,B+,24,0,12,0,361
2021-12-27,B-,14,0,12,0,361
2021-12-27,AB+,24,0,12,0,361
2021-12-27,AB-,12,0,12,0,361
2021-12-27,O+,28,0,12,0,361
2021-12-27,O-,14,0,12,0,361
2021-12-28,A+,27,1,12,0,362
2021-12-28,A-,18,1,12,0,362
2021-12-28,B+,27,1,12,0,362
2021-12-28,B-,16,1,12,0,362
2021-12-28,AB+,22,1,12,0,362
2021-12-28,AB-,13,1,12,0,362
2021-12-28,O+,29,1,12,0,362
2021-12-28,O-,15,1,12,0,362
2021-12-29,A+,27,2,12,0,363
2021-12-29,A-,17,2,12,0,363
2021-12-29,B+,27,2,12,0,363
2021-12-29,B-,17,2,12,0,363
2021-12-29,AB+,23,2,12,0,363
2021-12-29,AB-,14,2,12,0,363
2021-12-29,O+,27,2,12,0,363
2021-12-29,O-,15,2,12,0,363
2021-12-30,A+,27,3,12,0,364
2021-12-30,A-,18,3,12,0,364
2021-12-30,B+,27,3,12,0,364
2021-12-30,B-,17,3,12,0,364
2021-12-30,AB+,21,3,12,0,364
2021-12-30,AB-,13,3,12,0,364
2021-12-30,O+,29,3,12,0,364
2021-12-30,O-,15,3,12,0,364
2021-12-31,A+,22,4,12,0,365
2021-12-31,A-,14,4,12,0,365
2021-12-31,B+,27,4,12,0,365
2021-12-31,B-,11,4,12,0,365
2021-12-31,AB+,22,4,12,0,365
2021-12-31,AB-,10,4,12,0,365
2021-12-31,O+,27,4,12,0,365
2021-12-31,O-,14,4,12,0,365
2022-01-01,A+,30,5,1,1,1
2022-01-01,A-,23,5,1,1,1
2022-01-01,B+,31,5,1,1,1
2022-01-01,B-,20,5,1,1,1
2022-01-01,AB+,28,5,1,1,1
2022-01-01,AB-,17,5,1,1,1
2022-01-01,O+,34,5,1,1,1
2022-01-01,O-,20,5,1,1,1
2022-01-02,A+,32,6,1,1,2
2022-01-02,A-,20,6,1,1,2
2022-01-02,B+,31,6,1,1,2
2022-01-02,B-,21,6,1,1,2
2022-01-02,AB+,27,6,1,1,2
2022-01-02,AB-,18,6,1,1,2
2022-01-02,O+,34,6,1,1,2
2022-01-02,O-,18,6,1,1,2
2022-01-03,A+,25,0,1,0,3
2022-01-03,A-,15,0,1,0,3
2022-01-03,B+,26,0,1,0,3
2022-01-03,B-,13,0,1,0,3
2022-01-03,AB+,22,0,1,0,3
2022-01-03,AB-,12,0,1,0,3
2022-01-03,O+,27,0,1,0,3
2022-01-03,O-,15,0,1,0,3
2022-01-04,A+,27,1,1,0,4
2022-01-04,A-,18,1,1,0,4
2022-01-04,B+,27,1,1,0,4
2022-01-04,B-,16,1,1,0,4
2022-01-04,AB+,24,1,1,0,4
2022-01-04,AB-,14,1,1,0,4
2022-01-04,O+,30,1,1,0,4
2022-01-04,O-,16,1,1,0,4
2022-01-05,A+,27,2,1,0,5
2022-01-05,A-,17,2,1,0,5
2022-01-05,B+,27,2,1,0,5
2022-01-05,B-,19,2,1,0,5
2022-01-05,AB+,25,2,1,0,5
2022-01-05,AB-,15,2,1,0,5
2022-01-05,O+,30,2,1,0,5
2022-01-05,O-,14,2,1,0,5
2022-01-06,A+,26,3,1,0,6
2022-01-06,A-,17,3,1,0,6
2022-01-06,B+,26,3,1,0,6
2022-01-06,B-,15,3,1,0,6
2022-01-06,AB+,21,3,1,0,6
2022-01-06,AB-,14,3,1,0,6
2022-01-06,O+,28,3,1,0,6
2022-01-06,O-,15,3,1,0,6
2022-01-07,A+,24,4,1,0,7
2022-01-07,A-,16,4,1,0,7
2022-01-07,B+,26,4,1,0,7
2022-01-07,B-,14,4,1,0,7
2022-01-07,AB+,22,4,1,0,7
2022-01-07,AB-,12,4,1,0,7
2022-01-07,O+,27,4,1,0,7
2022-01-07,O-,14,4,1,0,7
2022-01-08,A+,30,5,1,1,8
2022-01-08,A-,22,5,1,1,8
2022-01-08,B+,30,5,1,1,8
2022-01-08,B-,21,5,1,1,8
2022-01-08,AB+,27,5,1,1,8
2022-01-08,AB-,17,5,1,1,8
2022-01-08,O+,33,5,1,1,8
2022-01-08,O-,19,5,1,1,8
2022-01-09,A+,29,6,1,1,9
2022-01-09,A-,23,6,1,1,9
2022-01-09,B+,32,6,1,1,9
2022-01-09,B-,21,6,1,1,9
2022-01-09,AB+,26,6,1,1,9
2022-01-09,AB-,19,6,1,1,9
2022-01-09,O+,33,6,1,1,9
2022-01-09,O-,21,6,1,1,9
2022-01-10,A+,26,0,1,0,10
2022-01-10,A-,19,0,1,0,10
2022-01-10,B+,27,0,1,0,10
2022-01-10,B-,17,0,1,0,10
2022-01-10,AB+,23,0,1,0,10
2022-01-10,AB-,12,0,1,0,10
2022-01-10,O+,29,0,1,0,10
2022-01-10,O-,13,0,1,0,10
2022-01-11,A+,30,1,1,0,11
2022-01-11,A-,18,1,1,0,11
2022-01-11,B+,29,1,1,0,11
2022-01-11,B-,18,1,1,0,11
2022-01-11,AB+,23,1,1,0,11
2022-01-11,AB-,16,1,1,0,11
2022-01-11,O+,29,1,1,0,11
2022-01-11,O-,14,1,1,0,11
2022-01-12,A+,28,2,1,0,12
2022-01-12,A-,17,2,1,0,12
2022-01-12,B+,31,2,1,0,12
2022-01-12,B-,18,2,1,0,12
2022-01-12,AB+,21,2,1,0,12
2022-01-12,AB-,15,2,1,0,12
2022-01-12,O+,32,2,1,0,12
2022-01-12,O-,15,2,1,0,12
2022-01-13,A+,25,3,1,0,13
2022-01-13,A-,18,3,1,0,13
2022-01-13,B+,27,3,1,0,13
2022-01-13,B-,16,3,1,0,13
2022-01-13,AB+,23,3,1,0,13
2022-01-13,AB-,14,3,1,0,13
2022-01-13,O+,31,3,1,0,13
2022-01-13,O-,16,3,1,0,13
2022-01-14,A+,23,4,1,0,14
2022-01-14,A-,17,4,1,0,14
2022-01-14,B+,27,4,1,0,14
2022-01-14,B-,17,4,1,0,14
2022-01-14,AB+,21,4,1,0,14
2022-01-14,AB-,12,4,1,0,14
2022-01-14,O+,29,4,1,0,14
2022-01-14,O-,13,4,1,0,14
2022-01-15,A+,32,5,1,1,15
2022-01-15,A-,22,5,1,1,15
2022-01-15,B+,31,5,1,1,15
2022-01-15,B-,20,5,1,1,15
2022-01-15,AB+,30,5,1,1,15
2022-01-15,AB-,17,5,1,1,15
2022-01-15,O+,33,5,1,1,15
2022-01-15,O-,20,5,1,1,15
2022-01-16,A+,32,6,1,1,16
2022-01-16,A-,21,6,1,1,16
2022-01-16,B+,32,6,1,1,16
2022-01-16,B-,21,6,1,1,16
2022-01-16,AB+,28,6,1,1,16
2022-01-16,AB-,22,6,1,1,16
2022-01-16,O+,34,6,1,1,16
2022-01-16,O-,19,6,1,1,16
2022-01-17,A+,29,0,1,0,17
2022-01-17,A-,19,0,1,0,17
2022-01-17,B+,28,0,1,0,17
2022-01-17,B-,15,0,1,0,17
2022-01-17,AB+,25,0,1,0,17
2022-01-17,AB-,14,0,1,0,17
2022-01-17,O+,30,0,1,0,17
2022-01-17,O-,12,0,1,0,17
2022-01-18,A+,28,1,1,0,18
2022-01-18,A-,21,1,1,0,18
2022-01-18,B+,29,1,1,0,18
2022-01-18,B-,18,1,1,0,18
2022-01-18,AB+,25,1,1,0,18
2022-01-18,AB-,15,1,1,0,18
2022-01-18,O+,30,1,1,0,18
2022-01-18,O-,16,1,1,0,18
2022-01-19,A+,30,2,1,0,19
2022-01-19,A-,21,2,1,0,19
2022-01-19,B+,29,2,1,0,19
2022-01-19,B-,20,2,1,0,19
2022-01-19,AB+,26,2,1,0,19
2022-01-19,AB-,16,2,1,0,19
2022-01-19,O+,32,2,1,0,19
2022-01-19,O-,15,2,1,0,19
2022-01-20,A+,27,3,1,0,20
2022-01-20,A-,20,3,1,0,20
2022-01-20,B+,27,3,1,0,20
2022-01-20,B-,16,3,1,0,20
2022-01-20,AB+,25,3,1,0,20
2022-01-20,AB-,14,3,1,0,20
2022-01-20,O+,32,3,1,0,20
2022-01-20,O-,15,3,1,0,20
2022-01-21,A+,26,4,1,0,21
2022-01-21,A-,17,4,1,0,21
2022-01-21,B+,26,4,1,0,21
2022-01-21,B-,16,4,1,0,21
2022-01-21,AB+,22,4,1,0,21
2022-01-21,AB-,13,4,1,0,21
2022-01-21,O+,28,4,1,0,21
2022-01-21,O-,14,4,1,0,21
2022-01-22,A+,33,5,1,1,22
2022-01-22,A-,22,5,1,1,22
2022-01-22,B+,32,5,1,1,22
2022-01-22,B-,23,5,1,1,22
2022-01-22,AB+,26,5,1,1,22
2022-01-22,AB-,21,5,1,1,22
2022-01-22,O+,36,5,1,1,22
2022-01-22,O-,18,5,1,1,22
2022-01-23,A+,30,6,1,1,23
2022-01-23,A-,23,6,1,1,23
2022-01-23,B+,32,6,1,1,23
2022-01-23,B-,24,6,1,1,23
2022-01-23,AB+,30,6,1,1,23
2022-01-23,AB-,20,6,1,1,23
2022-01-23,O+,35,6,1,1,23
2022-01-23,O-,22,6,1,1,23
2022-01-24,A+,28,0,1,0,24
2022-01-24,A-,19,0,1,0,24
2022-01-24,B+,29,0,1,0,24
2022-01-24,B-,16,0,1,0,24
2022-01-24,AB+,26,0,1,0,24
2022-01-24,AB-,14,0,1,0,24
2022-01-24,O+,30,0,1,0,24
2022-01-24,O-,15,0,1,0,24
2022-01-25,A+,26,1,1,0,25
2022-01-25,A-,21,1,1,0,25
2022-01-25,B+,27,1,1,0,25
2022-01-25,B-,17,1,1,0,25
2022-01-25,AB+,25,1,1,0,25
2022-01-25,AB-,13,1,1,0,25
2022-01-25,O+,30,1,1,0,25
2022-01-25,O-,17,1,1,0,25
2022-01-26,A+,29,2,1,0,26
2022-01-26,A-,20,2,1,0,26
2022-01-26,B+,29,2,1,0,26
2022-01-26,B-,19,2,1,0,26
2022-01-26,AB+,26,2,1,0,26
2022-01-26,AB-,14,2,1,0,26
2022-01-26,O+,32,2,1,0,26
2022-01-26,O-,16,2,1,0,26
2022-01-27,A+,29,3,1,0,27
2022-01-27,A-,19,3,1,0,27
2022-01-27,B+,32,3,1,0,27
2022-01-27,B-,19,3,1,0,27
2022-01-27,AB+,25,3,1,0,27
2022-01-27,AB-,16,3,1,0,27
2022-01-27,O+,29,3,1,0,27
2022-01-27,O-,17,3,1,0,27
2022-01-28,A+,25,4,1,0,28
2022-01-28,A-,18,4,1,0,28
2022-01-28,B+,27,4,1,0,28
2022-01-28,B-,16,4,1,0,28
2022-01-28,AB+,23,4,1,0,28
2022-01-28,AB-,14,4,1,0,28
2022-01-28,O+,29,4,1,0,28
2022-01-28,O-,14,4,1,0,28
2022-01-29,A+,30,5,1,1,29
2022-01-29,A-,26,5,1,1,29
2022-01-29,B+,34,5,1,1,29
2022-01-29,B-,23,5,1,1,29
2022-01-29,AB+,29,5,1,1,29
2022-01-29,AB-,18,5,1,1,29
2022-01-29,O+,36,5,1,1,29
2022-01-29,O-,21,5,1,1,29
2022-01-30,A+,34,6,1,1,30
2022-01-30,A-,26,6,1,1,30
2022-01-30,B+,36,6,1,1,30
2022-01-30,B-,21,6,1,1,30
2022-01-30,AB+,29,6,1,1,30
2022-01-30,AB-,20,6,1,1,30
2022-01-30,O+,35,6,1,1,30
2022-01-30,O-,21,6,1,1,30
2022-01-31,A+,25,0,1,0,31
2022-01-31,A-,20,0,1,0,31
2022-01-31,B+,26,0,1,0,31
2022-01-31,B-,16,0,1,0,31
2022-01-31,AB+,23,0,1,0,31
2022-01-31,AB-,14,0,1,0,31
2022-01-31,O+,29,0,1,0,31
2022-01-31,O-,14,0,1,0,31
2022-02-01,A+,31,1,2,0,32
2022-02-01,A-,20,1,2,0,32
2022-02-01,B+,31,1,2,0,32
2022-02-01,B-,18,1,2,0,32
2022-02-01,AB+,26,1,2,0,32
2022-02-01,AB-,16,1,2,0,32
2022-02-01,O+,31,1,2,0,32
2022-02-01,O-,17,1,2,0,32
2022-02-02,A+,27,2,2,0,33
2022-02-02,A-,21,2,2,0,33
2022-02-02,B+,30,2,2,0,33
2022-02-02,B-,19,2,2,0,33
2022-02-02,AB+,28,2,2,0,33
2022-02-02,AB-,17,2,2,0,33
2022-02-02,O+,32,2,2,0,33
2022-02-02,O-,16,2,2,0,33
2022-02-03,A+,30,3,2,0,34
2022-02-03,A-,18,3,2,0,34
2022-02-03,B+,30,3,2,0,34
2022-02-03,B-,17,3,2,0,34
2022-02-03,AB+,27,3,2,0,34
2022-02-03,AB-,17,3,2,0,34
2022-02-03,O+,29,3,2,0,34
2022-02-03,O-,17,3,2,0,34
2022-02-04,A+,27,4,2,0,35
2022-02-04,A-,19,4,2,0,35
2022-02-04,B+,28,4,2,0,35
2022-02-04,B-,16,4,2,0,35
2022-02-04,AB+,24,4,2,0,35
2022-02-04,AB-,16,4,2,0,35
2022-02-04,O+,29,4,2,0,35
2022-02-04,O-,15,4,2,0,35
2022-02-05,A+,34,5,2,1,36
2022-02-05,A-,23,5,2,1,36
2022-02-05,B+,32,5,2,1,36
2022-02-05,B-,21,5,2,1,36
2022-02-05,AB+,30,5,2,1,36
2022-02-05,AB-,18,5,2,1,36
2022-02-05,O+,36,5,2,1,36
2022-02-05,O-,23,5,2,1,36
2022-02-06,A+,33,6,2,1,37
2022-02-06,A-,23,6,2,1,37
2022-02-06,B+,35,6,2,1,37
2022-02-06,B-,23,6,2,1,37
2022-02-06,AB+,31,6,2,1,37
2022-02-06,AB-,22,6,2,1,37
2022-02-06,O+,37,6,2,1,37
2022-02-06,O-,24,6,2,1,37
2022-02-07,A+,29,0,2,0,38
2022-02-07,A-,18,0,2,0,38
2022-02-07,B+,32,0,2,0,38
2022-02-07,B-,18,0,2,0,38
2022-02-07,AB+,24,0,2,0,38
2022-02-07,AB-,18,0,2,0,38
2022-02-07,O+,30,0,2,0,38
2022-02-07,O-,15,0,2,0,38
2022-02-08,A+,29,1,2,0,39
2022-02-08,A-,21,1,2,0,39
2022-02-08,B+,32,1,2,0,39
2022-02-08,B-,16,1,2,0,39
2022-02-08,AB+,28,1,2,0,39
2022-02-08,AB-,16,1,2,0,39
2022-02-08,O+,32,1,2,0,39
2022-02-08,O-,20,1,2,0,39
2022-02-09,A+,30,2,2,0,40
2022-02-09,A-,22,2,2,0,40
2022-02-09,B+,31,2,2,0,40
2022-02-09,B-,21,2,2,0,40
2022-02-09,AB+,29,2,2,0,40
2022-02-09,AB-,14,2,2,0,40
2022-02-09,O+,34,2,2,0,40
2022-02-09,O-,20,2,2,0,40
2022-02-10,A+,30,3,2,0,41
2022-02-10,A-,19,3,2,0,41
2022-02-10,B+,29,3,2,0,41
2022-02-10,B-,22,3,2,0,41
2022-02-10,AB+,25,3,2,0,41
2022-02-10,AB-,18,3,2,0,41
2022-02-10,O+,33,3,2,0,41
2022-02-10,O-,20,3,2,0,41
2022-02-11,A+,27,4,2,0,42
2022-02-11,A-,17,4,2,0,42
2022-02-11,B+,28,4,2,0,42
2022-02-11,B-,16,4,2,0,42
2022-02-11,AB+,28,4,2,0,42
2022-02-11,AB-,15,4,2,0,42
2022-02-11,O+,31,4,2,0,42
2022-02-11,O-,16,4,2,0,42
2022-02-12,A+,33,5,2,1,43
2022-02-12,A-,24,5,2,1,43
2022-02-12,B+,35,5,2,1,43
2022-02-12,B-,26,5,2,1,43
2022-02-12,AB+,29,5,2,1,43
2022-02-12,AB-,20,5,2,1,43
2022-02-12,O+,36,5,2,1,43
2022-02-12,O-,21,5,2,1,43
2022-02-13,A+,32,6,2,1,44
2022-02-13,A-,22,6,2,1,44
2022-02-13,B+,33,6,2,1,44
2022-02-13,B-,25,6,2,1,44
2022-02-13,AB+,31,6,2,1,44
2022-02-13,AB-,22,6,2,1,44
2022-02-13,O+,36,6,2,1,44
2022-02-13,O-,22,6,2,1,44
2022-02-14,A+,30,0,2,0,45
2022-02-14,A-,21,0,2,0,45
2022-02-14,B+,31,0,2,0,45
2022-02-14,B-,19,0,2,0,45
2022-02-14,AB+,26,0,2,0,45
2022-02-14,AB-,16,0,2,0,45
2022-02-14,O+,31,0,2,0,45
2022-02-14,O-,16,0,2,0,45
2022-02-15,A+,31,1,2,0,46
2022-02-15,A-,20,1,2,0,46
2022-02-15,B+,33,1,2,0,46
2022-02-15,B-,20,1,2,0,46
2022-02-15,AB+,26,1,2,0,46
2022-02-15,AB-,16,1,2,0,46
2022-02-15,O+,32,1,2,0,46
2022-02-15,O-,17,1,2,0,46
2022-02-16,A+,30,2,2,0,47
2022-02-16,A-,21,2,2,0,47
2022-02-16,B+,31,2,2,0,47
2022-02-16,B-,20,2,2,0,47
2022-02-16,AB+,28,2,2,0,47
2022-02-16,AB-,17,2,2,0,47
2022-02-16,O+,34,2,2,0,47
2022-02-16,O-,19,2,2,0,47
2022-02-17,A+,30,3,2,0,48
2022-02-17,A-,21,3,2,0,48
2022-02-17,B+,30,3,2,0,48
2022-02-17,B-,18,3,2,0,48
2022-02-17,AB+,27,3,2,0,48
2022-02-17,AB-,18,3,2,0,48
2022-02-17,O+,32,3,2,0,48
2022-02-17,O-,17,3,2,0,48
2022-02-18,A+,28,4,2,0,49
2022-02-18,A-,18,4,2,0,49
2022-02-18,B+,28,4,2,0,49
2022-02-18,B-,16,4,2,0,49
2022-02-18,AB+,25,4,2,0,49
2022-02-18,AB-,15,4,2,0,49
2022-02-18,O+,30,4,2,0,49
2022-02-18,O-,15,4,2,0,49
2022-02-19,A+,33,5,2,1,50
2022-02-19,A-,23,5,2,1,50
2022-02-19,B+,34,5,2,1,50
2022-02-19,B-,24,5,2,1,50
2022-02-19,AB+,29,5,2,1,50
2022-02-19,AB-,21,5,2,1,50
2022-02-19,O+,36,5,2,1,50
2022-02-19,O-,21,5,2,1,50
2022-02-20,A+,35,6,2,1,51
2022-02-20,A-,25,6,2,1,51
2022-02-20,B+,35,6,2,1,51
2022-02-20,B-,26,6,2,1,51
2022-02-20,AB+,30,6,2,1,51
2022-02-20,AB-,23,6,2,1,51
2022-02-20,O+,37,6,2,1,51
2022-02-20,O-,21,6,2,1,51
2022-02-21,A+,28,0,2,0,52
2022-02-21,A-,20,0,2,0,52
2022-02-21,B+,31,0,2,0,52
2022-02-21,B-,20,0,2,0,52
2022-02-21,AB+,26,0,2,0,52
2022-02-21,AB-,17,0,2,0,52
2022-02-21,O+,30,0,2,0,52
2022-02-21,O-,17,0,2,0,52
2022-02-22,A+,31,1,2,0,53
2022-02-22,A-,22,1,2,0,53
2022-02-22,B+,30,1,2,0,53
2022-02-22,B-,19,1,2,0,53
2022-02-22,AB+,27,1,2,0,53
2022-02-22,AB-,19,1,2,0,53
2022-02-22,O+,36,1,2,0,53
2022-02-22,O-,18,1,2,0,53
2022-02-23,A+,29,2,2,0,54
2022-02-23,A-,23,2,2,0,54
2022-02-23,B+,35,2,2,0,54
2022-02-23,B-,22,2,2,0,54
2022-02-23,AB+,27,2,2,0,54
2022-02-23,AB-,21,2,2,0,54
2022-02-23,O+,35,2,2,0,54
2022-02-23,O-,18,2,2,0,54
2022-02-24,A+,32,3,2,0,55
2022-02-24,A-,20,3,2,0,55
2022-02-24,B+,30,3,2,0,55
2022-02-24,B-,21,3,2,0,55
2022-02-24,AB+,27,3,2,0,55
2022-02-24,AB-,17,3,2,0,55
2022-02-24,O+,33,3,2,0,55
2022-02-24,O-,19,3,2,0,55
2022-02-25,A+,25,4,2,0,56
2022-02-25,A-,20,4,2,0,56
2022-02-25,B+,29,4,2,0,56
2022-02-25,B-,17,4,2,0,56
2022-02-25,AB+,24,4,2,0,56
2022-02-25,AB-,12,4,2,0,56
2022-02-25,O+,30,4,2,0,56
2022-02-25,O-,18,4,2,0,56
2022-02-26,A+,35,5,2,1,57
2022-02-26,A-,25,5,2,1,57
2022-02-26,B+,34,5,2,1,57
2022-02-26,B-,25,5,2,1,57
2022-02-26,AB+,33,5,2,1,57
2022-02-26,AB-,22,5,2,1,57
2022-02-26,O+,36,5,2,1,57
2022-02-26,O-,21,5,2,1,57
2022-02-27,A+,37,6,2,1,58
2022-02-27,A-,24,6,2,1,58
2022-02-27,B+,36,6,2,1,58
2022-02-27,B-,23,6,2,1,58
2022-02-27,AB+,31,6,2,1,58
2022-02-27,AB-,22,6,2,1,58
2022-02-27,O+,38,6,2,1,58
2022-02-27,O-,23,6,2,1,58
2022-02-28,A+,28,0,2,0,59
2022-02-28,A-,19,0,2,0,59
2022-02-28,B+,31,0,2,0,59
2022-02-28,B-,20,0,2,0,59
2022-02-28,AB+,27,0,2,0,59
2022-02-28,AB-,17,0,2,0,59
2022-02-28,O+,30,0,2,0,59
2022-02-28,O-,17,0,2,0,59
2022-03-01,A+,41,1,3,0,60
2022-03-01,A-,31,1,3,0,60
2022-03-01,B+,41,1,3,0,60
2022-03-01,B-,29,1,3,0,60
2022-03-01,AB+,37,1,3,0,60
2022-03-01,AB-,26,1,3,0,60
2022-03-01,O+,40,1,3,0,60
2022-03-01,O-,28,1,3,0,60
2022-03-02,A+,38,2,3,0,61
2022-03-02,A-,31,2,3,0,61
2022-03-02,B+,38,2,3,0,61
2022-03-02,B-,31,2,3,0,61
2022-03-02,AB+,36,2,3,0,61
2022-03-02,AB-,25,2,3,0,61
2022-03-02,O+,41,2,3,0,61
2022-03-02,O-,27,2,3,0,61
2022-03-03,A+,38,3,3,0,62
2022-03-03,A-,31,3,3,0,62
2022-03-03,B+,39,3,3,0,62
2022-03-03,B-,26,3,3,0,62
2022-03-03,AB+,34,3,3,0,62
2022-03-03,AB-,29,3,3,0,62
2022-03-03,O+,41,3,3,0,62
2022-03-03,O-,27,3,3,0,62
2022-03-04,A+,36,4,3,0,63
2022-03-04,A-,26,4,3,0,63
2022-03-04,B+,37,4,3,0,63
2022-03-04,B-,27,4,3,0,63
2022-03-04,AB+,33,4,3,0,63
2022-03-04,AB-,26,4,3,0,63
2022-03-04,O+,39,4,3,0,63
2022-03-04,O-,23,4,3,0,63
2022-03-05,A+,43,5,3,1,64
2022-03-05,A-,35,5,3,1,64
2022-03-05,B+,44,5,3,1,64
2022-03-05,B-,32,5,3,1,64
2022-03-05,AB+,37,5,3,1,64
2022-03-05,AB-,31,5,3,1,64
2022-03-05,O+,47,5,3,1,64
2022-03-05,O-,30,5,3,1,64
2022-03-06,A+,43,6,3,1,65
2022-03-06,A-,34,6,3,1,65
2022-03-06,B+,46,6,3,1,65
2022-03-06,B-,32,6,3,1,65
2022-03-06,AB+,39,6,3,1,65
2022-03-06,AB-,29,6,3,1,65
2022-03-06,O+,46,6,3,1,65
2022-03-06,O-,31,6,3,1,65
2022-03-07,A+,38,0,3,0,66
2022-03-07,A-,27,0,3,0,66
2022-03-07,B+,40,0,3,0,66
2022-03-07,B-,27,0,3,0,66
2022-03-07,AB+,36,0,3,0,66
2022-03-07,AB-,28,0,3,0,66
2022-03-07,O+,39,0,3,0,66
2022-03-07,O-,26,0,3,0,66
2022-03-08,A+,39,1,3,0,67
2022-03-08,A-,33,1,3,0,67
2022-03-08,B+,40,1,3,0,67
2022-03-08,B-,29,1,3,0,67
2022-03-08,AB+,36,1,3,0,67
2022-03-08,AB-,26,1,3,0,67
2022-03-08,O+,43,1,3,0,67
2022-03-08,O-,27,1,3,0,67
2022-03-09,A+,40,2,3,0,68
2022-03-09,A-,31,2,3,0,68
2022-03-09,B+,40,2,3,0,68
2022-03-09,B-,29,2,3,0,68
2022-03-09,AB+,37,2,3,0,68
2022-03-09,AB-,27,2,3,0,68
2022-03-09,O+,44,2,3,0,68
2022-03-09,O-,30,2,3,0,68
2022-03-10,A+,38,3,3,0,69
2022-03-10,A-,30,3,3,0,69
2022-03-10,B+,39,3,3,0,69
2022-03-10,B-,27,3,3,0,69
2022-03-10,AB+,36,3,3,0,69
2022-03-10,AB-,26,3,3,0,69
2022-03-10,O+,40,3,3,0,69
2022-03-10,O-,26,3,3,0,69
2022-03-11,A+,36,4,3,0,70
2022-03-11,A-,26,4,3,0,70
2022-03-11,B+,38,4,3,0,70
2022-03-11,B-,25,4,3,0,70
2022-03-11,AB+,34,4,3,0,70
2022-03-11,AB-,24,4,3,0,70
2022-03-11,O+,40,4,3,0,70
2022-03-11,O-,25,4,3,0,70
2022-03-12,A+,45,5,3,1,71
2022-03-12,A-,33,5,3,1,71
2022-03-12,B+,43,5,3,1,71
2022-03-12,B-,34,5,3,1,71
2022-03-12,AB+,40,5,3,1,71
2022-03-12,AB-,31,5,3,1,71
2022-03-12,O+,46,5,3,1,71
2022-03-12,O-,33,5,3,1,71
2022-03-13,A+,43,6,3,1,72
2022-03-13,A-,32,6,3,1,72
2022-03-13,B+,45,6,3,1,72
2022-03-13,B-,33,6,3,1,72
2022-03-13,AB+,41,6,3,1,72
2022-03-13,AB-,31,6,3,1,72
2022-03-13,O+,46,6,3,1,72
2022-03-13,O-,30,6,3,1,72
2022-03-14,A+,38,0,3,0,73
2022-03-14,A-,26,0,3,0,73
2022-03-14,B+,39,0,3,0,73
2022-03-14,B-,27,0,3,0,73
2022-03-14,AB+,36,0,3,0,73
2022-03-14,AB-,22,0,3,0,73
2022-03-14,O+,41,0,3,0,73
2022-03-14,O-,28,0,3,0,73
2022-03-15,A+,40,1,3,0,74
2022-03-15,A-,32,1,3,0,74
2022-03-15,B+,41,1,3,0,74
2022-03-15,B-,27,1,3,0,74
2022-03-15,AB+,37,1,3,0,74
2022-03-15,AB-,27,1,3,0,74
2022-03-15,O+,41,1,3,0,74
2022-03-15,O-,27,1,3,0,74
2022-03-16,A+,36,2,3,0,75
2022-03-16,A-,30,2,3,0,75
2022-03-16,B+,40,2,3,0,75
2022-03-16,B-,31,2,3,0,75
2022-03-16,AB+,36,2,3,0,75
2022-03-16,AB-,26,2,3,0,75
2022-03-16,O+,43,2,3,0,75
2022-03-16,O-,27,2,3,0,75
2022-03-17,A+,40,3,3,0,76
2022-03-17,A-,27,3,3,0,76
2022-03-17,B+,41,3,3,0,76
2022-03-17,B-,29,3,3,0,76
2022-03-17,AB+,37,3,3,0,76
2022-03-17,AB-,22,3,3,0,76
2022-03-17,O+,39,3,3,0,76
2022-03-17,O-,26,3,3,0,76
2022-03-18,A+,38,4,3,0,77
2022-03-18,A-,27,4,3,0,77
2022-03-18,B+,39,4,3,0,77
2022-03-18,B-,28,4,3,0,77
2022-03-18,AB+,35,4,3,0,77
2022-03-18,AB-,24,4,3,0,77
2022-03-18,O+,40,4,3,0,77
2022-03-18,O-,24,4,3,0,77
2022-03-19,A+,43,5,3,1,78
2022-03-19,A-,33,5,3,1,78
2022-03-19,B+,43,5,3,1,78
2022-03-19,B-,34,5,3,1,78
2022-03-19,AB+,39,5,3,1,78
2022-03-19,AB-,29,5,3,1,78
2022-03-19,O+,46,5,3,1,78
2022-03-19,O-,31,5,3,1,78
2022-03-20,A+,43,6,3,1,79
2022-03-20,A-,34,6,3,1,79
2022-03-20,B+,45,6,3,1,79
2022-03-20,B-,34,6,3,1,79
2022-03-20,AB+,41,6,3,1,79
2022-03-20,AB-,29,6,3,1,79
2022-03-20,O+,46,6,3,1,79
2022-03-20,O-,31,6,3,1,79
2022-03-21,A+,37,0,3,0,80
2022-03-21,A-,30,0,3,0,80
2022-03-21,B+,40,0,3,0,80
2022-03-21,B-,29,0,3,0,80
2022-03-21,AB+,34,0,3,0,80
2022-03-21,AB-,25,0,3,0,80
2022-03-21,O+,41,0,3,0,80
2022-03-21,O-,26,0,3,0,80
2022-03-22,A+,40,1,3,0,81
2022-03-22,A-,30,1,3,0,81
2022-03-22,B+,40,1,3,0,81
2022-03-22,B-,31,1,3,0,81
2022-03-22,AB+,35,1,3,0,81
2022-03-22,AB-,26,1,3,0,81
2022-03-22,O+,44,1,3,0,81
2022-03-22,O-,27,1,3,0,81
2022-03-23,A+,39,2,3,0,82
2022-03-23,A-,32,2,3,0,82
2022-03-23,B+,39,2,3,0,82
2022-03-23,B-,31,2,3,0,82
2022-03-23,AB+,36,2,3,0,82
2022-03-23,AB-,27,2,3,0,82
2022-03-23,O+,41,2,3,0,82
2022-03-23,O-,29,2,3,0,82
2022-03-24,A+,37,3,3,0,83
2022-03-24,A-,31,3,3,0,83
2022-03-24,B+,38,3,3,0,83
2022-03-24,B-,31,3,3,0,83
2022-03-24,AB+,36,3,3,0,83
2022-03-24,AB-,28,3,3,0,83
2022-03-24,O+,41,3,3,0,83
2022-03-24,O-,26,3,3,0,83
2022-03-25,A+,39,4,3,0,84
2022-03-25,A-,26,4,3,0,84
2022-03-25,B+,37,4,3,0,84
2022-03-25,B-,28,4,3,0,84
2022-03-25,AB+,33,4,3,0,84
2022-03-25,AB-,25,4,3,0,84
2022-03-25,O+,40,4,3,0,84
2022-03-25,O-,23,4,3,0,84
2022-03-26,A+,44,5,3,1,85
2022-03-26,A-,33,5,3,1,85
2022-03-26,B+,45,5,3,1,85
2022-03-26,B-,33,5,3,1,85
2022-03-26,AB+,39,5,3,1,85
2022-03-26,AB-,29,5,3,1,85
2022-03-26,O+,46,5,3,1,85
2022-03-26,O-,30,5,3,1,85
2022-03-27,A+,45,6,3,1,86
2022-03-27,A-,36,6,3,1,86
2022-03-27,B+,46,6,3,1,86
2022-03-27,B-,34,6,3,1,86
2022-03-27,AB+,40,6,3,1,86
2022-03-27,AB-,30,6,3,1,86
2022-03-27,O+,46,6,3,1,86
2022-03-27,O-,32,6,3,1,86
2022-03-28,A+,39,0,3,0,87
2022-03-28,A-,30,0,3,0,87
2022-03-28,B+,39,0,3,0,87
2022-03-28,B-,26,0,3,0,87
2022-03-28,AB+,34,0,3,0,87
2022-03-28,AB-,27,0,3,0,87
2022-03-28,O+,39,0,3,0,87
2022-03-28,O-,27,0,3,0,87
2022-03-29,A+,39,1,3,0,88
2022-03-29,A-,29,1,3,0,88
2022-03-29,B+,41,1,3,0,88
2022-03-29,B-,31,1,3,0,88
2022-03-29,AB+,37,1,3,0,88
2022-03-29,AB-,26,1,3,0,88
2022-03-29,O+,41,1,3,0,88
2022-03-29,O-,27,1,3,0,88
2022-03-30,A+,38,2,3,0,89
2022-03-30,A-,31,2,3,0,89
2022-03-30,B+,41,2,3,0,89
2022-03-30,B-,27,2,3,0,89
2022-03-30,AB+,39,2,3,0,89
2022-03-30,AB-,25,2,3,0,89
2022-03-30,O+,43,2,3,0,89
2022-03-30,O-,29,2,3,0,89
2022-03-31,A+,40,3,3,0,90
2022-03-31,A-,29,3,3,0,90
2022-03-31,B+,37,3,3,0,90
2022-03-31,B-,30,3,3,0,90
2022-03-31,AB+,34,3,3,0,90
2022-03-31,AB-,26,3,3,0,90
2022-03-31,O+,42,3,3,0,90
2022-03-31,O-,23,3,3,0,90
2022-04-01,A+,35,4,4,0,91
2022-04-01,A-,28,4,4,0,91
2022-04-01,B+,35,4,4,0,91
2022-04-01,B-,26,4,4,0,91
2022-04-01,AB+,34,4,4,0,91
2022-04-01,AB-,24,4,4,0,91
2022-04-01,O+,40,4,4,0,91
2022-04-01,O-,26,4,4,0,91
2022-04-02,A+,41,5,4,1,92
2022-04-02,A-,33,5,4,1,92
2022-04-02,B+,45,5,4,1,92
2022-04-02,B-,35,5,4,1,92
2022-04-02,AB+,39,5,4,1,92
2022-04-02,AB-,30,5,4,1,92
2022-04-02,O+,47,5,4,1,92
2022-04-02,O-,31,5,4,1,92
2022-04-03,A+,43,6,4,1,93
2022-04-03,A-,34,6,4,1,93
2022-04-03,B+,47,6,4,1,93
2022-04-03,B-,34,6,4,1,93
2022-04-03,AB+,41,6,4,1,93
2022-04-03,AB-,31,6,4,1,93
2022-04-03,O+,45,6,4,1,93
2022-04-03,O-,31,6,4,1,93
2022-04-04,A+,38,0,4,0,94
2022-04-04,A-,29,0,4,0,94
2022-04-04,B+,39,0,4,0,94
2022-04-04,B-,27,0,4,0,94
2022-04-04,AB+,34,0,4,0,94
2022-04-04,AB-,26,0,4,0,94
2022-04-04,O+,40,0,4,0,94
2022-04-04,O-,26,0,4,0,94
2022-04-05,A+,37,1,4,0,95
2022-04-05,A-,32,1,4,0,95
2022-04-05,B+,41,1,4,0,95
2022-04-05,B-,30,1,4,0,95
2022-04-05,AB+,37,1,4,0,95
2022-04-05,AB-,25,1,4,0,95
2022-04-05,O+,43,1,4,0,95
2022-04-05,O-,27,1,4,0,95
2022-04-06,A+,39,2,4,0,96
2022-04-06,A-,32,2,4,0,96
2022-04-06,B+,43,2,4,0,96
2022-04-06,B-,32,2,4,0,96
2022-04-06,AB+,38,2,4,0,96
2022-04-06,AB-,27,2,4,0,96
2022-04-06,O+,43,2,4,0,96
2022-04-06,O-,27,2,4,0,96
2022-04-07,A+,39,3,4,0,97
2022-04-07,A-,31,3,4,0,97
2022-04-07,B+,42,3,4,0,97
2022-04-07,B-,28,3,4,0,97
2022-04-07,AB+,33,3,4,0,97
2022-04-07,AB-,25,3,4,0,97
2022-04-07,O+,43,3,4,0,97
2022-04-07,O-,29,3,4,0,97
2022-04-08,A+,39,4,4,0,98
2022-04-08,A-,30,4,4,0,98
2022-04-08,B+,37,4,4,0,98
2022-04-08,B-,26,4,4,0,98
2022-04-08,AB+,33,4,4,0,98
2022-04-08,AB-,23,4,4,0,98
2022-04-08,O+,41,4,4,0,98
2022-04-08,O-,27,4,4,0,98
2022-04-09,A+,43,5,4,1,99
2022-04-09,A-,34,5,4,1,99
2022-04-09,B+,43,5,4,1,99
2022-04-09,B-,33,5,4,1,99
2022-04-09,AB+,40,5,4,1,99
2022-04-09,AB-,28,5,4,1,99
2022-04-09,O+,47,5,4,1,99
2022-04-09,O-,30,5,4,1,99
2022-04-10,A+,44,6,4,1,100
2022-04-10,A-,34,6,4,1,100
2022-04-10,B+,45,6,4,1,100
2022-04-10,B-,33,6,4,1,100
2022-04-10,AB+,40,6,4,1,100
2022-04-10,AB-,31,6,4,1,100
2022-04-10,O+,46,6,4,1,100
2022-04-10,O-,30,6,4,1,100
2022-04-11,A+,38,0,4,0,101
2022-04-11,A-,29,0,4,0,101
2022-04-11,B+,41,0,4,0,101
2022-04-11,B-,29,0,4,0,101
2022-04-11,AB+,35,0,4,0,101
2022-04-11,AB-,24,0,4,0,101
2022-04-11,O+,41,0,4,0,101
2022-04-11,O-,25,0,4,0,101
2022-04-12,A+,40,1,4,0,102
2022-04-12,A-,32,1,4,0,102
2022-04-12,B+,42,1,4,0,102
2022-04-12,B-,29,1,4,0,102
2022-04-12,AB+,36,1,4,0,102
2022-04-12,AB-,26,1,4,0,102
2022-04-12,O+,40,1,4,0,102
2022-04-12,O-,26,1,4,0,102
2022-04-13,A+,40,2,4,0,103
2022-04-13,A-,31,2,4,0,103
2022-04-13,B+,41,2,4,0,103
2022-04-13,B-,29,2,4,0,103
2022-04-13,AB+,36,2,4,0,103
2022-04-13,AB-,27,2,4,0,103
2022-04-13,O+,42,2,4,0,103
2022-04-13,O-,29,2,4,0,103
2022-04-14,A+,37,3,4,0,104
2022-04-14,A-,28,3,4,0,104
2022-04-14,B+,39,3,4,0,104
2022-04-14,B-,27,3,4,0,104
2022-04-14,AB+,33,3,4,0,104
2022-04-14,AB-,24,3,4,0,104
2022-04-14,O+,41,3,4,0,104
2022-04-14,O-,28,3,4,0,104
2022-04-15,A+,38,4,4,0,105
2022-04-15,A-,30,4,4,0,105
2022-04-15,B+,38,4,4,0,105
2022-04-15,B-,27,4,4,0,105
2022-04-15,AB+,34,4,4,0,105
2022-04-15,AB-,24,4,4,0,105
2022-04-15,O+,42,4,4,0,105
2022-04-15,O-,25,4,4,0,105
2022-04-16,A+,43,5,4,1,106
2022-04-16,A-,33,5,4,1,106
2022-04-16,B+,44,5,4,1,106
2022-04-16,B-,34,5,4,1,106
2022-04-16,AB+,41,5,4,1,106
2022-04-16,AB-,31,5,4,1,106
2022-04-16,O+,46,5,4,1,106
2022-04-16,O-,31,5,4,1,106
2022-04-17,A+,43,6,4,1,107
2022-04-17,A-,34,6,4,1,107
2022-04-17,B+,46,6,4,1,107
2022-04-17,B-,35,6,4,1,107
2022-04-17,AB+,41,6,4,1,107
2022-04-17,AB-,33,6,4,1,107
2022-04-17,O+,43,6,4,1,107
2022-04-17,O-,31,6,4,1,107
2022-04-18,A+,38,0,4,0,108
2022-04-18,A-,28,0,4,0,108
2022-04-18,B+,38,0,4,0,108
2022-04-18,B-,26,0,4,0,108
2022-04-18,AB+,34,0,4,0,108
2022-04-18,AB-,26,0,4,0,108
2022-04-18,O+,42,0,4,0,108
2022-04-18,O-,25,0,4,0,108
2022-04-19,A+,40,1,4,0,109
2022-04-19,A-,32,1,4,0,109
2022-04-19,B+,39,1,4,0,109
2022-04-19,B-,29,1,4,0,109
2022-04-19,AB+,37,1,4,0,109
2022-04-19,AB-,26,1,4,0,109
2022-04-19,O+,43,1,4,0,109
2022-04-19,O-,26,1,4,0,109
2022-04-20,A+,38,2,4,0,110
2022-04-20,A-,32,2,4,0,110
2022-04-20,B+,39,2,4,0,110
2022-04-20,B-,31,2,4,0,110
2022-04-20,AB+,37,2,4,0,110
2022-04-20,AB-,28,2,4,0,110
2022-04-20,O+,42,2,4,0,110
2022-04-20,O-,28,2,4,0,110
2022-04-21,A+,37,3,4,0,111
2022-04-21,A-,29,3,4,0,111
2022-04-21,B+,40,3,4,0,111
2022-04-21,B-,28,3,4,0,111
2022-04-21,AB+,36,3,4,0,111
2022-04-21,AB-,24,3,4,0,111
2022-04-21,O+,42,3,4,0,111
2022-04-21,O-,29,3,4,0,111
2022-04-22,A+,35,4,4,0,112
2022-04-22,A-,28,4,4,0,112
2022-04-22,B+,36,4,4,0,112
2022-04-22,B-,26,4,4,0,112
2022-04-22,AB+,35,4,4,0,112
2022-04-22,AB-,23,4,4,0,112
2022-04-22,O+,41,4,4,0,112
2022-04-22,O-,25,4,4,0,112
2022-04-23,A+,43,5,4,1,113
2022-04-23,A-,32,5,4,1,113
2022-04-23,B+,45,5,4,1,113
2022-04-23,B-,33,5,4,1,113
2022-04-23,AB+,38,5,4,1,113
2022-04-23,AB-,29,5,4,1,113
2022-04-23,O+,42,5,4,1,113
2022-04-23,O-,29,5,4,1,113
2022-04-24,A+,43,6,4,1,114
2022-04-24,A-,33,6,4,1,114
2022-04-24,B+,43,6,4,1,114
2022-04-24,B-,35,6,4,1,114
2022-04-24,AB+,41,6,4,1,114
2022-04-24,AB-,29,6,4,1,114
2022-04-24,O+,47,6,4,1,114
2022-04-24,O-,33,6,4,1,114
2022-04-25,A+,38,0,4,0,115
2022-04-25,A-,29,0,4,0,115
2022-04-25,B+,40,0,4,0,115
2022-04-25,B-,29,0,4,0,115
2022-04-25,AB+,33,0,4,0,115
2022-04-25,AB-,24,0,4,0,115
2022-04-25,O+,40,0,4,0,115
2022-04-25,O-,27,0,4,0,115
2022-04-26,A+,38,1,4,0,116
2022-04-26,A-,29,1,4,0,116
2022-04-26,B+,41,1,4,0,116
2022-04-26,B-,29,1,4,0,116
2022-04-26,AB+,39,1,4,0,116
2022-04-26,AB-,25,1,4,0,116
2022-04-26,O+,41,1,4,0,116
2022-04-26,O-,28,1,4,0,116
2022-04-27,A+,38,2,4,0,117
2022-04-27,A-,32,2,4,0,117
2022-04-27,B+,39,2,4,0,117
2022-04-27,B-,30,2,4,0,117
2022-04-27,AB+,34,2,4,0,117
2022-04-27,AB-,27,2,4,0,117
2022-04-27,O+,41,2,4,0,117
2022-04-27,O-,30,2,4,0,117
2022-04-28,A+,37,3,4,0,118
2022-04-28,A-,28,3,4,0,118
2022-04-28,B+,40,3,4,0,118
2022-04-28,B-,28,3,4,0,118
2022-04-28,AB+,36,3,4,0,118
2022-04-28,AB-,24,3,4,0,118
2022-04-28,O+,40,3,4,0,118
2022-04-28,O-,26,3,4,0,118
2022-04-29,A+,35,4,4,0,119
2022-04-29,A-,28,4,4,0,119
2022-04-29,B+,39,4,4,0,119
2022-04-29,B-,27,4,4,0,119
2022-04-29,AB+,34,4,4,0,119
2022-04-29,AB-,21,4,4,0,119
2022-04-29,O+,39,4,4,0,119
2022-04-29,O-,24,4,4,0,119
2022-04-30,A+,44,5,4,1,120
2022-04-30,A-,33,5,4,1,120
2022-04-30,B+,41,5,4,1,120
2022-04-30,B-,31,5,4,1,120
2022-04-30,AB+,39,5,4,1,120
2022-04-30,AB-,27,5,4,1,120
2022-04-30,O+,47,5,4,1,120
2022-04-30,O-,29,5,4,1,120
2022-05-01,A+,35,6,5,1,121
2022-05-01,A-,24,6,5,1,121
2022-05-01,B+,38,6,5,1,121
2022-05-01,B-,24,6,5,1,121
2022-05-01,AB+,31,6,5,1,121
2022-05-01,AB-,22,6,5,1,121
2022-05-01,O+,37,6,5,1,121
2022-05-01,O-,23,6,5,1,121
2022-05-02,A+,29,0,5,0,122
2022-05-02,A-,20,0,5,0,122
2022-05-02,B+,30,0,5,0,122
2022-05-02,B-,18,0,5,0,122
2022-05-02,AB+,26,0,5,0,122
2022-05-02,AB-,17,0,5,0,122
2022-05-02,O+,30,0,5,0,122
2022-05-02,O-,19,0,5,0,122
2022-05-03,A+,32,1,5,0,123
2022-05-03,A-,20,1,5,0,123
2022-05-03,B+,29,1,5,0,123
2022-05-03,B-,22,1,5,0,123
2022-05-03,AB+,29,1,5,0,123
2022-05-03,AB-,19,1,5,0,123
2022-05-03,O+,32,1,5,0,123
2022-05-03,O-,21,1,5,0,123
2022-05-04,A+,30,2,5,0,124
2022-05-04,A-,22,2,5,0,124
2022-05-04,B+,32,2,5,0,124
2022-05-04,B-,23,2,5,0,124
2022-05-04,AB+,28,2,5,0,124
2022-05-04,AB-,19,2,5,0,124
2022-05-04,O+,34,2,5,0,124
2022-05-04,O-,18,2,5,0,124
2022-05-05,A+,27,3,5,0,125
2022-05-05,A-,21,3,5,0,125
2022-05-05,B+,29,3,5,0,125
2022-05-05,B-,20,3,5,0,125
2022-05-05,AB+,27,3,5,0,125
2022-05-05,AB-,17,3,5,0,125
2022-05-05,O+,32,3,5,0,125
2022-05-05,O-,19,3,5,0,125
2022-05-06,A+,29,4,5,0,126
2022-05-06,A-,18,4,5,0,126
2022-05-06,B+,32,4,5,0,126
2022-05-06,B-,18,4,5,0,126
2022-05-06,AB+,24,4,5,0,126
2022-05-06,AB-,14,4,5,0,126
2022-05-06,O+,29,4,5,0,126
2022-05-06,O-,18,4,5,0,126
2022-05-07,A+,35,5,5,1,127
2022-05-07,A-,26,5,5,1,127
2022-05-07,B+,36,5,5,1,127
2022-05-07,B-,26,5,5,1,127
2022-05-07,AB+,31,5,5,1,127
2022-05-07,AB-,22,5,5,1,127
2022-05-07,O+,36,5,5,1,127
2022-05-07,O-,22,5,5,1,127
2022-05-08,A+,35,6,5,1,128
2022-05-08,A-,22,6,5,1,128
2022-05-08,B+,35,6,5,1,128
2022-05-08,B-,25,6,5,1,128
2022-05-08,AB+,31,6,5,1,128
2022-05-08,AB-,21,6,5,1,128
2022-05-08,O+,38,6,5,1,128
2022-05-08,O-,22,6,5,1,128
2022-05-09,A+,28,0,5,0,129
2022-05-09,A-,21,0,5,0,129
2022-05-09,B+,31,0,5,0,129
2022-05-09,B-,18,0,5,0,129
2022-05-09,AB+,26,0,5,0,129
2022-05-09,AB-,17,0,5,0,129
2022-05-09,O+,32,0,5,0,129
2022-05-09,O-,18,0,5,0,129
2022-05-10,A+,31,1,5,0,130
2022-05-10,A-,21,1,5,0,130
2022-05-10,B+,32,1,5,0,130
2022-05-10,B-,19,1,5,0,130
2022-05-10,AB+,28,1,5,0,130
2022-05-10,AB-,17,1,5,0,130
2022-05-10,O+,33,1,5,0,130
2022-05-10,O-,17,1,5,0,130
2022-05-11,A+,31,2,5,0,131
2022-05-11,A-,22,2,5,0,131
2022-05-11,B+,31,2,5,0,131
2022-05-11,B-,19,2,5,0,131
2022-05-11,AB+,26,2,5,0,131
2022-05-11,AB-,18,2,5,0,131
2022-05-11,O+,34,2,5,0,131
2022-05-11,O-,21,2,5,0,131
2022-05-12,A+,30,3,5,0,132
2022-05-12,A-,19,3,5,0,132
2022-05-12,B+,30,3,5,0,132
2022-05-12,B-,21,3,5,0,132
2022-05-12,AB+,26,3,5,0,132
2022-05-12,AB-,18,3,5,0,132
2022-05-12,O+,33,3,5,0,132
2022-05-12,O-,18,3,5,0,132
2022-05-13,A+,30,4,5,0,133
2022-05-13,A-,17,4,5,0,133
2022-05-13,B+,30,4,5,0,133
2022-05-13,B-,18,4,5,0,133
2022-05-13,AB+,24,4,5,0,133
2022-05-13,AB-,15,4,5,0,133
2022-05-13,O+,33,4,5,0,133
2022-05-13,O-,17,4,5,0,133
2022-05-14,A+,31,5,5,1,134
2022-05-14,A-,24,5,5,1,134
2022-05-14,B+,36,5,5,1,134
2022-05-14,B-,24,5,5,1,134
2022-05-14,AB+,31,5,5,1,134
2022-05-14,AB-,19,5,5,1,134
2022-05-14,O+,36,5,5,1,134
2022-05-14,O-,20,5,5,1,134
2022-05-15,A+,32,6,5,1,135
2022-05-15,A-,24,6,5,1,135
2022-05-15,B+,34,6,5,1,135
2022-05-15,B-,23,6,5,1,135
2022-05-15,AB+,30,6,5,1,135
2022-05-15,AB-,22,6,5,1,135
2022-05-15,O+,36,6,5,1,135
2022-05-15,O-,24,6,5,1,135
2022-05-16,A+,28,0,5,0,136
2022-05-16,A-,20,0,5,0,136
2022-05-16,B+,30,0,5,0,136
2022-05-16,B-,18,0,5,0,136
2022-05-16,AB+,25,0,5,0,136
2022-05-16,AB-,15,0,5,0,136
2022-05-16,O+,32,0,5,0,136
2022-05-16,O-,16,0,5,0,136
2022-05-17,A+,29,1,5,0,137
2022-05-17,A-,21,1,5,0,137
2022-05-17,B+,31,1,5,0,137
2022-05-17,B-,22,1,5,0,137
2022-05-17,AB+,27,1,5,0,137
2022-05-17,AB-,17,1,5,0,137
2022-05-17,O+,34,1,5,0,137
2022-05-17,O-,17,1,5,0,137
2022-05-18,A+,28,2,5,0,138
2022-05-18,A-,21,2,5,0,138
2022-05-18,B+,33,2,5,0,138
2022-05-18,B-,22,2,5,0,138
2022-05-18,AB+,25,2,5,0,138
2022-05-18,AB-,18,2,5,0,138
2022-05-18,O+,31,2,5,0,138
2022-05-18,O-,19,2,5,0,138
2022-05-19,A+,30,3,5,0,139
2022-05-19,A-,18,3,5,0,139
2022-05-19,B+,31,3,5,0,139
2022-05-19,B-,21,3,5,0,139
2022-05-19,AB+,26,3,5,0,139
2022-05-19,AB-,16,3,5,0,139
2022-05-19,O+,34,3,5,0,139
2022-05-19,O-,16,3,5,0,139
2022-05-20,A+,26,4,5,0,140
2022-05-20,A-,17,4,5,0,140
2022-05-20,B+,29,4,5,0,140
2022-05-20,B-,18,4,5,0,140
2022-05-20,AB+,24,4,5,0,140
2022-05-20,AB-,14,4,5,0,140
2022-05-20,O+,30,4,5,0,140
2022-05-20,O-,15,4,5,0,140
2022-05-21,A+,32,5,5,1,141
2022-05-21,A-,23,5,5,1,141
2022-05-21,B+,32,5,5,1,141
2022-05-21,B-,23,5,5,1,141
2022-05-21,AB+,28,5,5,1,141
2022-05-21,AB-,21,5,5,1,141
2022-05-21,O+,36,5,5,1,141
2022-05-21,O-,21,5,5,1,141
2022-05-22,A+,33,6,5,1,142
2022-05-22,A-,24,6,5,1,142
2022-05-22,B+,36,6,5,1,142
2022-05-22,B-,22,6,5,1,142
2022-05-22,AB+,29,6,5,1,142
2022-05-22,AB-,21,6,5,1,142
2022-05-22,O+,36,6,5,1,142
2022-05-22,O-,22,6,5,1,142
2022-05-23,A+,29,0,5,0,143
2022-05-23,A-,18,0,5,0,143
2022-05-23,B+,30,0,5,0,143
2022-05-23,B-,17,0,5,0,143
2022-05-23,AB+,25,0,5,0,143
2022-05-23,AB-,14,0,5,0,143
2022-05-23,O+,31,0,5,0,143
2022-05-23,O-,16,0,5,0,143
2022-05-24,A+,28,1,5,0,144
2022-05-24,A-,19,1,5,0,144
2022-05-24,B+,32,1,5,0,144
2022-05-24,B-,19,1,5,0,144
2022-05-24,AB+,28,1,5,0,144
2022-05-24,AB-,16,1,5,0,144
2022-05-24,O+,34,1,5,0,144
2022-05-24,O-,17,1,5,0,144
2022-05-25,A+,32,2,5,0,145
2022-05-25,A-,21,2,5,0,145
2022-05-25,B+,31,2,5,0,145
2022-05-25,B-,19,2,5,0,145
2022-05-25,AB+,28,2,5,0,145
2022-05-25,AB-,18,2,5,0,145
2022-05-25,O+,33,2,5,0,145
2022-05-25,O-,15,2,5,0,145
2022-05-26,A+,27,3,5,0,146
2022-05-26,A-,18,3,5,0,146
2022-05-26,B+,30,3,5,0,146
2022-05-26,B-,18,3,5,0,146
2022-05-26,AB+,25,3,5,0,146
2022-05-26,AB-,15,3,5,0,146
2022-05-26,O+,34,3,5,0,146
2022-05-26,O-,17,3,5,0,146
2022-05-27,A+,27,4,5,0,147
2022-05-27,A-,17,4,5,0,147
2022-05-27,B+,28,4,5,0,147
2022-05-27,B-,16,4,5,0,147
2022-05-27,AB+,24,4,5,0,147
2022-05-27,AB-,13,4,5,0,147
2022-05-27,O+,31,4,5,0,147
2022-05-27,O-,14,4,5,0,147
2022-05-28,A+,34,5,5,1,148
2022-05-28,A-,26,5,5,1,148
2022-05-28,B+,34,5,5,1,148
2022-05-28,B-,24,5,5,1,148
2022-05-28,AB+,31,5,5,1,148
2022-05-28,AB-,18,5,5,1,148
2022-05-28,O+,36,5,5,1,148
2022-05-28,O-,21,5,5,1,148
2022-05-29,A+,34,6,5,1,149
2022-05-29,A-,24,6,5,1,149
2022-05-29,B+,34,6,5,1,149
2022-05-29,B-,23,6,5,1,149
2022-05-29,AB+,30,6,5,1,149
2022-05-29,AB-,19,6,5,1,149
2022-05-29,O+,36,6,5,1,149
2022-05-29,O-,19,6,5,1,149
2022-05-30,A+,27,0,5,0,150
2022-05-30,A-,18,0,5,0,150
2022-05-30,B+,28,0,5,0,150
2022-05-30,B-,16,0,5,0,150
2022-05-30,AB+,25,0,5,0,150
2022-05-30,AB-,14,0,5,0,150
2022-05-30,O+,30,0,5,0,150
2022-05-30,O-,14,0,5,0,150
2022-05-31,A+,29,1,5,0,151
2022-05-31,A-,22,1,5,0,151
2022-05-31,B+,32,1,5,0,151
2022-05-31,B-,20,1,5,0,151
2022-05-31,AB+,26,1,5,0,151
2022-05-31,AB-,17,1,5,0,151
2022-05-31,O+,31,1,5,0,151
2022-05-31,O-,17,1,5,0,151
2022-06-01,A+,29,2,6,0,152
2022-06-01,A-,22,2,6,0,152
2022-06-01,B+,31,2,6,0,152
2022-06-01,B-,19,2,6,0,152
2022-06-01,AB+,29,2,6,0,152
2022-06-01,AB-,17,2,6,0,152
2022-06-01,O+,33,2,6,0,152
2022-06-01,O-,18,2,6,0,152
2022-06-02,A+,27,3,6,0,153
2022-06-02,A-,18,3,6,0,153
2022-06-02,B+,29,3,6,0,153
2022-06-02,B-,18,3,6,0,153
2022-06-02,AB+,26,3,6,0,153
2022-06-02,AB-,14,3,6,0,153
2022-06-02,O+,31,3,6,0,153
2022-06-02,O-,16,3,6,0,153
2022-06-03,A+,27,4,6,0,154
2022-06-03,A-,18,4,6,0,154
2022-06-03,B+,26,4,6,0,154
2022-06-03,B-,14,4,6,0,154
2022-06-03,AB+,22,4,6,0,154
2022-06-03,AB-,13,4,6,0,154
2022-06-03,O+,28,4,6,0,154
2022-06-03,O-,14,4,6,0,154
2022-06-04,A+,34,5,6,1,155
2022-06-04,A-,24,5,6,1,155
2022-06-04,B+,34,5,6,1,155
2022-06-04,B-,24,5,6,1,155
2022-06-04,AB+,28,5,6,1,155
2022-06-04,AB-,19,5,6,1,155
2022-06-04,O+,36,5,6,1,155
2022-06-04,O-,20,5,6,1,155
2022-06-05,A+,32,6,6,1,156
2022-06-05,A-,26,6,6,1,156
2022-06-05,B+,34,6,6,1,156
2022-06-05,B-,25,6,6,1,156
2022-06-05,AB+,27,6,6,1,156
2022-06-05,AB-,19,6,6,1,156
2022-06-05,O+,36,6,6,1,156
2022-06-05,O-,21,6,6,1,156
2022-06-06,A+,25,0,6,0,157
2022-06-06,A-,18,0,6,0,157
2022-06-06,B+,31,0,6,0,157
2022-06-06,B-,17,0,6,0,157
2022-06-06,AB+,25,0,6,0,157
2022-06-06,AB-,13,0,6,0,157
2022-06-06,O+,30,0,6,0,157
2022-06-06,O-,15,0,6,0,157
2022-06-07,A+,30,1,6,0,158
2022-06-07,A-,21,1,6,0,158
2022-06-07,B+,30,1,6,0,158
2022-06-07,B-,19,1,6,0,158
2022-06-07,AB+,24,1,6,0,158
2022-06-07,AB-,14,1,6,0,158
2022-06-07,O+,32,1,6,0,158
2022-06-07,O-,18,1,6,0,158
2022-06-08,A+,31,2,6,0,159
2022-06-08,A-,19,2,6,0,159
2022-06-08,B+,28,2,6,0,159
2022-06-08,B-,20,2,6,0,159
2022-06-08,AB+,25,2,6,0,159
2022-06-08,AB-,14,2,6,0,159
2022-06-08,O+,31,2,6,0,159
2022-06-08,O-,16,2,6,0,159
2022-06-09,A+,29,3,6,0,160
2022-06-09,A-,20,3,6,0,160
2022-06-09,B+,28,3,6,0,160
2022-06-09,B-,19,3,6,0,160
2022-06-09,AB+,25,3,6,0,160
2022-06-09,AB-,16,3,6,0,160
2022-06-09,O+,32,3,6,0,160
2022-06-09,O-,15,3,6,0,160
2022-06-10,A+,27,4,6,0,161
2022-06-10,A-,16,4,6,0,161
2022-06-10,B+,28,4,6,0,161
2022-06-10,B-,16,4,6,0,161
2022-06-10,AB+,24,4,6,0,161
2022-06-10,AB-,15,4,6,0,161
2022-06-10,O+,30,4,6,0,161
2022-06-10,O-,14,4,6,0,161
2022-06-11,A+,32,5,6,1,162
2022-06-11,A-,19,5,6,1,162
2022-06-11,B+,32,5,6,1,162
2022-06-11,B-,23,5,6,1,162
2022-06-11,AB+,30,5,6,1,162
2022-06-11,AB-,18,5,6,1,162
2022-06-11,O+,35,5,6,1,162
2022-06-11,O-,20,5,6,1,162
2022-06-12,A+,33,6,6,1,163
2022-06-12,A-,26,6,6,1,163
2022-06-12,B+,34,6,6,1,163
2022-06-12,B-,21,6,6,1,163
2022-06-12,AB+,29,6,6,1,163
2022-06-12,AB-,21,6,6,1,163
2022-06-12,O+,33,6,6,1,163
2022-06-12,O-,19,6,6,1,163
2022-06-13,A+,27,0,6,0,164
2022-06-13,A-,19,0,6,0,164
2022-06-13,B+,28,0,6,0,164
2022-06-13,B-,16,0,6,0,164
2022-06-13,AB+,24,0,6,0,164
2022-06-13,AB-,14,0,6,0,164
2022-06-13,O+,30,0,6,0,164
2022-06-13,O-,14,0,6,0,164
2022-06-14,A+,28,1,6,0,165
2022-06-14,A-,18,1,6,0,165
2022-06-14,B+,32,1,6,0,165
2022-06-14,B-,18,1,6,0,165
2022-06-14,AB+,26,1,6,0,165
2022-06-14,AB-,15,1,6,0,165
2022-06-14,O+,32,1,6,0,165
2022-06-14,O-,14,1,6,0,165
2022-06-15,A+,26,2,6,0,166
2022-06-15,A-,19,2,6,0,166
2022-06-15,B+,32,2,6,0,166
2022-06-15,B-,20,2,6,0,166
2022-06-15,AB+,24,2,6,0,166
2022-06-15,AB-,16,2,6,0,166
2022-06-15,O+,31,2,6,0,166
2022-06-15,O-,17,2,6,0,166
2022-06-16,A+,28,3,6,0,167
2022-06-16,A-,19,3,6,0,167
2022-06-16,B+,26,3,6,0,167
2022-06-16,B-,16,3,6,0,167
2022-06-16,AB+,24,3,6,0,167
2022-06-16,AB-,13,3,6,0,167
2022-06-16,O+,29,3,6,0,167
2022-06-16,O-,16,3,6,0,167
2022-06-17,A+,24,4,6,0,168
2022-06-17,A-,19,4,6,0,168
2022-06-17,B+,26,4,6,0,168
2022-06-17,B-,15,4,6,0,168
2022-06-17,AB+,23,4,6,0,168
2022-06-17,AB-,11,4,6,0,168
2022-06-17,O+,29,4,6,0,168
2022-06-17,O-,14,4,6,0,168
2022-06-18,A+,31,5,6,1,169
2022-06-18,A-,23,5,6,1,169
2022-06-18,B+,33,5,6,1,169
2022-06-18,B-,23,5,6,1,169
2022-06-18,AB+,31,5,6,1,169
2022-06-18,AB-,17,5,6,1,169
2022-06-18,O+,33,5,6,1,169
2022-06-18,O-,19,5,6,1,169
2022-06-19,A+,29,6,6,1,170
2022-06-19,A-,23,6,6,1,170
2022-06-19,B+,33,6,6,1,170
2022-06-19,B-,22,6,6,1,170
2022-06-19,AB+,28,6,6,1,170
2022-06-19,AB-,19,6,6,1,170
2022-06-19,O+,35,6,6,1,170
2022-06-19,O-,20,6,6,1,170
2022-06-20,A+,24,0,6,0,171
2022-06-20,A-,17,0,6,0,171
2022-06-20,B+,29,0,6,0,171
2022-06-20,B-,16,0,6,0,171
2022-06-20,AB+,23,0,6,0,171
2022-06-20,AB-,15,0,6,0,171
2022-06-20,O+,28,0,6,0,171
2022-06-20,O-,15,0,6,0,171
2022-06-21,A+,27,1,6,0,172
2022-06-21,A-,20,1,6,0,172
2022-06-21,B+,29,1,6,0,172
2022-06-21,B-,17,1,6,0,172
2022-06-21,AB+,24,1,6,0,172
2022-06-21,AB-,16,1,6,0,172
2022-06-21,O+,28,1,6,0,172
2022-06-21,O-,15,1,6,0,172
2022-06-22,A+,29,2,6,0,173
2022-06-22,A-,18,2,6,0,173
2022-06-22,B+,29,2,6,0,173
2022-06-22,B-,15,2,6,0,173
2022-06-22,AB+,24,2,6,0,173
2022-06-22,AB-,16,2,6,0,173
2022-06-22,O+,30,2,6,0,173
2022-06-22,O-,14,2,6,0,173
2022-06-23,A+,28,3,6,0,174
2022-06-23,A-,18,3,6,0,174
2022-06-23,B+,26,3,6,0,174
2022-06-23,B-,17,3,6,0,174
2022-06-23,AB+,22,3,6,0,174
2022-06-23,AB-,13,3,6,0,174
2022-06-23,O+,30,3,6,0,174
2022-06-23,O-,14,3,6,0,174
2022-06-24,A+,26,4,6,0,175
2022-06-24,A-,17,4,6,0,175
2022-06-24,B+,26,4,6,0,175
2022-06-24,B-,15,4,6,0,175
2022-06-24,AB+,20,4,6,0,175
2022-06-24,AB-,13,4,6,0,175
2022-06-24,O+,28,4,6,0,175
2022-06-24,O-,12,4,6,0,175
2022-06-25,A+,31,5,6,1,176
2022-06-25,A-,23,5,6,1,176
2022-06-25,B+,32,5,6,1,176
2022-06-25,B-,19,5,6,1,176
2022-06-25,AB+,29,5,6,1,176
2022-06-25,AB-,18,5,6,1,176
2022-06-25,O+,34,5,6,1,176
2022-06-25,O-,18,5,6,1,176
2022-06-26,A+,32,6,6,1,177
2022-06-26,A-,22,6,6,1,177
2022-06-26,B+,33,6,6,1,177
2022-06-26,B-,19,6,6,1,177
2022-06-26,AB+,26,6,6,1,177
2022-06-26,AB-,18,6,6,1,177
2022-06-26,O+,36,6,6,1,177
2022-06-26,O-,21,6,6,1,177
2022-06-27,A+,24,0,6,0,178
2022-06-27,A-,16,0,6,0,178
2022-06-27,B+,27,0,6,0,178
2022-06-27,B-,16,0,6,0,178
2022-06-27,AB+,23,0,6,0,178
2022-06-27,AB-,11,0,6,0,178
2022-06-27,O+,28,0,6,0,178
2022-06-27,O-,11,0,6,0,178
2022-06-28,A+,28,1,6,0,179
2022-06-28,A-,17,1,6,0,179
2022-06-28,B+,26,1,6,0,179
2022-06-28,B-,17,1,6,0,179
2022-06-28,AB+,23,1,6,0,179
2022-06-28,AB-,15,1,6,0,179
2022-06-28,O+,29,1,6,0,179
2022-06-28,O-,18,1,6,0,179
2022-06-29,A+,28,2,6,0,180
2022-06-29,A-,20,2,6,0,180
2022-06-29,B+,27,2,6,0,180
2022-06-29,B-,19,2,6,0,180
2022-06-29,AB+,23,2,6,0,180
2022-06-29,AB-,14,2,6,0,180
2022-06-29,O+,32,2,6,0,180
2022-06-29,O-,16,2,6,0,180
2022-06-30,A+,25,3,6,0,181
2022-06-30,A-,18,3,6,0,181
2022-06-30,B+,27,3,6,0,181
2022-06-30,B-,15,3,6,0,181
2022-06-30,AB+,21,3,6,0,181
2022-06-30,AB-,14,3,6,0,181
2022-06-30,O+,29,3,6,0,181
2022-06-30,O-,14,3,6,0,181
2022-07-01,A+,22,4,7,0,182
2022-07-01,A-,15,4,7,0,182
2022-07-01,B+,26,4,7,0,182
2022-07-01,B-,16,4,7,0,182
2022-07-01,AB+,21,4,7,0,182
2022-07-01,AB-,13,4,7,0,182
2022-07-01,O+,28,4,7,0,182
2022-07-01,O-,12,4,7,0,182
2022-07-02,A+,29,5,7,1,183
2022-07-02,A-,20,5,7,1,183
2022-07-02,B+,32,5,7,1,183
2022-07-02,B-,19,5,7,1,183
2022-07-02,AB+,26,5,7,1,183
2022-07-02,AB-,17,5,7,1,183
2022-07-02,O+,33,5,7,1,183
2022-07-02,O-,19,5,7,1,183
2022-07-03,A+,30,6,7,1,184
2022-07-03,A-,22,6,7,1,184
2022-07-03,B+,32,6,7,1,184
2022-07-03,B-,18,6,7,1,184
2022-07-03,AB+,28,6,7,1,184
2022-07-03,AB-,14,6,7,1,184
2022-07-03,O+,32,6,7,1,184
2022-07-03,O-,19,6,7,1,184
2022-07-04,A+,25,0,7,0,185
2022-07-04,A-,14,0,7,0,185
2022-07-04,B+,24,0,7,0,185
2022-07-04,B-,12,0,7,0,185
2022-07-04,AB+,20,0,7,0,185
2022-07-04,AB-,12,0,7,0,185
2022-07-04,O+,27,0,7,0,185
2022-07-04,O-,13,0,7,0,185
2022-07-05,A+,26,1,7,0,186
2022-07-05,A-,17,1,7,0,186
2022-07-05,B+,28,1,7,0,186
2022-07-05,B-,16,1,7,0,186
2022-07-05,AB+,24,1,7,0,186
2022-07-05,AB-,10,1,7,0,186
2022-07-05,O+,31,1,7,0,186
2022-07-05,O-,13,1,7,0,186
2022-07-06,A+,25,2,7,0,187
2022-07-06,A-,17,2,7,0,187
2022-07-06,B+,29,2,7,0,187
2022-07-06,B-,15,2,7,0,187
2022-07-06,AB+,23,2,7,0,187
2022-07-06,AB-,12,2,7,0,187
2022-07-06,O+,30,2,7,0,187
2022-07-06,O-,15,2,7,0,187
2022-07-07,A+,27,3,7,0,188
2022-07-07,A-,19,3,7,0,188
2022-07-07,B+,27,3,7,0,188
2022-07-07,B-,16,3,7,0,188
2022-07-07,AB+,21,3,7,0,188
2022-07-07,AB-,15,3,7,0,188
2022-07-07,O+,29,3,7,0,188
2022-07-07,O-,13,3,7,0,188
2022-07-08,A+,24,4,7,0,189
2022-07-08,A-,14,4,7,0,189
2022-07-08,B+,22,4,7,0,189
2022-07-08,B-,14,4,7,0,189
2022-07-08,AB+,22,4,7,0,189
2022-07-08,AB-,11,4,7,0,189
2022-07-08,O+,27,4,7,0,189
2022-07-08,O-,12,4,7,0,189
2022-07-09,A+,30,5,7,1,190
2022-07-09,A-,21,5,7,1,190
2022-07-09,B+,30,5,7,1,190
2022-07-09,B-,19,5,7,1,190
2022-07-09,AB+,28,5,7,1,190
2022-07-09,AB-,17,5,7,1,190
2022-07-09,O+,33,5,7,1,190
2022-07-09,O-,18,5,7,1,190
2022-07-10,A+,30,6,7,1,191
2022-07-10,A-,22,6,7,1,191
2022-07-10,B+,30,6,7,1,191
2022-07-10,B-,19,6,7,1,191
2022-07-10,AB+,26,6,7,1,191
2022-07-10,AB-,18,6,7,1,191
2022-07-10,O+,34,6,7,1,191
2022-07-10,O-,16,6,7,1,191
2022-07-11,A+,25,0,7,0,192
2022-07-11,A-,17,0,7,0,192
2022-07-11,B+,25,0,7,0,192
2022-07-11,B-,15,0,7,0,192
2022-07-11,AB+,22,0,7,0,192
2022-07-11,AB-,10,0,7,0,192
2022-07-11,O+,27,0,7,0,192
2022-07-11,O-,14,0,7,0,192
2022-07-12,A+,25,1,7,0,193
2022-07-12,A-,18,1,7,0,193
2022-07-12,B+,27,1,7,0,193
2022-07-12,B-,15,1,7,0,193
2022-07-12,AB+,23,1,7,0,193
2022-07-12,AB-,12,1,7,0,193
2022-07-12,O+,28,1,7,0,193
2022-07-12,O-,13,1,7,0,193
2022-07-13,A+,26,2,7,0,194
2022-07-13,A-,17,2,7,0,194
2022-07-13,B+,27,2,7,0,194
2022-07-13,B-,16,2,7,0,194
2022-07-13,AB+,24,2,7,0,194
2022-07-13,AB-,12,2,7,0,194
2022-07-13,O+,29,2,7,0,194
2022-07-13,O-,12,2,7,0,194
2022-07-14,A+,25,3,7,0,195
2022-07-14,A-,16,3,7,0,195
2022-07-14,B+,26,3,7,0,195
2022-07-14,B-,15,3,7,0,195
2022-07-14,AB+,22,3,7,0,195
2022-07-14,AB-,12,3,7,0,195
2022-07-14,O+,27,3,7,0,195
2022-07-14,O-,11,3,7,0,195
2022-07-15,A+,23,4,7,0,196
2022-07-15,A-,13,4,7,0,196
2022-07-15,B+,24,4,7,0,196
2022-07-15,B-,12,4,7,0,196
2022-07-15,AB+,20,4,7,0,196
2022-07-15,AB-,10,4,7,0,196
2022-07-15,O+,27,4,7,0,196
2022-07-15,O-,12,4,7,0,196
2022-07-16,A+,29,5,7,1,197
2022-07-16,A-,20,5,7,1,197
2022-07-16,B+,30,5,7,1,197
2022-07-16,B-,22,5,7,1,197
2022-07-16,AB+,25,5,7,1,197
2022-07-16,AB-,16,5,7,1,197
2022-07-16,O+,30,5,7,1,197
2022-07-16,O-,17,5,7,1,197
2022-07-17,A+,28,6,7,1,198
2022-07-17,A-,20,6,7,1,198
2022-07-17,B+,30,6,7,1,198
2022-07-17,B-,19,6,7,1,198
2022-07-17,AB+,24,6,7,1,198
2022-07-17,AB-,18,6,7,1,198
2022-07-17,O+,33,6,7,1,198
2022-07-17,O-,17,6,7,1,198
2022-07-18,A+,23,0,7,0,199
2022-07-18,A-,15,0,7,0,199
2022-07-18,B+,25,0,7,0,199
2022-07-18,B-,15,0,7,0,199
2022-07-18,AB+,22,0,7,0,199
2022-07-18,AB-,12,0,7,0,199
2022-07-18,O+,25,0,7,0,199
2022-07-18,O-,11,0,7,0,199
2022-07-19,A+,26,1,7,0,200
2022-07-19,A-,15,1,7,0,200
2022-07-19,B+,28,1,7,0,200
2022-07-19,B-,17,1,7,0,200
2022-07-19,AB+,24,1,7,0,200
2022-07-19,AB-,13,1,7,0,200
2022-07-19,O+,28,1,7,0,200
2022-07-19,O-,13,1,7,0,200
2022-07-20,A+,24,2,7,0,201
2022-07-20,A-,15,2,7,0,201
2022-07-20,B+,26,2,7,0,201
2022-07-20,B-,15,2,7,0,201
2022-07-20,AB+,22,2,7,0,201
2022-07-20,AB-,13,2,7,0,201
2022-07-20,O+,29,2,7,0,201
2022-07-20,O-,13,2,7,0,201
2022-07-21,A+,24,3,7,0,202
2022-07-21,A-,15,3,7,0,202
2022-07-21,B+,25,3,7,0,202
2022-07-21,B-,15,3,7,0,202
2022-07-21,AB+,22,3,7,0,202
2022-07-21,AB-,12,3,7,0,202
2022-07-21,O+,28,3,7,0,202
2022-07-21,O-,11,3,7,0,202
2022-07-22,A+,21,4,7,0,203
2022-07-22,A-,12,4,7,0,203
2022-07-22,B+,24,4,7,0,203
2022-07-22,B-,11,4,7,0,203
2022-07-22,AB+,20,4,7,0,203
2022-07-22,AB-,10,4,7,0,203
2022-07-22,O+,23,4,7,0,203
2022-07-22,O-,9,4,7,0,203
2022-07-23,A+,29,5,7,1,204
2022-07-23,A-,20,5,7,1,204
2022-07-23,B+,28,5,7,1,204
2022-07-23,B-,17,5,7,1,204
2022-07-23,AB+,22,5,7,1,204
2022-07-23,AB-,17,5,7,1,204
2022-07-23,O+,31,5,7,1,204
2022-07-23,O-,19,5,7,1,204
2022-07-24,A+,28,6,7,1,205
2022-07-24,A-,20,6,7,1,205
2022-07-24,B+,31,6,7,1,205
2022-07-24,B-,21,6,7,1,205
2022-07-24,AB+,26,6,7,1,205
2022-07-24,AB-,16,6,7,1,205
2022-07-24,O+,32,6,7,1,205
2022-07-24,O-,15,6,7,1,205
2022-07-25,A+,23,0,7,0,206
2022-07-25,A-,14,0,7,0,206
2022-07-25,B+,26,0,7,0,206
2022-07-25,B-,13,0,7,0,206
2022-07-25,AB+,21,0,7,0,206
2022-07-25,AB-,10,0,7,0,206
2022-07-25,O+,28,0,7,0,206
2022-07-25,O-,12,0,7,0,206
2022-07-26,A+,25,1,7,0,207
2022-07-26,A-,17,1,7,0,207
2022-07-26,B+,27,1,7,0,207
2022-07-26,B-,16,1,7,0,207
2022-07-26,AB+,24,1,7,0,207
2022-07-26,AB-,13,1,7,0,207
2022-07-26,O+,28,1,7,0,207
2022-07-26,O-,12,1,7,0,207
2022-07-27,A+,25,2,7,0,208
2022-07-27,A-,14,2,7,0,208
2022-07-27,B+,27,2,7,0,208
2022-07-27,B-,14,2,7,0,208
2022-07-27,AB+,23,2,7,0,208
2022-07-27,AB-,14,2,7,0,208
2022-07-27,O+,26,2,7,0,208
2022-07-27,O-,13,2,7,0,208
2022-07-28,A+,22,3,7,0,209
2022-07-28,A-,13,3,7,0,209
2022-07-28,B+,25,3,7,0,209
2022-07-28,B-,14,3,7,0,209
2022-07-28,AB+,22,3,7,0,209
2022-07-28,AB-,11,3,7,0,209
2022-07-28,O+,25,3,7,0,209
2022-07-28,O-,12,3,7,0,209
2022-07-29,A+,20,4,7,0,210
2022-07-29,A-,11,4,7,0,210
2022-07-29,B+,22,4,7,0,210
2022-07-29,B-,13,4,7,0,210
2022-07-29,AB+,20,4,7,0,210
2022-07-29,AB-,9,4,7,0,210
2022-07-29,O+,24,4,7,0,210
2022-07-29,O-,9,4,7,0,210
2022-07-30,A+,26,5,7,1,211
2022-07-30,A-,20,5,7,1,211
2022-07-30,B+,31,5,7,1,211
2022-07-30,B-,18,5,7,1,211
2022-07-30,AB+,26,5,7,1,211
2022-07-30,AB-,15,5,7,1,211
2022-07-30,O+,29,5,7,1,211
2022-07-30,O-,15,5,7,1,211
2022-07-31,A+,27,6,7,1,212
2022-07-31,A-,19,6,7,1,212
2022-07-31,B+,28,6,7,1,212
2022-07-31,B-,18,6,7,1,212
2022-07-31,AB+,24,6,7,1,212
2022-07-31,AB-,18,6,7,1,212
2022-07-31,O+,29,6,7,1,212
2022-07-31,O-,17,6,7,1,212
2022-08-01,A+,22,0,8,0,213
2022-08-01,A-,14,0,8,0,213
2022-08-01,B+,24,0,8,0,213
2022-08-01,B-,13,0,8,0,213
2022-08-01,AB+,18,0,8,0,213
2022-08-01,AB-,9,0,8,0,213
2022-08-01,O+,26,0,8,0,213
2022-08-01,O-,11,0,8,0,213
2022-08-02,A+,23,1,8,0,214
2022-08-02,A-,17,1,8,0,214
2022-08-02,B+,22,1,8,0,214
2022-08-02,B-,14,1,8,0,214
2022-08-02,AB+,20,1,8,0,214
2022-08-02,AB-,11,1,8,0,214
2022-08-02,O+,28,1,8,0,214
2022-08-02,O-,10,1,8,0,214
2022-08-03,A+,27,2,8,0,215
2022-08-03,A-,16,2,8,0,215
2022-08-03,B+,26,2,8,0,215
2022-08-03,B-,13,2,8,0,215
2022-08-03,AB+,21,2,8,0,215
2022-08-03,AB-,12,2,8,0,215
2022-08-03,O+,28,2,8,0,215
2022-08-03,O-,12,2,8,0,215
2022-08-04,A+,23,3,8,0,216
2022-08-04,A-,12,3,8,0,216
2022-08-04,B+,22,3,8,0,216
2022-08-04,B-,15,3,8,0,216
2022-08-04,AB+,21,3,8,0,216
2022-08-04,AB-,11,3,8,0,216
2022-08-04,O+,25,3,8,0,216
2022-08-04,O-,11,3,8,0,216
2022-08-05,A+,23,4,8,0,217
2022-08-05,A-,11,4,8,0,217
2022-08-05,B+,24,4,8,0,217
2022-08-05,B-,11,4,8,0,217
2022-08-05,AB+,17,4,8,0,217
2022-08-05,AB-,8,4,8,0,217
2022-08-05,O+,23,4,8,0,217
2022-08-05,O-,7,4,8,0,217
2022-08-06,A+,27,5,8,1,218
2022-08-06,A-,19,5,8,1,218
2022-08-06,B+,30,5,8,1,218
2022-08-06,B-,18,5,8,1,218
2022-08-06,AB+,27,5,8,1,218
2022-08-06,AB-,16,5,8,1,218
2022-08-06,O+,31,5,8,1,218
2022-08-06,O-,16,5,8,1,218
2022-08-07,A+,29,6,8,1,219
2022-08-07,A-,16,6,8,1,219
2022-08-07,B+,28,6,8,1,219
2022-08-07,B-,15,6,8,1,219
2022-08-07,AB+,25,6,8,1,219
2022-08-07,AB-,14,6,8,1,219
2022-08-07,O+,34,6,8,1,219
2022-08-07,O-,15,6,8,1,219
2022-08-08,A+,22,0,8,0,220
2022-08-08,A-,13,0,8,0,220
2022-08-08,B+,22,0,8,0,220
2022-08-08,B-,10,0,8,0,220
2022-08-08,AB+,17,0,8,0,220
2022-08-08,AB-,6,0,8,0,220
2022-08-08,O+,26,0,8,0,220
2022-08-08,O-,9,0,8,0,220
2022-08-09,A+,26,1,8,0,221
2022-08-09,A-,13,1,8,0,221
2022-08-09,B+,26,1,8,0,221
2022-08-09,B-,15,1,8,0,221
2022-08-09,AB+,22,1,8,0,221
2022-08-09,AB-,11,1,8,0,221
2022-08-09,O+,26,1,8,0,221
2022-08-09,O-,13,1,8,0,221
2022-08-10,A+,23,2,8,0,222
2022-08-10,A-,15,2,8,0,222
2022-08-10,B+,25,2,8,0,222
2022-08-10,B-,13,2,8,0,222
2022-08-10,AB+,21,2,8,0,222
2022-08-10,AB-,12,2,8,0,222
2022-08-10,O+,26,2,8,0,222
2022-08-10,O-,12,2,8,0,222
2022-08-11,A+,20,3,8,0,223
2022-08-11,A-,12,3,8,0,223
2022-08-11,B+,23,3,8,0,223
2022-08-11,B-,13,3,8,0,223
2022-08-11,AB+,21,3,8,0,223
2022-08-11,AB-,10,3,8,0,223
2022-08-11,O+,26,3,8,0,223
2022-08-11,O-,10,3,8,0,223
2022-08-12,A+,21,4,8,0,224
2022-08-12,A-,12,4,8,0,224
2022-08-12,B+,21,4,8,0,224
2022-08-12,B-,10,4,8,0,224
2022-08-12,AB+,19,4,8,0,224
2022-08-12,AB-,10,4,8,0,224
2022-08-12,O+,25,4,8,0,224
2022-08-12,O-,8,4,8,0,224
2022-08-13,A+,25,5,8,1,225
2022-08-13,A-,17,5,8,1,225
2022-08-13,B+,28,5,8,1,225
2022-08-13,B-,17,5,8,1,225
2022-08-13,AB+,25,5,8,1,225
2022-08-13,AB-,15,5,8,1,225
2022-08-13,O+,30,5,8,1,225
2022-08-13,O-,14,5,8,1,225
2022-08-14,A+,28,6,8,1,226
2022-08-14,A-,19,6,8,1,226
2022-08-14,B+,29,6,8,1,226
2022-08-14,B-,17,6,8,1,226
2022-08-14,AB+,23,6,8,1,226
2022-08-14,AB-,13,6,8,1,226
2022-08-14,O+,30,6,8,1,226
2022-08-14,O-,16,6,8,1,226
2022-08-15,A+,22,0,8,0,227
2022-08-15,A-,14,0,8,0,227
2022-08-15,B+,24,0,8,0,227
2022-08-15,B-,10,0,8,0,227
2022-08-15,AB+,19,0,8,0,227
2022-08-15,AB-,9,0,8,0,227
2022-08-15,O+,24,0,8,0,227
2022-08-15,O-,9,0,8,0,227
2022-08-16,A+,25,1,8,0,228
2022-08-16,A-,13,1,8,0,228
2022-08-16,B+,21,1,8,0,228
2022-08-16,B-,13,1,8,0,228
2022-08-16,AB+,20,1,8,0,228
2022-08-16,AB-,12,1,8,0,228
2022-08-16,O+,27,1,8,0,228
2022-08-16,O-,11,1,8,0,228
2022-08-17,A+,23,2,8,0,229
2022-08-17,A-,14,2,8,0,229
2022-08-17,B+,27,2,8,0,229
2022-08-17,B-,14,2,8,0,229
2022-08-17,AB+,19,2,8,0,229
2022-08-17,AB-,10,2,8,0,229
2022-08-17,O+,26,2,8,0,229
2022-08-17,O-,10,2,8,0,229
2022-08-18,A+,20,3,8,0,230
2022-08-18,A-,14,3,8,0,230
2022-08-18,B+,22,3,8,0,230
2022-08-18,B-,14,3,8,0,230
2022-08-18,AB+,19,3,8,0,230
2022-08-18,AB-,9,3,8,0,230
2022-08-18,O+,22,3,8,0,230
2022-08-18,O-,12,3,8,0,230
2022-08-19,A+,21,4,8,0,231
2022-08-19,A-,11,4,8,0,231
2022-08-19,B+,20,4,8,0,231
2022-08-19,B-,12,4,8,0,231
2022-08-19,AB+,16,4,8,0,231
2022-08-19,AB-,7,4,8,0,231
2022-08-19,O+,24,4,8,0,231
2022-08-19,O-,10,4,8,0,231
2022-08-20,A+,26,5,8,1,232
2022-08-20,A-,16,5,8,1,232
2022-08-20,B+,27,5,8,1,232
2022-08-20,B-,17,5,8,1,232
2022-08-20,AB+,25,5,8,1,232
2022-08-20,AB-,12,5,8,1,232
2022-08-20,O+,29,5,8,1,232
2022-08-20,O-,13,5,8,1,232
2022-08-21,A+,28,6,8,1,233
2022-08-21,A-,18,6,8,1,233
2022-08-21,B+,27,6,8,1,233
2022-08-21,B-,18,6,8,1,233
2022-08-21,AB+,24,6,8,1,233
2022-08-21,AB-,14,6,8,1,233
2022-08-21,O+,29,6,8,1,233
2022-08-21,O-,15,6,8,1,233
2022-08-22,A+,21,0,8,0,234
2022-08-22,A-,11,0,8,0,234
2022-08-22,B+,24,0,8,0,234
2022-08-22,B-,11,0,8,0,234
2022-08-22,AB+,17,0,8,0,234
2022-08-22,AB-,8,0,8,0,234
2022-08-22,O+,26,0,8,0,234
2022-08-22,O-,10,0,8,0,234
2022-08-23,A+,22,1,8,0,235
2022-08-23,A-,15,1,8,0,235
2022-08-23,B+,24,1,8,0,235
2022-08-23,B-,12,1,8,0,235
2022-08-23,AB+,19,1,8,0,235
2022-08-23,AB-,11,1,8,0,235
2022-08-23,O+,28,1,8,0,235
2022-08-23,O-,11,1,8,0,235
2022-08-24,A+,22,2,8,0,236
2022-08-24,A-,14,2,8,0,236
2022-08-24,B+,23,2,8,0,236
2022-08-24,B-,12,2,8,0,236
2022-08-24,AB+,19,2,8,0,236
2022-08-24,AB-,10,2,8,0,236
2022-08-24,O+,26,2,8,0,236
2022-08-24,O-,11,2,8,0,236
2022-08-25,A+,22,3,8,0,237
2022-08-25,A-,14,3,8,0,237
2022-08-25,B+,23,3,8,0,237
2022-08-25,B-,12,3,8,0,237
2022-08-25,AB+,19,3,8,0,237
2022-08-25,AB-,11,3,8,0,237
2022-08-25,O+,24,3,8,0,237
2022-08-25,O-,11,3,8,0,237
2022-08-26,A+,19,4,8,0,238
2022-08-26,A-,11,4,8,0,238
2022-08-26,B+,22,4,8,0,238
2022-08-26,B-,11,4,8,0,238
2022-08-26,AB+,17,4,8,0,238
2022-08-26,AB-,6,4,8,0,238
2022-08-26,O+,22,4,8,0,238
2022-08-26,O-,9,4,8,0,238
2022-08-27,A+,28,5,8,1,239
2022-08-27,A-,18,5,8,1,239
2022-08-27,B+,25,5,8,1,239
2022-08-27,B-,17,5,8,1,239
2022-08-27,AB+,22,5,8,1,239
2022-08-27,AB-,12,5,8,1,239
2022-08-27,O+,29,5,8,1,239
2022-08-27,O-,14,5,8,1,239
2022-08-28,A+,26,6,8,1,240
2022-08-28,A-,17,6,8,1,240
2022-08-28,B+,29,6,8,1,240
2022-08-28,B-,16,6,8,1,240
2022-08-28,AB+,25,6,8,1,240
2022-08-28,AB-,12,6,8,1,240
2022-08-28,O+,30,6,8,1,240
2022-08-28,O-,13,6,8,1,240
2022-08-29,A+,20,0,8,0,241
2022-08-29,A-,11,0,8,0,241
2022-08-29,B+,24,0,8,0,241
2022-08-29,B-,12,0,8,0,241
2022-08-29,AB+,19,0,8,0,241
2022-08-29,AB-,8,0,8,0,241
2022-08-29,O+,24,0,8,0,241
2022-08-29,O-,10,0,8,0,241
2022-08-30,A+,23,1,8,0,242
2022-08-30,A-,13,1,8,0,242
2022-08-30,B+,25,1,8,0,242
2022-08-30,B-,13,1,8,0,242
2022-08-30,AB+,20,1,8,0,242
2022-08-30,AB-,9,1,8,0,242
2022-08-30,O+,25,1,8,0,242
2022-08-30,O-,10,1,8,0,242
2022-08-31,A+,23,2,8,0,243
2022-08-31,A-,15,2,8,0,243
2022-08-31,B+,22,2,8,0,243
2022-08-31,B-,10,2,8,0,243
2022-08-31,AB+,18,2,8,0,243
2022-08-31,AB-,9,2,8,0,243
2022-08-31,O+,27,2,8,0,243
2022-08-31,O-,10,2,8,0,243
2022-09-01,A+,22,3,9,0,244
2022-09-01,A-,13,3,9,0,244
2022-09-01,B+,21,3,9,0,244
2022-09-01,B-,13,3,9,0,244
2022-09-01,AB+,18,3,9,0,244
2022-09-01,AB-,10,3,9,0,244
2022-09-01,O+,24,3,9,0,244
2022-09-01,O-,9,3,9,0,244
2022-09-02,A+,18,4,9,0,245
2022-09-02,A-,11,4,9,0,245
2022-09-02,B+,23,4,9,0,245
2022-09-02,B-,10,4,9,0,245
2022-09-02,AB+,17,4,9,0,245
2022-09-02,AB-,6,4,9,0,245
2022-09-02,O+,23,4,9,0,245
2022-09-02,O-,8,4,9,0,245
2022-09-03,A+,26,5,9,1,246
2022-09-03,A-,17,5,9,1,246
2022-09-03,B+,24,5,9,1,246
2022-09-03,B-,15,5,9,1,246
2022-09-03,AB+,21,5,9,1,246
2022-09-03,AB-,13,5,9,1,246
2022-09-03,O+,28,5,9,1,246
2022-09-03,O-,13,5,9,1,246
2022-09-04,A+,24,6,9,1,247
2022-09-04,A-,18,6,9,1,247
2022-09-04,B+,26,6,9,1,247
2022-09-04,B-,15,6,9,1,247
2022-09-04,AB+,25,6,9,1,247
2022-09-04,AB-,14,6,9,1,247
2022-09-04,O+,27,6,9,1,247
2022-09-04,O-,16,6,9,1,247
2022-09-05,A+,22,0,9,0,248
2022-09-05,A-,13,0,9,0,248
2022-09-05,B+,22,0,9,0,248
2022-09-05,B-,9,0,9,0,248
2022-09-05,AB+,17,0,9,0,248
2022-09-05,AB-,6,0,9,0,248
2022-09-05,O+,22,0,9,0,248
2022-09-05,O-,7,0,9,0,248
2022-09-06,A+,21,1,9,0,249
2022-09-06,A-,13,1,9,0,249
2022-09-06,B+,22,1,9,0,249
2022-09-06,B-,11,1,9,0,249
2022-09-06,AB+,19,1,9,0,249
2022-09-06,AB-,11,1,9,0,249
2022-09-06,O+,28,1,9,0,249
2022-09-06,O-,9,1,9,0,249
2022-09-07,A+,23,2,9,0,250
2022-09-07,A-,12,2,9,0,250
2022-09-07,B+,24,2,9,0,250
2022-09-07,B-,12,2,9,0,250
2022-09-07,AB+,19,2,9,0,250
2022-09-07,AB-,12,2,9,0,250
2022-09-07,O+,24,2,9,0,250
2022-09-07,O-,7,2,9,0,250
2022-09-08,A+,22,3,9,0,251
2022-09-08,A-,12,3,9,0,251
2022-09-08,B+,21,3,9,0,251
2022-09-08,B-,15,3,9,0,251
2022-09-08,AB+,19,3,9,0,251
2022-09-08,AB-,8,3,9,0,251
2022-09-08,O+,23,3,9,0,251
2022-09-08,O-,10,3,9,0,251
2022-09-09,A+,17,4,9,0,252
2022-09-09,A-,10,4,9,0,252
2022-09-09,B+,20,4,9,0,252
2022-09-09,B-,10,4,9,0,252
2022-09-09,AB+,16,4,9,0,252
2022-09-09,AB-,6,4,9,0,252
2022-09-09,O+,24,4,9,0,252
2022-09-09,O-,5,4,9,0,252
2022-09-10,A+,25,5,9,1,253
2022-09-10,A-,16,5,9,1,253
2022-09-10,B+,28,5,9,1,253
2022-09-10,B-,15,5,9,1,253
2022-09-10,AB+,23,5,9,1,253
2022-09-10,AB-,13,5,9,1,253
2022-09-10,O+,26,5,9,1,253
2022-09-10,O-,13,5,9,1,253
2022-09-11,A+,24,6,9,1,254
2022-09-11,A-,17,6,9,1,254
2022-09-11,B+,26,6,9,1,254
2022-09-11,B-,17,6,9,1,254
2022-09-11,AB+,23,6,9,1,254
2022-09-11,AB-,12,6,9,1,254
2022-09-11,O+,30,6,9,1,254
2022-09-11,O-,13,6,9,1,254
2022-09-12,A+,21,0,9,0,255
2022-09-12,A-,12,0,9,0,255
2022-09-12,B+,21,0,9,0,255
2022-09-12,B-,9,0,9,0,255
2022-09-12,AB+,19,0,9,0,255
2022-09-12,AB-,8,0,9,0,255
2022-09-12,O+,22,0,9,0,255
2022-09-12,O-,9,0,9,0,255
2022-09-13,A+,23,1,9,0,256
2022-09-13,A-,13,1,9,0,256
2022-09-13,B+,23,1,9,0,256
2022-09-13,B-,13,1,9,0,256
2022-09-13,AB+,21,1,9,0,256
2022-09-13,AB-,9,1,9,0,256
2022-09-13,O+,23,1,9,0,256
2022-09-13,O-,8,1,9,0,256
2022-09-14,A+,21,2,9,0,257
2022-09-14,A-,12,2,9,0,257
2022-09-14,B+,21,2,9,0,257
2022-09-14,B-,14,2,9,0,257
2022-09-14,AB+,20,2,9,0,257
2022-09-14,AB-,9,2,9,0,257
2022-09-14,O+,25,2,9,0,257
2022-09-14,O-,8,2,9,0,257
2022-09-15,A+,22,3,9,0,258
2022-09-15,A-,10,3,9,0,258
2022-09-15,B+,23,3,9,0,258
2022-09-15,B-,9,3,9,0,258
2022-09-15,AB+,18,3,9,0,258
2022-09-15,AB-,10,3,9,0,258
2022-09-15,O+,22,3,9,0,258
2022-09-15,O-,9,3,9,0,258
2022-09-16,A+,20,4,9,0,259
2022-09-16,A-,11,4,9,0,259
2022-09-16,B+,20,4,9,0,259
2022-09-16,B-,10,4,9,0,259
2022-09-16,AB+,16,4,9,0,259
2022-09-16,AB-,9,4,9,0,259
2022-09-16,O+,20,4,9,0,259
2022-09-16,O-,9,4,9,0,259
2022-09-17,A+,25,5,9,1,260
2022-09-17,A-,17,5,9,1,260
2022-09-17,B+,27,5,9,1,260
2022-09-17,B-,16,5,9,1,260
2022-09-17,AB+,21,5,9,1,260
2022-09-17,AB-,12,5,9,1,260
2022-09-17,O+,26,5,9,1,260
2022-09-17,O-,13,5,9,1,260
2022-09-18,A+,26,6,9,1,261
2022-09-18,A-,17,6,9,1,261
2022-09-18,B+,27,6,9,1,261
2022-09-18,B-,13,6,9,1,261
2022-09-18,AB+,22,6,9,1,261
2022-09-18,AB-,12,6,9,1,261
2022-09-18,O+,27,6,9,1,261
2022-09-18,O-,13,6,9,1,261
2022-09-19,A+,20,0,9,0,262
2022-09-19,A-,13,0,9,0,262
2022-09-19,B+,20,0,9,0,262
2022-09-19,B-,9,0,9,0,262
2022-09-19,AB+,16,0,9,0,262
2022-09-19,AB-,8,0,9,0,262
2022-09-19,O+,25,0,9,0,262
2022-09-19,O-,8,0,9,0,262
2022-09-20,A+,20,1,9,0,263
2022-09-20,A-,11,1,9,0,263
2022-09-20,B+,23,1,9,0,263
2022-09-20,B-,13,1,9,0,263
2022-09-20,AB+,21,1,9,0,263
2022-09-20,AB-,7,1,9,0,263
2022-09-20,O+,25,1,9,0,263
2022-09-20,O-,8,1,9,0,263
2022-09-21,A+,21,2,9,0,264
2022-09-21,A-,12,2,9,0,264
2022-09-21,B+,23,2,9,0,264
2022-09-21,B-,11,2,9,0,264
2022-09-21,AB+,22,2,9,0,264
2022-09-21,AB-,8,2,9,0,264
2022-09-21,O+,26,2,9,0,264
2022-09-21,O-,9,2,9,0,264
2022-09-22,A+,24,3,9,0,265
2022-09-22,A-,12,3,9,0,265
2022-09-22,B+,23,3,9,0,265
2022-09-22,B-,10,3,9,0,265
2022-09-22,AB+,19,3,9,0,265
2022-09-22,AB-,8,3,9,0,265
2022-09-22,O+,23,3,9,0,265
2022-09-22,O-,8,3,9,0,265
2022-09-23,A+,19,4,9,0,266
2022-09-23,A-,10,4,9,0,266
2022-09-23,B+,21,4,9,0,266
2022-09-23,B-,9,4,9,0,266
2022-09-23,AB+,14,4,9,0,266
2022-09-23,AB-,7,4,9,0,266
2022-09-23,O+,24,4,9,0,266
2022-09-23,O-,5,4,9,0,266
2022-09-24,A+,27,5,9,1,267
2022-09-24,A-,18,5,9,1,267
2022-09-24,B+,25,5,9,1,267
2022-09-24,B-,14,5,9,1,267
2022-09-24,AB+,23,5,9,1,267
2022-09-24,AB-,10,5,9,1,267
2022-09-24,O+,27,5,9,1,267
2022-09-24,O-,12,5,9,1,267
2022-09-25,A+,25,6,9,1,268
2022-09-25,A-,18,6,9,1,268
2022-09-25,B+,27,6,9,1,268
2022-09-25,B-,17,6,9,1,268
2022-09-25,AB+,22,6,9,1,268
2022-09-25,AB-,13,6,9,1,268
2022-09-25,O+,27,6,9,1,268
2022-09-25,O-,13,6,9,1,268
2022-09-26,A+,19,0,9,0,269
2022-09-26,A-,11,0,9,0,269
2022-09-26,B+,21,0,9,0,269
2022-09-26,B-,10,0,9,0,269
2022-09-26,AB+,20,0,9,0,269
2022-09-26,AB-,9,0,9,0,269
2022-09-26,O+,25,0,9,0,269
2022-09-26,O-,10,0,9,0,269
2022-09-27,A+,23,1,9,0,270
2022-09-27,A-,13,1,9,0,270
2022-09-27,B+,22,1,9,0,270
2022-09-27,B-,12,1,9,0,270
2022-09-27,AB+,18,1,9,0,270
2022-09-27,AB-,7,1,9,0,270
2022-09-27,O+,25,1,9,0,270
2022-09-27,O-,8,1,9,0,270
2022-09-28,A+,22,2,9,0,271
2022-09-28,A-,12,2,9,0,271
2022-09-28,B+,23,2,9,0,271
2022-09-28,B-,12,2,9,0,271
2022-09-28,AB+,19,2,9,0,271
2022-09-28,AB-,7,2,9,0,271
2022-09-28,O+,24,2,9,0,271
2022-09-28,O-,11,2,9,0,271
2022-09-29,A+,20,3,9,0,272
2022-09-29,A-,13,3,9,0,272
2022-09-29,B+,22,3,9,0,272
2022-09-29,B-,11,3,9,0,272
2022-09-29,AB+,18,3,9,0,272
2022-09-29,AB-,7,3,9,0,272
2022-09-29,O+,24,3,9,0,272
2022-09-29,O-,8,3,9,0,272
2022-09-30,A+,22,4,9,0,273
2022-09-30,A-,9,4,9,0,273
2022-09-30,B+,20,4,9,0,273
2022-09-30,B-,9,4,9,0,273
2022-09-30,AB+,15,4,9,0,273
2022-09-30,AB-,7,4,9,0,273
2022-09-30,O+,22,4,9,0,273
2022-09-30,O-,5,4,9,0,273
2022-10-01,A+,26,5,10,1,274
2022-10-01,A-,15,5,10,1,274
2022-10-01,B+,26,5,10,1,274
2022-10-01,B-,16,5,10,1,274
2022-10-01,AB+,22,5,10,1,274
2022-10-01,AB-,12,5,10,1,274
2022-10-01,O+,31,5,10,1,274
2022-10-01,O-,10,5,10,1,274
2022-10-02,A+,24,6,10,1,275
2022-10-02,A-,15,6,10,1,275
2022-10-02,B+,29,6,10,1,275
2022-10-02,B-,15,6,10,1,275
2022-10-02,AB+,23,6,10,1,275
2022-10-02,AB-,12,6,10,1,275
2022-10-02,O+,29,6,10,1,275
2022-10-02,O-,13,6,10,1,275
2022-10-03,A+,20,0,10,0,276
2022-10-03,A-,13,0,10,0,276
2022-10-03,B+,22,0,10,0,276
2022-10-03,B-,9,0,10,0,276
2022-10-03,AB+,17,0,10,0,276
2022-10-03,AB-,10,0,10,0,276
2022-10-03,O+,24,0,10,0,276
2022-10-03,O-,8,0,10,0,276
2022-10-04,A+,20,1,10,0,277
2022-10-04,A-,13,1,10,0,277
2022-10-04,B+,24,1,10,0,277
2022-10-04,B-,12,1,10,0,277
2022-10-04,AB+,19,1,10,0,277
2022-10-04,AB-,12,1,10,0,277
2022-10-04,O+,26,1,10,0,277
2022-10-04,O-,11,1,10,0,277
2022-10-05,A+,22,2,10,0,278
2022-10-05,A-,13,2,10,0,278
2022-10-05,B+,24,2,10,0,278
2022-10-05,B-,12,2,10,0,278
2022-10-05,AB+,19,2,10,0,278
2022-10-05,AB-,10,2,10,0,278
2022-10-05,O+,24,2,10,0,278
2022-10-05,O-,10,2,10,0,278
2022-10-06,A+,21,3,10,0,279
2022-10-06,A-,13,3,10,0,279
2022-10-06,B+,21,3,10,0,279
2022-10-06,B-,8,3,10,0,279
2022-10-06,AB+,18,3,10,0,279
2022-10-06,AB-,8,3,10,0,279
2022-10-06,O+,25,3,10,0,279
2022-10-06,O-,8,3,10,0,279
2022-10-07,A+,20,4,10,0,280
2022-10-07,A-,12,4,10,0,280
2022-10-07,B+,21,4,10,0,280
2022-10-07,B-,8,4,10,0,280
2022-10-07,AB+,15,4,10,0,280
2022-10-07,AB-,7,4,10,0,280
2022-10-07,O+,24,4,10,0,280
2022-10-07,O-,7,4,10,0,280
2022-10-08,A+,25,5,10,1,281
2022-10-08,A-,14,5,10,1,281
2022-10-08,B+,26,5,10,1,281
2022-10-08,B-,14,5,10,1,281
2022-10-08,AB+,22,5,10,1,281
2022-10-08,AB-,10,5,10,1,281
2022-10-08,O+,28,5,10,1,281
2022-10-08,O-,12,5,10,1,281
2022-10-09,A+,27,6,10,1,282
2022-10-09,A-,15,6,10,1,282
2022-10-09,B+,26,6,10,1,282
2022-10-09,B-,16,6,10,1,282
2022-10-09,AB+,22,6,10,1,282
2022-10-09,AB-,15,6,10,1,282
2022-10-09,O+,30,6,10,1,282
2022-10-09,O-,14,6,10,1,282
2022-10-10,A+,21,0,10,0,283
2022-10-10,A-,8,0,10,0,283
2022-10-10,B+,23,0,10,0,283
2022-10-10,B-,11,0,10,0,283
2022-10-10,AB+,17,0,10,0,283
2022-10-10,AB-,8,0,10,0,283
2022-10-10,O+,24,0,10,0,283
2022-10-10,O-,8,0,10,0,283
2022-10-11,A+,22,1,10,0,284
2022-10-11,A-,14,1,10,0,284
2022-10-11,B+,23,1,10,0,284
2022-10-11,B-,11,1,10,0,284
2022-10-11,AB+,19,1,10,0,284
2022-10-11,AB-,10,1,10,0,284
2022-10-11,O+,26,1,10,0,284
2022-10-11,O-,8,1,10,0,284
2022-10-12,A+,23,2,10,0,285
2022-10-12,A-,14,2,10,0,285
2022-10-12,B+,24,2,10,0,285
2022-10-12,B-,12,2,10,0,285
2022-10-12,AB+,19,2,10,0,285
2022-10-12,AB-,7,2,10,0,285
2022-10-12,O+,24,2,10,0,285
2022-10-12,O-,11,2,10,0,285
2022-10-13,A+,21,3,10,0,286
2022-10-13,A-,12,3,10,0,286
2022-10-13,B+,24,3,10,0,286
2022-10-13,B-,12,3,10,0,286
2022-10-13,AB+,17,3,10,0,286
2022-10-13,AB-,9,3,10,0,286
2022-10-13,O+,22,3,10,0,286
2022-10-13,O-,10,3,10,0,286
2022-10-14,A+,20,4,10,0,287
2022-10-14,A-,12,4,10,0,287
2022-10-14,B+,21,4,10,0,287
2022-10-14,B-,9,4,10,0,287
2022-10-14,AB+,16,4,10,0,287
2022-10-14,AB-,9,4,10,0,287
2022-10-14,O+,22,4,10,0,287
2022-10-14,O-,8,4,10,0,287
2022-10-15,A+,23,5,10,1,288
2022-10-15,A-,15,5,10,1,288
2022-10-15,B+,27,5,10,1,288
2022-10-15,B-,13,5,10,1,288
2022-10-15,AB+,23,5,10,1,288
2022-10-15,AB-,11,5,10,1,288
2022-10-15,O+,27,5,10,1,288
2022-10-15,O-,12,5,10,1,288
2022-10-16,A+,27,6,10,1,289
2022-10-16,A-,17,6,10,1,289
2022-10-16,B+,26,6,10,1,289
2022-10-16,B-,17,6,10,1,289
2022-10-16,AB+,24,6,10,1,289
2022-10-16,AB-,12,6,10,1,289
2022-10-16,O+,30,6,10,1,289
2022-10-16,O-,15,6,10,1,289
2022-10-17,A+,21,0,10,0,290
2022-10-17,A-,10,0,10,0,290
2022-10-17,B+,20,0,10,0,290
2022-10-17,B-,8,0,10,0,290
2022-10-17,AB+,16,0,10,0,290
2022-10-17,AB-,7,0,10,0,290
2022-10-17,O+,23,0,10,0,290
2022-10-17,O-,8,0,10,0,290
2022-10-18,A+,24,1,10,0,291
2022-10-18,A-,12,1,10,0,291
2022-10-18,B+,23,1,10,0,291
2022-10-18,B-,10,1,10,0,291
2022-10-18,AB+,21,1,10,0,291
2022-10-18,AB-,7,1,10,0,291
2022-10-18,O+,24,1,10,0,291
2022-10-18,O-,11,1,10,0,291
2022-10-19,A+,22,2,10,0,292
2022-10-19,A-,15,2,10,0,292
2022-10-19,B+,24,2,10,0,292
2022-10-19,B-,12,2,10,0,292
2022-10-19,AB+,20,2,10,0,292
2022-10-19,AB-,11,2,10,0,292
2022-10-19,O+,24,2,10,0,292
2022-10-19,O-,11,2,10,0,292
2022-10-20,A+,21,3,10,0,293
2022-10-20,A-,12,3,10,0,293
2022-10-20,B+,22,3,10,0,293
2022-10-20,B-,11,3,10,0,293
2022-10-20,AB+,18,3,10,0,293
2022-10-20,AB-,9,3,10,0,293
2022-10-20,O+,22,3,10,0,293
2022-10-20,O-,8,3,10,0,293
2022-10-21,A+,20,4,10,0,294
2022-10-21,A-,10,4,10,0,294
2022-10-21,B+,22,4,10,0,294
2022-10-21,B-,10,4,10,0,294
2022-10-21,AB+,15,4,10,0,294
2022-10-21,AB-,7,4,10,0,294
2022-10-21,O+,23,4,10,0,294
2022-10-21,O-,8,4,10,0,294
2022-10-22,A+,25,5,10,1,295
2022-10-22,A-,16,5,10,1,295
2022-10-22,B+,26,5,10,1,295
2022-10-22,B-,14,5,10,1,295
2022-10-22,AB+,21,5,10,1,295
2022-10-22,AB-,13,5,10,1,295
2022-10-22,O+,27,5,10,1,295
2022-10-22,O-,14,5,10,1,295
2022-10-23,A+,25,6,10,1,296
2022-10-23,A-,15,6,10,1,296
2022-10-23,B+,26,6,10,1,296
2022-10-23,B-,18,6,10,1,296
2022-10-23,AB+,23,6,10,1,296
2022-10-23,AB-,14,6,10,1,296
2022-10-23,O+,29,6,10,1,296
2022-10-23,O-,12,6,10,1,296
2022-10-24,A+,22,0,10,0,297
2022-10-24,A-,11,0,10,0,297
2022-10-24,B+,20,0,10,0,297
2022-10-24,B-,10,0,10,0,297
2022-10-24,AB+,17,0,10,0,297
2022-10-24,AB-,8,0,10,0,297
2022-10-24,O+,23,0,10,0,297
2022-10-24,O-,12,0,10,0,297
2022-10-25,A+,21,1,10,0,298
2022-10-25,A-,14,1,10,0,298
2022-10-25,B+,21,1,10,0,298
2022-10-25,B-,12,1,10,0,298
2022-10-25,AB+,19,1,10,0,298
2022-10-25,AB-,8,1,10,0,298
2022-10-25,O+,27,1,10,0,298
2022-10-25,O-,11,1,10,0,298
2022-10-26,A+,22,2,10,0,299
2022-10-26,A-,14,2,10,0,299
2022-10-26,B+,23,2,10,0,299
2022-10-26,B-,14,2,10,0,299
2022-10-26,AB+,21,2,10,0,299
2022-10-26,AB-,10,2,10,0,299
2022-10-26,O+,26,2,10,0,299
2022-10-26,O-,9,2,10,0,299
2022-10-27,A+,23,3,10,0,300
2022-10-27,A-,12,3,10,0,300
2022-10-27,B+,24,3,10,0,300
2022-10-27,B-,12,3,10,0,300
2022-10-27,AB+,20,3,10,0,300
2022-10-27,AB-,7,3,10,0,300
2022-10-27,O+,23,3,10,0,300
2022-10-27,O-,12,3,10,0,300
2022-10-28,A+,18,4,10,0,301
2022-10-28,A-,9,4,10,0,301
2022-10-28,B+,21,4,10,0,301
2022-10-28,B-,10,4,10,0,301
2022-10-28,AB+,16,4,10,0,301
2022-10-28,AB-,7,4,10,0,301
2022-10-28,O+,24,4,10,0,301
2022-10-28,O-,8,4,10,0,301
2022-10-29,A+,25,5,10,1,302
2022-10-29,A-,17,5,10,1,302
2022-10-29,B+,26,5,10,1,302
2022-10-29,B-,14,5,10,1,302
2022-10-29,AB+,23,5,10,1,302
2022-10-29,AB-,14,5,10,1,302
2022-10-29,O+,28,5,10,1,302
2022-10-29,O-,11,5,10,1,302
2022-10-30,A+,25,6,10,1,303
2022-10-30,A-,18,6,10,1,303
2022-10-30,B+,25,6,10,1,303
2022-10-30,B-,17,6,10,1,303
2022-10-30,AB+,23,6,10,1,303
2022-10-30,AB-,13,6,10,1,303
2022-10-30,O+,28,6,10,1,303
2022-10-30,O-,13,6,10,1,303
2022-10-31,A+,22,0,10,0,304
2022-10-31,A-,13,0,10,0,304
2022-10-31,B+,22,0,10,0,304
2022-10-31,B-,12,0,10,0,304
2022-10-31,AB+,18,0,10,0,304
2022-10-31,AB-,9,0,10,0,304
2022-10-31,O+,23,0,10,0,304
2022-10-31,O-,10,0,10,0,304
2022-11-01,A+,24,1,11,0,305
2022-11-01,A-,14,1,11,0,305
2022-11-01,B+,23,1,11,0,305
2022-11-01,B-,11,1,11,0,305
2022-11-01,AB+,20,1,11,0,305
2022-11-01,AB-,11,1,11,0,305
2022-11-01,O+,24,1,11,0,305
2022-11-01,O-,11,1,11,0,305
2022-11-02,A+,22,2,11,0,306
2022-11-02,A-,13,2,11,0,306
2022-11-02,B+,22,2,11,0,306
2022-11-02,B-,12,2,11,0,306
2022-11-02,AB+,20,2,11,0,306
2022-11-02,AB-,11,2,11,0,306
2022-11-02,O+,26,2,11,0,306
2022-11-02,O-,10,2,11,0,306
2022-11-03,A+,20,3,11,0,307
2022-11-03,A-,13,3,11,0,307
2022-11-03,B+,22,3,11,0,307
2022-11-03,B-,12,3,11,0,307
2022-11-03,AB+,18,3,11,0,307
2022-11-03,AB-,8,3,11,0,307
2022-11-03,O+,25,3,11,0,307
2022-11-03,O-,10,3,11,0,307
2022-11-04,A+,21,4,11,0,308
2022-11-04,A-,11,4,11,0,308
2022-11-04,B+,22,4,11,0,308
2022-11-04,B-,12,4,11,0,308
2022-11-04,AB+,18,4,11,0,308
2022-11-04,AB-,8,4,11,0,308
2022-11-04,O+,22,4,11,0,308
2022-11-04,O-,7,4,11,0,308
2022-11-05,A+,26,5,11,1,309
2022-11-05,A-,17,5,11,1,309
2022-11-05,B+,28,5,11,1,309
2022-11-05,B-,15,5,11,1,309
2022-11-05,AB+,23,5,11,1,309
2022-11-05,AB-,14,5,11,1,309
2022-11-05,O+,29,5,11,1,309
2022-11-05,O-,14,5,11,1,309
2022-11-06,A+,27,6,11,1,310
2022-11-06,A-,16,6,11,1,310
2022-11-06,B+,26,6,11,1,310
2022-11-06,B-,14,6,11,1,310
2022-11-06,AB+,24,6,11,1,310
2022-11-06,AB-,14,6,11,1,310
2022-11-06,O+,30,6,11,1,310
2022-11-06,O-,16,6,11,1,310
2022-11-07,A+,23,0,11,0,311
2022-11-07,A-,12,0,11,0,311
2022-11-07,B+,22,0,11,0,311
2022-11-07,B-,13,0,11,0,311
2022-11-07,AB+,17,0,11,0,311
2022-11-07,AB-,7,0,11,0,311
2022-11-07,O+,24,0,11,0,311
2022-11-07,O-,8,0,11,0,311
2022-11-08,A+,23,1,11,0,312
2022-11-08,A-,13,1,11,0,312
2022-11-08,B+,24,1,11,0,312
2022-11-08,B-,12,1,11,0,312
2022-11-08,AB+,21,1,11,0,312
2022-11-08,AB-,8,1,11,0,312
2022-11-08,O+,25,1,11,0,312
2022-11-08,O-,10,1,11,0,312
2022-11-09,A+,23,2,11,0,313
2022-11-09,A-,15,2,11,0,313
2022-11-09,B+,24,2,11,0,313
2022-11-09,B-,13,2,11,0,313
2022-11-09,AB+,21,2,11,0,313
2022-11-09,AB-,11,2,11,0,313
2022-11-09,O+,26,2,11,0,313
2022-11-09,O-,12,2,11,0,313
2022-11-10,A+,23,3,11,0,314
2022-11-10,A-,11,3,11,0,314
2022-11-10,B+,23,3,11,0,314
2022-11-10,B-,12,3,11,0,314
2022-11-10,AB+,19,3,11,0,314
2022-11-10,AB-,9,3,11,0,314
2022-11-10,O+,25,3,11,0,314
2022-11-10,O-,10,3,11,0,314
2022-11-11,A+,21,4,11,0,315
2022-11-11,A-,10,4,11,0,315
2022-11-11,B+,20,4,11,0,315
2022-11-11,B-,11,4,11,0,315
2022-11-11,AB+,16,4,11,0,315
2022-11-11,AB-,6,4,11,0,315
2022-11-11,O+,22,4,11,0,315
2022-11-11,O-,10,4,11,0,315
2022-11-12,A+,27,5,11,1,316
2022-11-12,A-,18,5,11,1,316
2022-11-12,B+,28,5,11,1,316
2022-11-12,B-,16,5,11,1,316
2022-11-12,AB+,25,5,11,1,316
2022-11-12,AB-,12,5,11,1,316
2022-11-12,O+,28,5,11,1,316
2022-11-12,O-,13,5,11,1,316
2022-11-13,A+,27,6,11,1,317
2022-11-13,A-,18,6,11,1,317
2022-11-13,B+,27,6,11,1,317
2022-11-13,B-,16,6,11,1,317
2022-11-13,AB+,25,6,11,1,317
2022-11-13,AB-,13,6,11,1,317
2022-11-13,O+,30,6,11,1,317
2022-11-13,O-,14,6,11,1,317
2022-11-14,A+,23,0,11,0,318
2022-11-14,A-,13,0,11,0,318
2022-11-14,B+,21,0,11,0,318
2022-11-14,B-,11,0,11,0,318
2022-11-14,AB+,16,0,11,0,318
2022-11-14,AB-,9,0,11,0,318
2022-11-14,O+,27,0,11,0,318
2022-11-14,O-,7,0,11,0,318
2022-11-15,A+,21,1,11,0,319
2022-11-15,A-,14,1,11,0,319
2022-11-15,B+,24,1,11,0,319
2022-11-15,B-,13,1,11,0,319
2022-11-15,AB+,18,1,11,0,319
2022-11-15,AB-,10,1,11,0,319
2022-11-15,O+,27,1,11,0,319
2022-11-15,O-,14,1,11,0,319
2022-11-16,A+,25,2,11,0,320
2022-11-16,A-,13,2,11,0,320
2022-11-16,B+,24,2,11,0,320
2022-11-16,B-,14,2,11,0,320
2022-11-16,AB+,20,2,11,0,320
2022-11-16,AB-,11,2,11,0,320
2022-11-16,O+,27,2,11,0,320
2022-11-16,O-,13,2,11,0,320
2022-11-17,A+,23,3,11,0,321
2022-11-17,A-,14,3,11,0,321
2022-11-17,B+,23,3,11,0,321
2022-11-17,B-,11,3,11,0,321
2022-11-17,AB+,20,3,11,0,321
2022-11-17,AB-,9,3,11,0,321
2022-11-17,O+,25,3,11,0,321
2022-11-17,O-,12,3,11,0,321
2022-11-18,A+,22,4,11,0,322
2022-11-18,A-,10,4,11,0,322
2022-11-18,B+,22,4,11,0,322
2022-11-18,B-,10,4,11,0,322
2022-11-18,AB+,18,4,11,0,322
2022-11-18,AB-,5,4,11,0,322
2022-11-18,O+,22,4,11,0,322
2022-11-18,O-,9,4,11,0,322
2022-11-19,A+,28,5,11,1,323
2022-11-19,A-,18,5,11,1,323
2022-11-19,B+,29,5,11,1,323
2022-11-19,B-,17,5,11,1,323
2022-11-19,AB+,25,5,11,1,323
2022-11-19,AB-,16,5,11,1,323
2022-11-19,O+,29,5,11,1,323
2022-11-19,O-,16,5,11,1,323
2022-11-20,A+,28,6,11,1,324
2022-11-20,A-,21,6,11,1,324
2022-11-20,B+,27,6,11,1,324
2022-11-20,B-,17,6,11,1,324
2022-11-20,AB+,23,6,11,1,324
2022-11-20,AB-,13,6,11,1,324
2022-11-20,O+,31,6,11,1,324
2022-11-20,O-,15,6,11,1,324
2022-11-21,A+,22,0,11,0,325
2022-11-21,A-,13,0,11,0,325
2022-11-21,B+,23,0,11,0,325
2022-11-21,B-,12,0,11,0,325
2022-11-21,AB+,18,0,11,0,325
2022-11-21,AB-,8,0,11,0,325
2022-11-21,O+,25,0,11,0,325
2022-11-21,O-,10,0,11,0,325
2022-11-22,A+,24,1,11,0,326
2022-11-22,A-,15,1,11,0,326
2022-11-22,B+,26,1,11,0,326
2022-11-22,B-,12,1,11,0,326
2022-11-22,AB+,20,1,11,0,326
2022-11-22,AB-,9,1,11,0,326
2022-11-22,O+,28,1,11,0,326
2022-11-22,O-,11,1,11,0,326
2022-11-23,A+,25,2,11,0,327
2022-11-23,A-,17,2,11,0,327
2022-11-23,B+,25,2,11,0,327
2022-11-23,B-,14,2,11,0,327
2022-11-23,AB+,21,2,11,0,327
2022-11-23,AB-,11,2,11,0,327
2022-11-23,O+,26,2,11,0,327
2022-11-23,O-,12,2,11,0,327
2022-11-24,A+,25,3,11,0,328
2022-11-24,A-,13,3,11,0,328
2022-11-24,B+,24,3,11,0,328
2022-11-24,B-,14,3,11,0,328
2022-11-24,AB+,20,3,11,0,328
2022-11-24,AB-,10,3,11,0,328
2022-11-24,O+,24,3,11,0,328
2022-11-24,O-,12,3,11,0,328
2022-11-25,A+,23,4,11,0,329
2022-11-25,A-,12,4,11,0,329
2022-11-25,B+,21,4,11,0,329
2022-11-25,B-,12,4,11,0,329
2022-11-25,AB+,17,4,11,0,329
2022-11-25,AB-,7,4,11,0,329
2022-11-25,O+,24,4,11,0,329
2022-11-25,O-,11,4,11,0,329
2022-11-26,A+,28,5,11,1,330
2022-11-26,A-,17,5,11,1,330
2022-11-26,B+,26,5,11,1,330
2022-11-26,B-,17,5,11,1,330
2022-11-26,AB+,25,5,11,1,330
2022-11-26,AB-,14,5,11,1,330
2022-11-26,O+,32,5,11,1,330
2022-11-26,O-,15,5,11,1,330
2022-11-27,A+,25,6,11,1,331
2022-11-27,A-,18,6,11,1,331
2022-11-27,B+,29,6,11,1,331
2022-11-27,B-,18,6,11,1,331
2022-11-27,AB+,24,6,11,1,331
2022-11-27,AB-,14,6,11,1,331
2022-11-27,O+,28,6,11,1,331
2022-11-27,O-,16,6,11,1,331
2022-11-28,A+,22,0,11,0,332
2022-11-28,A-,14,0,11,0,332
2022-11-28,B+,24,0,11,0,332
2022-11-28,B-,14,0,11,0,332
2022-11-28,AB+,18,0,11,0,332
2022-11-28,AB-,8,0,11,0,332
2022-11-28,O+,25,0,11,0,332
2022-11-28,O-,9,0,11,0,332
2022-11-29,A+,23,1,11,0,333
2022-11-29,A-,17,1,11,0,333
2022-11-29,B+,25,1,11,0,333
2022-11-29,B-,16,1,11,0,333
2022-11-29,AB+,21,1,11,0,333
2022-11-29,AB-,10,1,11,0,333
2022-11-29,O+,26,1,11,0,333
2022-11-29,O-,13,1,11,0,333
2022-11-30,A+,23,2,11,0,334
2022-11-30,A-,16,2,11,0,334
2022-11-30,B+,25,2,11,0,334
2022-11-30,B-,13,2,11,0,334
2022-11-30,AB+,23,2,11,0,334
2022-11-30,AB-,11,2,11,0,334
2022-11-30,O+,26,2,11,0,334
2022-11-30,O-,12,2,11,0,334
2022-12-01,A+,23,3,12,0,335
2022-12-01,A-,17,3,12,0,335
2022-12-01,B+,26,3,12,0,335
2022-12-01,B-,13,3,12,0,335
2022-12-01,AB+,20,3,12,0,335
2022-12-01,AB-,8,3,12,0,335
2022-12-01,O+,27,3,12,0,335
2022-12-01,O-,11,3,12,0,335
2022-12-02,A+,22,4,12,0,336
2022-12-02,A-,10,4,12,0,336
2022-12-02,B+,23,4,12,0,336
2022-12-02,B-,14,4,12,0,336
2022-12-02,AB+,19,4,12,0,336
2022-12-02,AB-,8,4,12,0,336
2022-12-02,O+,25,4,12,0,336
2022-12-02,O-,10,4,12,0,336
2022-12-03,A+,30,5,12,1,337
2022-12-03,A-,18,5,12,1,337
2022-12-03,B+,27,5,12,1,337
2022-12-03,B-,18,5,12,1,337
2022-12-03,AB+,25,5,12,1,337
2022-12-03,AB-,15,5,12,1,337
2022-12-03,O+,32,5,12,1,337
2022-12-03,O-,18,5,12,1,337
2022-12-04,A+,27,6,12,1,338
2022-12-04,A-,18,6,12,1,338
2022-12-04,B+,27,6,12,1,338
2022-12-04,B-,19,6,12,1,338
2022-12-04,AB+,24,6,12,1,338
2022-12-04,AB-,16,6,12,1,338
2022-12-04,O+,31,6,12,1,338
2022-12-04,O-,18,6,12,1,338
2022-12-05,A+,21,0,12,0,339
2022-12-05,A-,15,0,12,0,339
2022-12-05,B+,25,0,12,0,339
2022-12-05,B-,13,0,12,0,339
2022-12-05,AB+,18,0,12,0,339
2022-12-05,AB-,10,0,12,0,339
2022-12-05,O+,26,0,12,0,339
2022-12-05,O-,9,0,12,0,339
2022-12-06,A+,26,1,12,0,340
2022-12-06,A-,15,1,12,0,340
2022-12-06,B+,27,1,12,0,340
2022-12-06,B-,14,1,12,0,340
2022-12-06,AB+,23,1,12,0,340
2022-12-06,AB-,10,1,12,0,340
2022-12-06,O+,28,1,12,0,340
2022-12-06,O-,13,1,12,0,340
2022-12-07,A+,25,2,12,0,341
2022-12-07,A-,15,2,12,0,341
2022-12-07,B+,22,2,12,0,341
2022-12-07,B-,14,2,12,0,341
2022-12-07,AB+,23,2,12,0,341
2022-12-07,AB-,10,2,12,0,341
2022-12-07,O+,27,2,12,0,341
2022-12-07,O-,11,2,12,0,341
2022-12-08,A+,24,3,12,0,342
2022-12-08,A-,14,3,12,0,342
2022-12-08,B+,26,3,12,0,342
2022-12-08,B-,15,3,12,0,342
2022-12-08,AB+,21,3,12,0,342
2022-12-08,AB-,11,3,12,0,342
2022-12-08,O+,26,3,12,0,342
2022-12-08,O-,11,3,12,0,342
2022-12-09,A+,23,4,12,0,343
2022-12-09,A-,14,4,12,0,343
2022-12-09,B+,24,4,12,0,343
2022-12-09,B-,12,4,12,0,343
2022-12-09,AB+,19,4,12,0,343
2022-12-09,AB-,8,4,12,0,343
2022-12-09,O+,26,4,12,0,343
2022-12-09,O-,8,4,12,0,343
2022-12-10,A+,26,5,12,1,344
2022-12-10,A-,17,5,12,1,344
2022-12-10,B+,27,5,12,1,344
2022-12-10,B-,20,5,12,1,344
2022-12-10,AB+,26,5,12,1,344
2022-12-10,AB-,14,5,12,1,344
2022-12-10,O+,31,5,12,1,344
2022-12-10,O-,18,5,12,1,344
2022-12-11,A+,29,6,12,1,345
2022-12-11,A-,22,6,12,1,345
2022-12-11,B+,30,6,12,1,345
2022-12-11,B-,18,6,12,1,345
2022-12-11,AB+,24,6,12,1,345
2022-12-11,AB-,16,6,12,1,345
2022-12-11,O+,33,6,12,1,345
2022-12-11,O-,17,6,12,1,345
2022-12-12,A+,23,0,12,0,346
2022-12-12,A-,16,0,12,0,346
2022-12-12,B+,25,0,12,0,346
2022-12-12,B-,13,0,12,0,346
2022-12-12,AB+,19,0,12,0,346
2022-12-12,AB-,10,0,12,0,346
2022-12-12,O+,27,0,12,0,346
2022-12-12,O-,10,0,12,0,346
2022-12-13,A+,24,1,12,0,347
2022-12-13,A-,15,1,12,0,347
2022-12-13,B+,26,1,12,0,347
2022-12-13,B-,17,1,12,0,347
2022-12-13,AB+,21,1,12,0,347
2022-12-13,AB-,12,1,12,0,347
2022-12-13,O+,28,1,12,0,347
2022-12-13,O-,13,1,12,0,347
2022-12-14,A+,27,2,12,0,348
2022-12-14,A-,17,2,12,0,348
2022-12-14,B+,25,2,12,0,348
2022-12-14,B-,17,2,12,0,348
2022-12-14,AB+,23,2,12,0,348
2022-12-14,AB-,11,2,12,0,348
2022-12-14,O+,27,2,12,0,348
2022-12-14,O-,14,2,12,0,348
2022-12-15,A+,24,3,12,0,349
2022-12-15,A-,15,3,12,0,349
2022-12-15,B+,27,3,12,0,349
2022-12-15,B-,14,3,12,0,349
2022-12-15,AB+,22,3,12,0,349
2022-12-15,AB-,13,3,12,0,349
2022-12-15,O+,27,3,12,0,349
2022-12-15,O-,10,3,12,0,349
2022-12-16,A+,22,4,12,0,350
2022-12-16,A-,14,4,12,0,350
2022-12-16,B+,25,4,12,0,350
2022-12-16,B-,12,4,12,0,350
2022-12-16,AB+,22,4,12,0,350
2022-12-16,AB-,8,4,12,0,350
2022-12-16,O+,26,4,12,0,350
2022-12-16,O-,11,4,12,0,350
2022-12-17,A+,30,5,12,1,351
2022-12-17,A-,18,5,12,1,351
2022-12-17,B+,30,5,12,1,351
2022-12-17,B-,19,5,12,1,351
2022-12-17,AB+,28,5,12,1,351
2022-12-17,AB-,15,5,12,1,351
2022-12-17,O+,32,5,12,1,351
2022-12-17,O-,16,5,12,1,351
2022-12-18,A+,30,6,12,1,352
2022-12-18,A-,20,6,12,1,352
2022-12-18,B+,30,6,12,1,352
2022-12-18,B-,17,6,12,1,352
2022-12-18,AB+,27,6,12,1,352
2022-12-18,AB-,15,6,12,1,352
2022-12-18,O+,31,6,12,1,352
2022-12-18,O-,15,6,12,1,352
2022-12-19,A+,23,0,12,0,353
2022-12-19,A-,16,0,12,0,353
2022-12-19,B+,26,0,12,0,353
2022-12-19,B-,15,0,12,0,353
2022-12-19,AB+,20,0,12,0,353
2022-12-19,AB-,11,0,12,0,353
2022-12-19,O+,26,0,12,0,353
2022-12-19,O-,13,0,12,0,353
2022-12-20,A+,26,1,12,0,354
2022-12-20,A-,16,1,12,0,354
2022-12-20,B+,28,1,12,0,354
2022-12-20,B-,16,1,12,0,354
2022-12-20,AB+,21,1,12,0,354
2022-12-20,AB-,11,1,12,0,354
2022-12-20,O+,27,1,12,0,354
2022-12-20,O-,16,1,12,0,354
2022-12-21,A+,25,2,12,0,355
2022-12-21,A-,19,2,12,0,355
2022-12-21,B+,26,2,12,0,355
2022-12-21,B-,15,2,12,0,355
2022-12-21,AB+,24,2,12,0,355
2022-12-21,AB-,14,2,12,0,355
2022-12-21,O+,30,2,12,0,355
2022-12-21,O-,15,2,12,0,355
2022-12-22,A+,24,3,12,0,356
2022-12-22,A-,17,3,12,0,356
2022-12-22,B+,26,3,12,0,356
2022-12-22,B-,15,3,12,0,356
2022-12-22,AB+,22,3,12,0,356
2022-12-22,AB-,13,3,12,0,356
2022-12-22,O+,29,3,12,0,356
2022-12-22,O-,11,3,12,0,356
2022-12-23,A+,25,4,12,0,357
2022-12-23,A-,15,4,12,0,357
2022-12-23,B+,24,4,12,0,357
2022-12-23,B-,14,4,12,0,357
2022-12-23,AB+,21,4,12,0,357
2022-12-23,AB-,8,4,12,0,357
2022-12-23,O+,26,4,12,0,357
2022-12-23,O-,11,4,12,0,357
2022-12-24,A+,29,5,12,1,358
2022-12-24,A-,20,5,12,1,358
2022-12-24,B+,31,5,12,1,358
2022-12-24,B-,18,5,12,1,358
2022-12-24,AB+,28,5,12,1,358
2022-12-24,AB-,17,5,12,1,358
2022-12-24,O+,34,5,12,1,358
2022-12-24,O-,20,5,12,1,358
2022-12-25,A+,32,6,12,1,359
2022-12-25,A-,19,6,12,1,359
2022-12-25,B+,31,6,12,1,359
2022-12-25,B-,19,6,12,1,359
2022-12-25,AB+,31,6,12,1,359
2022-12-25,AB-,18,6,12,1,359
2022-12-25,O+,35,6,12,1,359
2022-12-25,O-,18,6,12,1,359
2022-12-26,A+,21,0,12,0,360
2022-12-26,A-,15,0,12,0,360
2022-12-26,B+,25,0,12,0,360
2022-12-26,B-,14,0,12,0,360
2022-12-26,AB+,22,0,12,0,360
2022-12-26,AB-,12,0,12,0,360
2022-12-26,O+,24,0,12,0,360
2022-12-26,O-,12,0,12,0,360
2022-12-27,A+,26,1,12,0,361
2022-12-27,A-,19,1,12,0,361
2022-12-27,B+,28,1,12,0,361
2022-12-27,B-,16,1,12,0,361
2022-12-27,AB+,23,1,12,0,361
2022-12-27,AB-,11,1,12,0,361
2022-12-27,O+,30,1,12,0,361
2022-12-27,O-,14,1,12,0,361
2022-12-28,A+,26,2,12,0,362
2022-12-28,A-,19,2,12,0,362
2022-12-28,B+,28,2,12,0,362
2022-12-28,B-,16,2,12,0,362
2022-12-28,AB+,23,2,12,0,362
2022-12-28,AB-,14,2,12,0,362
2022-12-28,O+,30,2,12,0,362
2022-12-28,O-,15,2,12,0,362
2022-12-29,A+,24,3,12,0,363
2022-12-29,A-,15,3,12,0,363
2022-12-29,B+,26,3,12,0,363
2022-12-29,B-,15,3,12,0,363
2022-12-29,AB+,23,3,12,0,363
2022-12-29,AB-,13,3,12,0,363
2022-12-29,O+,29,3,12,0,363
2022-12-29,O-,16,3,12,0,363
2022-12-30,A+,25,4,12,0,364
2022-12-30,A-,16,4,12,0,364
2022-12-30,B+,26,4,12,0,364
2022-12-30,B-,14,4,12,0,364
2022-12-30,AB+,22,4,12,0,364
2022-12-30,AB-,11,4,12,0,364
2022-12-30,O+,28,4,12,0,364
2022-12-30,O-,11,4,12,0,364
2022-12-31,A+,31,5,12,1,365
2022-12-31,A-,21,5,12,1,365
2022-12-31,B+,29,5,12,1,365
2022-12-31,B-,20,5,12,1,365
2022-12-31,AB+,25,5,12,1,365
2022-12-31,AB-,16,5,12,1,365
2022-12-31,O+,33,5,12,1,365
2022-12-31,O-,16,5,12,1,365
2023-01-01,A+,30,6,1,1,1
2023-01-01,A-,22,6,1,1,1
2023-01-01,B+,32,6,1,1,1
2023-01-01,B-,20,6,1,1,1
2023-01-01,AB+,28,6,1,1,1
2023-01-01,AB-,17,6,1,1,1
2023-01-01,O+,33,6,1,1,1
2023-01-01,O-,17,6,1,1,1
2023-01-02,A+,25,0,1,0,2
2023-01-02,A-,17,0,1,0,2
2023-01-02,B+,25,0,1,0,2
2023-01-02,B-,15,0,1,0,2
2023-01-02,AB+,22,0,1,0,2
2023-01-02,AB-,13,0,1,0,2
2023-01-02,O+,28,0,1,0,2
2023-01-02,O-,14,0,1,0,2
2023-01-03,A+,27,1,1,0,3
2023-01-03,A-,17,1,1,0,3
2023-01-03,B+,26,1,1,0,3
2023-01-03,B-,16,1,1,0,3
2023-01-03,AB+,24,1,1,0,3
2023-01-03,AB-,14,1,1,0,3
2023-01-03,O+,32,1,1,0,3
2023-01-03,O-,16,1,1,0,3
2023-01-04,A+,29,2,1,0,4
2023-01-04,A-,16,2,1,0,4
2023-01-04,B+,30,2,1,0,4
2023-01-04,B-,18,2,1,0,4
2023-01-04,AB+,25,2,1,0,4
2023-01-04,AB-,15,2,1,0,4
2023-01-04,O+,30,2,1,0,4
2023-01-04,O-,14,2,1,0,4
2023-01-05,A+,28,3,1,0,5
2023-01-05,A-,16,3,1,0,5
2023-01-05,B+,26,3,1,0,5
2023-01-05,B-,16,3,1,0,5
2023-01-05,AB+,23,3,1,0,5
2023-01-05,AB-,13,3,1,0,5
2023-01-05,O+,29,3,1,0,5
2023-01-05,O-,16,3,1,0,5
2023-01-06,A+,25,4,1,0,6
2023-01-06,A-,15,4,1,0,6
2023-01-06,B+,25,4,1,0,6
2023-01-06,B-,14,4,1,0,6
2023-01-06,AB+,21,4,1,0,6
2023-01-06,AB-,11,4,1,0,6
2023-01-06,O+,26,4,1,0,6
2023-01-06,O-,13,4,1,0,6
2023-01-07,A+,30,5,1,1,7
2023-01-07,A-,21,5,1,1,7
2023-01-07,B+,32,5,1,1,7
2023-01-07,B-,22,5,1,1,7
2023-01-07,AB+,27,5,1,1,7
2023-01-07,AB-,20,5,1,1,7
2023-01-07,O+,36,5,1,1,7
2023-01-07,O-,19,5,1,1,7
2023-01-08,A+,31,6,1,1,8
2023-01-08,A-,22,6,1,1,8
2023-01-08,B+,31,6,1,1,8
2023-01-08,B-,20,6,1,1,8
2023-01-08,AB+,26,6,1,1,8
2023-01-08,AB-,17,6,1,1,8
2023-01-08,O+,33,6,1,1,8
2023-01-08,O-,20,6,1,1,8
2023-01-09,A+,25,0,1,0,9
2023-01-09,A-,17,0,1,0,9
2023-01-09,B+,28,0,1,0,9
2023-01-09,B-,17,0,1,0,9
2023-01-09,AB+,22,0,1,0,9
2023-01-09,AB-,13,0,1,0,9
2023-01-09,O+,29,0,1,0,9
2023-01-09,O-,15,0,1,0,9
2023-01-10,A+,28,1,1,0,10
2023-01-10,A-,20,1,1,0,10
2023-01-10,B+,26,1,1,0,10
2023-01-10,B-,17,1,1,0,10
2023-01-10,AB+,26,1,1,0,10
2023-01-10,AB-,15,1,1,0,10
2023-01-10,O+,30,1,1,0,10
2023-01-10,O-,15,1,1,0,10
2023-01-11,A+,29,2,1,0,11
2023-01-11,A-,17,2,1,0,11
2023-01-11,B+,30,2,1,0,11
2023-01-11,B-,18,2,1,0,11
2023-01-11,AB+,24,2,1,0,11
2023-01-11,AB-,15,2,1,0,11
2023-01-11,O+,30,2,1,0,11
2023-01-11,O-,16,2,1,0,11
2023-01-12,A+,27,3,1,0,12
2023-01-12,A-,19,3,1,0,12
2023-01-12,B+,28,3,1,0,12
2023-01-12,B-,15,3,1,0,12
2023-01-12,AB+,22,3,1,0,12
2023-01-12,AB-,13,3,1,0,12
2023-01-12,O+,30,3,1,0,12
2023-01-12,O-,16,3,1,0,12
2023-01-13,A+,27,4,1,0,13
2023-01-13,A-,15,4,1,0,13
2023-01-13,B+,28,4,1,0,13
2023-01-13,B-,13,4,1,0,13
2023-01-13,AB+,22,4,1,0,13
2023-01-13,AB-,13,4,1,0,13
2023-01-13,O+,29,4,1,0,13
2023-01-13,O-,13,4,1,0,13
2023-01-14,A+,31,5,1,1,14
2023-01-14,A-,21,5,1,1,14
2023-01-14,B+,33,5,1,1,14
2023-01-14,B-,22,5,1,1,14
2023-01-14,AB+,29,5,1,1,14
2023-01-14,AB-,18,5,1,1,14
2023-01-14,O+,34,5,1,1,14
2023-01-14,O-,20,5,1,1,14
2023-01-15,A+,34,6,1,1,15
2023-01-15,A-,21,6,1,1,15
2023-01-15,B+,31,6,1,1,15
2023-01-15,B-,22,6,1,1,15
2023-01-15,AB+,28,6,1,1,15
2023-01-15,AB-,19,6,1,1,15
2023-01-15,O+,35,6,1,1,15
2023-01-15,O-,20,6,1,1,15
2023-01-16,A+,26,0,1,0,16
2023-01-16,A-,16,0,1,0,16
2023-01-16,B+,26,0,1,0,16
2023-01-16,B-,16,0,1,0,16
2023-01-16,AB+,22,0,1,0,16
2023-01-16,AB-,13,0,1,0,16
2023-01-16,O+,29,0,1,0,16
2023-01-16,O-,14,0,1,0,16
2023-01-17,A+,28,1,1,0,17
2023-01-17,A-,17,1,1,0,17
2023-01-17,B+,28,1,1,0,17
2023-01-17,B-,17,1,1,0,17
2023-01-17,AB+,26,1,1,0,17
2023-01-17,AB-,18,1,1,0,17
2023-01-17,O+,30,1,1,0,17
2023-01-17,O-,16,1,1,0,17
2023-01-18,A+,28,2,1,0,18
2023-01-18,A-,20,2,1,0,18
2023-01-18,B+,29,2,1,0,18
2023-01-18,B-,19,2,1,0,18
2023-01-18,AB+,26,2,1,0,18
2023-01-18,AB-,14,2,1,0,18
2023-01-18,O+,32,2,1,0,18
2023-01-18,O-,14,2,1,0,18
2023-01-19,A+,27,3,1,0,19
2023-01-19,A-,18,3,1,0,19
2023-01-19,B+,28,3,1,0,19
2023-01-19,B-,17,3,1,0,19
2023-01-19,AB+,24,3,1,0,19
2023-01-19,AB-,14,3,1,0,19
2023-01-19,O+,31,3,1,0,19
2023-01-19,O-,16,3,1,0,19
2023-01-20,A+,26,4,1,0,20
2023-01-20,A-,16,4,1,0,20
2023-01-20,B+,28,4,1,0,20
2023-01-20,B-,18,4,1,0,20
2023-01-20,AB+,21,4,1,0,20
2023-01-20,AB-,13,4,1,0,20
2023-01-20,O+,28,4,1,0,20
2023-01-20,O-,15,4,1,0,20
2023-01-21,A+,32,5,1,1,21
2023-01-21,A-,23,5,1,1,21
2023-01-21,B+,33,5,1,1,21
2023-01-21,B-,21,5,1,1,21
2023-01-21,AB+,31,5,1,1,21
2023-01-21,AB-,19,5,1,1,21
2023-01-21,O+,36,5,1,1,21
2023-01-21,O-,20,5,1,1,21
2023-01-22,A+,32,6,1,1,22
2023-01-22,A-,24,6,1,1,22
2023-01-22,B+,34,6,1,1,22
2023-01-22,B-,21,6,1,1,22
2023-01-22,AB+,29,6,1,1,22
2023-01-22,AB-,20,6,1,1,22
2023-01-22,O+,35,6,1,1,22
2023-01-22,O-,21,6,1,1,22
2023-01-23,A+,27,0,1,0,23
2023-01-23,A-,15,0,1,0,23
2023-01-23,B+,26,0,1,0,23
2023-01-23,B-,18,0,1,0,23
2023-01-23,AB+,24,0,1,0,23
2023-01-23,AB-,14,0,1,0,23
2023-01-23,O+,30,0,1,0,23
2023-01-23,O-,14,0,1,0,23
2023-01-24,A+,28,1,1,0,24
2023-01-24,A-,20,1,1,0,24
2023-01-24,B+,30,1,1,0,24
2023-01-24,B-,21,1,1,0,24
2023-01-24,AB+,25,1,1,0,24
2023-01-24,AB-,18,1,1,0,24
2023-01-24,O+,31,1,1,0,24
2023-01-24,O-,17,1,1,0,24
2023-01-25,A+,29,2,1,0,25
2023-01-25,A-,20,2,1,0,25
2023-01-25,B+,30,2,1,0,25
2023-01-25,B-,18,2,1,0,25
2023-01-25,AB+,27,2,1,0,25
2023-01-25,AB-,15,2,1,0,25
2023-01-25,O+,32,2,1,0,25
2023-01-25,O-,18,2,1,0,25
2023-01-26,A+,30,3,1,0,26
2023-01-26,A-,20,3,1,0,26
2023-01-26,B+,30,3,1,0,26
2023-01-26,B-,17,3,1,0,26
2023-01-26,AB+,24,3,1,0,26
2023-01-26,AB-,14,3,1,0,26
2023-01-26,O+,30,3,1,0,26
2023-01-26,O-,16,3,1,0,26
2023-01-27,A+,26,4,1,0,27
2023-01-27,A-,19,4,1,0,27
2023-01-27,B+,27,4,1,0,27
2023-01-27,B-,16,4,1,0,27
2023-01-27,AB+,23,4,1,0,27
2023-01-27,AB-,12,4,1,0,27
2023-01-27,O+,31,4,1,0,27
2023-01-27,O-,15,4,1,0,27
2023-01-28,A+,33,5,1,1,28
2023-01-28,A-,24,5,1,1,28
2023-01-28,B+,32,5,1,1,28
2023-01-28,B-,21,5,1,1,28
2023-01-28,AB+,30,5,1,1,28
2023-01-28,AB-,21,5,1,1,28
2023-01-28,O+,36,5,1,1,28
2023-01-28,O-,22,5,1,1,28
2023-01-29,A+,32,6,1,1,29
2023-01-29,A-,25,6,1,1,29
2023-01-29,B+,33,6,1,1,29
2023-01-29,B-,23,6,1,1,29
2023-01-29,AB+,29,6,1,1,29
2023-01-29,AB-,21,6,1,1,29
2023-01-29,O+,37,6,1,1,29
2023-01-29,O-,19,6,1,1,29
2023-01-30,A+,29,0,1,0,30
2023-01-30,A-,21,0,1,0,30
2023-01-30,B+,28,0,1,0,30
2023-01-30,B-,17,0,1,0,30
2023-01-30,AB+,26,0,1,0,30
2023-01-30,AB-,15,0,1,0,30
2023-01-30,O+,30,0,1,0,30
2023-01-30,O-,18,0,1,0,30
2023-01-31,A+,27,1,1,0,31
2023-01-31,A-,19,1,1,0,31
2023-01-31,B+,31,1,1,0,31
2023-01-31,B-,17,1,1,0,31
2023-01-31,AB+,26,1,1,0,31
2023-01-31,AB-,16,1,1,0,31
2023-01-31,O+,33,1,1,0,31
2023-01-31,O-,18,1,1,0,31
2023-02-01,A+,28,2,2,0,32
2023-02-01,A-,20,2,2,0,32
2023-02-01,B+,30,2,2,0,32
2023-02-01,B-,19,2,2,0,32
2023-02-01,AB+,25,2,2,0,32
2023-02-01,AB-,17,2,2,0,32
2023-02-01,O+,32,2,2,0,32
2023-02-01,O-,18,2,2,0,32
2023-02-02,A+,29,3,2,0,33
2023-02-02,A-,18,3,2,0,33
2023-02-02,B+,31,3,2,0,33
2023-02-02,B-,20,3,2,0,33
2023-02-02,AB+,26,3,2,0,33
2023-02-02,AB-,15,3,2,0,33
2023-02-02,O+,30,3,2,0,33
2023-02-02,O-,18,3,2,0,33
2023-02-03,A+,28,4,2,0,34
2023-02-03,A-,17,4,2,0,34
2023-02-03,B+,27,4,2,0,34
2023-02-03,B-,17,4,2,0,34
2023-02-03,AB+,22,4,2,0,34
2023-02-03,AB-,13,4,2,0,34
2023-02-03,O+,29,4,2,0,34
2023-02-03,O-,14,4,2,0,34
2023-02-04,A+,32,5,2,1,35
2023-02-04,A-,25,5,2,1,35
2023-02-04,B+,32,5,2,1,35
2023-02-04,B-,23,5,2,1,35
2023-02-04,AB+,30,5,2,1,35
2023-02-04,AB-,21,5,2,1,35
2023-02-04,O+,36,5,2,1,35
2023-02-04,O-,20,5,2,1,35
2023-02-05,A+,32,6,2,1,36
2023-02-05,A-,26,6,2,1,36
2023-02-05,B+,35,6,2,1,36
2023-02-05,B-,23,6,2,1,36
2023-02-05,AB+,31,6,2,1,36
2023-02-05,AB-,20,6,2,1,36
2023-02-05,O+,36,6,2,1,36
2023-02-05,O-,21,6,2,1,36
2023-02-06,A+,29,0,2,0,37
2023-02-06,A-,18,0,2,0,37
2023-02-06,B+,29,0,2,0,37
2023-02-06,B-,17,0,2,0,37
2023-02-06,AB+,25,0,2,0,37
2023-02-06,AB-,15,0,2,0,37
2023-02-06,O+,30,0,2,0,37
2023-02-06,O-,16,0,2,0,37
2023-02-07,A+,28,1,2,0,38
2023-02-07,A-,23,1,2,0,38
2023-02-07,B+,30,1,2,0,38
2023-02-07,B-,21,1,2,0,38
2023-02-07,AB+,27,1,2,0,38
2023-02-07,AB-,17,1,2,0,38
2023-02-07,O+,31,1,2,0,38
2023-02-07,O-,19,1,2,0,38
2023-02-08,A+,30,2,2,0,39
2023-02-08,A-,22,2,2,0,39
2023-02-08,B+,31,2,2,0,39
2023-02-08,B-,20,2,2,0,39
2023-02-08,AB+,26,2,2,0,39
2023-02-08,AB-,17,2,2,0,39
2023-02-08,O+,33,2,2,0,39
2023-02-08,O-,17,2,2,0,39
2023-02-09,A+,29,3,2,0,40
2023-02-09,A-,20,3,2,0,40
2023-02-09,B+,30,3,2,0,40
2023-02-09,B-,19,3,2,0,40
2023-02-09,AB+,27,3,2,0,40
2023-02-09,AB-,16,3,2,0,40
2023-02-09,O+,32,3,2,0,40
2023-02-09,O-,17,3,2,0,40
2023-02-10,A+,29,4,2,0,41
2023-02-10,A-,17,4,2,0,41
2023-02-10,B+,28,4,2,0,41
2023-02-10,B-,18,4,2,0,41
2023-02-10,AB+,22,4,2,0,41
2023-02-10,AB-,16,4,2,0,41
2023-02-10,O+,31,4,2,0,41
2023-02-10,O-,17,4,2,0,41
2023-02-11,A+,35,5,2,1,42
2023-02-11,A-,25,5,2,1,42
2023-02-11,B+,32,5,2,1,42
2023-02-11,B-,24,5,2,1,42
2023-02-11,AB+,31,5,2,1,42
2023-02-11,AB-,19,5,2,1,42
2023-02-11,O+,34,5,2,1,42
2023-02-11,O-,22,5,2,1,42
2023-02-12,A+,32,6,2,1,43
2023-02-12,A-,27,6,2,1,43
2023-02-12,B+,35,6,2,1,43
2023-02-12,B-,25,6,2,1,43
2023-02-12,AB+,31,6,2,1,43
2023-02-12,AB-,22,6,2,1,43
2023-02-12,O+,37,6,2,1,43
2023-02-12,O-,23,6,2,1,43
2023-02-13,A+,26,0,2,0,44
2023-02-13,A-,21,0,2,0,44
2023-02-13,B+,30,0,2,0,44
2023-02-13,B-,18,0,2,0,44
2023-02-13,AB+,25,0,2,0,44
2023-02-13,AB-,15,0,2,0,44
2023-02-13,O+,32,0,2,0,44
2023-02-13,O-,18,0,2,0,44
2023-02-14,A+,29,1,2,0,45
2023-02-14,A-,19,1,2,0,45
2023-02-14,B+,34,1,2,0,45
2023-02-14,B-,21,1,2,0,45
2023-02-14,AB+,27,1,2,0,45
2023-02-14,AB-,18,1,2,0,45
2023-02-14,O+,34,1,2,0,45
2023-02-14,O-,19,1,2,0,45
2023-02-15,A+,30,2,2,0,46
2023-02-15,A-,22,2,2,0,46
2023-02-15,B+,33,2,2,0,46
2023-02-15,B-,18,2,2,0,46
2023-02-15,AB+,28,2,2,0,46
2023-02-15,AB-,18,2,2,0,46
2023-02-15,O+,34,2,2,0,46
2023-02-15,O-,19,2,2,0,46
2023-02-16,A+,31,3,2,0,47
2023-02-16,A-,20,3,2,0,47
2023-02-16,B+,30,3,2,0,47
2023-02-16,B-,20,3,2,0,47
2023-02-16,AB+,26,3,2,0,47
2023-02-16,AB-,15,3,2,0,47
2023-02-16,O+,33,3,2,0,47
2023-02-16,O-,18,3,2,0,47
2023-02-17,A+,27,4,2,0,48
2023-02-17,A-,19,4,2,0,48
2023-02-17,B+,25,4,2,0,48
2023-02-17,B-,19,4,2,0,48
2023-02-17,AB+,26,4,2,0,48
2023-02-17,AB-,13,4,2,0,48
2023-02-17,O+,30,4,2,0,48
2023-02-17,O-,18,4,2,0,48
2023-02-18,A+,32,5,2,1,49
2023-02-18,A-,25,5,2,1,49
2023-02-18,B+,34,5,2,1,49
2023-02-18,B-,24,5,2,1,49
2023-02-18,AB+,31,5,2,1,49
2023-02-18,AB-,20,5,2,1,49
2023-02-18,O+,37,5,2,1,49
2023-02-18,O-,21,5,2,1,49
2023-02-19,A+,32,6,2,1,50
2023-02-19,A-,24,6,2,1,50
2023-02-19,B+,34,6,2,1,50
2023-02-19,B-,22,6,2,1,50
2023-02-19,AB+,32,6,2,1,50
2023-02-19,AB-,21,6,2,1,50
2023-02-19,O+,38,6,2,1,50
2023-02-19,O-,23,6,2,1,50
2023-02-20,A+,30,0,2,0,51
2023-02-20,A-,20,0,2,0,51
2023-02-20,B+,29,0,2,0,51
2023-02-20,B-,20,0,2,0,51
2023-02-20,AB+,26,0,2,0,51
2023-02-20,AB-,18,0,2,0,51
2023-02-20,O+,32,0,2,0,51
2023-02-20,O-,17,0,2,0,51
2023-02-21,A+,30,1,2,0,52
2023-02-21,A-,22,1,2,0,52
2023-02-21,B+,31,1,2,0,52
2023-02-21,B-,20,1,2,0,52
2023-02-21,AB+,28,1,2,0,52
2023-02-21,AB-,18,1,2,0,52
2023-02-21,O+,33,1,2,0,52
2023-02-21,O-,19,1,2,0,52
2023-02-22,A+,32,2,2,0,53
2023-02-22,A-,21,2,2,0,53
2023-02-22,B+,31,2,2,0,53
2023-02-22,B-,21,2,2,0,53
2023-02-22,AB+,27,2,2,0,53
2023-02-22,AB-,17,2,2,0,53
2023-02-22,O+,36,2,2,0,53
2023-02-22,O-,18,2,2,0,53
2023-02-23,A+,28,3,2,0,54
2023-02-23,A-,20,3,2,0,54
2023-02-23,B+,31,3,2,0,54
2023-02-23,B-,20,3,2,0,54
2023-02-23,AB+,29,3,2,0,54
2023-02-23,AB-,16,3,2,0,54
2023-02-23,O+,33,3,2,0,54
2023-02-23,O-,19,3,2,0,54
2023-02-24,A+,27,4,2,0,55
2023-02-24,A-,20,4,2,0,55
2023-02-24,B+,27,4,2,0,55
2023-02-24,B-,20,4,2,0,55
2023-02-24,AB+,26,4,2,0,55
2023-02-24,AB-,14,4,2,0,55
2023-02-24,O+,32,4,2,0,55
2023-02-24,O-,18,4,2,0,55
2023-02-25,A+,33,5,2,1,56
2023-02-25,A-,24,5,2,1,56
2023-02-25,B+,37,5,2,1,56
2023-02-25,B-,24,5,2,1,56
2023-02-25,AB+,32,5,2,1,56
2023-02-25,AB-,21,5,2,1,56
2023-02-25,O+,38,5,2,1,56
2023-02-25,O-,23,5,2,1,56
2023-02-26,A+,35,6,2,1,57
2023-02-26,A-,23,6,2,1,57
2023-02-26,B+,36,6,2,1,57
2023-02-26,B-,25,6,2,1,57
2023-02-26,AB+,30,6,2,1,57
2023-02-26,AB-,20,6,2,1,57
2023-02-26,O+,38,6,2,1,57
2023-02-26,O-,23,6,2,1,57
2023-02-27,A+,27,0,2,0,58
2023-02-27,A-,19,0,2,0,58
2023-02-27,B+,31,0,2,0,58
2023-02-27,B-,20,0,2,0,58
2023-02-27,AB+,26,0,2,0,58
2023-02-27,AB-,16,0,2,0,58
2023-02-27,O+,31,0,2,0,58
2023-02-27,O-,19,0,2,0,58
2023-02-28,A+,31,1,2,0,59
2023-02-28,A-,21,1,2,0,59
2023-02-28,B+,30,1,2,0,59
2023-02-28,B-,19,1,2,0,59
2023-02-28,AB+,30,1,2,0,59
2023-02-28,AB-,18,1,2,0,59
2023-02-28,O+,33,1,2,0,59
2023-02-28,O-,19,1,2,0,59
2023-03-01,A+,38,2,3,0,60
2023-03-01,A-,30,2,3,0,60
2023-03-01,B+,40,2,3,0,60
2023-03-01,B-,29,2,3,0,60
2023-03-01,AB+,35,2,3,0,60
2023-03-01,AB-,27,2,3,0,60
2023-03-01,O+,42,2,3,0,60
2023-03-01,O-,26,2,3,0,60
2023-03-02,A+,37,3,3,0,61
2023-03-02,A-,28,3,3,0,61
2023-03-02,B+,40,3,3,0,61
2023-03-02,B-,29,3,3,0,61
2023-03-02,AB+,34,3,3,0,61
2023-03-02,AB-,23,3,3,0,61
2023-03-02,O+,40,3,3,0,61
2023-03-02,O-,26,3,3,0,61
2023-03-03,A+,35,4,3,0,62
2023-03-03,A-,27,4,3,0,62
2023-03-03,B+,37,4,3,0,62
2023-03-03,B-,26,4,3,0,62
2023-03-03,AB+,32,4,3,0,62
2023-03-03,AB-,24,4,3,0,62
2023-03-03,O+,42,4,3,0,62
2023-03-03,O-,26,4,3,0,62
2023-03-04,A+,42,5,3,1,63
2023-03-04,A-,34,5,3,1,63
2023-03-04,B+,44,5,3,1,63
2023-03-04,B-,32,5,3,1,63
2023-03-04,AB+,40,5,3,1,63
2023-03-04,AB-,30,5,3,1,63
2023-03-04,O+,47,5,3,1,63
2023-03-04,O-,29,5,3,1,63
2023-03-05,A+,44,6,3,1,64
2023-03-05,A-,36,6,3,1,64
2023-03-05,B+,45,6,3,1,64
2023-03-05,B-,35,6,3,1,64
2023-03-05,AB+,37,6,3,1,64
2023-03-05,AB-,31,6,3,1,64
2023-03-05,O+,46,6,3,1,64
2023-03-05,O-,32,6,3,1,64
2023-03-06,A+,36,0,3,0,65
2023-03-06,A-,28,0,3,0,65
2023-03-06,B+,40,0,3,0,65
2023-03-06,B-,26,0,3,0,65
2023-03-06,AB+,35,0,3,0,65
2023-03-06,AB-,24,0,3,0,65
2023-03-06,O+,40,0,3,0,65
2023-03-06,O-,26,0,3,0,65
2023-03-07,A+,38,1,3,0,66
2023-03-07,A-,29,1,3,0,66
2023-03-07,B+,40,1,3,0,66
2023-03-07,B-,28,1,3,0,66
2023-03-07,AB+,38,1,3,0,66
2023-03-07,AB-,25,1,3,0,66
2023-03-07,O+,43,1,3,0,66
2023-03-07,O-,26,1,3,0,66
2023-03-08,A+,40,2,3,0,67
2023-03-08,A-,29,2,3,0,67
2023-03-08,B+,42,2,3,0,67
2023-03-08,B-,31,2,3,0,67
2023-03-08,AB+,36,2,3,0,67
2023-03-08,AB-,26,2,3,0,67
2023-03-08,O+,43,2,3,0,67
2023-03-08,O-,26,2,3,0,67
2023-03-09,A+,39,3,3,0,68
2023-03-09,A-,29,3,3,0,68
2023-03-09,B+,39,3,3,0,68
2023-03-09,B-,28,3,3,0,68
2023-03-09,AB+,35,3,3,0,68
2023-03-09,AB-,28,3,3,0,68
2023-03-09,O+,42,3,3,0,68
2023-03-09,O-,25,3,3,0,68
2023-03-10,A+,36,4,3,0,69
2023-03-10,A-,29,4,3,0,69
2023-03-10,B+,39,4,3,0,69
2023-03-10,B-,25,4,3,0,69
2023-03-10,AB+,35,4,3,0,69
2023-03-10,AB-,24,4,3,0,69
2023-03-10,O+,37,4,3,0,69
2023-03-10,O-,24,4,3,0,69
2023-03-11,A+,43,5,3,1,70
2023-03-11,A-,34,5,3,1,70
2023-03-11,B+,42,5,3,1,70
2023-03-11,B-,32,5,3,1,70
2023-03-11,AB+,39,5,3,1,70
2023-03-11,AB-,29,5,3,1,70
2023-03-11,O+,45,5,3,1,70
2023-03-11,O-,31,5,3,1,70
2023-03-12,A+,44,6,3,1,71
2023-03-12,A-,36,6,3,1,71
2023-03-12,B+,45,6,3,1,71
2023-03-12,B-,35,6,3,1,71
2023-03-12,AB+,40,6,3,1,71
2023-03-12,AB-,29,6,3,1,71
2023-03-12,O+,47,6,3,1,71
2023-03-12,O-,31,6,3,1,71
2023-03-13,A+,39,0,3,0,72
2023-03-13,A-,28,0,3,0,72
2023-03-13,B+,40,0,3,0,72
2023-03-13,B-,28,0,3,0,72
2023-03-13,AB+,34,0,3,0,72
2023-03-13,AB-,24,0,3,0,72
2023-03-13,O+,41,0,3,0,72
2023-03-13,O-,27,0,3,0,72
2023-03-14,A+,39,1,3,0,73
2023-03-14,A-,31,1,3,0,73
2023-03-14,B+,41,1,3,0,73
2023-03-14,B-,30,1,3,0,73
2023-03-14,AB+,38,1,3,0,73
2023-03-14,AB-,28,1,3,0,73
2023-03-14,O+,42,1,3,0,73
2023-03-14,O-,29,1,3,0,73
2023-03-15,A+,40,2,3,0,74
2023-03-15,A-,29,2,3,0,74
2023-03-15,B+,40,2,3,0,74
2023-03-15,B-,30,2,3,0,74
2023-03-15,AB+,38,2,3,0,74
2023-03-15,AB-,26,2,3,0,74
2023-03-15,O+,42,2,3,0,74
2023-03-15,O-,27,2,3,0,74
2023-03-16,A+,38,3,3,0,75
2023-03-16,A-,27,3,3,0,75
2023-03-16,B+,37,3,3,0,75
2023-03-16,B-,28,3,3,0,75
2023-03-16,AB+,36,3,3,0,75
2023-03-16,AB-,26,3,3,0,75
2023-03-16,O+,40,3,3,0,75
2023-03-16,O-,25,3,3,0,75
2023-03-17,A+,36,4,3,0,76
2023-03-17,A-,28,4,3,0,76
2023-03-17,B+,39,4,3,0,76
2023-03-17,B-,28,4,3,0,76
2023-03-17,AB+,34,4,3,0,76
2023-03-17,AB-,24,4,3,0,76
2023-03-17,O+,39,4,3,0,76
2023-03-17,O-,25,4,3,0,76
2023-03-18,A+,43,5,3,1,77
2023-03-18,A-,36,5,3,1,77
2023-03-18,B+,44,5,3,1,77
2023-03-18,B-,32,5,3,1,77
2023-03-18,AB+,39,5,3,1,77
2023-03-18,AB-,30,5,3,1,77
2023-03-18,O+,44,5,3,1,77
2023-03-18,O-,31,5,3,1,77
2023-03-19,A+,43,6,3,1,78
2023-03-19,A-,35,6,3,1,78
2023-03-19,B+,45,6,3,1,78
2023-03-19,B-,33,6,3,1,78
2023-03-19,AB+,38,6,3,1,78
2023-03-19,AB-,29,6,3,1,78
2023-03-19,O+,46,6,3,1,78
2023-03-19,O-,32,6,3,1,78
2023-03-20,A+,39,0,3,0,79
2023-03-20,A-,29,0,3,0,79
2023-03-20,B+,42,0,3,0,79
2023-03-20,B-,30,0,3,0,79
2023-03-20,AB+,36,0,3,0,79
2023-03-20,AB-,26,0,3,0,79
2023-03-20,O+,41,0,3,0,79
2023-03-20,O-,26,0,3,0,79
2023-03-21,A+,37,1,3,0,80
2023-03-21,A-,29,1,3,0,80
2023-03-21,B+,40,1,3,0,80
2023-03-21,B-,30,1,3,0,80
2023-03-21,AB+,36,1,3,0,80
2023-03-21,AB-,27,1,3,0,80
2023-03-21,O+,40,1,3,0,80
2023-03-21,O-,28,1,3,0,80
2023-03-22,A+,40,2,3,0,81
2023-03-22,A-,31,2,3,0,81
2023-03-22,B+,42,2,3,0,81
2023-03-22,B-,29,2,3,0,81
2023-03-22,AB+,37,2,3,0,81
2023-03-22,AB-,27,2,3,0,81
2023-03-22,O+,42,2,3,0,81
2023-03-22,O-,25,2,3,0,81
2023-03-23,A+,37,3,3,0,82
2023-03-23,A-,30,3,3,0,82
2023-03-23,B+,40,3,3,0,82
2023-03-23,B-,29,3,3,0,82
2023-03-23,AB+,35,3,3,0,82
2023-03-23,AB-,24,3,3,0,82
2023-03-23,O+,42,3,3,0,82
2023-03-23,O-,27,3,3,0,82
2023-03-24,A+,38,4,3,0,83
2023-03-24,A-,27,4,3,0,83
2023-03-24,B+,36,4,3,0,83
2023-03-24,B-,24,4,3,0,83
2023-03-24,AB+,34,4,3,0,83
2023-03-24,AB-,24,4,3,0,83
2023-03-24,O+,40,4,3,0,83
2023-03-24,O-,24,4,3,0,83
2023-03-25,A+,41,5,3,1,84
2023-03-25,A-,32,5,3,1,84
2023-03-25,B+,44,5,3,1,84
2023-03-25,B-,33,5,3,1,84
2023-03-25,AB+,40,5,3,1,84
2023-03-25,AB-,28,5,3,1,84
2023-03-25,O+,45,5,3,1,84
2023-03-25,O-,31,5,3,1,84
2023-03-26,A+,44,6,3,1,85
2023-03-26,A-,34,6,3,1,85
2023-03-26,B+,46,6,3,1,85
2023-03-26,B-,33,6,3,1,85
2023-03-26,AB+,42,6,3,1,85
2023-03-26,AB-,31,6,3,1,85
2023-03-26,O+,47,6,3,1,85
2023-03-26,O-,33,6,3,1,85
2023-03-27,A+,37,0,3,0,86
2023-03-27,A-,29,0,3,0,86
2023-03-27,B+,38,0,3,0,86
2023-03-27,B-,29,0,3,0,86
2023-03-27,AB+,35,0,3,0,86
2023-03-27,AB-,26,0,3,0,86
2023-03-27,O+,41,0,3,0,86
2023-03-27,O-,27,0,3,0,86
2023-03-28,A+,39,1,3,0,87
2023-03-28,A-,32,1,3,0,87
2023-03-28,B+,40,1,3,0,87
2023-03-28,B-,30,1,3,0,87
2023-03-28,AB+,37,1,3,0,87
2023-03-28,AB-,29,1,3,0,87
2023-03-28,O+,44,1,3,0,87
2023-03-28,O-,29,1,3,0,87
2023-03-29,A+,39,2,3,0,88
2023-03-29,A-,31,2,3,0,88
2023-03-29,B+,41,2,3,0,88
2023-03-29,B-,32,2,3,0,88
2023-03-29,AB+,37,2,3,0,88
2023-03-29,AB-,29,2,3,0,88
2023-03-29,O+,41,2,3,0,88
2023-03-29,O-,30,2,3,0,88
2023-03-30,A+,38,3,3,0,89
2023-03-30,A-,31,3,3,0,89
2023-03-30,B+,39,3,3,0,89
2023-03-30,B-,30,3,3,0,89
2023-03-30,AB+,35,3,3,0,89
2023-03-30,AB-,27,3,3,0,89
2023-03-30,O+,43,3,3,0,89
2023-03-30,O-,26,3,3,0,89
2023-03-31,A+,38,4,3,0,90
2023-03-31,A-,29,4,3,0,90
2023-03-31,B+,37,4,3,0,90
2023-03-31,B-,26,4,3,0,90
2023-03-31,AB+,33,4,3,0,90
2023-03-31,AB-,23,4,3,0,90
2023-03-31,O+,39,4,3,0,90
2023-03-31,O-,26,4,3,0,90
2023-04-01,A+,44,5,4,1,91
2023-04-01,A-,32,5,4,1,91
2023-04-01,B+,43,5,4,1,91
2023-04-01,B-,32,5,4,1,91
2023-04-01,AB+,41,5,4,1,91
2023-04-01,AB-,30,5,4,1,91
2023-04-01,O+,44,5,4,1,91
2023-04-01,O-,31,5,4,1,91
2023-04-02,A+,44,6,4,1,92
2023-04-02,A-,33,6,4,1,92
2023-04-02,B+,44,6,4,1,92
2023-04-02,B-,32,6,4,1,92
2023-04-02,AB+,42,6,4,1,92
2023-04-02,AB-,30,6,4,1,92
2023-04-02,O+,46,6,4,1,92
2023-04-02,O-,31,6,4,1,92
2023-04-03,A+,38,0,4,0,93
2023-04-03,A-,30,0,4,0,93
2023-04-03,B+,40,0,4,0,93
2023-04-03,B-,29,0,4,0,93
2023-04-03,AB+,35,0,4,0,93
2023-04-03,AB-,25,0,4,0,93
2023-04-03,O+,43,0,4,0,93
2023-04-03,O-,28,0,4,0,93
2023-04-04,A+,39,1,4,0,94
2023-04-04,A-,31,1,4,0,94
2023-04-04,B+,41,1,4,0,94
2023-04-04,B-,31,1,4,0,94
2023-04-04,AB+,38,1,4,0,94
2023-04-04,AB-,25,1,4,0,94
2023-04-04,O+,42,1,4,0,94
2023-04-04,O-,29,1,4,0,94
2023-04-05,A+,40,2,4,0,95
2023-04-05,A-,28,2,4,0,95
2023-04-05,B+,39,2,4,0,95
2023-04-05,B-,31,2,4,0,95
2023-04-05,AB+,38,2,4,0,95
2023-04-05,AB-,25,2,4,0,95
2023-04-05,O+,44,2,4,0,95
2023-04-05,O-,28,2,4,0,95
2023-04-06,A+,38,3,4,0,96
2023-04-06,A-,29,3,4,0,96
2023-04-06,B+,38,3,4,0,96
2023-04-06,B-,28,3,4,0,96
2023-04-06,AB+,34,3,4,0,96
2023-04-06,AB-,26,3,4,0,96
2023-04-06,O+,43,3,4,0,96
2023-04-06,O-,25,3,4,0,96
2023-04-07,A+,37,4,4,0,97
2023-04-07,A-,27,4,4,0,97
2023-04-07,B+,39,4,4,0,97
2023-04-07,B-,24,4,4,0,97
2023-04-07,AB+,35,4,4,0,97
2023-04-07,AB-,22,4,4,0,97
2023-04-07,O+,40,4,4,0,97
2023-04-07,O-,24,4,4,0,97
2023-04-08,A+,43,5,4,1,98
2023-04-08,A-,32,5,4,1,98
2023-04-08,B+,46,5,4,1,98
2023-04-08,B-,31,5,4,1,98
2023-04-08,AB+,39,5,4,1,98
2023-04-08,AB-,32,5,4,1,98
2023-04-08,O+,46,5,4,1,98
2023-04-08,O-,30,5,4,1,98
2023-04-09,A+,43,6,4,1,99
2023-04-09,A-,34,6,4,1,99
2023-04-09,B+,42,6,4,1,99
2023-04-09,B-,32,6,4,1,99
2023-04-09,AB+,40,6,4,1,99
2023-04-09,AB-,32,6,4,1,99
2023-04-09,O+,46,6,4,1,99
2023-04-09,O-,31,6,4,1,99
2023-04-10,A+,37,0,4,0,100
2023-04-10,A-,30,0,4,0,100
2023-04-10,B+,40,0,4,0,100
2023-04-10,B-,29,0,4,0,100
2023-04-10,AB+,35,0,4,0,100
2023-04-10,AB-,23,0,4,0,100
2023-04-10,O+,42,0,4,0,100
2023-04-10,O-,26,0,4,0,100
2023-04-11,A+,39,1,4,0,101
2023-04-11,A-,31,1,4,0,101
2023-04-11,B+,41,1,4,0,101
2023-04-11,B-,28,1,4,0,101
2023-04-11,AB+,36,1,4,0,101
2023-04-11,AB-,24,1,4,0,101
2023-04-11,O+,43,1,4,0,101
2023-04-11,O-,29,1,4,0,101
2023-04-12,A+,38,2,4,0,102
2023-04-12,A-,31,2,4,0,102
2023-04-12,B+,42,2,4,0,102
2023-04-12,B-,31,2,4,0,102
2023-04-12,AB+,36,2,4,0,102
2023-04-12,AB-,26,2,4,0,102
2023-04-12,O+,42,2,4,0,102
2023-04-12,O-,29,2,4,0,102
2023-04-13,A+,37,3,4,0,103
2023-04-13,A-,28,3,4,0,103
2023-04-13,B+,39,3,4,0,103
2023-04-13,B-,28,3,4,0,103
2023-04-13,AB+,36,3,4,0,103
2023-04-13,AB-,27,3,4,0,103
2023-04-13,O+,40,3,4,0,103
2023-04-13,O-,27,3,4,0,103
2023-04-14,A+,37,4,4,0,104
2023-04-14,A-,28,4,4,0,104
2023-04-14,B+,36,4,4,0,104
2023-04-14,B-,26,4,4,0,104
2023-04-14,AB+,33,4,4,0,104
2023-04-14,AB-,25,4,4,0,104
2023-04-14,O+,41,4,4,0,104
2023-04-14,O-,23,4,4,0,104
2023-04-15,A+,42,5,4,1,105
2023-04-15,A-,33,5,4,1,105
2023-04-15,B+,46,5,4,1,105
2023-04-15,B-,33,5,4,1,105
2023-04-15,AB+,39,5,4,1,105
2023-04-15,AB-,29,5,4,1,105
2023-04-15,O+,45,5,4,1,105
2023-04-15,O-,31,5,4,1,105
2023-04-16,A+,44,6,4,1,106
2023-04-16,A-,35,6,4,1,106
2023-04-16,B+,44,6,4,1,106
2023-04-16,B-,33,6,4,1,106
2023-04-16,AB+,40,6,4,1,106
2023-04-16,AB-,28,6,4,1,106
2023-04-16,O+,46,6,4,1,106
2023-04-16,O-,31,6,4,1,106
2023-04-17,A+,36,0,4,0,107
2023-04-17,A-,32,0,4,0,107
2023-04-17,B+,39,0,4,0,107
2023-04-17,B-,28,0,4,0,107
2023-04-17,AB+,34,0,4,0,107
2023-04-17,AB-,26,0,4,0,107
2023-04-17,O+,39,0,4,0,107
2023-04-17,O-,25,0,4,0,107
2023-04-18,A+,38,1,4,0,108
2023-04-18,A-,31,1,4,0,108
2023-04-18,B+,39,1,4,0,108
2023-04-18,B-,31,1,4,0,108
2023-04-18,AB+,36,1,4,0,108
2023-04-18,AB-,27,1,4,0,108
2023-04-18,O+,43,1,4,0,108
2023-04-18,O-,29,1,4,0,108
2023-04-19,A+,39,2,4,0,109
2023-04-19,A-,32,2,4,0,109
2023-04-19,B+,38,2,4,0,109
2023-04-19,B-,30,2,4,0,109
2023-04-19,AB+,36,2,4,0,109
2023-04-19,AB-,25,2,4,0,109
2023-04-19,O+,42,2,4,0,109
2023-04-19,O-,27,2,4,0,109
2023-04-20,A+,38,3,4,0,110
2023-04-20,A-,29,3,4,0,110
2023-04-20,B+,40,3,4,0,110
2023-04-20,B-,28,3,4,0,110
2023-04-20,AB+,35,3,4,0,110
2023-04-20,AB-,25,3,4,0,110
2023-04-20,O+,42,3,4,0,110
2023-04-20,O-,28,3,4,0,110
2023-04-21,A+,38,4,4,0,111
2023-04-21,A-,28,4,4,0,111
2023-04-21,B+,38,4,4,0,111
2023-04-21,B-,27,4,4,0,111
2023-04-21,AB+,33,4,4,0,111
2023-04-21,AB-,25,4,4,0,111
2023-04-21,O+,39,4,4,0,111
2023-04-21,O-,22,4,4,0,111
2023-04-22,A+,41,5,4,1,112
2023-04-22,A-,35,5,4,1,112
2023-04-22,B+,43,5,4,1,112
2023-04-22,B-,33,5,4,1,112
2023-04-22,AB+,39,5,4,1,112
2023-04-22,AB-,30,5,4,1,112
2023-04-22,O+,46,5,4,1,112
2023-04-22,O-,31,5,4,1,112
2023-04-23,A+,44,6,4,1,113
2023-04-23,A-,34,6,4,1,113
2023-04-23,B+,45,6,4,1,113
2023-04-23,B-,33,6,4,1,113
2023-04-23,AB+,40,6,4,1,113
2023-04-23,AB-,29,6,4,1,113
2023-04-23,O+,46,6,4,1,113
2023-04-23,O-,30,6,4,1,113
2023-04-24,A+,39,0,4,0,114
2023-04-24,A-,27,0,4,0,114
2023-04-24,B+,40,0,4,0,114
2023-04-24,B-,26,0,4,0,114
2023-04-24,AB+,35,0,4,0,114
2023-04-24,AB-,24,0,4,0,114
2023-04-24,O+,41,0,4,0,114
2023-04-24,O-,25,0,4,0,114
2023-04-25,A+,37,1,4,0,115
2023-04-25,A-,32,1,4,0,115
2023-04-25,B+,41,1,4,0,115
2023-04-25,B-,30,1,4,0,115
2023-04-25,AB+,35,1,4,0,115
2023-04-25,AB-,27,1,4,0,115
2023-04-25,O+,41,1,4,0,115
2023-04-25,O-,24,1,4,0,115
2023-04-26,A+,38,2,4,0,116
2023-04-26,A-,29,2,4,0,116
2023-04-26,B+,40,2,4,0,116
2023-04-26,B-,29,2,4,0,116
2023-04-26,AB+,36,2,4,0,116
2023-04-26,AB-,26,2,4,0,116
2023-04-26,O+,40,2,4,0,116
2023-04-26,O-,28,2,4,0,116
2023-04-27,A+,38,3,4,0,117
2023-04-27,A-,29,3,4,0,117
2023-04-27,B+,41,3,4,0,117
2023-04-27,B-,28,3,4,0,117
2023-04-27,AB+,35,3,4,0,117
2023-04-27,AB-,26,3,4,0,117
2023-04-27,O+,40,3,4,0,117
2023-04-27,O-,26,3,4,0,117
2023-04-28,A+,38,4,4,0,118
2023-04-28,A-,28,4,4,0,118
2023-04-28,B+,36,4,4,0,118
2023-04-28,B-,26,4,4,0,118
2023-04-28,AB+,34,4,4,0,118
2023-04-28,AB-,21,4,4,0,118
2023-04-28,O+,38,4,4,0,118
2023-04-28,O-,27,4,4,0,118
2023-04-29,A+,43,5,4,1,119
2023-04-29,A-,35,5,4,1,119
2023-04-29,B+,45,5,4,1,119
2023-04-29,B-,33,5,4,1,119
2023-04-29,AB+,39,5,4,1,119
2023-04-29,AB-,30,5,4,1,119
2023-04-29,O+,47,5,4,1,119
2023-04-29,O-,31,5,4,1,119
2023-04-30,A+,43,6,4,1,120
2023-04-30,A-,34,6,4,1,120
2023-04-30,B+,44,6,4,1,120
2023-04-30,B-,32,6,4,1,120
2023-04-30,AB+,40,6,4,1,120
2023-04-30,AB-,29,6,4,1,120
2023-04-30,O+,45,6,4,1,120
2023-04-30,O-,30,6,4,1,120
2023-05-01,A+,29,0,5,0,121
2023-05-01,A-,20,0,5,0,121
2023-05-01,B+,32,0,5,0,121
2023-05-01,B-,18,0,5,0,121
2023-05-01,AB+,27,0,5,0,121
2023-05-01,AB-,15,0,5,0,121
2023-05-01,O+,32,0,5,0,121
2023-05-01,O-,18,0,5,0,121
2023-05-02,A+,29,1,5,0,122
2023-05-02,A-,20,1,5,0,122
2023-05-02,B+,31,1,5,0,122
2023-05-02,B-,19,1,5,0,122
2023-05-02,AB+,28,1,5,0,122
2023-05-02,AB-,18,1,5,0,122
2023-05-02,O+,33,1,5,0,122
2023-05-02,O-,19,1,5,0,122
2023-05-03,A+,31,2,5,0,123
2023-05-03,A-,22,2,5,0,123
2023-05-03,B+,31,2,5,0,123
2023-05-03,B-,22,2,5,0,123
2023-05-03,AB+,30,2,5,0,123
2023-05-03,AB-,19,2,5,0,123
2023-05-03,O+,36,2,5,0,123
2023-05-03,O-,18,2,5,0,123
2023-05-04,A+,29,3,5,0,124
2023-05-04,A-,22,3,5,0,124
2023-05-04,B+,33,3,5,0,124
2023-05-04,B-,21,3,5,0,124
2023-05-04,AB+,26,3,5,0,124
2023-05-04,AB-,17,3,5,0,124
2023-05-04,O+,33,3,5,0,124
2023-05-04,O-,18,3,5,0,124
2023-05-05,A+,27,4,5,0,125
2023-05-05,A-,19,4,5,0,125
2023-05-05,B+,29,4,5,0,125
2023-05-05,B-,17,4,5,0,125
2023-05-05,AB+,26,4,5,0,125
2023-05-05,AB-,15,4,5,0,125
2023-05-05,O+,31,4,5,0,125
2023-05-05,O-,18,4,5,0,125
2023-05-06,A+,34,5,5,1,126
2023-05-06,A-,26,5,5,1,126
2023-05-06,B+,34,5,5,1,126
2023-05-06,B-,25,5,5,1,126
2023-05-06,AB+,32,5,5,1,126
2023-05-06,AB-,20,5,5,1,126
2023-05-06,O+,37,5,5,1,126
2023-05-06,O-,22,5,5,1,126
2023-05-07,A+,35,6,5,1,127
2023-05-07,A-,26,6,5,1,127
2023-05-07,B+,34,6,5,1,127
2023-05-07,B-,24,6,5,1,127
2023-05-07,AB+,33,6,5,1,127
2023-05-07,AB-,23,6,5,1,127
2023-05-07,O+,38,6,5,1,127
2023-05-07,O-,22,6,5,1,127
2023-05-08,A+,32,0,5,0,128
2023-05-08,A-,21,0,5,0,128
2023-05-08,B+,30,0,5,0,128
2023-05-08,B-,19,0,5,0,128
2023-05-08,AB+,25,0,5,0,128
2023-05-08,AB-,17,0,5,0,128
2023-05-08,O+,33,0,5,0,128
2023-05-08,O-,18,0,5,0,128
2023-05-09,A+,30,1,5,0,129
2023-05-09,A-,20,1,5,0,129
2023-05-09,B+,32,1,5,0,129
2023-05-09,B-,21,1,5,0,129
2023-05-09,AB+,26,1,5,0,129
2023-05-09,AB-,17,1,5,0,129
2023-05-09,O+,35,1,5,0,129
2023-05-09,O-,17,1,5,0,129
2023-05-10,A+,31,2,5,0,130
2023-05-10,A-,24,2,5,0,130
2023-05-10,B+,32,2,5,0,130
2023-05-10,B-,20,2,5,0,130
2023-05-10,AB+,28,2,5,0,130
2023-05-10,AB-,19,2,5,0,130
2023-05-10,O+,34,2,5,0,130
2023-05-10,O-,20,2,5,0,130
2023-05-11,A+,30,3,5,0,131
2023-05-11,A-,21,3,5,0,131
2023-05-11,B+,32,3,5,0,131
2023-05-11,B-,19,3,5,0,131
2023-05-11,AB+,26,3,5,0,131
2023-05-11,AB-,17,3,5,0,131
2023-05-11,O+,33,3,5,0,131
2023-05-11,O-,17,3,5,0,131
2023-05-12,A+,29,4,5,0,132
2023-05-12,A-,20,4,5,0,132
2023-05-12,B+,29,4,5,0,132
2023-05-12,B-,18,4,5,0,132
2023-05-12,AB+,24,4,5,0,132
2023-05-12,AB-,15,4,5,0,132
2023-05-12,O+,31,4,5,0,132
2023-05-12,O-,16,4,5,0,132
2023-05-13,A+,33,5,5,1,133
2023-05-13,A-,26,5,5,1,133
2023-05-13,B+,35,5,5,1,133
2023-05-13,B-,27,5,5,1,133
2023-05-13,AB+,31,5,5,1,133
2023-05-13,AB-,18,5,5,1,133
2023-05-13,O+,35,5,5,1,133
2023-05-13,O-,22,5,5,1,133
2023-05-14,A+,33,6,5,1,134
2023-05-14,A-,24,6,5,1,134
2023-05-14,B+,34,6,5,1,134
2023-05-14,B-,24,6,5,1,134
2023-05-14,AB+,31,6,5,1,134
2023-05-14,AB-,22,6,5,1,134
2023-05-14,O+,36,6,5,1,134
2023-05-14,O-,23,6,5,1,134
2023-05-15,A+,27,0,5,0,135
2023-05-15,A-,20,0,5,0,135
2023-05-15,B+,30,0,5,0,135
2023-05-15,B-,18,0,5,0,135
2023-05-15,AB+,24,0,5,0,135
2023-05-15,AB-,16,0,5,0,135
2023-05-15,O+,31,0,5,0,135
2023-05-15,O-,16,0,5,0,135
2023-05-16,A+,31,1,5,0,136
2023-05-16,A-,22,1,5,0,136
2023-05-16,B+,30,1,5,0,136
2023-05-16,B-,20,1,5,0,136
2023-05-16,AB+,26,1,5,0,136
2023-05-16,AB-,18,1,5,0,136
2023-05-16,O+,35,1,5,0,136
2023-05-16,O-,17,1,5,0,136
2023-05-17,A+,30,2,5,0,137
2023-05-17,A-,23,2,5,0,137
2023-05-17,B+,32,2,5,0,137
2023-05-17,B-,21,2,5,0,137
2023-05-17,AB+,28,2,5,0,137
2023-05-17,AB-,16,2,5,0,137
2023-05-17,O+,34,2,5,0,137
2023-05-17,O-,20,2,5,0,137
2023-05-18,A+,30,3,5,0,138
2023-05-18,A-,22,3,5,0,138
2023-05-18,B+,28,3,5,0,138
2023-05-18,B-,20,3,5,0,138
2023-05-18,AB+,26,3,5,0,138
2023-05-18,AB-,15,3,5,0,138
2023-05-18,O+,34,3,5,0,138
2023-05-18,O-,17,3,5,0,138
2023-05-19,A+,27,4,5,0,139
2023-05-19,A-,19,4,5,0,139
2023-05-19,B+,26,4,5,0,139
2023-05-19,B-,19,4,5,0,139
2023-05-19,AB+,27,4,5,0,139
2023-05-19,AB-,16,4,5,0,139
2023-05-19,O+,31,4,5,0,139
2023-05-19,O-,15,4,5,0,139
2023-05-20,A+,32,5,5,1,140
2023-05-20,A-,26,5,5,1,140
2023-05-20,B+,35,5,5,1,140
2023-05-20,B-,24,5,5,1,140
2023-05-20,AB+,31,5,5,1,140
2023-05-20,AB-,21,5,5,1,140
2023-05-20,O+,36,5,5,1,140
2023-05-20,O-,24,5,5,1,140
2023-05-21,A+,33,6,5,1,141
2023-05-21,A-,24,6,5,1,141
2023-05-21,B+,36,6,5,1,141
2023-05-21,B-,24,6,5,1,141
2023-05-21,AB+,31,6,5,1,141
2023-05-21,AB-,22,6,5,1,141
2023-05-21,O+,38,6,5,1,141
2023-05-21,O-,23,6,5,1,141
2023-05-22,A+,27,0,5,0,142
2023-05-22,A-,20,0,5,0,142
2023-05-22,B+,28,0,5,0,142
2023-05-22,B-,18,0,5,0,142
2023-05-22,AB+,25,0,5,0,142
2023-05-22,AB-,15,0,5,0,142
2023-05-22,O+,32,0,5,0,142
2023-05-22,O-,17,0,5,0,142
2023-05-23,A+,31,1,5,0,143
2023-05-23,A-,19,1,5,0,143
2023-05-23,B+,34,1,5,0,143
2023-05-23,B-,20,1,5,0,143
2023-05-23,AB+,28,1,5,0,143
2023-05-23,AB-,14,1,5,0,143
2023-05-23,O+,32,1,5,0,143
2023-05-23,O-,16,1,5,0,143
2023-05-24,A+,29,2,5,0,144
2023-05-24,A-,21,2,5,0,144
2023-05-24,B+,31,2,5,0,144
2023-05-24,B-,22,2,5,0,144
2023-05-24,AB+,29,2,5,0,144
2023-05-24,AB-,16,2,5,0,144
2023-05-24,O+,32,2,5,0,144
2023-05-24,O-,17,2,5,0,144
2023-05-25,A+,30,3,5,0,145
2023-05-25,A-,20,3,5,0,145
2023-05-25,B+,30,3,5,0,145
2023-05-25,B-,19,3,5,0,145
2023-05-25,AB+,26,3,5,0,145
2023-05-25,AB-,15,3,5,0,145
2023-05-25,O+,32,3,5,0,145
2023-05-25,O-,17,3,5,0,145
2023-05-26,A+,27,4,5,0,146
2023-05-26,A-,16,4,5,0,146
2023-05-26,B+,28,4,5,0,146
2023-05-26,B-,16,4,5,0,146
2023-05-26,AB+,24,4,5,0,146
2023-05-26,AB-,15,4,5,0,146
2023-05-26,O+,29,4,5,0,146
2023-05-26,O-,17,4,5,0,146
2023-05-27,A+,31,5,5,1,147
2023-05-27,A-,26,5,5,1,147
2023-05-27,B+,35,5,5,1,147
2023-05-27,B-,22,5,5,1,147
2023-05-27,AB+,29,5,5,1,147
2023-05-27,AB-,18,5,5,1,147
2023-05-27,O+,37,5,5,1,147
2023-05-27,O-,21,5,5,1,147
2023-05-28,A+,33,6,5,1,148
2023-05-28,A-,23,6,5,1,148
2023-05-28,B+,36,6,5,1,148
2023-05-28,B-,22,6,5,1,148
2023-05-28,AB+,30,6,5,1,148
2023-05-28,AB-,20,6,5,1,148
2023-05-28,O+,36,6,5,1,148
2023-05-28,O-,21,6,5,1,148
2023-05-29,A+,27,0,5,0,149
2023-05-29,A-,19,0,5,0,149
2023-05-29,B+,28,0,5,0,149
2023-05-29,B-,20,0,5,0,149
2023-05-29,AB+,24,0,5,0,149
2023-05-29,AB-,16,0,5,0,149
2023-05-29,O+,29,0,5,0,149
2023-05-29,O-,15,0,5,0,149
2023-05-30,A+,28,1,5,0,150
2023-05-30,A-,19,1,5,0,150
2023-05-30,B+,31,1,5,0,150
2023-05-30,B-,19,1,5,0,150
2023-05-30,AB+,23,1,5,0,150
2023-05-30,AB-,19,1,5,0,150
2023-05-30,O+,32,1,5,0,150
2023-05-30,O-,17,1,5,0,150
2023-05-31,A+,31,2,5,0,151
2023-05-31,A-,22,2,5,0,151
2023-05-31,B+,30,2,5,0,151
2023-05-31,B-,17,2,5,0,151
2023-05-31,AB+,27,2,5,0,151
2023-05-31,AB-,15,2,5,0,151
2023-05-31,O+,34,2,5,0,151
2023-05-31,O-,17,2,5,0,151
2023-06-01,A+,28,3,6,0,152
2023-06-01,A-,18,3,6,0,152
2023-06-01,B+,28,3,6,0,152
2023-06-01,B-,18,3,6,0,152
2023-06-01,AB+,25,3,6,0,152
2023-06-01,AB-,15,3,6,0,152
2023-06-01,O+,34,3,6,0,152
2023-06-01,O-,17,3,6,0,152
2023-06-02,A+,27,4,6,0,153
2023-06-02,A-,14,4,6,0,153
2023-06-02,B+,29,4,6,0,153
2023-06-02,B-,20,4,6,0,153
2023-06-02,AB+,23,4,6,0,153
2023-06-02,AB-,13,4,6,0,153
2023-06-02,O+,30,4,6,0,153
2023-06-02,O-,13,4,6,0,153
2023-06-03,A+,33,5,6,1,154
2023-06-03,A-,25,5,6,1,154
2023-06-03,B+,33,5,6,1,154
2023-06-03,B-,22,5,6,1,154
2023-06-03,AB+,29,5,6,1,154
2023-06-03,AB-,19,5,6,1,154
2023-06-03,O+,34,5,6,1,154
2023-06-03,O-,20,5,6,1,154
2023-06-04,A+,32,6,6,1,155
2023-06-04,A-,25,6,6,1,155
2023-06-04,B+,35,6,6,1,155
2023-06-04,B-,24,6,6,1,155
2023-06-04,AB+,31,6,6,1,155
2023-06-04,AB-,20,6,6,1,155
2023-06-04,O+,35,6,6,1,155
2023-06-04,O-,22,6,6,1,155
2023-06-05,A+,28,0,6,0,156
2023-06-05,A-,17,0,6,0,156
2023-06-05,B+,27,0,6,0,156
2023-06-05,B-,16,0,6,0,156
2023-06-05,AB+,22,0,6,0,156
2023-06-05,AB-,15,0,6,0,156
2023-06-05,O+,29,0,6,0,156
2023-06-05,O-,14,0,6,0,156
2023-06-06,A+,29,1,6,0,157
2023-06-06,A-,19,1,6,0,157
2023-06-06,B+,29,1,6,0,157
2023-06-06,B-,21,1,6,0,157
2023-06-06,AB+,24,1,6,0,157
2023-06-06,AB-,14,1,6,0,157
2023-06-06,O+,32,1,6,0,157
2023-06-06,O-,16,1,6,0,157
2023-06-07,A+,28,2,6,0,158
2023-06-07,A-,19,2,6,0,158
2023-06-07,B+,30,2,6,0,158
2023-06-07,B-,19,2,6,0,158
2023-06-07,AB+,26,2,6,0,158
2023-06-07,AB-,15,2,6,0,158
2023-06-07,O+,31,2,6,0,158
2023-06-07,O-,17,2,6,0,158
2023-06-08,A+,29,3,6,0,159
2023-06-08,A-,21,3,6,0,159
2023-06-08,B+,30,3,6,0,159
2023-06-08,B-,18,3,6,0,159
2023-06-08,AB+,26,3,6,0,159
2023-06-08,AB-,13,3,6,0,159
2023-06-08,O+,30,3,6,0,159
2023-06-08,O-,16,3,6,0,159
2023-06-09,A+,26,4,6,0,160
2023-06-09,A-,17,4,6,0,160
2023-06-09,B+,28,4,6,0,160
2023-06-09,B-,17,4,6,0,160
2023-06-09,AB+,22,4,6,0,160
2023-06-09,AB-,13,4,6,0,160
2023-06-09,O+,28,4,6,0,160
2023-06-09,O-,13,4,6,0,160
2023-06-10,A+,30,5,6,1,161
2023-06-10,A-,23,5,6,1,161
2023-06-10,B+,31,5,6,1,161
2023-06-10,B-,22,5,6,1,161
2023-06-10,AB+,30,5,6,1,161
2023-06-10,AB-,19,5,6,1,161
2023-06-10,O+,35,5,6,1,161
2023-06-10,O-,22,5,6,1,161
2023-06-11,A+,33,6,6,1,162
2023-06-11,A-,22,6,6,1,162
2023-06-11,B+,33,6,6,1,162
2023-06-11,B-,25,6,6,1,162
2023-06-11,AB+,28,6,6,1,162
2023-06-11,AB-,18,6,6,1,162
2023-06-11,O+,36,6,6,1,162
2023-06-11,O-,20,6,6,1,162
2023-06-12,A+,26,0,6,0,163
2023-06-12,A-,16,0,6,0,163
2023-06-12,B+,25,0,6,0,163
2023-06-12,B-,15,0,6,0,163
2023-06-12,AB+,26,0,6,0,163
2023-06-12,AB-,14,0,6,0,163
2023-06-12,O+,27,0,6,0,163
2023-06-12,O-,16,0,6,0,163
2023-06-13,A+,30,1,6,0,164
2023-06-13,A-,21,1,6,0,164
2023-06-13,B+,29,1,6,0,164
2023-06-13,B-,18,1,6,0,164
2023-06-13,AB+,25,1,6,0,164
2023-06-13,AB-,17,1,6,0,164
2023-06-13,O+,30,1,6,0,164
2023-06-13,O-,15,1,6,0,164
2023-06-14,A+,29,2,6,0,165
2023-06-14,A-,21,2,6,0,165
2023-06-14,B+,29,2,6,0,165
2023-06-14,B-,19,2,6,0,165
2023-06-14,AB+,26,2,6,0,165
2023-06-14,AB-,15,2,6,0,165
2023-06-14,O+,30,2,6,0,165
2023-06-14,O-,15,2,6,0,165
2023-06-15,A+,27,3,6,0,166
2023-06-15,A-,17,3,6,0,166
2023-06-15,B+,29,3,6,0,166
2023-06-15,B-,19,3,6,0,166
2023-06-15,AB+,25,3,6,0,166
2023-06-15,AB-,13,3,6,0,166
2023-06-15,O+,31,3,6,0,166
2023-06-15,O-,16,3,6,0,166
2023-06-16,A+,26,4,6,0,167
2023-06-16,A-,16,4,6,0,167
2023-06-16,B+,28,4,6,0,167
2023-06-16,B-,17,4,6,0,167
2023-06-16,AB+,22,4,6,0,167
2023-06-16,AB-,13,4,6,0,167
2023-06-16,O+,30,4,6,0,167
2023-06-16,O-,13,4,6,0,167
2023-06-17,A+,31,5,6,1,168
2023-06-17,A-,22,5,6,1,168
2023-06-17,B+,31,5,6,1,168
2023-06-17,B-,22,5,6,1,168
2023-06-17,AB+,30,5,6,1,168
2023-06-17,AB-,18,5,6,1,168
2023-06-17,O+,35,5,6,1,168
2023-06-17,O-,21,5,6,1,168
2023-06-18,A+,31,6,6,1,169
2023-06-18,A-,23,6,6,1,169
2023-06-18,B+,32,6,6,1,169
2023-06-18,B-,21,6,6,1,169
2023-06-18,AB+,29,6,6,1,169
2023-06-18,AB-,19,6,6,1,169
2023-06-18,O+,35,6,6,1,169
2023-06-18,O-,20,6,6,1,169
2023-06-19,A+,27,0,6,0,170
2023-06-19,A-,19,0,6,0,170
2023-06-19,B+,28,0,6,0,170
2023-06-19,B-,16,0,6,0,170
2023-06-19,AB+,24,0,6,0,170
2023-06-19,AB-,13,0,6,0,170
2023-06-19,O+,29,0,6,0,170
2023-06-19,O-,15,0,6,0,170
2023-06-20,A+,28,1,6,0,171
2023-06-20,A-,19,1,6,0,171
2023-06-20,B+,30,1,6,0,171
2023-06-20,B-,17,1,6,0,171
2023-06-20,AB+,22,1,6,0,171
2023-06-20,AB-,17,1,6,0,171
2023-06-20,O+,30,1,6,0,171
2023-06-20,O-,16,1,6,0,171
2023-06-21,A+,29,2,6,0,172
2023-06-21,A-,21,2,6,0,172
2023-06-21,B+,31,2,6,0,172
2023-06-21,B-,17,2,6,0,172
2023-06-21,AB+,26,2,6,0,172
2023-06-21,AB-,15,2,6,0,172
2023-06-21,O+,34,2,6,0,172
2023-06-21,O-,17,2,6,0,172
2023-06-22,A+,26,3,6,0,173
2023-06-22,A-,17,3,6,0,173
2023-06-22,B+,25,3,6,0,173
2023-06-22,B-,17,3,6,0,173
2023-06-22,AB+,25,3,6,0,173
2023-06-22,AB-,15,3,6,0,173
2023-06-22,O+,27,3,6,0,173
2023-06-22,O-,13,3,6,0,173
2023-06-23,A+,25,4,6,0,174
2023-06-23,A-,18,4,6,0,174
2023-06-23,B+,26,4,6,0,174
2023-06-23,B-,16,4,6,0,174
2023-06-23,AB+,21,4,6,0,174
2023-06-23,AB-,12,4,6,0,174
2023-06-23,O+,28,4,6,0,174
2023-06-23,O-,14,4,6,0,174
2023-06-24,A+,30,5,6,1,175
2023-06-24,A-,24,5,6,1,175
2023-06-24,B+,31,5,6,1,175
2023-06-24,B-,19,5,6,1,175
2023-06-24,AB+,26,5,6,1,175
2023-06-24,AB-,17,5,6,1,175
2023-06-24,O+,34,5,6,1,175
2023-06-24,O-,18,5,6,1,175
2023-06-25,A+,30,6,6,1,176
2023-06-25,A-,23,6,6,1,176
2023-06-25,B+,28,6,6,1,176
2023-06-25,B-,20,6,6,1,176
2023-06-25,AB+,26,6,6,1,176
2023-06-25,AB-,17,6,6,1,176
2023-06-25,O+,34,6,6,1,176
2023-06-25,O-,19,6,6,1,176
2023-06-26,A+,25,0,6,0,177
2023-06-26,A-,18,0,6,0,177
2023-06-26,B+,26,0,6,0,177
2023-06-26,B-,18,0,6,0,177
2023-06-26,AB+,23,0,6,0,177
2023-06-26,AB-,11,0,6,0,177
2023-06-26,O+,31,0,6,0,177
2023-06-26,O-,14,0,6,0,177
2023-06-27,A+,29,1,6,0,178
2023-06-27,A-,18,1,6,0,178
2023-06-27,B+,28,1,6,0,178
2023-06-27,B-,17,1,6,0,178
2023-06-27,AB+,24,1,6,0,178
2023-06-27,AB-,15,1,6,0,178
2023-06-27,O+,32,1,6,0,178
2023-06-27,O-,12,1,6,0,178
2023-06-28,A+,28,2,6,0,179
2023-06-28,A-,17,2,6,0,179
2023-06-28,B+,25,2,6,0,179
2023-06-28,B-,18,2,6,0,179
2023-06-28,AB+,25,2,6,0,179
2023-06-28,AB-,15,2,6,0,179
2023-06-28,O+,31,2,6,0,179
2023-06-28,O-,16,2,6,0,179
2023-06-29,A+,25,3,6,0,180
2023-06-29,A-,17,3,6,0,180
2023-06-29,B+,28,3,6,0,180
2023-06-29,B-,18,3,6,0,180
2023-06-29,AB+,23,3,6,0,180
2023-06-29,AB-,13,3,6,0,180
2023-06-29,O+,29,3,6,0,180
2023-06-29,O-,13,3,6,0,180
2023-06-30,A+,25,4,6,0,181
2023-06-30,A-,14,4,6,0,181
2023-06-30,B+,26,4,6,0,181
2023-06-30,B-,14,4,6,0,181
2023-06-30,AB+,19,4,6,0,181
2023-06-30,AB-,9,4,6,0,181
2023-06-30,O+,26,4,6,0,181
2023-06-30,O-,12,4,6,0,181
2023-07-01,A+,32,5,7,1,182
2023-07-01,A-,21,5,7,1,182
2023-07-01,B+,32,5,7,1,182
2023-07-01,B-,22,5,7,1,182
2023-07-01,AB+,28,5,7,1,182
2023-07-01,AB-,17,5,7,1,182
2023-07-01,O+,32,5,7,1,182
2023-07-01,O-,19,5,7,1,182
2023-07-02,A+,30,6,7,1,183
2023-07-02,A-,24,6,7,1,183
2023-07-02,B+,32,6,7,1,183
2023-07-02,B-,21,6,7,1,183
2023-07-02,AB+,28,6,7,1,183
2023-07-02,AB-,18,6,7,1,183
2023-07-02,O+,33,6,7,1,183
2023-07-02,O-,19,6,7,1,183
2023-07-03,A+,25,0,7,0,184
2023-07-03,A-,18,0,7,0,184
2023-07-03,B+,25,0,7,0,184
2023-07-03,B-,15,0,7,0,184
2023-07-03,AB+,21,0,7,0,184
2023-07-03,AB-,11,0,7,0,184
2023-07-03,O+,26,0,7,0,184
2023-07-03,O-,13,0,7,0,184
2023-07-04,A+,26,1,7,0,185
2023-07-04,A-,19,1,7,0,185
2023-07-04,B+,28,1,7,0,185
2023-07-04,B-,17,1,7,0,185
2023-07-04,AB+,22,1,7,0,185
2023-07-04,AB-,14,1,7,0,185
2023-07-04,O+,29,1,7,0,185
2023-07-04,O-,13,1,7,0,185
2023-07-05,A+,27,2,7,0,186
2023-07-05,A-,16,2,7,0,186
2023-07-05,B+,25,2,7,0,186
2023-07-05,B-,18,2,7,0,186
2023-07-05,AB+,23,2,7,0,186
2023-07-05,AB-,12,2,7,0,186
2023-07-05,O+,28,2,7,0,186
2023-07-05,O-,14,2,7,0,186
2023-07-06,A+,27,3,7,0,187
2023-07-06,A-,14,3,7,0,187
2023-07-06,B+,25,3,7,0,187
2023-07-06,B-,17,3,7,0,187
2023-07-06,AB+,22,3,7,0,187
2023-07-06,AB-,13,3,7,0,187
2023-07-06,O+,28,3,7,0,187
2023-07-06,O-,16,3,7,0,187
2023-07-07,A+,22,4,7,0,188
2023-07-07,A-,15,4,7,0,188
2023-07-07,B+,26,4,7,0,188
2023-07-07,B-,13,4,7,0,188
2023-07-07,AB+,20,4,7,0,188
2023-07-07,AB-,12,4,7,0,188
2023-07-07,O+,28,4,7,0,188
2023-07-07,O-,11,4,7,0,188
2023-07-08,A+,31,5,7,1,189
2023-07-08,A-,21,5,7,1,189
2023-07-08,B+,31,5,7,1,189
2023-07-08,B-,21,5,7,1,189
2023-07-08,AB+,27,5,7,1,189
2023-07-08,AB-,16,5,7,1,189
2023-07-08,O+,32,5,7,1,189
2023-07-08,O-,21,5,7,1,189
2023-07-09,A+,29,6,7,1,190
2023-07-09,A-,21,6,7,1,190
2023-07-09,B+,31,6,7,1,190
2023-07-09,B-,20,6,7,1,190
2023-07-09,AB+,29,6,7,1,190
2023-07-09,AB-,17,6,7,1,190
2023-07-09,O+,33,6,7,1,190
2023-07-09,O-,20,6,7,1,190
2023-07-10,A+,24,0,7,0,191
2023-07-10,A-,16,0,7,0,191
2023-07-10,B+,26,0,7,0,191
2023-07-10,B-,15,0,7,0,191
2023-07-10,AB+,22,0,7,0,191
2023-07-10,AB-,11,0,7,0,191
2023-07-10,O+,25,0,7,0,191
2023-07-10,O-,10,0,7,0,191
2023-07-11,A+,24,1,7,0,192
2023-07-11,A-,17,1,7,0,192
2023-07-11,B+,24,1,7,0,192
2023-07-11,B-,16,1,7,0,192
2023-07-11,AB+,23,1,7,0,192
2023-07-11,AB-,14,1,7,0,192
2023-07-11,O+,29,1,7,0,192
2023-07-11,O-,15,1,7,0,192
2023-07-12,A+,27,2,7,0,193
2023-07-12,A-,17,2,7,0,193
2023-07-12,B+,27,2,7,0,193
2023-07-12,B-,15,2,7,0,193
2023-07-12,AB+,23,2,7,0,193
2023-07-12,AB-,11,2,7,0,193
2023-07-12,O+,30,2,7,0,193
2023-07-12,O-,13,2,7,0,193
2023-07-13,A+,25,3,7,0,194
2023-07-13,A-,16,3,7,0,194
2023-07-13,B+,27,3,7,0,194
2023-07-13,B-,13,3,7,0,194
2023-07-13,AB+,21,3,7,0,194
2023-07-13,AB-,13,3,7,0,194
2023-07-13,O+,30,3,7,0,194
2023-07-13,O-,13,3,7,0,194
2023-07-14,A+,22,4,7,0,195
2023-07-14,A-,16,4,7,0,195
2023-07-14,B+,25,4,7,0,195
2023-07-14,B-,15,4,7,0,195
2023-07-14,AB+,19,4,7,0,195
2023-07-14,AB-,11,4,7,0,195
2023-07-14,O+,25,4,7,0,195
2023-07-14,O-,9,4,7,0,195
2023-07-15,A+,30,5,7,1,196
2023-07-15,A-,21,5,7,1,196
2023-07-15,B+,29,5,7,1,196
2023-07-15,B-,21,5,7,1,196
2023-07-15,AB+,25,5,7,1,196
2023-07-15,AB-,16,5,7,1,196
2023-07-15,O+,32,5,7,1,196
2023-07-15,O-,17,5,7,1,196
2023-07-16,A+,31,6,7,1,197
2023-07-16,A-,19,6,7,1,197
2023-07-16,B+,29,6,7,1,197
2023-07-16,B-,18,6,7,1,197
2023-07-16,AB+,28,6,7,1,197
2023-07-16,AB-,16,6,7,1,197
2023-07-16,O+,31,6,7,1,197
2023-07-16,O-,17,6,7,1,197
2023-07-17,A+,25,0,7,0,198
2023-07-17,A-,15,0,7,0,198
2023-07-17,B+,24,0,7,0,198
2023-07-17,B-,13,0,7,0,198
2023-07-17,AB+,19,0,7,0,198
2023-07-17,AB-,11,0,7,0,198
2023-07-17,O+,28,0,7,0,198
2023-07-17,O-,11,0,7,0,198
2023-07-18,A+,26,1,7,0,199
2023-07-18,A-,15,1,7,0,199
2023-07-18,B+,25,1,7,0,199
2023-07-18,B-,16,1,7,0,199
2023-07-18,AB+,25,1,7,0,199
2023-07-18,AB-,13,1,7,0,199
2023-07-18,O+,28,1,7,0,199
2023-07-18,O-,13,1,7,0,199
2023-07-19,A+,28,2,7,0,200
2023-07-19,A-,17,2,7,0,200
2023-07-19,B+,26,2,7,0,200
2023-07-19,B-,15,2,7,0,200
2023-07-19,AB+,23,2,7,0,200
2023-07-19,AB-,13,2,7,0,200
2023-07-19,O+,30,2,7,0,200
2023-07-19,O-,15,2,7,0,200
2023-07-20,A+,25,3,7,0,201
2023-07-20,A-,15,3,7,0,201
2023-07-20,B+,26,3,7,0,201
2023-07-20,B-,14,3,7,0,201
2023-07-20,AB+,22,3,7,0,201
2023-07-20,AB-,11,3,7,0,201
2023-07-20,O+,28,3,7,0,201
2023-07-20,O-,14,3,7,0,201
2023-07-21,A+,23,4,7,0,202
2023-07-21,A-,14,4,7,0,202
2023-07-21,B+,23,4,7,0,202
2023-07-21,B-,12,4,7,0,202
2023-07-21,AB+,18,4,7,0,202
2023-07-21,AB-,10,4,7,0,202
2023-07-21,O+,23,4,7,0,202
2023-07-21,O-,12,4,7,0,202
2023-07-22,A+,29,5,7,1,203
2023-07-22,A-,19,5,7,1,203
2023-07-22,B+,29,5,7,1,203
2023-07-22,B-,18,5,7,1,203
2023-07-22,AB+,23,5,7,1,203
2023-07-22,AB-,16,5,7,1,203
2023-07-22,O+,31,5,7,1,203
2023-07-22,O-,18,5,7,1,203
2023-07-23,A+,29,6,7,1,204
2023-07-23,A-,20,6,7,1,204
2023-07-23,B+,30,6,7,1,204
2023-07-23,B-,17,6,7,1,204
2023-07-23,AB+,25,6,7,1,204
2023-07-23,AB-,16,6,7,1,204
2023-07-23,O+,31,6,7,1,204
2023-07-23,O-,16,6,7,1,204
2023-07-24,A+,23,0,7,0,205
2023-07-24,A-,14,0,7,0,205
2023-07-24,B+,27,0,7,0,205
2023-07-24,B-,13,0,7,0,205
2023-07-24,AB+,19,0,7,0,205
2023-07-24,AB-,10,0,7,0,205
2023-07-24,O+,28,0,7,0,205
2023-07-24,O-,13,0,7,0,205
2023-07-25,A+,27,1,7,0,206
2023-07-25,A-,16,1,7,0,206
2023-07-25,B+,26,1,7,0,206
2023-07-25,B-,13,1,7,0,206
2023-07-25,AB+,21,1,7,0,206
2023-07-25,AB-,10,1,7,0,206
2023-07-25,O+,28,1,7,0,206
2023-07-25,O-,13,1,7,0,206
2023-07-26,A+,25,2,7,0,207
2023-07-26,A-,15,2,7,0,207
2023-07-26,B+,27,2,7,0,207
2023-07-26,B-,12,2,7,0,207
2023-07-26,AB+,22,2,7,0,207
2023-07-26,AB-,12,2,7,0,207
2023-07-26,O+,25,2,7,0,207
2023-07-26,O-,13,2,7,0,207
2023-07-27,A+,24,3,7,0,208
2023-07-27,A-,15,3,7,0,208
2023-07-27,B+,27,3,7,0,208
2023-07-27,B-,14,3,7,0,208
2023-07-27,AB+,22,3,7,0,208
2023-07-27,AB-,12,3,7,0,208
2023-07-27,O+,27,3,7,0,208
2023-07-27,O-,11,3,7,0,208
2023-07-28,A+,20,4,7,0,209
2023-07-28,A-,13,4,7,0,209
2023-07-28,B+,22,4,7,0,209
2023-07-28,B-,13,4,7,0,209
2023-07-28,AB+,18,4,7,0,209
2023-07-28,AB-,9,4,7,0,209
2023-07-28,O+,24,4,7,0,209
2023-07-28,O-,10,4,7,0,209
2023-07-29,A+,27,5,7,1,210
2023-07-29,A-,18,5,7,1,210
2023-07-29,B+,29,5,7,1,210
2023-07-29,B-,17,5,7,1,210
2023-07-29,AB+,28,5,7,1,210
2023-07-29,AB-,16,5,7,1,210
2023-07-29,O+,32,5,7,1,210
2023-07-29,O-,16,5,7,1,210
2023-07-30,A+,28,6,7,1,211
2023-07-30,A-,19,6,7,1,211
2023-07-30,B+,32,6,7,1,211
2023-07-30,B-,18,6,7,1,211
2023-07-30,AB+,24,6,7,1,211
2023-07-30,AB-,14,6,7,1,211
2023-07-30,O+,31,6,7,1,211
2023-07-30,O-,18,6,7,1,211
2023-07-31,A+,24,0,7,0,212
2023-07-31,A-,13,0,7,0,212
2023-07-31,B+,23,0,7,0,212
2023-07-31,B-,14,0,7,0,212
2023-07-31,AB+,22,0,7,0,212
2023-07-31,AB-,9,0,7,0,212
2023-07-31,O+,27,0,7,0,212
2023-07-31,O-,9,0,7,0,212
2023-08-01,A+,23,1,8,0,213
2023-08-01,A-,14,1,8,0,213
2023-08-01,B+,26,1,8,0,213
2023-08-01,B-,14,1,8,0,213
2023-08-01,AB+,21,1,8,0,213
2023-08-01,AB-,13,1,8,0,213
2023-08-01,O+,26,1,8,0,213
2023-08-01,O-,12,1,8,0,213
2023-08-02,A+,23,2,8,0,214
2023-08-02,A-,17,2,8,0,214
2023-08-02,B+,27,2,8,0,214
2023-08-02,B-,15,2,8,0,214
2023-08-02,AB+,22,2,8,0,214
2023-08-02,AB-,11,2,8,0,214
2023-08-02,O+,26,2,8,0,214
2023-08-02,O-,13,2,8,0,214
2023-08-03,A+,24,3,8,0,215
2023-08-03,A-,17,3,8,0,215
2023-08-03,B+,24,3,8,0,215
2023-08-03,B-,14,3,8,0,215
2023-08-03,AB+,22,3,8,0,215
2023-08-03,AB-,12,3,8,0,215
2023-08-03,O+,25,3,8,0,215
2023-08-03,O-,11,3,8,0,215
2023-08-04,A+,21,4,8,0,216
2023-08-04,A-,11,4,8,0,216
2023-08-04,B+,24,4,8,0,216
2023-08-04,B-,11,4,8,0,216
2023-08-04,AB+,18,4,8,0,216
2023-08-04,AB-,9,4,8,0,216
2023-08-04,O+,24,4,8,0,216
2023-08-04,O-,9,4,8,0,216
2023-08-05,A+,26,5,8,1,217
2023-08-05,A-,20,5,8,1,217
2023-08-05,B+,28,5,8,1,217
2023-08-05,B-,16,5,8,1,217
2023-08-05,AB+,24,5,8,1,217
2023-08-05,AB-,17,5,8,1,217
2023-08-05,O+,29,5,8,1,217
2023-08-05,O-,16,5,8,1,217
2023-08-06,A+,27,6,8,1,218
2023-08-06,A-,19,6,8,1,218
2023-08-06,B+,30,6,8,1,218
2023-08-06,B-,16,6,8,1,218
2023-08-06,AB+,23,6,8,1,218
2023-08-06,AB-,16,6,8,1,218
2023-08-06,O+,31,6,8,1,218
2023-08-06,O-,16,6,8,1,218
2023-08-07,A+,23,0,8,0,219
2023-08-07,A-,12,0,8,0,219
2023-08-07,B+,24,0,8,0,219
2023-08-07,B-,13,0,8,0,219
2023-08-07,AB+,19,0,8,0,219
2023-08-07,AB-,10,0,8,0,219
2023-08-07,O+,26,0,8,0,219
2023-08-07,O-,9,0,8,0,219
2023-08-08,A+,24,1,8,0,220
2023-08-08,A-,17,1,8,0,220
2023-08-08,B+,25,1,8,0,220
2023-08-08,B-,13,1,8,0,220
2023-08-08,AB+,23,1,8,0,220
2023-08-08,AB-,11,1,8,0,220
2023-08-08,O+,28,1,8,0,220
2023-08-08,O-,11,1,8,0,220
2023-08-09,A+,25,2,8,0,221
2023-08-09,A-,14,2,8,0,221
2023-08-09,B+,25,2,8,0,221
2023-08-09,B-,13,2,8,0,221
2023-08-09,AB+,23,2,8,0,221
2023-08-09,AB-,11,2,8,0,221
2023-08-09,O+,26,2,8,0,221
2023-08-09,O-,12,2,8,0,221
2023-08-10,A+,23,3,8,0,222
2023-08-10,A-,14,3,8,0,222
2023-08-10,B+,23,3,8,0,222
2023-08-10,B-,14,3,8,0,222
2023-08-10,AB+,21,3,8,0,222
2023-08-10,AB-,8,3,8,0,222
2023-08-10,O+,25,3,8,0,222
2023-08-10,O-,11,3,8,0,222
2023-08-11,A+,20,4,8,0,223
2023-08-11,A-,13,4,8,0,223
2023-08-11,B+,24,4,8,0,223
2023-08-11,B-,10,4,8,0,223
2023-08-11,AB+,20,4,8,0,223
2023-08-11,AB-,6,4,8,0,223
2023-08-11,O+,24,4,8,0,223
2023-08-11,O-,8,4,8,0,223
2023-08-12,A+,27,5,8,1,224
2023-08-12,A-,16,5,8,1,224
2023-08-12,B+,26,5,8,1,224
2023-08-12,B-,17,5,8,1,224
2023-08-12,AB+,23,5,8,1,224
2023-08-12,AB-,13,5,8,1,224
2023-08-12,O+,32,5,8,1,224
2023-08-12,O-,15,5,8,1,224
2023-08-13,A+,28,6,8,1,225
2023-08-13,A-,17,6,8,1,225
2023-08-13,B+,26,6,8,1,225
2023-08-13,B-,17,6,8,1,225
2023-08-13,AB+,22,6,8,1,225
2023-08-13,AB-,13,6,8,1,225
2023-08-13,O+,30,6,8,1,225
2023-08-13,O-,15,6,8,1,225
2023-08-14,A+,22,0,8,0,226
2023-08-14,A-,13,0,8,0,226
2023-08-14,B+,21,0,8,0,226
2023-08-14,B-,10,0,8,0,226
2023-08-14,AB+,16,0,8,0,226
2023-08-14,AB-,8,0,8,0,226
2023-08-14,O+,25,0,8,0,226
2023-08-14,O-,11,0,8,0,226
2023-08-15,A+,23,1,8,0,227
2023-08-15,A-,16,1,8,0,227
2023-08-15,B+,25,1,8,0,227
2023-08-15,B-,13,1,8,0,227
2023-08-15,AB+,19,1,8,0,227
2023-08-15,AB-,7,1,8,0,227
2023-08-15,O+,28,1,8,0,227
2023-08-15,O-,11,1,8,0,227
2023-08-16,A+,25,2,8,0,228
2023-08-16,A-,13,2,8,0,228
2023-08-16,B+,27,2,8,0,228
2023-08-16,B-,13,2,8,0,228
2023-08-16,AB+,20,2,8,0,228
2023-08-16,AB-,10,2,8,0,228
2023-08-16,O+,27,2,8,0,228
2023-08-16,O-,11,2,8,0,228
2023-08-17,A+,22,3,8,0,229
2023-08-17,A-,11,3,8,0,229
2023-08-17,B+,22,3,8,0,229
2023-08-17,B-,14,3,8,0,229
2023-08-17,AB+,18,3,8,0,229
2023-08-17,AB-,7,3,8,0,229
2023-08-17,O+,24,3,8,0,229
2023-08-17,O-,10,3,8,0,229
2023-08-18,A+,20,4,8,0,230
2023-08-18,A-,11,4,8,0,230
2023-08-18,B+,21,4,8,0,230
2023-08-18,B-,12,4,8,0,230
2023-08-18,AB+,18,4,8,0,230
2023-08-18,AB-,10,4,8,0,230
2023-08-18,O+,23,4,8,0,230
2023-08-18,O-,8,4,8,0,230
2023-08-19,A+,28,5,8,1,231
2023-08-19,A-,18,5,8,1,231
2023-08-19,B+,26,5,8,1,231
2023-08-19,B-,17,5,8,1,231
2023-08-19,AB+,24,5,8,1,231
2023-08-19,AB-,11,5,8,1,231
2023-08-19,O+,29,5,8,1,231
2023-08-19,O-,15,5,8,1,231
2023-08-20,A+,28,6,8,1,232
2023-08-20,A-,19,6,8,1,232
2023-08-20,B+,27,6,8,1,232
2023-08-20,B-,16,6,8,1,232
2023-08-20,AB+,25,6,8,1,232
2023-08-20,AB-,11,6,8,1,232
2023-08-20,O+,29,6,8,1,232
2023-08-20,O-,16,6,8,1,232
2023-08-21,A+,22,0,8,0,233
2023-08-21,A-,11,0,8,0,233
2023-08-21,B+,21,0,8,0,233
2023-08-21,B-,12,0,8,0,233
2023-08-21,AB+,18,0,8,0,233
2023-08-21,AB-,8,0,8,0,233
2023-08-21,O+,25,0,8,0,233
2023-08-21,O-,9,0,8,0,233
2023-08-22,A+,23,1,8,0,234
2023-08-22,A-,12,1,8,0,234
2023-08-22,B+,22,1,8,0,234
2023-08-22,B-,14,1,8,0,234
2023-08-22,AB+,20,1,8,0,234
2023-08-22,AB-,10,1,8,0,234
2023-08-22,O+,25,1,8,0,234
2023-08-22,O-,12,1,8,0,234
2023-08-23,A+,23,2,8,0,235
2023-08-23,A-,16,2,8,0,235
2023-08-23,B+,23,2,8,0,235
2023-08-23,B-,12,2,8,0,235
2023-08-23,AB+,20,2,8,0,235
2023-08-23,AB-,11,2,8,0,235
2023-08-23,O+,26,2,8,0,235
2023-08-23,O-,11,2,8,0,235
2023-08-24,A+,21,3,8,0,236
2023-08-24,A-,13,3,8,0,236
2023-08-24,B+,23,3,8,0,236
2023-08-24,B-,11,3,8,0,236
2023-08-24,AB+,19,3,8,0,236
2023-08-24,AB-,9,3,8,0,236
2023-08-24,O+,28,3,8,0,236
2023-08-24,O-,9,3,8,0,236
2023-08-25,A+,19,4,8,0,237
2023-08-25,A-,11,4,8,0,237
2023-08-25,B+,20,4,8,0,237
2023-08-25,B-,9,4,8,0,237
2023-08-25,AB+,15,4,8,0,237
2023-08-25,AB-,6,4,8,0,237
2023-08-25,O+,22,4,8,0,237
2023-08-25,O-,7,4,8,0,237
2023-08-26,A+,26,5,8,1,238
2023-08-26,A-,14,5,8,1,238
2023-08-26,B+,28,5,8,1,238
2023-08-26,B-,15,5,8,1,238
2023-08-26,AB+,22,5,8,1,238
2023-08-26,AB-,14,5,8,1,238
2023-08-26,O+,29,5,8,1,238
2023-08-26,O-,13,5,8,1,238
2023-08-27,A+,27,6,8,1,239
2023-08-27,A-,19,6,8,1,239
2023-08-27,B+,26,6,8,1,239
2023-08-27,B-,17,6,8,1,239
2023-08-27,AB+,22,6,8,1,239
2023-08-27,AB-,15,6,8,1,239
2023-08-27,O+,28,6,8,1,239
2023-08-27,O-,13,6,8,1,239
2023-08-28,A+,22,0,8,0,240
2023-08-28,A-,13,0,8,0,240
2023-08-28,B+,21,0,8,0,240
2023-08-28,B-,11,0,8,0,240
2023-08-28,AB+,17,0,8,0,240
2023-08-28,AB-,6,0,8,0,240
2023-08-28,O+,24,0,8,0,240
2023-08-28,O-,8,0,8,0,240
2023-08-29,A+,21,1,8,0,241
2023-08-29,A-,15,1,8,0,241
2023-08-29,B+,22,1,8,0,241
2023-08-29,B-,13,1,8,0,241
2023-08-29,AB+,21,1,8,0,241
2023-08-29,AB-,9,1,8,0,241
2023-08-29,O+,24,1,8,0,241
2023-08-29,O-,11,1,8,0,241
2023-08-30,A+,23,2,8,0,242
2023-08-30,A-,15,2,8,0,242
2023-08-30,B+,26,2,8,0,242
2023-08-30,B-,12,2,8,0,242
2023-08-30,AB+,20,2,8,0,242
2023-08-30,AB-,8,2,8,0,242
2023-08-30,O+,26,2,8,0,242
2023-08-30,O-,11,2,8,0,242
2023-08-31,A+,21,3,8,0,243
2023-08-31,A-,12,3,8,0,243
2023-08-31,B+,22,3,8,0,243
2023-08-31,B-,12,3,8,0,243
2023-08-31,AB+,17,3,8,0,243
2023-08-31,AB-,8,3,8,0,243
2023-08-31,O+,25,3,8,0,243
2023-08-31,O-,8,3,8,0,243
2023-09-01,A+,19,4,9,0,244
2023-09-01,A-,10,4,9,0,244
2023-09-01,B+,23,4,9,0,244
2023-09-01,B-,9,4,9,0,244
2023-09-01,AB+,17,4,9,0,244
2023-09-01,AB-,6,4,9,0,244
2023-09-01,O+,22,4,9,0,244
2023-09-01,O-,6,4,9,0,244
2023-09-02,A+,26,5,9,1,245
2023-09-02,A-,15,5,9,1,245
2023-09-02,B+,28,5,9,1,245
2023-09-02,B-,16,5,9,1,245
2023-09-02,AB+,23,5,9,1,245
2023-09-02,AB-,14,5,9,1,245
2023-09-02,O+,32,5,9,1,245
2023-09-02,O-,14,5,9,1,245
2023-09-03,A+,25,6,9,1,246
2023-09-03,A-,19,6,9,1,246
2023-09-03,B+,27,6,9,1,246
2023-09-03,B-,19,6,9,1,246
2023-09-03,AB+,22,6,9,1,246
2023-09-03,AB-,15,6,9,1,246
2023-09-03,O+,29,6,9,1,246
2023-09-03,O-,17,6,9,1,246
2023-09-04,A+,20,0,9,0,247
2023-09-04,A-,15,0,9,0,247
2023-09-04,B+,22,0,9,0,247
2023-09-04,B-,12,0,9,0,247
2023-09-04,AB+,20,0,9,0,247
2023-09-04,AB-,7,0,9,0,247
2023-09-04,O+,25,0,9,0,247
2023-09-04,O-,8,0,9,0,247
2023-09-05,A+,22,1,9,0,248
2023-09-05,A-,13,1,9,0,248
2023-09-05,B+,24,1,9,0,248
2023-09-05,B-,13,1,9,0,248
2023-09-05,AB+,18,1,9,0,248
2023-09-05,AB-,9,1,9,0,248
2023-09-05,O+,22,1,9,0,248
2023-09-05,O-,11,1,9,0,248
2023-09-06,A+,24,2,9,0,249
2023-09-06,A-,14,2,9,0,249
2023-09-06,B+,21,2,9,0,249
2023-09-06,B-,13,2,9,0,249
2023-09-06,AB+,18,2,9,0,249
2023-09-06,AB-,10,2,9,0,249
2023-09-06,O+,26,2,9,0,249
2023-09-06,O-,11,2,9,0,249
2023-09-07,A+,23,3,9,0,250
2023-09-07,A-,12,3,9,0,250
2023-09-07,B+,22,3,9,0,250
2023-09-07,B-,12,3,9,0,250
2023-09-07,AB+,18,3,9,0,250
2023-09-07,AB-,7,3,9,0,250
2023-09-07,O+,25,3,9,0,250
2023-09-07,O-,8,3,9,0,250
2023-09-08,A+,19,4,9,0,251
2023-09-08,A-,9,4,9,0,251
2023-09-08,B+,20,4,9,0,251
2023-09-08,B-,9,4,9,0,251
2023-09-08,AB+,15,4,9,0,251
2023-09-08,AB-,8,4,9,0,251
2023-09-08,O+,24,4,9,0,251
2023-09-08,O-,9,4,9,0,251
2023-09-09,A+,25,5,9,1,252
2023-09-09,A-,16,5,9,1,252
2023-09-09,B+,27,5,9,1,252
2023-09-09,B-,16,5,9,1,252
2023-09-09,AB+,23,5,9,1,252
2023-09-09,AB-,9,5,9,1,252
2023-09-09,O+,29,5,9,1,252
2023-09-09,O-,14,5,9,1,252
2023-09-10,A+,26,6,9,1,253
2023-09-10,A-,18,6,9,1,253
2023-09-10,B+,27,6,9,1,253
2023-09-10,B-,15,6,9,1,253
2023-09-10,AB+,22,6,9,1,253
2023-09-10,AB-,12,6,9,1,253
2023-09-10,O+,31,6,9,1,253
2023-09-10,O-,15,6,9,1,253
2023-09-11,A+,19,0,9,0,254
2023-09-11,A-,12,0,9,0,254
2023-09-11,B+,22,0,9,0,254
2023-09-11,B-,9,0,9,0,254
2023-09-11,AB+,17,0,9,0,254
2023-09-11,AB-,8,0,9,0,254
2023-09-11,O+,24,0,9,0,254
2023-09-11,O-,11,0,9,0,254
2023-09-12,A+,22,1,9,0,255
2023-09-12,A-,13,1,9,0,255
2023-09-12,B+,23,1,9,0,255
2023-09-12,B-,12,1,9,0,255
2023-09-12,AB+,18,1,9,0,255
2023-09-12,AB-,8,1,9,0,255
2023-09-12,O+,21,1,9,0,255
2023-09-12,O-,11,1,9,0,255
2023-09-13,A+,20,2,9,0,256
2023-09-13,A-,12,2,9,0,256
2023-09-13,B+,24,2,9,0,256
2023-09-13,B-,12,2,9,0,256
2023-09-13,AB+,22,2,9,0,256
2023-09-13,AB-,7,2,9,0,256
2023-09-13,O+,28,2,9,0,256
2023-09-13,O-,12,2,9,0,256
2023-09-14,A+,22,3,9,0,257
2023-09-14,A-,14,3,9,0,257
2023-09-14,B+,23,3,9,0,257
2023-09-14,B-,9,3,9,0,257
2023-09-14,AB+,19,3,9,0,257
2023-09-14,AB-,6,3,9,0,257
2023-09-14,O+,23,3,9,0,257
2023-09-14,O-,9,3,9,0,257
2023-09-15,A+,18,4,9,0,258
2023-09-15,A-,11,4,9,0,258
2023-09-15,B+,20,4,9,0,258
2023-09-15,B-,10,4,9,0,258
2023-09-15,AB+,16,4,9,0,258
2023-09-15,AB-,6,4,9,0,258
2023-09-15,O+,21,4,9,0,258
2023-09-15,O-,6,4,9,0,258
2023-09-16,A+,25,5,9,1,259
2023-09-16,A-,15,5,9,1,259
2023-09-16,B+,28,5,9,1,259
2023-09-16,B-,14,5,9,1,259
2023-09-16,AB+,25,5,9,1,259
2023-09-16,AB-,13,5,9,1,259
2023-09-16,O+,28,5,9,1,259
2023-09-16,O-,13,5,9,1,259
2023-09-17,A+,26,6,9,1,260
2023-09-17,A-,16,6,9,1,260
2023-09-17,B+,27,6,9,1,260
2023-09-17,B-,17,6,9,1,260
2023-09-17,AB+,23,6,9,1,260
2023-09-17,AB-,14,6,9,1,260
2023-09-17,O+,29,6,9,1,260
2023-09-17,O-,12,6,9,1,260
2023-09-18,A+,18,0,9,0,261
2023-09-18,A-,11,0,9,0,261
2023-09-18,B+,21,0,9,0,261
2023-09-18,B-,12,0,9,0,261
2023-09-18,AB+,17,0,9,0,261
2023-09-18,AB-,8,0,9,0,261
2023-09-18,O+,24,0,9,0,261
2023-09-18,O-,9,0,9,0,261
2023-09-19,A+,23,1,9,0,262
2023-09-19,A-,12,1,9,0,262
2023-09-19,B+,21,1,9,0,262
2023-09-19,B-,11,1,9,0,262
2023-09-19,AB+,16,1,9,0,262
2023-09-19,AB-,9,1,9,0,262
2023-09-19,O+,24,1,9,0,262
2023-09-19,O-,10,1,9,0,262
2023-09-20,A+,22,2,9,0,263
2023-09-20,A-,12,2,9,0,263
2023-09-20,B+,25,2,9,0,263
2023-09-20,B-,12,2,9,0,263
2023-09-20,AB+,20,2,9,0,263
2023-09-20,AB-,9,2,9,0,263
2023-09-20,O+,26,2,9,0,263
2023-09-20,O-,8,2,9,0,263
2023-09-21,A+,22,3,9,0,264
2023-09-21,A-,13,3,9,0,264
2023-09-21,B+,22,3,9,0,264
2023-09-21,B-,11,3,9,0,264
2023-09-21,AB+,19,3,9,0,264
2023-09-21,AB-,7,3,9,0,264
2023-09-21,O+,22,3,9,0,264
2023-09-21,O-,9,3,9,0,264
2023-09-22,A+,19,4,9,0,265
2023-09-22,A-,10,4,9,0,265
2023-09-22,B+,22,4,9,0,265
2023-09-22,B-,8,4,9,0,265
2023-09-22,AB+,15,4,9,0,265
2023-09-22,AB-,5,4,9,0,265
2023-09-22,O+,23,4,9,0,265
2023-09-22,O-,5,4,9,0,265
2023-09-23,A+,26,5,9,1,266
2023-09-23,A-,15,5,9,1,266
2023-09-23,B+,25,5,9,1,266
2023-09-23,B-,17,5,9,1,266
2023-09-23,AB+,24,5,9,1,266
2023-09-23,AB-,12,5,9,1,266
2023-09-23,O+,27,5,9,1,266
2023-09-23,O-,16,5,9,1,266
2023-09-24,A+,25,6,9,1,267
2023-09-24,A-,17,6,9,1,267
2023-09-24,B+,28,6,9,1,267
2023-09-24,B-,13,6,9,1,267
2023-09-24,AB+,22,6,9,1,267
2023-09-24,AB-,12,6,9,1,267
2023-09-24,O+,29,6,9,1,267
2023-09-24,O-,12,6,9,1,267
2023-09-25,A+,20,0,9,0,268
2023-09-25,A-,11,0,9,0,268
2023-09-25,B+,23,0,9,0,268
2023-09-25,B-,11,0,9,0,268
2023-09-25,AB+,17,0,9,0,268
2023-09-25,AB-,7,0,9,0,268
2023-09-25,O+,24,0,9,0,268
2023-09-25,O-,8,0,9,0,268
2023-09-26,A+,20,1,9,0,269
2023-09-26,A-,15,1,9,0,269
2023-09-26,B+,21,1,9,0,269
2023-09-26,B-,15,1,9,0,269
2023-09-26,AB+,19,1,9,0,269
2023-09-26,AB-,8,1,9,0,269
2023-09-26,O+,22,1,9,0,269
2023-09-26,O-,11,1,9,0,269
2023-09-27,A+,20,2,9,0,270
2023-09-27,A-,13,2,9,0,270
2023-09-27,B+,25,2,9,0,270
2023-09-27,B-,11,2,9,0,270
2023-09-27,AB+,20,2,9,0,270
2023-09-27,AB-,8,2,9,0,270
2023-09-27,O+,26,2,9,0,270
2023-09-27,O-,10,2,9,0,270
2023-09-28,A+,21,3,9,0,271
2023-09-28,A-,13,3,9,0,271
2023-09-28,B+,23,3,9,0,271
2023-09-28,B-,10,3,9,0,271
2023-09-28,AB+,20,3,9,0,271
2023-09-28,AB-,6,3,9,0,271
2023-09-28,O+,24,3,9,0,271
2023-09-28,O-,8,3,9,0,271
2023-09-29,A+,17,4,9,0,272
2023-09-29,A-,9,4,9,0,272
2023-09-29,B+,20,4,9,0,272
2023-09-29,B-,10,4,9,0,272
2023-09-29,AB+,17,4,9,0,272
2023-09-29,AB-,8,4,9,0,272
2023-09-29,O+,22,4,9,0,272
2023-09-29,O-,7,4,9,0,272
2023-09-30,A+,26,5,9,1,273
2023-09-30,A-,15,5,9,1,273
2023-09-30,B+,24,5,9,1,273
2023-09-30,B-,16,5,9,1,273
2023-09-30,AB+,24,5,9,1,273
2023-09-30,AB-,11,5,9,1,273
2023-09-30,O+,30,5,9,1,273
2023-09-30,O-,14,5,9,1,273
2023-10-01,A+,26,6,10,1,274
2023-10-01,A-,16,6,10,1,274
2023-10-01,B+,28,6,10,1,274
2023-10-01,B-,14,6,10,1,274
2023-10-01,AB+,22,6,10,1,274
2023-10-01,AB-,12,6,10,1,274
2023-10-01,O+,27,6,10,1,274
2023-10-01,O-,14,6,10,1,274
2023-10-02,A+,20,0,10,0,275
2023-10-02,A-,12,0,10,0,275
2023-10-02,B+,21,0,10,0,275
2023-10-02,B-,11,0,10,0,275
2023-10-02,AB+,17,0,10,0,275
2023-10-02,AB-,6,0,10,0,275
2023-10-02,O+,22,0,10,0,275
2023-10-02,O-,6,0,10,0,275
2023-10-03,A+,23,1,10,0,276
2023-10-03,A-,14,1,10,0,276
2023-10-03,B+,26,1,10,0,276
2023-10-03,B-,11,1,10,0,276
2023-10-03,AB+,18,1,10,0,276
2023-10-03,AB-,7,1,10,0,276
2023-10-03,O+,26,1,10,0,276
2023-10-03,O-,10,1,10,0,276
2023-10-04,A+,24,2,10,0,277
2023-10-04,A-,12,2,10,0,277
2023-10-04,B+,24,2,10,0,277
2023-10-04,B-,11,2,10,0,277
2023-10-04,AB+,21,2,10,0,277
2023-10-04,AB-,10,2,10,0,277
2023-10-04,O+,23,2,10,0,277
2023-10-04,O-,10,2,10,0,277
2023-10-05,A+,19,3,10,0,278
2023-10-05,A-,10,3,10,0,278
2023-10-05,B+,21,3,10,0,278
2023-10-05,B-,10,3,10,0,278
2023-10-05,AB+,18,3,10,0,278
2023-10-05,AB-,8,3,10,0,278
2023-10-05,O+,24,3,10,0,278
2023-10-05,O-,9,3,10,0,278
2023-10-06,A+,20,4,10,0,279
2023-10-06,A-,9,4,10,0,279
2023-10-06,B+,20,4,10,0,279
2023-10-06,B-,11,4,10,0,279
2023-10-06,AB+,16,4,10,0,279
2023-10-06,AB-,7,4,10,0,279
2023-10-06,O+,23,4,10,0,279
2023-10-06,O-,8,4,10,0,279
2023-10-07,A+,25,5,10,1,280
2023-10-07,A-,17,5,10,1,280
2023-10-07,B+,27,5,10,1,280
2023-10-07,B-,16,5,10,1,280
2023-10-07,AB+,23,5,10,1,280
2023-10-07,AB-,11,5,10,1,280
2023-10-07,O+,27,5,10,1,280
2023-10-07,O-,13,5,10,1,280
2023-10-08,A+,27,6,10,1,281
2023-10-08,A-,16,6,10,1,281
2023-10-08,B+,27,6,10,1,281
2023-10-08,B-,13,6,10,1,281
2023-10-08,AB+,23,6,10,1,281
2023-10-08,AB-,13,6,10,1,281
2023-10-08,O+,25,6,10,1,281
2023-10-08,O-,14,6,10,1,281
2023-10-09,A+,18,0,10,0,282
2023-10-09,A-,10,0,10,0,282
2023-10-09,B+,22,0,10,0,282
2023-10-09,B-,10,0,10,0,282
2023-10-09,AB+,17,0,10,0,282
2023-10-09,AB-,6,0,10,0,282
2023-10-09,O+,23,0,10,0,282
2023-10-09,O-,8,0,10,0,282
2023-10-10,A+,20,1,10,0,283
2023-10-10,A-,14,1,10,0,283
2023-10-10,B+,21,1,10,0,283
2023-10-10,B-,10,1,10,0,283
2023-10-10,AB+,20,1,10,0,283
2023-10-10,AB-,8,1,10,0,283
2023-10-10,O+,25,1,10,0,283
2023-10-10,O-,10,1,10,0,283
2023-10-11,A+,21,2,10,0,284
2023-10-11,A-,13,2,10,0,284
2023-10-11,B+,24,2,10,0,284
2023-10-11,B-,14,2,10,0,284
2023-10-11,AB+,18,2,10,0,284
2023-10-11,AB-,8,2,10,0,284
2023-10-11,O+,26,2,10,0,284
2023-10-11,O-,10,2,10,0,284
2023-10-12,A+,21,3,10,0,285
2023-10-12,A-,14,3,10,0,285
2023-10-12,B+,20,3,10,0,285
2023-10-12,B-,9,3,10,0,285
2023-10-12,AB+,16,3,10,0,285
2023-10-12,AB-,9,3,10,0,285
2023-10-12,O+,25,3,10,0,285
2023-10-12,O-,7,3,10,0,285
2023-10-13,A+,19,4,10,0,286
2023-10-13,A-,10,4,10,0,286
2023-10-13,B+,18,4,10,0,286
2023-10-13,B-,9,4,10,0,286
2023-10-13,AB+,15,4,10,0,286
2023-10-13,AB-,7,4,10,0,286
2023-10-13,O+,21,4,10,0,286
2023-10-13,O-,8,4,10,0,286
2023-10-14,A+,27,5,10,1,287
2023-10-14,A-,17,5,10,1,287
2023-10-14,B+,27,5,10,1,287
2023-10-14,B-,15,5,10,1,287
2023-10-14,AB+,20,5,10,1,287
2023-10-14,AB-,12,5,10,1,287
2023-10-14,O+,28,5,10,1,287
2023-10-14,O-,13,5,10,1,287
2023-10-15,A+,24,6,10,1,288
2023-10-15,A-,17,6,10,1,288
2023-10-15,B+,25,6,10,1,288
2023-10-15,B-,17,6,10,1,288
2023-10-15,AB+,23,6,10,1,288
2023-10-15,AB-,14,6,10,1,288
2023-10-15,O+,30,6,10,1,288
2023-10-15,O-,16,6,10,1,288
2023-10-16,A+,20,0,10,0,289
2023-10-16,A-,11,0,10,0,289
2023-10-16,B+,21,0,10,0,289
2023-10-16,B-,12,0,10,0,289
2023-10-16,AB+,16,0,10,0,289
2023-10-16,AB-,6,0,10,0,289
2023-10-16,O+,23,0,10,0,289
2023-10-16,O-,8,0,10,0,289
2023-10-17,A+,23,1,10,0,290
2023-10-17,A-,11,1,10,0,290
2023-10-17,B+,23,1,10,0,290
2023-10-17,B-,12,1,10,0,290
2023-10-17,AB+,17,1,10,0,290
2023-10-17,AB-,10,1,10,0,290
2023-10-17,O+,25,1,10,0,290
2023-10-17,O-,10,1,10,0,290
2023-10-18,A+,21,2,10,0,291
2023-10-18,A-,13,2,10,0,291
2023-10-18,B+,22,2,10,0,291
2023-10-18,B-,13,2,10,0,291
2023-10-18,AB+,20,2,10,0,291
2023-10-18,AB-,11,2,10,0,291
2023-10-18,O+,26,2,10,0,291
2023-10-18,O-,10,2,10,0,291
2023-10-19,A+,21,3,10,0,292
2023-10-19,A-,13,3,10,0,292
2023-10-19,B+,22,3,10,0,292
2023-10-19,B-,11,3,10,0,292
2023-10-19,AB+,18,3,10,0,292
2023-10-19,AB-,10,3,10,0,292
2023-10-19,O+,24,3,10,0,292
2023-10-19,O-,11,3,10,0,292
2023-10-20,A+,20,4,10,0,293
2023-10-20,A-,10,4,10,0,293
2023-10-20,B+,19,4,10,0,293
2023-10-20,B-,9,4,10,0,293
2023-10-20,AB+,17,4,10,0,293
2023-10-20,AB-,6,4,10,0,293
2023-10-20,O+,23,4,10,0,293
2023-10-20,O-,7,4,10,0,293
2023-10-21,A+,25,5,10,1,294
2023-10-21,A-,15,5,10,1,294
2023-10-21,B+,27,5,10,1,294
2023-10-21,B-,15,5,10,1,294
2023-10-21,AB+,24,5,10,1,294
2023-10-21,AB-,13,5,10,1,294
2023-10-21,O+,28,5,10,1,294
2023-10-21,O-,15,5,10,1,294
2023-10-22,A+,26,6,10,1,295
2023-10-22,A-,18,6,10,1,295
2023-10-22,B+,26,6,10,1,295
2023-10-22,B-,16,6,10,1,295
2023-10-22,AB+,23,6,10,1,295
2023-10-22,AB-,11,6,10,1,295
2023-10-22,O+,31,6,10,1,295
2023-10-22,O-,12,6,10,1,295
2023-10-23,A+,19,0,10,0,296
2023-10-23,A-,8,0,10,0,296
2023-10-23,B+,22,0,10,0,296
2023-10-23,B-,8,0,10,0,296
2023-10-23,AB+,17,0,10,0,296
2023-10-23,AB-,8,0,10,0,296
2023-10-23,O+,24,0,10,0,296
2023-10-23,O-,8,0,10,0,296
2023-10-24,A+,20,1,10,0,297
2023-10-24,A-,13,1,10,0,297
2023-10-24,B+,24,1,10,0,297
2023-10-24,B-,13,1,10,0,297
2023-10-24,AB+,21,1,10,0,297
2023-10-24,AB-,8,1,10,0,297
2023-10-24,O+,23,1,10,0,297
2023-10-24,O-,10,1,10,0,297
2023-10-25,A+,23,2,10,0,298
2023-10-25,A-,13,2,10,0,298
2023-10-25,B+,22,2,10,0,298
2023-10-25,B-,9,2,10,0,298
2023-10-25,AB+,18,2,10,0,298
2023-10-25,AB-,10,2,10,0,298
2023-10-25,O+,26,2,10,0,298
2023-10-25,O-,12,2,10,0,298
2023-10-26,A+,22,3,10,0,299
2023-10-26,A-,13,3,10,0,299
2023-10-26,B+,23,3,10,0,299
2023-10-26,B-,11,3,10,0,299
2023-10-26,AB+,18,3,10,0,299
2023-10-26,AB-,5,3,10,0,299
2023-10-26,O+,24,3,10,0,299
2023-10-26,O-,9,3,10,0,299
2023-10-27,A+,20,4,10,0,300
2023-10-27,A-,10,4,10,0,300
2023-10-27,B+,22,4,10,0,300
2023-10-27,B-,9,4,10,0,300
2023-10-27,AB+,18,4,10,0,300
2023-10-27,AB-,5,4,10,0,300
2023-10-27,O+,22,4,10,0,300
2023-10-27,O-,7,4,10,0,300
2023-10-28,A+,25,5,10,1,301
2023-10-28,A-,18,5,10,1,301
2023-10-28,B+,26,5,10,1,301
2023-10-28,B-,15,5,10,1,301
2023-10-28,AB+,22,5,10,1,301
2023-10-28,AB-,12,5,10,1,301
2023-10-28,O+,29,5,10,1,301
2023-10-28,O-,13,5,10,1,301
2023-10-29,A+,26,6,10,1,302
2023-10-29,A-,18,6,10,1,302
2023-10-29,B+,27,6,10,1,302
2023-10-29,B-,15,6,10,1,302
2023-10-29,AB+,23,6,10,1,302
2023-10-29,AB-,12,6,10,1,302
2023-10-29,O+,30,6,10,1,302
2023-10-29,O-,14,6,10,1,302
2023-10-30,A+,22,0,10,0,303
2023-10-30,A-,11,0,10,0,303
2023-10-30,B+,21,0,10,0,303
2023-10-30,B-,9,0,10,0,303
2023-10-30,AB+,18,0,10,0,303
2023-10-30,AB-,6,0,10,0,303
2023-10-30,O+,24,0,10,0,303
2023-10-30,O-,9,0,10,0,303
2023-10-31,A+,22,1,10,0,304
2023-10-31,A-,14,1,10,0,304
2023-10-31,B+,23,1,10,0,304
2023-10-31,B-,11,1,10,0,304
2023-10-31,AB+,19,1,10,0,304
2023-10-31,AB-,9,1,10,0,304
2023-10-31,O+,25,1,10,0,304
2023-10-31,O-,10,1,10,0,304
2023-11-01,A+,25,2,11,0,305
2023-11-01,A-,14,2,11,0,305
2023-11-01,B+,24,2,11,0,305
2023-11-01,B-,10,2,11,0,305
2023-11-01,AB+,21,2,11,0,305
2023-11-01,AB-,13,2,11,0,305
2023-11-01,O+,27,2,11,0,305
2023-11-01,O-,10,2,11,0,305
2023-11-02,A+,24,3,11,0,306
2023-11-02,A-,13,3,11,0,306
2023-11-02,B+,23,3,11,0,306
2023-11-02,B-,11,3,11,0,306
2023-11-02,AB+,18,3,11,0,306
2023-11-02,AB-,6,3,11,0,306
2023-11-02,O+,26,3,11,0,306
2023-11-02,O-,9,3,11,0,306
2023-11-03,A+,20,4,11,0,307
2023-11-03,A-,11,4,11,0,307
2023-11-03,B+,20,4,11,0,307
2023-11-03,B-,10,4,11,0,307
2023-11-03,AB+,18,4,11,0,307
2023-11-03,AB-,7,4,11,0,307
2023-11-03,O+,23,4,11,0,307
2023-11-03,O-,8,4,11,0,307
2023-11-04,A+,26,5,11,1,308
2023-11-04,A-,16,5,11,1,308
2023-11-04,B+,27,5,11,1,308
2023-11-04,B-,17,5,11,1,308
2023-11-04,AB+,23,5,11,1,308
2023-11-04,AB-,12,5,11,1,308
2023-11-04,O+,29,5,11,1,308
2023-11-04,O-,15,5,11,1,308
2023-11-05,A+,25,6,11,1,309
2023-11-05,A-,16,6,11,1,309
2023-11-05,B+,25,6,11,1,309
2023-11-05,B-,16,6,11,1,309
2023-11-05,AB+,24,6,11,1,309
2023-11-05,AB-,15,6,11,1,309
2023-11-05,O+,31,6,11,1,309
2023-11-05,O-,14,6,11,1,309
2023-11-06,A+,21,0,11,0,310
2023-11-06,A-,11,0,11,0,310
2023-11-06,B+,24,0,11,0,310
2023-11-06,B-,13,0,11,0,310
2023-11-06,AB+,18,0,11,0,310
2023-11-06,AB-,7,0,11,0,310
2023-11-06,O+,20,0,11,0,310
2023-11-06,O-,7,0,11,0,310
2023-11-07,A+,20,1,11,0,311
2023-11-07,A-,12,1,11,0,311
2023-11-07,B+,26,1,11,0,311
2023-11-07,B-,11,1,11,0,311
2023-11-07,AB+,18,1,11,0,311
2023-11-07,AB-,8,1,11,0,311
2023-11-07,O+,29,1,11,0,311
2023-11-07,O-,10,1,11,0,311
2023-11-08,A+,24,2,11,0,312
2023-11-08,A-,14,2,11,0,312
2023-11-08,B+,22,2,11,0,312
2023-11-08,B-,15,2,11,0,312
2023-11-08,AB+,20,2,11,0,312
2023-11-08,AB-,10,2,11,0,312
2023-11-08,O+,28,2,11,0,312
2023-11-08,O-,11,2,11,0,312
2023-11-09,A+,22,3,11,0,313
2023-11-09,A-,13,3,11,0,313
2023-11-09,B+,24,3,11,0,313
2023-11-09,B-,13,3,11,0,313
2023-11-09,AB+,19,3,11,0,313
2023-11-09,AB-,8,3,11,0,313
2023-11-09,O+,25,3,11,0,313
2023-11-09,O-,9,3,11,0,313
2023-11-10,A+,22,4,11,0,314
2023-11-10,A-,9,4,11,0,314
2023-11-10,B+,23,4,11,0,314
2023-11-10,B-,12,4,11,0,314
2023-11-10,AB+,16,4,11,0,314
2023-11-10,AB-,7,4,11,0,314
2023-11-10,O+,22,4,11,0,314
2023-11-10,O-,9,4,11,0,314
2023-11-11,A+,28,5,11,1,315
2023-11-11,A-,19,5,11,1,315
2023-11-11,B+,27,5,11,1,315
2023-11-11,B-,18,5,11,1,315
2023-11-11,AB+,25,5,11,1,315
2023-11-11,AB-,13,5,11,1,315
2023-11-11,O+,29,5,11,1,315
2023-11-11,O-,16,5,11,1,315
2023-11-12,A+,28,6,11,1,316
2023-11-12,A-,19,6,11,1,316
2023-11-12,B+,31,6,11,1,316
2023-11-12,B-,17,6,11,1,316
2023-11-12,AB+,24,6,11,1,316
2023-11-12,AB-,15,6,11,1,316
2023-11-12,O+,32,6,11,1,316
2023-11-12,O-,14,6,11,1,316
2023-11-13,A+,21,0,11,0,317
2023-11-13,A-,11,0,11,0,317
2023-11-13,B+,23,0,11,0,317
2023-11-13,B-,12,0,11,0,317
2023-11-13,AB+,17,0,11,0,317
2023-11-13,AB-,10,0,11,0,317
2023-11-13,O+,24,0,11,0,317
2023-11-13,O-,9,0,11,0,317
2023-11-14,A+,24,1,11,0,318
2023-11-14,A-,13,1,11,0,318
2023-11-14,B+,22,1,11,0,318
2023-11-14,B-,14,1,11,0,318
2023-11-14,AB+,20,1,11,0,318
2023-11-14,AB-,11,1,11,0,318
2023-11-14,O+,27,1,11,0,318
2023-11-14,O-,9,1,11,0,318
2023-11-15,A+,25,2,11,0,319
2023-11-15,A-,17,2,11,0,319
2023-11-15,B+,26,2,11,0,319
2023-11-15,B-,15,2,11,0,319
2023-11-15,AB+,20,2,11,0,319
2023-11-15,AB-,10,2,11,0,319
2023-11-15,O+,27,2,11,0,319
2023-11-15,O-,12,2,11,0,319
2023-11-16,A+,23,3,11,0,320
2023-11-16,A-,13,3,11,0,320
2023-11-16,B+,23,3,11,0,320
2023-11-16,B-,11,3,11,0,320
2023-11-16,AB+,20,3,11,0,320
2023-11-16,AB-,9,3,11,0,320
2023-11-16,O+,25,3,11,0,320
2023-11-16,O-,12,3,11,0,320
2023-11-17,A+,21,4,11,0,321
2023-11-17,A-,12,4,11,0,321
2023-11-17,B+,23,4,11,0,321
2023-11-17,B-,12,4,11,0,321
2023-11-17,AB+,16,4,11,0,321
2023-11-17,AB-,7,4,11,0,321
2023-11-17,O+,23,4,11,0,321
2023-11-17,O-,8,4,11,0,321
2023-11-18,A+,26,5,11,1,322
2023-11-18,A-,16,5,11,1,322
2023-11-18,B+,29,5,11,1,322
2023-11-18,B-,16,5,11,1,322
2023-11-18,AB+,24,5,11,1,322
2023-11-18,AB-,14,5,11,1,322
2023-11-18,O+,30,5,11,1,322
2023-11-18,O-,12,5,11,1,322
2023-11-19,A+,28,6,11,1,323
2023-11-19,A-,18,6,11,1,323
2023-11-19,B+,29,6,11,1,323
2023-11-19,B-,16,6,11,1,323
2023-11-19,AB+,25,6,11,1,323
2023-11-19,AB-,16,6,11,1,323
2023-11-19,O+,30,6,11,1,323
2023-11-19,O-,14,6,11,1,323
2023-11-20,A+,21,0,11,0,324
2023-11-20,A-,13,0,11,0,324
2023-11-20,B+,23,0,11,0,324
2023-11-20,B-,12,0,11,0,324
2023-11-20,AB+,19,0,11,0,324
2023-11-20,AB-,9,0,11,0,324
2023-11-20,O+,25,0,11,0,324
2023-11-20,O-,9,0,11,0,324
2023-11-21,A+,24,1,11,0,325
2023-11-21,A-,15,1,11,0,325
2023-11-21,B+,26,1,11,0,325
2023-11-21,B-,15,1,11,0,325
2023-11-21,AB+,21,1,11,0,325
2023-11-21,AB-,11,1,11,0,325
2023-11-21,O+,25,1,11,0,325
2023-11-21,O-,11,1,11,0,325
2023-11-22,A+,24,2,11,0,326
2023-11-22,A-,13,2,11,0,326
2023-11-22,B+,25,2,11,0,326
2023-11-22,B-,13,2,11,0,326
2023-11-22,AB+,20,2,11,0,326
2023-11-22,AB-,10,2,11,0,326
2023-11-22,O+,27,2,11,0,326
2023-11-22,O-,10,2,11,0,326
2023-11-23,A+,24,3,11,0,327
2023-11-23,A-,14,3,11,0,327
2023-11-23,B+,26,3,11,0,327
2023-11-23,B-,13,3,11,0,327
2023-11-23,AB+,21,3,11,0,327
2023-11-23,AB-,9,3,11,0,327
2023-11-23,O+,24,3,11,0,327
2023-11-23,O-,12,3,11,0,327
2023-11-24,A+,20,4,11,0,328
2023-11-24,A-,13,4,11,0,328
2023-11-24,B+,24,4,11,0,328
2023-11-24,B-,12,4,11,0,328
2023-11-24,AB+,19,4,11,0,328
2023-11-24,AB-,8,4,11,0,328
2023-11-24,O+,24,4,11,0,328
2023-11-24,O-,9,4,11,0,328
2023-11-25,A+,26,5,11,1,329
2023-11-25,A-,17,5,11,1,329
2023-11-25,B+,28,5,11,1,329
2023-11-25,B-,18,5,11,1,329
2023-11-25,AB+,23,5,11,1,329
2023-11-25,AB-,16,5,11,1,329
2023-11-25,O+,32,5,11,1,329
2023-11-25,O-,16,5,11,1,329
2023-11-26,A+,28,6,11,1,330
2023-11-26,A-,18,6,11,1,330
2023-11-26,B+,29,6,11,1,330
2023-11-26,B-,17,6,11,1,330
2023-11-26,AB+,25,6,11,1,330
2023-11-26,AB-,15,6,11,1,330
2023-11-26,O+,33,6,11,1,330
2023-11-26,O-,16,6,11,1,330
2023-11-27,A+,22,0,11,0,331
2023-11-27,A-,13,0,11,0,331
2023-11-27,B+,22,0,11,0,331
2023-11-27,B-,12,0,11,0,331
2023-11-27,AB+,20,0,11,0,331
2023-11-27,AB-,9,0,11,0,331
2023-11-27,O+,24,0,11,0,331
2023-11-27,O-,10,0,11,0,331
2023-11-28,A+,23,1,11,0,332
2023-11-28,A-,16,1,11,0,332
2023-11-28,B+,25,1,11,0,332
2023-11-28,B-,14,1,11,0,332
2023-11-28,AB+,21,1,11,0,332
2023-11-28,AB-,11,1,11,0,332
2023-11-28,O+,26,1,11,0,332
2023-11-28,O-,10,1,11,0,332
2023-11-29,A+,26,2,11,0,333
2023-11-29,A-,17,2,11,0,333
2023-11-29,B+,26,2,11,0,333
2023-11-29,B-,15,2,11,0,333
2023-11-29,AB+,24,2,11,0,333
2023-11-29,AB-,11,2,11,0,333
2023-11-29,O+,26,2,11,0,333
2023-11-29,O-,13,2,11,0,333
2023-11-30,A+,22,3,11,0,334
2023-11-30,A-,14,3,11,0,334
2023-11-30,B+,24,3,11,0,334
2023-11-30,B-,14,3,11,0,334
2023-11-30,AB+,20,3,11,0,334
2023-11-30,AB-,12,3,11,0,334
2023-11-30,O+,25,3,11,0,334
2023-11-30,O-,12,3,11,0,334
2023-12-01,A+,21,4,12,0,335
2023-12-01,A-,13,4,12,0,335
2023-12-01,B+,21,4,12,0,335
2023-12-01,B-,12,4,12,0,335
2023-12-01,AB+,20,4,12,0,335
2023-12-01,AB-,9,4,12,0,335
2023-12-01,O+,26,4,12,0,335
2023-12-01,O-,10,4,12,0,335
2023-12-02,A+,27,5,12,1,336
2023-12-02,A-,19,5,12,1,336
2023-12-02,B+,29,5,12,1,336
2023-12-02,B-,15,5,12,1,336
2023-12-02,AB+,25,5,12,1,336
2023-12-02,AB-,14,5,12,1,336
2023-12-02,O+,29,5,12,1,336
2023-12-02,O-,16,5,12,1,336
2023-12-03,A+,30,6,12,1,337
2023-12-03,A-,19,6,12,1,337
2023-12-03,B+,27,6,12,1,337
2023-12-03,B-,17,6,12,1,337
2023-12-03,AB+,25,6,12,1,337
2023-12-03,AB-,15,6,12,1,337
2023-12-03,O+,31,6,12,1,337
2023-12-03,O-,17,6,12,1,337
2023-12-04,A+,24,0,12,0,338
2023-12-04,A-,14,0,12,0,338
2023-12-04,B+,25,0,12,0,338
2023-12-04,B-,12,0,12,0,338
2023-12-04,AB+,24,0,12,0,338
2023-12-04,AB-,10,0,12,0,338
2023-12-04,O+,27,0,12,0,338
2023-12-04,O-,13,0,12,0,338
2023-12-05,A+,25,1,12,0,339
2023-12-05,A-,15,1,12,0,339
2023-12-05,B+,27,1,12,0,339
2023-12-05,B-,16,1,12,0,339
2023-12-05,AB+,22,1,12,0,339
2023-12-05,AB-,14,1,12,0,339
2023-12-05,O+,27,1,12,0,339
2023-12-05,O-,14,1,12,0,339
2023-12-06,A+,27,2,12,0,340
2023-12-06,A-,16,2,12,0,340
2023-12-06,B+,26,2,12,0,340
2023-12-06,B-,16,2,12,0,340
2023-12-06,AB+,21,2,12,0,340
2023-12-06,AB-,11,2,12,0,340
2023-12-06,O+,29,2,12,0,340
2023-12-06,O-,13,2,12,0,340
2023-12-07,A+,23,3,12,0,341
2023-12-07,A-,15,3,12,0,341
2023-12-07,B+,25,3,12,0,341
2023-12-07,B-,12,3,12,0,341
2023-12-07,AB+,22,3,12,0,341
2023-12-07,AB-,11,3,12,0,341
2023-12-07,O+,29,3,12,0,341
2023-12-07,O-,12,3,12,0,341
2023-12-08,A+,24,4,12,0,342
2023-12-08,A-,13,4,12,0,342
2023-12-08,B+,23,4,12,0,342
2023-12-08,B-,13,4,12,0,342
2023-12-08,AB+,22,4,12,0,342
2023-12-08,AB-,8,4,12,0,342
2023-12-08,O+,26,4,12,0,342
2023-12-08,O-,10,4,12,0,342
2023-12-09,A+,28,5,12,1,343
2023-12-09,A-,20,5,12,1,343
2023-12-09,B+,31,5,12,1,343
2023-12-09,B-,19,5,12,1,343
2023-12-09,AB+,27,5,12,1,343
2023-12-09,AB-,15,5,12,1,343
2023-12-09,O+,31,5,12,1,343
2023-12-09,O-,15,5,12,1,343
2023-12-10,A+,31,6,12,1,344
2023-12-10,A-,19,6,12,1,344
2023-12-10,B+,29,6,12,1,344
2023-12-10,B-,19,6,12,1,344
2023-12-10,AB+,27,6,12,1,344
2023-12-10,AB-,15,6,12,1,344
2023-12-10,O+,33,6,12,1,344
2023-12-10,O-,16,6,12,1,344
2023-12-11,A+,25,0,12,0,345
2023-12-11,A-,14,0,12,0,345
2023-12-11,B+,25,0,12,0,345
2023-12-11,B-,13,0,12,0,345
2023-12-11,AB+,19,0,12,0,345
2023-12-11,AB-,9,0,12,0,345
2023-12-11,O+,25,0,12,0,345
2023-12-11,O-,13,0,12,0,345
2023-12-12,A+,23,1,12,0,346
2023-12-12,A-,16,1,12,0,346
2023-12-12,B+,26,1,12,0,346
2023-12-12,B-,13,1,12,0,346
2023-12-12,AB+,21,1,12,0,346
2023-12-12,AB-,11,1,12,0,346
2023-12-12,O+,28,1,12,0,346
2023-12-12,O-,15,1,12,0,346
2023-12-13,A+,27,2,12,0,347
2023-12-13,A-,16,2,12,0,347
2023-12-13,B+,25,2,12,0,347
2023-12-13,B-,14,2,12,0,347
2023-12-13,AB+,22,2,12,0,347
2023-12-13,AB-,11,2,12,0,347
2023-12-13,O+,28,2,12,0,347
2023-12-13,O-,13,2,12,0,347
2023-12-14,A+,24,3,12,0,348
2023-12-14,A-,15,3,12,0,348
2023-12-14,B+,25,3,12,0,348
2023-12-14,B-,14,3,12,0,348
2023-12-14,AB+,23,3,12,0,348
2023-12-14,AB-,12,3,12,0,348
2023-12-14,O+,28,3,12,0,348
2023-12-14,O-,14,3,12,0,348
2023-12-15,A+,24,4,12,0,349
2023-12-15,A-,15,4,12,0,349
2023-12-15,B+,24,4,12,0,349
2023-12-15,B-,13,4,12,0,349
2023-12-15,AB+,19,4,12,0,349
2023-12-15,AB-,9,4,12,0,349
2023-12-15,O+,27,4,12,0,349
2023-12-15,O-,11,4,12,0,349
2023-12-16,A+,27,5,12,1,350
2023-12-16,A-,17,5,12,1,350
2023-12-16,B+,32,5,12,1,350
2023-12-16,B-,18,5,12,1,350
2023-12-16,AB+,25,5,12,1,350
2023-12-16,AB-,17,5,12,1,350
2023-12-16,O+,30,5,12,1,350
2023-12-16,O-,17,5,12,1,350
2023-12-17,A+,31,6,12,1,351
2023-12-17,A-,23,6,12,1,351
2023-12-17,B+,30,6,12,1,351
2023-12-17,B-,19,6,12,1,351
2023-12-17,AB+,26,6,12,1,351
2023-12-17,AB-,16,6,12,1,351
2023-12-17,O+,34,6,12,1,351
2023-12-17,O-,16,6,12,1,351
2023-12-18,A+,25,0,12,0,352
2023-12-18,A-,15,0,12,0,352
2023-12-18,B+,27,0,12,0,352
2023-12-18,B-,15,0,12,0,352
2023-12-18,AB+,20,0,12,0,352
2023-12-18,AB-,11,0,12,0,352
2023-12-18,O+,28,0,12,0,352
2023-12-18,O-,13,0,12,0,352
2023-12-19,A+,23,1,12,0,353
2023-12-19,A-,18,1,12,0,353
2023-12-19,B+,29,1,12,0,353
2023-12-19,B-,16,1,12,0,353
2023-12-19,AB+,24,1,12,0,353
2023-12-19,AB-,14,1,12,0,353
2023-12-19,O+,29,1,12,0,353
2023-12-19,O-,15,1,12,0,353
2023-12-20,A+,26,2,12,0,354
2023-12-20,A-,17,2,12,0,354
2023-12-20,B+,26,2,12,0,354
2023-12-20,B-,16,2,12,0,354
2023-12-20,AB+,25,2,12,0,354
2023-12-20,AB-,12,2,12,0,354
2023-12-20,O+,30,2,12,0,354
2023-12-20,O-,14,2,12,0,354
2023-12-21,A+,27,3,12,0,355
2023-12-21,A-,18,3,12,0,355
2023-12-21,B+,25,3,12,0,355
2023-12-21,B-,14,3,12,0,355
2023-12-21,AB+,21,3,12,0,355
2023-12-21,AB-,11,3,12,0,355
2023-12-21,O+,28,3,12,0,355
2023-12-21,O-,13,3,12,0,355
2023-12-22,A+,22,4,12,0,356
2023-12-22,A-,14,4,12,0,356
2023-12-22,B+,23,4,12,0,356
2023-12-22,B-,14,4,12,0,356
2023-12-22,AB+,20,4,12,0,356
2023-12-22,AB-,10,4,12,0,356
2023-12-22,O+,25,4,12,0,356
2023-12-22,O-,9,4,12,0,356
2023-12-23,A+,31,5,12,1,357
2023-12-23,A-,20,5,12,1,357
2023-12-23,B+,34,5,12,1,357
2023-12-23,B-,20,5,12,1,357
2023-12-23,AB+,29,5,12,1,357
2023-12-23,AB-,18,5,12,1,357
2023-12-23,O+,33,5,12,1,357
2023-12-23,O-,17,5,12,1,357
2023-12-24,A+,29,6,12,1,358
2023-12-24,A-,22,6,12,1,358
2023-12-24,B+,31,6,12,1,358
2023-12-24,B-,21,6,12,1,358
2023-12-24,AB+,28,6,12,1,358
2023-12-24,AB-,17,6,12,1,358
2023-12-24,O+,32,6,12,1,358
2023-12-24,O-,19,6,12,1,358
2023-12-25,A+,24,0,12,0,359
2023-12-25,A-,16,0,12,0,359
2023-12-25,B+,26,0,12,0,359
2023-12-25,B-,14,0,12,0,359
2023-12-25,AB+,19,0,12,0,359
2023-12-25,AB-,13,0,12,0,359
2023-12-25,O+,29,0,12,0,359
2023-12-25,O-,10,0,12,0,359
2023-12-26,A+,25,1,12,0,360
2023-12-26,A-,20,1,12,0,360
2023-12-26,B+,27,1,12,0,360
2023-12-26,B-,16,1,12,0,360
2023-12-26,AB+,23,1,12,0,360
2023-12-26,AB-,12,1,12,0,360
2023-12-26,O+,29,1,12,0,360
2023-12-26,O-,15,1,12,0,360
2023-12-27,A+,27,2,12,0,361
2023-12-27,A-,18,2,12,0,361
2023-12-27,B+,30,2,12,0,361
2023-12-27,B-,16,2,12,0,361
2023-12-27,AB+,24,2,12,0,361
2023-12-27,AB-,15,2,12,0,361
2023-12-27,O+,28,2,12,0,361
2023-12-27,O-,15,2,12,0,361
2023-12-28,A+,28,3,12,0,362
2023-12-28,A-,16,3,12,0,362
2023-12-28,B+,28,3,12,0,362
2023-12-28,B-,15,3,12,0,362
2023-12-28,AB+,25,3,12,0,362
2023-12-28,AB-,11,3,12,0,362
2023-12-28,O+,29,3,12,0,362
2023-12-28,O-,12,3,12,0,362
2023-12-29,A+,23,4,12,0,363
2023-12-29,A-,14,4,12,0,363
2023-12-29,B+,25,4,12,0,363
2023-12-29,B-,13,4,12,0,363
2023-12-29,AB+,21,4,12,0,363
2023-12-29,AB-,12,4,12,0,363
2023-12-29,O+,25,4,12,0,363
2023-12-29,O-,11,4,12,0,363
2023-12-30,A+,33,5,12,1,364
2023-12-30,A-,21,5,12,1,364
2023-12-30,B+,29,5,12,1,364
2023-12-30,B-,18,5,12,1,364
2023-12-30,AB+,27,5,12,1,364
2023-12-30,AB-,17,5,12,1,364
2023-12-30,O+,32,5,12,1,364
2023-12-30,O-,21,5,12,1,364
2023-12-31,A+,34,6,12,1,365
2023-12-31,A-,21,6,12,1,365
2023-12-31,B+,32,6,12,1,365
2023-12-31,B-,22,6,12,1,365
2023-12-31,AB+,29,6,12,1,365
2023-12-31,AB-,17,6,12,1,365
2023-12-31,O+,36,6,12,1,365
2023-12-31,O-,18,6,12,1,365
2024-01-01,A+,26,0,1,0,1
2024-01-01,A-,16,0,1,0,1
2024-01-01,B+,26,0,1,0,1
2024-01-01,B-,15,0,1,0,1
2024-01-01,AB+,21,0,1,0,1
2024-01-01,AB-,10,0,1,0,1
2024-01-01,O+,28,0,1,0,1
2024-01-01,O-,12,0,1,0,1
2024-01-02,A+,27,1,1,0,2
2024-01-02,A-,18,1,1,0,2
2024-01-02,B+,28,1,1,0,2
2024-01-02,B-,19,1,1,0,2
2024-01-02,AB+,24,1,1,0,2
2024-01-02,AB-,12,1,1,0,2
2024-01-02,O+,29,1,1,0,2
2024-01-02,O-,16,1,1,0,2
2024-01-03,A+,25,2,1,0,3
2024-01-03,A-,18,2,1,0,3
2024-01-03,B+,29,2,1,0,3
2024-01-03,B-,20,2,1,0,3
2024-01-03,AB+,26,2,1,0,3
2024-01-03,AB-,14,2,1,0,3
2024-01-03,O+,31,2,1,0,3
2024-01-03,O-,13,2,1,0,3
2024-01-04,A+,25,3,1,0,4
2024-01-04,A-,18,3,1,0,4
2024-01-04,B+,27,3,1,0,4
2024-01-04,B-,17,3,1,0,4
2024-01-04,AB+,23,3,1,0,4
2024-01-04,AB-,13,3,1,0,4
2024-01-04,O+,29,3,1,0,4
2024-01-04,O-,13,3,1,0,4
2024-01-05,A+,24,4,1,0,5
2024-01-05,A-,14,4,1,0,5
2024-01-05,B+,25,4,1,0,5
2024-01-05,B-,16,4,1,0,5
2024-01-05,AB+,21,4,1,0,5
2024-01-05,AB-,12,4,1,0,5
2024-01-05,O+,28,4,1,0,5
2024-01-05,O-,12,4,1,0,5
2024-01-06,A+,29,5,1,1,6
2024-01-06,A-,21,5,1,1,6
2024-01-06,B+,32,5,1,1,6
2024-01-06,B-,21,5,1,1,6
2024-01-06,AB+,28,5,1,1,6
2024-01-06,AB-,18,5,1,1,6
2024-01-06,O+,32,5,1,1,6
2024-01-06,O-,20,5,1,1,6
2024-01-07,A+,30,6,1,1,7
2024-01-07,A-,23,6,1,1,7
2024-01-07,B+,33,6,1,1,7
2024-01-07,B-,19,6,1,1,7
2024-01-07,AB+,29,6,1,1,7
2024-01-07,AB-,19,6,1,1,7
2024-01-07,O+,36,6,1,1,7
2024-01-07,O-,18,6,1,1,7
2024-01-08,A+,26,0,1,0,8
2024-01-08,A-,18,0,1,0,8
2024-01-08,B+,28,0,1,0,8
2024-01-08,B-,16,0,1,0,8
2024-01-08,AB+,22,0,1,0,8
2024-01-08,AB-,14,0,1,0,8
2024-01-08,O+,30,0,1,0,8
2024-01-08,O-,14,0,1,0,8
2024-01-09,A+,26,1,1,0,9
2024-01-09,A-,17,1,1,0,9
2024-01-09,B+,30,1,1,0,9
2024-01-09,B-,18,1,1,0,9
2024-01-09,AB+,24,1,1,0,9
2024-01-09,AB-,14,1,1,0,9
2024-01-09,O+,28,1,1,0,9
2024-01-09,O-,15,1,1,0,9
2024-01-10,A+,26,2,1,0,10
2024-01-10,A-,19,2,1,0,10
2024-01-10,B+,30,2,1,0,10
2024-01-10,B-,17,2,1,0,10
2024-01-10,AB+,25,2,1,0,10
2024-01-10,AB-,16,2,1,0,10
2024-01-10,O+,31,2,1,0,10
2024-01-10,O-,15,2,1,0,10
2024-01-11,A+,27,3,1,0,11
2024-01-11,A-,19,3,1,0,11
2024-01-11,B+,28,3,1,0,11
2024-01-11,B-,17,3,1,0,11
2024-01-11,AB+,25,3,1,0,11
2024-01-11,AB-,14,3,1,0,11
2024-01-11,O+,28,3,1,0,11
2024-01-11,O-,16,3,1,0,11
2024-01-12,A+,26,4,1,0,12
2024-01-12,A-,15,4,1,0,12
2024-01-12,B+,23,4,1,0,12
2024-01-12,B-,14,4,1,0,12
2024-01-12,AB+,22,4,1,0,12
2024-01-12,AB-,13,4,1,0,12
2024-01-12,O+,27,4,1,0,12
2024-01-12,O-,14,4,1,0,12
2024-01-13,A+,28,5,1,1,13
2024-01-13,A-,22,5,1,1,13
2024-01-13,B+,32,5,1,1,13
2024-01-13,B-,24,5,1,1,13
2024-01-13,AB+,26,5,1,1,13
2024-01-13,AB-,18,5,1,1,13
2024-01-13,O+,32,5,1,1,13
2024-01-13,O-,19,5,1,1,13
2024-01-14,A+,30,6,1,1,14
2024-01-14,A-,25,6,1,1,14
2024-01-14,B+,32,6,1,1,14
2024-01-14,B-,21,6,1,1,14
2024-01-14,AB+,29,6,1,1,14
2024-01-14,AB-,17,6,1,1,14
2024-01-14,O+,36,6,1,1,14
2024-01-14,O-,20,6,1,1,14
2024-01-15,A+,27,0,1,0,15
2024-01-15,A-,16,0,1,0,15
2024-01-15,B+,29,0,1,0,15
2024-01-15,B-,18,0,1,0,15
2024-01-15,AB+,23,0,1,0,15
2024-01-15,AB-,14,0,1,0,15
2024-01-15,O+,30,0,1,0,15
2024-01-15,O-,12,0,1,0,15
2024-01-16,A+,28,1,1,0,16
2024-01-16,A-,18,1,1,0,16
2024-01-16,B+,29,1,1,0,16
2024-01-16,B-,19,1,1,0,16
2024-01-16,AB+,23,1,1,0,16
2024-01-16,AB-,14,1,1,0,16
2024-01-16,O+,30,1,1,0,16
2024-01-16,O-,15,1,1,0,16
2024-01-17,A+,27,2,1,0,17
2024-01-17,A-,19,2,1,0,17
2024-01-17,B+,30,2,1,0,17
2024-01-17,B-,19,2,1,0,17
2024-01-17,AB+,26,2,1,0,17
2024-01-17,AB-,16,2,1,0,17
2024-01-17,O+,34,2,1,0,17
2024-01-17,O-,17,2,1,0,17
2024-01-18,A+,29,3,1,0,18
2024-01-18,A-,20,3,1,0,18
2024-01-18,B+,31,3,1,0,18
2024-01-18,B-,18,3,1,0,18
2024-01-18,AB+,23,3,1,0,18
2024-01-18,AB-,15,3,1,0,18
2024-01-18,O+,31,3,1,0,18
2024-01-18,O-,16,3,1,0,18
2024-01-19,A+,25,4,1,0,19
2024-01-19,A-,18,4,1,0,19
2024-01-19,B+,27,4,1,0,19
2024-01-19,B-,17,4,1,0,19
2024-01-19,AB+,23,4,1,0,19
2024-01-19,AB-,13,4,1,0,19
2024-01-19,O+,29,4,1,0,19
2024-01-19,O-,15,4,1,0,19
2024-01-20,A+,34,5,1,1,20
2024-01-20,A-,20,5,1,1,20
2024-01-20,B+,33,5,1,1,20
2024-01-20,B-,22,5,1,1,20
2024-01-20,AB+,29,5,1,1,20
2024-01-20,AB-,16,5,1,1,20
2024-01-20,O+,35,5,1,1,20
2024-01-20,O-,20,5,1,1,20
2024-01-21,A+,31,6,1,1,21
2024-01-21,A-,23,6,1,1,21
2024-01-21,B+,33,6,1,1,21
2024-01-21,B-,20,6,1,1,21
2024-01-21,AB+,29,6,1,1,21
2024-01-21,AB-,20,6,1,1,21
2024-01-21,O+,35,6,1,1,21
2024-01-21,O-,21,6,1,1,21
2024-01-22,A+,27,0,1,0,22
2024-01-22,A-,19,0,1,0,22
2024-01-22,B+,28,0,1,0,22
2024-01-22,B-,18,0,1,0,22
2024-01-22,AB+,23,0,1,0,22
2024-01-22,AB-,16,0,1,0,22
2024-01-22,O+,29,0,1,0,22
2024-01-22,O-,14,0,1,0,22
2024-01-23,A+,28,1,1,0,23
2024-01-23,A-,19,1,1,0,23
2024-01-23,B+,28,1,1,0,23
2024-01-23,B-,19,1,1,0,23
2024-01-23,AB+,22,1,1,0,23
2024-01-23,AB-,15,1,1,0,23
2024-01-23,O+,30,1,1,0,23
2024-01-23,O-,17,1,1,0,23
2024-01-24,A+,26,2,1,0,24
2024-01-24,A-,21,2,1,0,24
2024-01-24,B+,31,2,1,0,24
2024-01-24,B-,17,2,1,0,24
2024-01-24,AB+,26,2,1,0,24
2024-01-24,AB-,17,2,1,0,24
2024-01-24,O+,33,2,1,0,24
2024-01-24,O-,15,2,1,0,24
2024-01-25,A+,26,3,1,0,25
2024-01-25,A-,21,3,1,0,25
2024-01-25,B+,28,3,1,0,25
2024-01-25,B-,17,3,1,0,25
2024-01-25,AB+,26,3,1,0,25
2024-01-25,AB-,14,3,1,0,25
2024-01-25,O+,31,3,1,0,25
2024-01-25,O-,17,3,1,0,25
2024-01-26,A+,25,4,1,0,26
2024-01-26,A-,17,4,1,0,26
2024-01-26,B+,26,4,1,0,26
2024-01-26,B-,15,4,1,0,26
2024-01-26,AB+,25,4,1,0,26
2024-01-26,AB-,15,4,1,0,26
2024-01-26,O+,30,4,1,0,26
2024-01-26,O-,15,4,1,0,26
2024-01-27,A+,33,5,1,1,27
2024-01-27,A-,22,5,1,1,27
2024-01-27,B+,34,5,1,1,27
2024-01-27,B-,21,5,1,1,27
2024-01-27,AB+,28,5,1,1,27
2024-01-27,AB-,19,5,1,1,27
2024-01-27,O+,34,5,1,1,27
2024-01-27,O-,19,5,1,1,27
2024-01-28,A+,32,6,1,1,28
2024-01-28,A-,25,6,1,1,28
2024-01-28,B+,36,6,1,1,28
2024-01-28,B-,23,6,1,1,28
2024-01-28,AB+,30,6,1,1,28
2024-01-28,AB-,19,6,1,1,28
2024-01-28,O+,33,6,1,1,28
2024-01-28,O-,20,6,1,1,28
2024-01-29,A+,27,0,1,0,29
2024-01-29,A-,19,0,1,0,29
2024-01-29,B+,28,0,1,0,29
2024-01-29,B-,17,0,1,0,29
2024-01-29,AB+,24,0,1,0,29
2024-01-29,AB-,15,0,1,0,29
2024-01-29,O+,29,0,1,0,29
2024-01-29,O-,16,0,1,0,29
2024-01-30,A+,28,1,1,0,30
2024-01-30,A-,23,1,1,0,30
2024-01-30,B+,30,1,1,0,30
2024-01-30,B-,18,1,1,0,30
2024-01-30,AB+,25,1,1,0,30
2024-01-30,AB-,15,1,1,0,30
2024-01-30,O+,33,1,1,0,30
2024-01-30,O-,17,1,1,0,30
2024-01-31,A+,31,2,1,0,31
2024-01-31,A-,21,2,1,0,31
2024-01-31,B+,31,2,1,0,31
2024-01-31,B-,20,2,1,0,31
2024-01-31,AB+,28,2,1,0,31
2024-01-31,AB-,17,2,1,0,31
2024-01-31,O+,33,2,1,0,31
2024-01-31,O-,18,2,1,0,31
2024-02-01,A+,27,3,2,0,32
2024-02-01,A-,23,3,2,0,32
2024-02-01,B+,30,3,2,0,32
2024-02-01,B-,19,3,2,0,32
2024-02-01,AB+,25,3,2,0,32
2024-02-01,AB-,13,3,2,0,32
2024-02-01,O+,31,3,2,0,32
2024-02-01,O-,17,3,2,0,32
2024-02-02,A+,26,4,2,0,33
2024-02-02,A-,17,4,2,0,33
2024-02-02,B+,27,4,2,0,33
2024-02-02,B-,18,4,2,0,33
2024-02-02,AB+,25,4,2,0,33
2024-02-02,AB-,14,4,2,0,33
2024-02-02,O+,29,4,2,0,33
2024-02-02,O-,14,4,2,0,33
2024-02-03,A+,33,5,2,1,34
2024-02-03,A-,24,5,2,1,34
2024-02-03,B+,34,5,2,1,34
2024-02-03,B-,22,5,2,1,34
2024-02-03,AB+,30,5,2,1,34
2024-02-03,AB-,20,5,2,1,34
2024-02-03,O+,35,5,2,1,34
2024-02-03,O-,19,5,2,1,34
2024-02-04,A+,32,6,2,1,35
2024-02-04,A-,26,6,2,1,35
2024-02-04,B+,32,6,2,1,35
2024-02-04,B-,25,6,2,1,35
2024-02-04,AB+,28,6,2,1,35
2024-02-04,AB-,19,6,2,1,35
2024-02-04,O+,36,6,2,1,35
2024-02-04,O-,23,6,2,1,35
2024-02-05,A+,28,0,2,0,36
2024-02-05,A-,19,0,2,0,36
2024-02-05,B+,28,0,2,0,36
2024-02-05,B-,19,0,2,0,36
2024-02-05,AB+,24,0,2,0,36
2024-02-05,AB-,15,0,2,0,36
2024-02-05,O+,30,0,2,0,36
2024-02-05,O-,17,0,2,0,36
2024-02-06,A+,30,1,2,0,37
2024-02-06,A-,19,1,2,0,37
2024-02-06,B+,30,1,2,0,37
2024-02-06,B-,19,1,2,0,37
2024-02-06,AB+,27,1,2,0,37
2024-02-06,AB-,18,1,2,0,37
2024-02-06,O+,33,1,2,0,37
2024-02-06,O-,15,1,2,0,37
2024-02-07,A+,31,2,2,0,38
2024-02-07,A-,19,2,2,0,38
2024-02-07,B+,30,2,2,0,38
2024-02-07,B-,20,2,2,0,38
2024-02-07,AB+,27,2,2,0,38
2024-02-07,AB-,18,2,2,0,38
2024-02-07,O+,32,2,2,0,38
2024-02-07,O-,17,2,2,0,38
2024-02-08,A+,29,3,2,0,39
2024-02-08,A-,21,3,2,0,39
2024-02-08,B+,31,3,2,0,39
2024-02-08,B-,19,3,2,0,39
2024-02-08,AB+,28,3,2,0,39
2024-02-08,AB-,17,3,2,0,39
2024-02-08,O+,33,3,2,0,39
2024-02-08,O-,16,3,2,0,39
2024-02-09,A+,28,4,2,0,40
2024-02-09,A-,18,4,2,0,40
2024-02-09,B+,28,4,2,0,40
2024-02-09,B-,16,4,2,0,40
2024-02-09,AB+,24,4,2,0,40
2024-02-09,AB-,14,4,2,0,40
2024-02-09,O+,31,4,2,0,40
2024-02-09,O-,15,4,2,0,40
2024-02-10,A+,34,5,2,1,41
2024-02-10,A-,25,5,2,1,41
2024-02-10,B+,34,5,2,1,41
2024-02-10,B-,22,5,2,1,41
2024-02-10,AB+,28,5,2,1,41
2024-02-10,AB-,21,5,2,1,41
2024-02-10,O+,36,5,2,1,41
2024-02-10,O-,21,5,2,1,41
2024-02-11,A+,35,6,2,1,42
2024-02-11,A-,23,6,2,1,42
2024-02-11,B+,35,6,2,1,42
2024-02-11,B-,23,6,2,1,42
2024-02-11,AB+,32,6,2,1,42
2024-02-11,AB-,18,6,2,1,42
2024-02-11,O+,38,6,2,1,42
2024-02-11,O-,23,6,2,1,42
2024-02-12,A+,27,0,2,0,43
2024-02-12,A-,19,0,2,0,43
2024-02-12,B+,28,0,2,0,43
2024-02-12,B-,19,0,2,0,43
2024-02-12,AB+,26,0,2,0,43
2024-02-12,AB-,14,0,2,0,43
2024-02-12,O+,30,0,2,0,43
2024-02-12,O-,18,0,2,0,43
2024-02-13,A+,32,1,2,0,44
2024-02-13,A-,22,1,2,0,44
2024-02-13,B+,32,1,2,0,44
2024-02-13,B-,20,1,2,0,44
2024-02-13,AB+,27,1,2,0,44
2024-02-13,AB-,17,1,2,0,44
2024-02-13,O+,33,1,2,0,44
2024-02-13,O-,20,1,2,0,44
2024-02-14,A+,31,2,2,0,45
2024-02-14,A-,22,2,2,0,45
2024-02-14,B+,31,2,2,0,45
2024-02-14,B-,20,2,2,0,45
2024-02-14,AB+,29,2,2,0,45
2024-02-14,AB-,18,2,2,0,45
2024-02-14,O+,34,2,2,0,45
2024-02-14,O-,19,2,2,0,45
2024-02-15,A+,29,3,2,0,46
2024-02-15,A-,19,3,2,0,46
2024-02-15,B+,32,3,2,0,46
2024-02-15,B-,21,3,2,0,46
2024-02-15,AB+,28,3,2,0,46
2024-02-15,AB-,15,3,2,0,46
2024-02-15,O+,34,3,2,0,46
2024-02-15,O-,20,3,2,0,46
2024-02-16,A+,29,4,2,0,47
2024-02-16,A-,21,4,2,0,47
2024-02-16,B+,30,4,2,0,47
2024-02-16,B-,17,4,2,0,47
2024-02-16,AB+,25,4,2,0,47
2024-02-16,AB-,14,4,2,0,47
2024-02-16,O+,30,4,2,0,47
2024-02-16,O-,16,4,2,0,47
2024-02-17,A+,34,5,2,1,48
2024-02-17,A-,25,5,2,1,48
2024-02-17,B+,33,5,2,1,48
2024-02-17,B-,24,5,2,1,48
2024-02-17,AB+,31,5,2,1,48
2024-02-17,AB-,22,5,2,1,48
2024-02-17,O+,38,5,2,1,48
2024-02-17,O-,22,5,2,1,48
2024-02-18,A+,34,6,2,1,49
2024-02-18,A-,26,6,2,1,49
2024-02-18,B+,35,6,2,1,49
2024-02-18,B-,25,6,2,1,49
2024-02-18,AB+,32,6,2,1,49
2024-02-18,AB-,21,6,2,1,49
2024-02-18,O+,36,6,2,1,49
2024-02-18,O-,24,6,2,1,49
2024-02-19,A+,29,0,2,0,50
2024-02-19,A-,22,0,2,0,50
2024-02-19,B+,30,0,2,0,50
2024-02-19,B-,20,0,2,0,50
2024-02-19,AB+,24,0,2,0,50
2024-02-19,AB-,16,0,2,0,50
2024-02-19,O+,31,0,2,0,50
2024-02-19,O-,18,0,2,0,50
2024-02-20,A+,31,1,2,0,51
2024-02-20,A-,23,1,2,0,51
2024-02-20,B+,34,1,2,0,51
2024-02-20,B-,19,1,2,0,51
2024-02-20,AB+,29,1,2,0,51
2024-02-20,AB-,18,1,2,0,51
2024-02-20,O+,36,1,2,0,51
2024-02-20,O-,19,1,2,0,51
2024-02-21,A+,32,2,2,0,52
2024-02-21,A-,23,2,2,0,52
2024-02-21,B+,33,2,2,0,52
2024-02-21,B-,23,2,2,0,52
2024-02-21,AB+,27,2,2,0,52
2024-02-21,AB-,17,2,2,0,52
2024-02-21,O+,36,2,2,0,52
2024-02-21,O-,17,2,2,0,52
2024-02-22,A+,30,3,2,0,53
2024-02-22,A-,21,3,2,0,53
2024-02-22,B+,31,3,2,0,53
2024-02-22,B-,22,3,2,0,53
2024-02-22,AB+,27,3,2,0,53
2024-02-22,AB-,16,3,2,0,53
2024-02-22,O+,32,3,2,0,53
2024-02-22,O-,18,3,2,0,53
2024-02-23,A+,30,4,2,0,54
2024-02-23,A-,19,4,2,0,54
2024-02-23,B+,29,4,2,0,54
2024-02-23,B-,17,4,2,0,54
2024-02-23,AB+,26,4,2,0,54
2024-02-23,AB-,16,4,2,0,54
2024-02-23,O+,30,4,2,0,54
2024-02-23,O-,17,4,2,0,54
2024-02-24,A+,36,5,2,1,55
2024-02-24,A-,25,5,2,1,55
2024-02-24,B+,35,5,2,1,55
2024-02-24,B-,23,5,2,1,55
2024-02-24,AB+,32,5,2,1,55
2024-02-24,AB-,22,5,2,1,55
2024-02-24,O+,37,5,2,1,55
2024-02-24,O-,21,5,2,1,55
2024-02-25,A+,37,6,2,1,56
2024-02-25,A-,26,6,2,1,56
2024-02-25,B+,34,6,2,1,56
2024-02-25,B-,26,6,2,1,56
2024-02-25,AB+,32,6,2,1,56
2024-02-25,AB-,22,6,2,1,56
2024-02-25,O+,39,6,2,1,56
2024-02-25,O-,19,6,2,1,56
2024-02-26,A+,27,0,2,0,57
2024-02-26,A-,22,0,2,0,57
2024-02-26,B+,30,0,2,0,57
2024-02-26,B-,19,0,2,0,57
2024-02-26,AB+,25,0,2,0,57
2024-02-26,AB-,16,0,2,0,57
2024-02-26,O+,33,0,2,0,57
2024-02-26,O-,19,0,2,0,57
2024-02-27,A+,31,1,2,0,58
2024-02-27,A-,21,1,2,0,58
2024-02-27,B+,32,1,2,0,58
2024-02-27,B-,22,1,2,0,58
2024-02-27,AB+,29,1,2,0,58
2024-02-27,AB-,19,1,2,0,58
2024-02-27,O+,34,1,2,0,58
2024-02-27,O-,18,1,2,0,58
2024-02-28,A+,30,2,2,0,59
2024-02-28,A-,21,2,2,0,59
2024-02-28,B+,33,2,2,0,59
2024-02-28,B-,22,2,2,0,59
2024-02-28,AB+,30,2,2,0,59
2024-02-28,AB-,19,2,2,0,59
2024-02-28,O+,35,2,2,0,59
2024-02-28,O-,19,2,2,0,59
2024-02-29,A+,31,3,2,0,60
2024-02-29,A-,20,3,2,0,60
2024-02-29,B+,31,3,2,0,60
2024-02-29,B-,18,3,2,0,60
2024-02-29,AB+,27,3,2,0,60
2024-02-29,AB-,19,3,2,0,60
2024-02-29,O+,33,3,2,0,60
2024-02-29,O-,19,3,2,0,60
2024-03-01,A+,37,4,3,0,61
2024-03-01,A-,27,4,3,0,61
2024-03-01,B+,37,4,3,0,61
2024-03-01,B-,28,4,3,0,61
2024-03-01,AB+,34,4,3,0,61
2024-03-01,AB-,23,4,3,0,61
2024-03-01,O+,38,4,3,0,61
2024-03-01,O-,25,4,3,0,61
2024-03-02,A+,42,5,3,1,62
2024-03-02,A-,33,5,3,1,62
2024-03-02,B+,42,5,3,1,62
2024-03-02,B-,34,5,3,1,62
2024-03-02,AB+,39,5,3,1,62
2024-03-02,AB-,29,5,3,1,62
2024-03-02,O+,44,5,3,1,62
2024-03-02,O-,30,5,3,1,62
2024-03-03,A+,43,6,3,1,63
2024-03-03,A-,33,6,3,1,63
2024-03-03,B+,44,6,3,1,63
2024-03-03,B-,35,6,3,1,63
2024-03-03,AB+,38,6,3,1,63
2024-03-03,AB-,30,6,3,1,63
2024-03-03,O+,45,6,3,1,63
2024-03-03,O-,32,6,3,1,63
2024-03-04,A+,37,0,3,0,64
2024-03-04,A-,27,0,3,0,64
2024-03-04,B+,38,0,3,0,64
2024-03-04,B-,28,0,3,0,64
2024-03-04,AB+,38,0,3,0,64
2024-03-04,AB-,22,0,3,0,64
2024-03-04,O+,39,0,3,0,64
2024-03-04,O-,27,0,3,0,64
2024-03-05,A+,37,1,3,0,65
2024-03-05,A-,30,1,3,0,65
2024-03-05,B+,39,1,3,0,65
2024-03-05,B-,28,1,3,0,65
2024-03-05,AB+,36,1,3,0,65
2024-03-05,AB-,26,1,3,0,65
2024-03-05,O+,43,1,3,0,65
2024-03-05,O-,29,1,3,0,65
2024-03-06,A+,40,2,3,0,66
2024-03-06,A-,30,2,3,0,66
2024-03-06,B+,41,2,3,0,66
2024-03-06,B-,30,2,3,0,66
2024-03-06,AB+,38,2,3,0,66
2024-03-06,AB-,27,2,3,0,66
2024-03-06,O+,44,2,3,0,66
2024-03-06,O-,27,2,3,0,66
2024-03-07,A+,40,3,3,0,67
2024-03-07,A-,30,3,3,0,67
2024-03-07,B+,39,3,3,0,67
2024-03-07,B-,29,3,3,0,67
2024-03-07,AB+,36,3,3,0,67
2024-03-07,AB-,25,3,3,0,67
2024-03-07,O+,41,3,3,0,67
2024-03-07,O-,25,3,3,0,67
2024-03-08,A+,36,4,3,0,68
2024-03-08,A-,27,4,3,0,68
2024-03-08,B+,37,4,3,0,68
2024-03-08,B-,26,4,3,0,68
2024-03-08,AB+,35,4,3,0,68
2024-03-08,AB-,24,4,3,0,68
2024-03-08,O+,42,4,3,0,68
2024-03-08,O-,25,4,3,0,68
2024-03-09,A+,44,5,3,1,69
2024-03-09,A-,33,5,3,1,69
2024-03-09,B+,43,5,3,1,69
2024-03-09,B-,33,5,3,1,69
2024-03-09,AB+,41,5,3,1,69
2024-03-09,AB-,30,5,3,1,69
2024-03-09,O+,46,5,3,1,69
2024-03-09,O-,31,5,3,1,69
2024-03-10,A+,43,6,3,1,70
2024-03-10,A-,34,6,3,1,70
2024-03-10,B+,43,6,3,1,70
2024-03-10,B-,33,6,3,1,70
2024-03-10,AB+,41,6,3,1,70
2024-03-10,AB-,30,6,3,1,70
2024-03-10,O+,46,6,3,1,70
2024-03-10,O-,32,6,3,1,70
2024-03-11,A+,38,0,3,0,71
2024-03-11,A-,29,0,3,0,71
2024-03-11,B+,40,0,3,0,71
2024-03-11,B-,28,0,3,0,71
2024-03-11,AB+,34,0,3,0,71
2024-03-11,AB-,25,0,3,0,71
2024-03-11,O+,41,0,3,0,71
2024-03-11,O-,25,0,3,0,71
2024-03-12,A+,39,1,3,0,72
2024-03-12,A-,30,1,3,0,72
2024-03-12,B+,39,1,3,0,72
2024-03-12,B-,30,1,3,0,72
2024-03-12,AB+,39,1,3,0,72
2024-03-12,AB-,25,1,3,0,72
2024-03-12,O+,42,1,3,0,72
2024-03-12,O-,31,1,3,0,72
2024-03-13,A+,39,2,3,0,73
2024-03-13,A-,32,2,3,0,73
2024-03-13,B+,40,2,3,0,73
2024-03-13,B-,30,2,3,0,73
2024-03-13,AB+,37,2,3,0,73
2024-03-13,AB-,27,2,3,0,73
2024-03-13,O+,41,2,3,0,73
2024-03-13,O-,28,2,3,0,73
2024-03-14,A+,38,3,3,0,74
2024-03-14,A-,27,3,3,0,74
2024-03-14,B+,41,3,3,0,74
2024-03-14,B-,26,3,3,0,74
2024-03-14,AB+,38,3,3,0,74
2024-03-14,AB-,26,3,3,0,74
2024-03-14,O+,40,3,3,0,74
2024-03-14,O-,28,3,3,0,74
2024-03-15,A+,36,4,3,0,75
2024-03-15,A-,27,4,3,0,75
2024-03-15,B+,36,4,3,0,75
2024-03-15,B-,26,4,3,0,75
2024-03-15,AB+,33,4,3,0,75
2024-03-15,AB-,25,4,3,0,75
2024-03-15,O+,41,4,3,0,75
2024-03-15,O-,23,4,3,0,75
2024-03-16,A+,43,5,3,1,76
2024-03-16,A-,32,5,3,1,76
2024-03-16,B+,44,5,3,1,76
2024-03-16,B-,35,5,3,1,76
2024-03-16,AB+,38,5,3,1,76
2024-03-16,AB-,29,5,3,1,76
2024-03-16,O+,47,5,3,1,76
2024-03-16,O-,32,5,3,1,76
2024-03-17,A+,42,6,3,1,77
2024-03-17,A-,36,6,3,1,77
2024-03-17,B+,43,6,3,1,77
2024-03-17,B-,35,6,3,1,77
2024-03-17,AB+,41,6,3,1,77
2024-03-17,AB-,32,6,3,1,77
2024-03-17,O+,47,6,3,1,77
2024-03-17,O-,32,6,3,1,77
2024-03-18,A+,39,0,3,0,78
2024-03-18,A-,30,0,3,0,78
2024-03-18,B+,39,0,3,0,78
2024-03-18,B-,27,0,3,0,78
2024-03-18,AB+,35,0,3,0,78
2024-03-18,AB-,24,0,3,0,78
2024-03-18,O+,40,0,3,0,78
2024-03-18,O-,28,0,3,0,78
2024-03-19,A+,40,1,3,0,79
2024-03-19,A-,31,1,3,0,79
2024-03-19,B+,42,1,3,0,79
2024-03-19,B-,30,1,3,0,79
2024-03-19,AB+,39,1,3,0,79
2024-03-19,AB-,24,1,3,0,79
2024-03-19,O+,41,1,3,0,79
2024-03-19,O-,27,1,3,0,79
2024-03-20,A+,38,2,3,0,80
2024-03-20,A-,31,2,3,0,80
2024-03-20,B+,41,2,3,0,80
2024-03-20,B-,32,2,3,0,80
2024-03-20,AB+,38,2,3,0,80
2024-03-20,AB-,26,2,3,0,80
2024-03-20,O+,43,2,3,0,80
2024-03-20,O-,26,2,3,0,80
2024-03-21,A+,39,3,3,0,81
2024-03-21,A-,30,3,3,0,81
2024-03-21,B+,39,3,3,0,81
2024-03-21,B-,29,3,3,0,81
2024-03-21,AB+,35,3,3,0,81
2024-03-21,AB-,25,3,3,0,81
2024-03-21,O+,43,3,3,0,81
2024-03-21,O-,28,3,3,0,81
2024-03-22,A+,38,4,3,0,82
2024-03-22,A-,28,4,3,0,82
2024-03-22,B+,37,4,3,0,82
2024-03-22,B-,27,4,3,0,82
2024-03-22,AB+,34,4,3,0,82
2024-03-22,AB-,23,4,3,0,82
2024-03-22,O+,41,4,3,0,82
2024-03-22,O-,25,4,3,0,82
2024-03-23,A+,44,5,3,1,83
2024-03-23,A-,32,5,3,1,83
2024-03-23,B+,43,5,3,1,83
2024-03-23,B-,34,5,3,1,83
2024-03-23,AB+,41,5,3,1,83
2024-03-23,AB-,29,5,3,1,83
2024-03-23,O+,46,5,3,1,83
2024-03-23,O-,31,5,3,1,83
2024-03-24,A+,43,6,3,1,84
2024-03-24,A-,35,6,3,1,84
2024-03-24,B+,43,6,3,1,84
2024-03-24,B-,32,6,3,1,84
2024-03-24,AB+,41,6,3,1,84
2024-03-24,AB-,30,6,3,1,84
2024-03-24,O+,46,6,3,1,84
2024-03-24,O-,31,6,3,1,84
2024-03-25,A+,39,0,3,0,85
2024-03-25,A-,30,0,3,0,85
2024-03-25,B+,40,0,3,0,85
2024-03-25,B-,28,0,3,0,85
2024-03-25,AB+,35,0,3,0,85
2024-03-25,AB-,24,0,3,0,85
2024-03-25,O+,40,0,3,0,85
2024-03-25,O-,25,0,3,0,85
2024-03-26,A+,39,1,3,0,86
2024-03-26,A-,32,1,3,0,86
2024-03-26,B+,39,1,3,0,86
2024-03-26,B-,31,1,3,0,86
2024-03-26,AB+,36,1,3,0,86
2024-03-26,AB-,26,1,3,0,86
2024-03-26,O+,43,1,3,0,86
2024-03-26,O-,26,1,3,0,86
2024-03-27,A+,39,2,3,0,87
2024-03-27,A-,29,2,3,0,87
2024-03-27,B+,40,2,3,0,87
2024-03-27,B-,29,2,3,0,87
2024-03-27,AB+,39,2,3,0,87
2024-03-27,AB-,26,2,3,0,87
2024-03-27,O+,40,2,3,0,87
2024-03-27,O-,28,2,3,0,87
2024-03-28,A+,40,3,3,0,88
2024-03-28,A-,32,3,3,0,88
2024-03-28,B+,40,3,3,0,88
2024-03-28,B-,28,3,3,0,88
2024-03-28,AB+,36,3,3,0,88
2024-03-28,AB-,26,3,3,0,88
2024-03-28,O+,41,3,3,0,88
2024-03-28,O-,27,3,3,0,88
2024-03-29,A+,37,4,3,0,89
2024-03-29,A-,28,4,3,0,89
2024-03-29,B+,38,4,3,0,89
2024-03-29,B-,26,4,3,0,89
2024-03-29,AB+,35,4,3,0,89
2024-03-29,AB-,24,4,3,0,89
2024-03-29,O+,40,4,3,0,89
2024-03-29,O-,24,4,3,0,89
2024-03-30,A+,44,5,3,1,90
2024-03-30,A-,33,5,3,1,90
2024-03-30,B+,46,5,3,1,90
2024-03-30,B-,32,5,3,1,90
2024-03-30,AB+,41,5,3,1,90
2024-03-30,AB-,28,5,3,1,90
2024-03-30,O+,43,5,3,1,90
2024-03-30,O-,30,5,3,1,90
2024-03-31,A+,41,6,3,1,91
2024-03-31,A-,35,6,3,1,91
2024-03-31,B+,44,6,3,1,91
2024-03-31,B-,35,6,3,1,91
2024-03-31,AB+,40,6,3,1,91
2024-03-31,AB-,31,6,3,1,91
2024-03-31,O+,46,6,3,1,91
2024-03-31,O-,30,6,3,1,91
2024-04-01,A+,38,0,4,0,92
2024-04-01,A-,28,0,4,0,92
2024-04-01,B+,39,0,4,0,92
2024-04-01,B-,28,0,4,0,92
2024-04-01,AB+,35,0,4,0,92
2024-04-01,AB-,28,0,4,0,92
2024-04-01,O+,41,0,4,0,92
2024-04-01,O-,26,0,4,0,92
2024-04-02,A+,39,1,4,0,93
2024-04-02,A-,32,1,4,0,93
2024-04-02,B+,41,1,4,0,93
2024-04-02,B-,29,1,4,0,93
2024-04-02,AB+,39,1,4,0,93
2024-04-02,AB-,26,1,4,0,93
2024-04-02,O+,42,1,4,0,93
2024-04-02,O-,29,1,4,0,93
2024-04-03,A+,39,2,4,0,94
2024-04-03,A-,32,2,4,0,94
2024-04-03,B+,40,2,4,0,94
2024-04-03,B-,31,2,4,0,94
2024-04-03,AB+,38,2,4,0,94
2024-04-03,AB-,27,2,4,0,94
2024-04-03,O+,42,2,4,0,94
2024-04-03,O-,27,2,4,0,94
2024-04-04,A+,39,3,4,0,95
2024-04-04,A-,31,3,4,0,95
2024-04-04,B+,40,3,4,0,95
2024-04-04,B-,30,3,4,0,95
2024-04-04,AB+,36,3,4,0,95
2024-04-04,AB-,27,3,4,0,95
2024-04-04,O+,42,3,4,0,95
2024-04-04,O-,27,3,4,0,95
2024-04-05,A+,37,4,4,0,96
2024-04-05,A-,28,4,4,0,96
2024-04-05,B+,39,4,4,0,96
2024-04-05,B-,28,4,4,0,96
2024-04-05,AB+,36,4,4,0,96
2024-04-05,AB-,23,4,4,0,96
2024-04-05,O+,41,4,4,0,96
2024-04-05,O-,26,4,4,0,96
2024-04-06,A+,45,5,4,1,97
2024-04-06,A-,32,5,4,1,97
2024-04-06,B+,44,5,4,1,97
2024-04-06,B-,33,5,4,1,97
2024-04-06,AB+,42,5,4,1,97
2024-04-06,AB-,27,5,4,1,97
2024-04-06,O+,45,5,4,1,97
2024-04-06,O-,33,5,4,1,97
2024-04-07,A+,43,6,4,1,98
2024-04-07,A-,33,6,4,1,98
2024-04-07,B+,46,6,4,1,98
2024-04-07,B-,32,6,4,1,98
2024-04-07,AB+,42,6,4,1,98
2024-04-07,AB-,29,6,4,1,98
2024-04-07,O+,45,6,4,1,98
2024-04-07,O-,32,6,4,1,98
2024-04-08,A+,37,0,4,0,99
2024-04-08,A-,29,0,4,0,99
2024-04-08,B+,41,0,4,0,99
2024-04-08,B-,28,0,4,0,99
2024-04-08,AB+,37,0,4,0,99
2024-04-08,AB-,25,0,4,0,99
2024-04-08,O+,42,0,4,0,99
2024-04-08,O-,23,0,4,0,99
2024-04-09,A+,40,1,4,0,100
2024-04-09,A-,31,1,4,0,100
2024-04-09,B+,40,1,4,0,100
2024-04-09,B-,32,1,4,0,100
2024-04-09,AB+,36,1,4,0,100
2024-04-09,AB-,25,1,4,0,100
2024-04-09,O+,43,1,4,0,100
2024-04-09,O-,26,1,4,0,100
2024-04-10,A+,40,2,4,0,101
2024-04-10,A-,32,2,4,0,101
2024-04-10,B+,41,2,4,0,101
2024-04-10,B-,30,2,4,0,101
2024-04-10,AB+,36,2,4,0,101
2024-04-10,AB-,28,2,4,0,101
2024-04-10,O+,41,2,4,0,101
2024-04-10,O-,29,2,4,0,101
2024-04-11,A+,41,3,4,0,102
2024-04-11,A-,30,3,4,0,102
2024-04-11,B+,39,3,4,0,102
2024-04-11,B-,29,3,4,0,102
2024-04-11,AB+,35,3,4,0,102
2024-04-11,AB-,25,3,4,0,102
2024-04-11,O+,42,3,4,0,102
2024-04-11,O-,28,3,4,0,102
2024-04-12,A+,39,4,4,0,103
2024-04-12,A-,26,4,4,0,103
2024-04-12,B+,35,4,4,0,103
2024-04-12,B-,29,4,4,0,103
2024-04-12,AB+,34,4,4,0,103
2024-04-12,AB-,24,4,4,0,103
2024-04-12,O+,41,4,4,0,103
2024-04-12,O-,25,4,4,0,103
2024-04-13,A+,45,5,4,1,104
2024-04-13,A-,35,5,4,1,104
2024-04-13,B+,43,5,4,1,104
2024-04-13,B-,33,5,4,1,104
2024-04-13,AB+,40,5,4,1,104
2024-04-13,AB-,29,5,4,1,104
2024-04-13,O+,48,5,4,1,104
2024-04-13,O-,31,5,4,1,104
2024-04-14,A+,42,6,4,1,105
2024-04-14,A-,35,6,4,1,105
2024-04-14,B+,46,6,4,1,105
2024-04-14,B-,35,6,4,1,105
2024-04-14,AB+,39,6,4,1,105
2024-04-14,AB-,29,6,4,1,105
2024-04-14,O+,48,6,4,1,105
2024-04-14,O-,29,6,4,1,105
2024-04-15,A+,38,0,4,0,106
2024-04-15,A-,28,0,4,0,106
2024-04-15,B+,40,0,4,0,106
2024-04-15,B-,27,0,4,0,106
2024-04-15,AB+,34,0,4,0,106
2024-04-15,AB-,26,0,4,0,106
2024-04-15,O+,42,0,4,0,106
2024-04-15,O-,27,0,4,0,106
2024-04-16,A+,40,1,4,0,107
2024-04-16,A-,31,1,4,0,107
2024-04-16,B+,42,1,4,0,107
2024-04-16,B-,28,1,4,0,107
2024-04-16,AB+,35,1,4,0,107
2024-04-16,AB-,25,1,4,0,107
2024-04-16,O+,39,1,4,0,107
2024-04-16,O-,28,1,4,0,107
2024-04-17,A+,41,2,4,0,108
2024-04-17,A-,31,2,4,0,108
2024-04-17,B+,41,2,4,0,108
2024-04-17,B-,30,2,4,0,108
2024-04-17,AB+,37,2,4,0,108
2024-04-17,AB-,29,2,4,0,108
2024-04-17,O+,45,2,4,0,108
2024-04-17,O-,27,2,4,0,108
2024-04-18,A+,40,3,4,0,109
2024-04-18,A-,31,3,4,0,109
2024-04-18,B+,40,3,4,0,109
2024-04-18,B-,29,3,4,0,109
2024-04-18,AB+,36,3,4,0,109
2024-04-18,AB-,24,3,4,0,109
2024-04-18,O+,40,3,4,0,109
2024-04-18,O-,28,3,4,0,109
2024-04-19,A+,36,4,4,0,110
2024-04-19,A-,26,4,4,0,110
2024-04-19,B+,35,4,4,0,110
2024-04-19,B-,26,4,4,0,110
2024-04-19,AB+,34,4,4,0,110
2024-04-19,AB-,24,4,4,0,110
2024-04-19,O+,41,4,4,0,110
2024-04-19,O-,24,4,4,0,110
2024-04-20,A+,43,5,4,1,111
2024-04-20,A-,35,5,4,1,111
2024-04-20,B+,44,5,4,1,111
2024-04-20,B-,32,5,4,1,111
2024-04-20,AB+,40,5,4,1,111
2024-04-20,AB-,27,5,4,1,111
2024-04-20,O+,46,5,4,1,111
2024-04-20,O-,30,5,4,1,111
2024-04-21,A+,45,6,4,1,112
2024-04-21,A-,33,6,4,1,112
2024-04-21,B+,44,6,4,1,112
2024-04-21,B-,33,6,4,1,112
2024-04-21,AB+,39,6,4,1,112
2024-04-21,AB-,31,6,4,1,112
2024-04-21,O+,46,6,4,1,112
2024-04-21,O-,33,6,4,1,112
2024-04-22,A+,35,0,4,0,113
2024-04-22,A-,29,0,4,0,113
2024-04-22,B+,39,0,4,0,113
2024-04-22,B-,28,0,4,0,113
2024-04-22,AB+,35,0,4,0,113
2024-04-22,AB-,26,0,4,0,113
2024-04-22,O+,41,0,4,0,113
2024-04-22,O-,27,0,4,0,113
2024-04-23,A+,39,1,4,0,114
2024-04-23,A-,29,1,4,0,114
2024-04-23,B+,40,1,4,0,114
2024-04-23,B-,31,1,4,0,114
2024-04-23,AB+,36,1,4,0,114
2024-04-23,AB-,25,1,4,0,114
2024-04-23,O+,43,1,4,0,114
2024-04-23,O-,28,1,4,0,114
2024-04-24,A+,39,2,4,0,115
2024-04-24,A-,30,2,4,0,115
2024-04-24,B+,40,2,4,0,115
2024-04-24,B-,30,2,4,0,115
2024-04-24,AB+,37,2,4,0,115
2024-04-24,AB-,26,2,4,0,115
2024-04-24,O+,43,2,4,0,115
2024-04-24,O-,27,2,4,0,115
2024-04-25,A+,40,3,4,0,116
2024-04-25,A-,31,3,4,0,116
2024-04-25,B+,38,3,4,0,116
2024-04-25,B-,27,3,4,0,116
2024-04-25,AB+,37,3,4,0,116
2024-04-25,AB-,26,3,4,0,116
2024-04-25,O+,42,3,4,0,116
2024-04-25,O-,26,3,4,0,116
2024-04-26,A+,36,4,4,0,117
2024-04-26,A-,27,4,4,0,117
2024-04-26,B+,38,4,4,0,117
2024-04-26,B-,25,4,4,0,117
2024-04-26,AB+,34,4,4,0,117
2024-04-26,AB-,22,4,4,0,117
2024-04-26,O+,39,4,4,0,117
2024-04-26,O-,25,4,4,0,117
2024-04-27,A+,43,5,4,1,118
2024-04-27,A-,34,5,4,1,118
2024-04-27,B+,44,5,4,1,118
2024-04-27,B-,31,5,4,1,118
2024-04-27,AB+,41,5,4,1,118
2024-04-27,AB-,29,5,4,1,118
2024-04-27,O+,45,5,4,1,118
2024-04-27,O-,31,5,4,1,118
2024-04-28,A+,42,6,4,1,119
2024-04-28,A-,34,6,4,1,119
2024-04-28,B+,45,6,4,1,119
2024-04-28,B-,32,6,4,1,119
2024-04-28,AB+,40,6,4,1,119
2024-04-28,AB-,30,6,4,1,119
2024-04-28,O+,47,6,4,1,119
2024-04-28,O-,30,6,4,1,119
2024-04-29,A+,37,0,4,0,120
2024-04-29,A-,27,0,4,0,120
2024-04-29,B+,37,0,4,0,120
2024-04-29,B-,26,0,4,0,120
2024-04-29,AB+,34,0,4,0,120
2024-04-29,AB-,26,0,4,0,120
2024-04-29,O+,41,0,4,0,120
2024-04-29,O-,27,0,4,0,120
2024-04-30,A+,38,1,4,0,121
2024-04-30,A-,28,1,4,0,121
2024-04-30,B+,40,1,4,0,121
2024-04-30,B-,31,1,4,0,121
2024-04-30,AB+,35,1,4,0,121
2024-04-30,AB-,26,1,4,0,121
2024-04-30,O+,40,1,4,0,121
2024-04-30,O-,27,1,4,0,121
2024-05-01,A+,31,2,5,0,122
2024-05-01,A-,20,2,5,0,122
2024-05-01,B+,31,2,5,0,122
2024-05-01,B-,20,2,5,0,122
2024-05-01,AB+,26,2,5,0,122
2024-05-01,AB-,17,2,5,0,122
2024-05-01,O+,35,2,5,0,122
2024-05-01,O-,19,2,5,0,122
2024-05-02,A+,32,3,5,0,123
2024-05-02,A-,21,3,5,0,123
2024-05-02,B+,32,3,5,0,123
2024-05-02,B-,21,3,5,0,123
2024-05-02,AB+,29,3,5,0,123
2024-05-02,AB-,16,3,5,0,123
2024-05-02,O+,34,3,5,0,123
2024-05-02,O-,17,3,5,0,123
2024-05-03,A+,30,4,5,0,124
2024-05-03,A-,18,4,5,0,124
2024-05-03,B+,30,4,5,0,124
2024-05-03,B-,20,4,5,0,124
2024-05-03,AB+,24,4,5,0,124
2024-05-03,AB-,16,4,5,0,124
2024-05-03,O+,30,4,5,0,124
2024-05-03,O-,19,4,5,0,124
2024-05-04,A+,32,5,5,1,125
2024-05-04,A-,23,5,5,1,125
2024-05-04,B+,34,5,5,1,125
2024-05-04,B-,23,5,5,1,125
2024-05-04,AB+,32,5,5,1,125
2024-05-04,AB-,23,5,5,1,125
2024-05-04,O+,39,5,5,1,125
2024-05-04,O-,23,5,5,1,125
2024-05-05,A+,35,6,5,1,126
2024-05-05,A-,25,6,5,1,126
2024-05-05,B+,36,6,5,1,126
2024-05-05,B-,24,6,5,1,126
2024-05-05,AB+,32,6,5,1,126
2024-05-05,AB-,21,6,5,1,126
2024-05-05,O+,36,6,5,1,126
2024-05-05,O-,23,6,5,1,126
2024-05-06,A+,29,0,5,0,127
2024-05-06,A-,19,0,5,0,127
2024-05-06,B+,29,0,5,0,127
2024-05-06,B-,20,0,5,0,127
2024-05-06,AB+,27,0,5,0,127
2024-05-06,AB-,18,0,5,0,127
2024-05-06,O+,34,0,5,0,127
2024-05-06,O-,16,0,5,0,127
2024-05-07,A+,30,1,5,0,128
2024-05-07,A-,20,1,5,0,128
2024-05-07,B+,29,1,5,0,128
2024-05-07,B-,23,1,5,0,128
2024-05-07,AB+,29,1,5,0,128
2024-05-07,AB-,17,1,5,0,128
2024-05-07,O+,35,1,5,0,128
2024-05-07,O-,20,1,5,0,128
2024-05-08,A+,29,2,5,0,129
2024-05-08,A-,23,2,5,0,129
2024-05-08,B+,31,2,5,0,129
2024-05-08,B-,21,2,5,0,129
2024-05-08,AB+,32,2,5,0,129
2024-05-08,AB-,20,2,5,0,129
2024-05-08,O+,34,2,5,0,129
2024-05-08,O-,21,2,5,0,129
2024-05-09,A+,27,3,5,0,130
2024-05-09,A-,21,3,5,0,130
2024-05-09,B+,31,3,5,0,130
2024-05-09,B-,21,3,5,0,130
2024-05-09,AB+,26,3,5,0,130
2024-05-09,AB-,17,3,5,0,130
2024-05-09,O+,34,3,5,0,130
2024-05-09,O-,15,3,5,0,130
2024-05-10,A+,28,4,5,0,131
2024-05-10,A-,18,4,5,0,131
2024-05-10,B+,30,4,5,0,131
2024-05-10,B-,20,4,5,0,131
2024-05-10,AB+,24,4,5,0,131
2024-05-10,AB-,14,4,5,0,131
2024-05-10,O+,31,4,5,0,131
2024-05-10,O-,15,4,5,0,131
2024-05-11,A+,34,5,5,1,132
2024-05-11,A-,24,5,5,1,132
2024-05-11,B+,36,5,5,1,132
2024-05-11,B-,24,5,5,1,132
2024-05-11,AB+,31,5,5,1,132
2024-05-11,AB-,23,5,5,1,132
2024-05-11,O+,37,5,5,1,132
2024-05-11,O-,21,5,5,1,132
2024-05-12,A+,34,6,5,1,133
2024-05-12,A-,24,6,5,1,133
2024-05-12,B+,34,6,5,1,133
2024-05-12,B-,23,6,5,1,133
2024-05-12,AB+,33,6,5,1,133
2024-05-12,AB-,20,6,5,1,133
2024-05-12,O+,38,6,5,1,133
2024-05-12,O-,22,6,5,1,133
2024-05-13,A+,29,0,5,0,134
2024-05-13,A-,21,0,5,0,134
2024-05-13,B+,30,0,5,0,134
2024-05-13,B-,18,0,5,0,134
2024-05-13,AB+,25,0,5,0,134
2024-05-13,AB-,17,0,5,0,134
2024-05-13,O+,32,0,5,0,134
2024-05-13,O-,18,0,5,0,134
2024-05-14,A+,30,1,5,0,135
2024-05-14,A-,20,1,5,0,135
2024-05-14,B+,32,1,5,0,135
2024-05-14,B-,21,1,5,0,135
2024-05-14,AB+,28,1,5,0,135
2024-05-14,AB-,16,1,5,0,135
2024-05-14,O+,32,1,5,0,135
2024-05-14,O-,17,1,5,0,135
2024-05-15,A+,31,2,5,0,136
2024-05-15,A-,22,2,5,0,136
2024-05-15,B+,31,2,5,0,136
2024-05-15,B-,22,2,5,0,136
2024-05-15,AB+,29,2,5,0,136
2024-05-15,AB-,18,2,5,0,136
2024-05-15,O+,34,2,5,0,136
2024-05-15,O-,18,2,5,0,136
2024-05-16,A+,29,3,5,0,137
2024-05-16,A-,22,3,5,0,137
2024-05-16,B+,29,3,5,0,137
2024-05-16,B-,20,3,5,0,137
2024-05-16,AB+,28,3,5,0,137
2024-05-16,AB-,17,3,5,0,137
2024-05-16,O+,32,3,5,0,137
2024-05-16,O-,16,3,5,0,137
2024-05-17,A+,28,4,5,0,138
2024-05-17,A-,20,4,5,0,138
2024-05-17,B+,28,4,5,0,138
2024-05-17,B-,19,4,5,0,138
2024-05-17,AB+,25,4,5,0,138
2024-05-17,AB-,15,4,5,0,138
2024-05-17,O+,30,4,5,0,138
2024-05-17,O-,14,4,5,0,138
2024-05-18,A+,33,5,5,1,139
2024-05-18,A-,24,5,5,1,139
2024-05-18,B+,35,5,5,1,139
2024-05-18,B-,23,5,5,1,139
2024-05-18,AB+,32,5,5,1,139
2024-05-18,AB-,21,5,5,1,139
2024-05-18,O+,36,5,5,1,139
2024-05-18,O-,20,5,5,1,139
2024-05-19,A+,33,6,5,1,140
2024-05-19,A-,25,6,5,1,140
2024-05-19,B+,34,6,5,1,140
2024-05-19,B-,22,6,5,1,140
2024-05-19,AB+,32,6,5,1,140
2024-05-19,AB-,21,6,5,1,140
2024-05-19,O+,37,6,5,1,140
2024-05-19,O-,21,6,5,1,140
2024-05-20,A+,27,0,5,0,141
2024-05-20,A-,19,0,5,0,141
2024-05-20,B+,27,0,5,0,141
2024-05-20,B-,19,0,5,0,141
2024-05-20,AB+,24,0,5,0,141
2024-05-20,AB-,15,0,5,0,141
2024-05-20,O+,32,0,5,0,141
2024-05-20,O-,16,0,5,0,141
2024-05-21,A+,28,1,5,0,142
2024-05-21,A-,23,1,5,0,142
2024-05-21,B+,29,1,5,0,142
2024-05-21,B-,17,1,5,0,142
2024-05-21,AB+,28,1,5,0,142
2024-05-21,AB-,15,1,5,0,142
2024-05-21,O+,34,1,5,0,142
2024-05-21,O-,18,1,5,0,142
2024-05-22,A+,30,2,5,0,143
2024-05-22,A-,20,2,5,0,143
2024-05-22,B+,30,2,5,0,143
2024-05-22,B-,20,2,5,0,143
2024-05-22,AB+,26,2,5,0,143
2024-05-22,AB-,19,2,5,0,143
2024-05-22,O+,32,2,5,0,143
2024-05-22,O-,19,2,5,0,143
2024-05-23,A+,30,3,5,0,144
2024-05-23,A-,19,3,5,0,144
2024-05-23,B+,30,3,5,0,144
2024-05-23,B-,18,3,5,0,144
2024-05-23,AB+,26,3,5,0,144
2024-05-23,AB-,15,3,5,0,144
2024-05-23,O+,31,3,5,0,144
2024-05-23,O-,17,3,5,0,144
2024-05-24,A+,26,4,5,0,145
2024-05-24,A-,19,4,5,0,145
2024-05-24,B+,27,4,5,0,145
2024-05-24,B-,16,4,5,0,145
2024-05-24,AB+,24,4,5,0,145
2024-05-24,AB-,14,4,5,0,145
2024-05-24,O+,31,4,5,0,145
2024-05-24,O-,15,4,5,0,145
2024-05-25,A+,31,5,5,1,146
2024-05-25,A-,25,5,5,1,146
2024-05-25,B+,34,5,5,1,146
2024-05-25,B-,23,5,5,1,146
2024-05-25,AB+,33,5,5,1,146
2024-05-25,AB-,22,5,5,1,146
2024-05-25,O+,36,5,5,1,146
2024-05-25,O-,19,5,5,1,146
2024-05-26,A+,32,6,5,1,147
2024-05-26,A-,26,6,5,1,147
2024-05-26,B+,34,6,5,1,147
2024-05-26,B-,23,6,5,1,147
2024-05-26,AB+,29,6,5,1,147
2024-05-26,AB-,21,6,5,1,147
2024-05-26,O+,38,6,5,1,147
2024-05-26,O-,23,6,5,1,147
2024-05-27,A+,27,0,5,0,148
2024-05-27,A-,20,0,5,0,148
2024-05-27,B+,29,0,5,0,148
2024-05-27,B-,19,0,5,0,148
2024-05-27,AB+,25,0,5,0,148
2024-05-27,AB-,14,0,5,0,148
2024-05-27,O+,32,0,5,0,148
2024-05-27,O-,16,0,5,0,148
2024-05-28,A+,29,1,5,0,149
2024-05-28,A-,21,1,5,0,149
2024-05-28,B+,29,1,5,0,149
2024-05-28,B-,20,1,5,0,149
2024-05-28,AB+,26,1,5,0,149
2024-05-28,AB-,15,1,5,0,149
2024-05-28,O+,35,1,5,0,149
2024-05-28,O-,16,1,5,0,149
2024-05-29,A+,30,2,5,0,150
2024-05-29,A-,21,2,5,0,150
2024-05-29,B+,29,2,5,0,150
2024-05-29,B-,19,2,5,0,150
2024-05-29,AB+,25,2,5,0,150
2024-05-29,AB-,19,2,5,0,150
2024-05-29,O+,32,2,5,0,150
2024-05-29,O-,17,2,5,0,150
2024-05-30,A+,31,3,5,0,151
2024-05-30,A-,18,3,5,0,151
2024-05-30,B+,31,3,5,0,151
2024-05-30,B-,19,3,5,0,151
2024-05-30,AB+,23,3,5,0,151
2024-05-30,AB-,15,3,5,0,151
2024-05-30,O+,32,3,5,0,151
2024-05-30,O-,16,3,5,0,151
2024-05-31,A+,27,4,5,0,152
2024-05-31,A-,17,4,5,0,152
2024-05-31,B+,27,4,5,0,152
2024-05-31,B-,16,4,5,0,152
2024-05-31,AB+,26,4,5,0,152
2024-05-31,AB-,13,4,5,0,152
2024-05-31,O+,29,4,5,0,152
2024-05-31,O-,15,4,5,0,152
2024-06-01,A+,31,5,6,1,153
2024-06-01,A-,24,5,6,1,153
2024-06-01,B+,32,5,6,1,153
2024-06-01,B-,21,5,6,1,153
2024-06-01,AB+,28,5,6,1,153
2024-06-01,AB-,18,5,6,1,153
2024-06-01,O+,37,5,6,1,153
2024-06-01,O-,21,5,6,1,153
2024-06-02,A+,34,6,6,1,154
2024-06-02,A-,25,6,6,1,154
2024-06-02,B+,34,6,6,1,154
2024-06-02,B-,23,6,6,1,154
2024-06-02,AB+,31,6,6,1,154
2024-06-02,AB-,22,6,6,1,154
2024-06-02,O+,34,6,6,1,154
2024-06-02,O-,24,6,6,1,154
2024-06-03,A+,26,0,6,0,155
2024-06-03,A-,18,0,6,0,155
2024-06-03,B+,28,0,6,0,155
2024-06-03,B-,17,0,6,0,155
2024-06-03,AB+,27,0,6,0,155
2024-06-03,AB-,15,0,6,0,155
2024-06-03,O+,31,0,6,0,155
2024-06-03,O-,17,0,6,0,155
2024-06-04,A+,29,1,6,0,156
2024-06-04,A-,19,1,6,0,156
2024-06-04,B+,30,1,6,0,156
2024-06-04,B-,19,1,6,0,156
2024-06-04,AB+,25,1,6,0,156
2024-06-04,AB-,17,1,6,0,156
2024-06-04,O+,32,1,6,0,156
2024-06-04,O-,15,1,6,0,156
2024-06-05,A+,28,2,6,0,157
2024-06-05,A-,21,2,6,0,157
2024-06-05,B+,31,2,6,0,157
2024-06-05,B-,20,2,6,0,157
2024-06-05,AB+,27,2,6,0,157
2024-06-05,AB-,15,2,6,0,157
2024-06-05,O+,32,2,6,0,157
2024-06-05,O-,17,2,6,0,157
2024-06-06,A+,28,3,6,0,158
2024-06-06,A-,19,3,6,0,158
2024-06-06,B+,28,3,6,0,158
2024-06-06,B-,19,3,6,0,158
2024-06-06,AB+,24,3,6,0,158
2024-06-06,AB-,13,3,6,0,158
2024-06-06,O+,30,3,6,0,158
2024-06-06,O-,17,3,6,0,158
2024-06-07,A+,27,4,6,0,159
2024-06-07,A-,15,4,6,0,159
2024-06-07,B+,28,4,6,0,159
2024-06-07,B-,16,4,6,0,159
2024-06-07,AB+,23,4,6,0,159
2024-06-07,AB-,13,4,6,0,159
2024-06-07,O+,27,4,6,0,159
2024-06-07,O-,14,4,6,0,159
2024-06-08,A+,30,5,6,1,160
2024-06-08,A-,23,5,6,1,160
2024-06-08,B+,33,5,6,1,160
2024-06-08,B-,23,5,6,1,160
2024-06-08,AB+,29,5,6,1,160
2024-06-08,AB-,20,5,6,1,160
2024-06-08,O+,34,5,6,1,160
2024-06-08,O-,20,5,6,1,160
2024-06-09,A+,33,6,6,1,161
2024-06-09,A-,25,6,6,1,161
2024-06-09,B+,32,6,6,1,161
2024-06-09,B-,21,6,6,1,161
2024-06-09,AB+,30,6,6,1,161
2024-06-09,AB-,21,6,6,1,161
2024-06-09,O+,36,6,6,1,161
2024-06-09,O-,19,6,6,1,161
2024-06-10,A+,25,0,6,0,162
2024-06-10,A-,18,0,6,0,162
2024-06-10,B+,28,0,6,0,162
2024-06-10,B-,16,0,6,0,162
2024-06-10,AB+,22,0,6,0,162
2024-06-10,AB-,15,0,6,0,162
2024-06-10,O+,29,0,6,0,162
2024-06-10,O-,15,0,6,0,162
2024-06-11,A+,26,1,6,0,163
2024-06-11,A-,21,1,6,0,163
2024-06-11,B+,28,1,6,0,163
2024-06-11,B-,20,1,6,0,163
2024-06-11,AB+,26,1,6,0,163
2024-06-11,AB-,13,1,6,0,163
2024-06-11,O+,32,1,6,0,163
2024-06-11,O-,18,1,6,0,163
2024-06-12,A+,28,2,6,0,164
2024-06-12,A-,22,2,6,0,164
2024-06-12,B+,30,2,6,0,164
2024-06-12,B-,20,2,6,0,164
2024-06-12,AB+,26,2,6,0,164
2024-06-12,AB-,15,2,6,0,164
2024-06-12,O+,34,2,6,0,164
2024-06-12,O-,17,2,6,0,164
2024-06-13,A+,27,3,6,0,165
2024-06-13,A-,19,3,6,0,165
2024-06-13,B+,28,3,6,0,165
2024-06-13,B-,17,3,6,0,165
2024-06-13,AB+,26,3,6,0,165
2024-06-13,AB-,14,3,6,0,165
2024-06-13,O+,29,3,6,0,165
2024-06-13,O-,14,3,6,0,165
2024-06-14,A+,26,4,6,0,166
2024-06-14,A-,16,4,6,0,166
2024-06-14,B+,25,4,6,0,166
2024-06-14,B-,14,4,6,0,166
2024-06-14,AB+,24,4,6,0,166
2024-06-14,AB-,12,4,6,0,166
2024-06-14,O+,29,4,6,0,166
2024-06-14,O-,12,4,6,0,166
2024-06-15,A+,31,5,6,1,167
2024-06-15,A-,22,5,6,1,167
2024-06-15,B+,32,5,6,1,167
2024-06-15,B-,19,5,6,1,167
2024-06-15,AB+,30,5,6,1,167
2024-06-15,AB-,18,5,6,1,167
2024-06-15,O+,35,5,6,1,167
2024-06-15,O-,20,5,6,1,167
2024-06-16,A+,33,6,6,1,168
2024-06-16,A-,22,6,6,1,168
2024-06-16,B+,33,6,6,1,168
2024-06-16,B-,22,6,6,1,168
2024-06-16,AB+,29,6,6,1,168
2024-06-16,AB-,20,6,6,1,168
2024-06-16,O+,36,6,6,1,168
2024-06-16,O-,21,6,6,1,168
2024-06-17,A+,28,0,6,0,169
2024-06-17,A-,17,0,6,0,169
2024-06-17,B+,27,0,6,0,169
2024-06-17,B-,17,0,6,0,169
2024-06-17,AB+,23,0,6,0,169
2024-06-17,AB-,14,0,6,0,169
2024-06-17,O+,28,0,6,0,169
2024-06-17,O-,11,0,6,0,169
2024-06-18,A+,28,1,6,0,170
2024-06-18,A-,17,1,6,0,170
2024-06-18,B+,28,1,6,0,170
2024-06-18,B-,19,1,6,0,170
2024-06-18,AB+,26,1,6,0,170
2024-06-18,AB-,16,1,6,0,170
2024-06-18,O+,28,1,6,0,170
2024-06-18,O-,16,1,6,0,170
2024-06-19,A+,28,2,6,0,171
2024-06-19,A-,20,2,6,0,171
2024-06-19,B+,31,2,6,0,171
2024-06-19,B-,16,2,6,0,171
2024-06-19,AB+,25,2,6,0,171
2024-06-19,AB-,16,2,6,0,171
2024-06-19,O+,31,2,6,0,171
2024-06-19,O-,18,2,6,0,171
2024-06-20,A+,26,3,6,0,172
2024-06-20,A-,17,3,6,0,172
2024-06-20,B+,26,3,6,0,172
2024-06-20,B-,17,3,6,0,172
2024-06-20,AB+,20,3,6,0,172
2024-06-20,AB-,13,3,6,0,172
2024-06-20,O+,31,3,6,0,172
2024-06-20,O-,13,3,6,0,172
2024-06-21,A+,23,4,6,0,173
2024-06-21,A-,17,4,6,0,173
2024-06-21,B+,27,4,6,0,173
2024-06-21,B-,13,4,6,0,173
2024-06-21,AB+,24,4,6,0,173
2024-06-21,AB-,12,4,6,0,173
2024-06-21,O+,29,4,6,0,173
2024-06-21,O-,12,4,6,0,173
2024-06-22,A+,33,5,6,1,174
2024-06-22,A-,21,5,6,1,174
2024-06-22,B+,31,5,6,1,174
2024-06-22,B-,21,5,6,1,174
2024-06-22,AB+,27,5,6,1,174
2024-06-22,AB-,16,5,6,1,174
2024-06-22,O+,34,5,6,1,174
2024-06-22,O-,18,5,6,1,174
2024-06-23,A+,30,6,6,1,175
2024-06-23,A-,24,6,6,1,175
2024-06-23,B+,35,6,6,1,175
2024-06-23,B-,20,6,6,1,175
2024-06-23,AB+,28,6,6,1,175
2024-06-23,AB-,18,6,6,1,175
2024-06-23,O+,37,6,6,1,175
2024-06-23,O-,20,6,6,1,175
2024-06-24,A+,27,0,6,0,176
2024-06-24,A-,18,0,6,0,176
2024-06-24,B+,27,0,6,0,176
2024-06-24,B-,15,0,6,0,176
2024-06-24,AB+,24,0,6,0,176
2024-06-24,AB-,13,0,6,0,176
2024-06-24,O+,28,0,6,0,176
2024-06-24,O-,13,0,6,0,176
2024-06-25,A+,27,1,6,0,177
2024-06-25,A-,19,1,6,0,177
2024-06-25,B+,30,1,6,0,177
2024-06-25,B-,20,1,6,0,177
2024-06-25,AB+,23,1,6,0,177
2024-06-25,AB-,14,1,6,0,177
2024-06-25,O+,30,1,6,0,177
2024-06-25,O-,15,1,6,0,177
2024-06-26,A+,28,2,6,0,178
2024-06-26,A-,18,2,6,0,178
2024-06-26,B+,30,2,6,0,178
2024-06-26,B-,17,2,6,0,178
2024-06-26,AB+,25,2,6,0,178
2024-06-26,AB-,14,2,6,0,178
2024-06-26,O+,28,2,6,0,178
2024-06-26,O-,14,2,6,0,178
2024-06-27,A+,26,3,6,0,179
2024-06-27,A-,19,3,6,0,179
2024-06-27,B+,27,3,6,0,179
2024-06-27,B-,16,3,6,0,179
2024-06-27,AB+,24,3,6,0,179
2024-06-27,AB-,12,3,6,0,179
2024-06-27,O+,29,3,6,0,179
2024-06-27,O-,14,3,6,0,179
2024-06-28,A+,24,4,6,0,180
2024-06-28,A-,13,4,6,0,180
2024-06-28,B+,25,4,6,0,180
2024-06-28,B-,15,4,6,0,180
2024-06-28,AB+,22,4,6,0,180
2024-06-28,AB-,13,4,6,0,180
2024-06-28,O+,29,4,6,0,180
2024-06-28,O-,11,4,6,0,180
2024-06-29,A+,29,5,6,1,181
2024-06-29,A-,20,5,6,1,181
2024-06-29,B+,31,5,6,1,181
2024-06-29,B-,19,5,6,1,181
2024-06-29,AB+,27,5,6,1,181
2024-06-29,AB-,16,5,6,1,181
2024-06-29,O+,34,5,6,1,181
2024-06-29,O-,17,5,6,1,181
2024-06-30,A+,29,6,6,1,182
2024-06-30,A-,22,6,6,1,182
2024-06-30,B+,32,6,6,1,182
2024-06-30,B-,20,6,6,1,182
2024-06-30,AB+,29,6,6,1,182
2024-06-30,AB-,18,6,6,1,182
2024-06-30,O+,36,6,6,1,182
2024-06-30,O-,19,6,6,1,182
2024-07-01,A+,27,0,7,0,183
2024-07-01,A-,16,0,7,0,183
2024-07-01,B+,28,0,7,0,183
2024-07-01,B-,17,0,7,0,183
2024-07-01,AB+,22,0,7,0,183
2024-07-01,AB-,11,0,7,0,183
2024-07-01,O+,27,0,7,0,183
2024-07-01,O-,13,0,7,0,183
2024-07-02,A+,25,1,7,0,184
2024-07-02,A-,17,1,7,0,184
2024-07-02,B+,29,1,7,0,184
2024-07-02,B-,17,1,7,0,184
2024-07-02,AB+,21,1,7,0,184
2024-07-02,AB-,12,1,7,0,184
2024-07-02,O+,32,1,7,0,184
2024-07-02,O-,16,1,7,0,184
2024-07-03,A+,26,2,7,0,185
2024-07-03,A-,16,2,7,0,185
2024-07-03,B+,26,2,7,0,185
2024-07-03,B-,17,2,7,0,185
2024-07-03,AB+,26,2,7,0,185
2024-07-03,AB-,16,2,7,0,185
2024-07-03,O+,28,2,7,0,185
2024-07-03,O-,14,2,7,0,185
2024-07-04,A+,25,3,7,0,186
2024-07-04,A-,17,3,7,0,186
2024-07-04,B+,25,3,7,0,186
2024-07-04,B-,15,3,7,0,186
2024-07-04,AB+,22,3,7,0,186
2024-07-04,AB-,13,3,7,0,186
2024-07-04,O+,28,3,7,0,186
2024-07-04,O-,13,3,7,0,186
2024-07-05,A+,24,4,7,0,187
2024-07-05,A-,17,4,7,0,187
2024-07-05,B+,27,4,7,0,187
2024-07-05,B-,14,4,7,0,187
2024-07-05,AB+,21,4,7,0,187
2024-07-05,AB-,12,4,7,0,187
2024-07-05,O+,28,4,7,0,187
2024-07-05,O-,13,4,7,0,187
2024-07-06,A+,28,5,7,1,188
2024-07-06,A-,22,5,7,1,188
2024-07-06,B+,31,5,7,1,188
2024-07-06,B-,19,5,7,1,188
2024-07-06,AB+,26,5,7,1,188
2024-07-06,AB-,17,5,7,1,188
2024-07-06,O+,30,5,7,1,188
2024-07-06,O-,17,5,7,1,188
2024-07-07,A+,29,6,7,1,189
2024-07-07,A-,20,6,7,1,189
2024-07-07,B+,30,6,7,1,189
2024-07-07,B-,18,6,7,1,189
2024-07-07,AB+,28,6,7,1,189
2024-07-07,AB-,14,6,7,1,189
2024-07-07,O+,33,6,7,1,189
2024-07-07,O-,17,6,7,1,189
2024-07-08,A+,27,0,7,0,190
2024-07-08,A-,15,0,7,0,190
2024-07-08,B+,23,0,7,0,190
2024-07-08,B-,15,0,7,0,190
2024-07-08,AB+,20,0,7,0,190
2024-07-08,AB-,13,0,7,0,190
2024-07-08,O+,28,0,7,0,190
2024-07-08,O-,14,0,7,0,190
2024-07-09,A+,26,1,7,0,191
2024-07-09,A-,18,1,7,0,191
2024-07-09,B+,27,1,7,0,191
2024-07-09,B-,15,1,7,0,191
2024-07-09,AB+,24,1,7,0,191
2024-07-09,AB-,11,1,7,0,191
2024-07-09,O+,29,1,7,0,191
2024-07-09,O-,13,1,7,0,191
2024-07-10,A+,27,2,7,0,192
2024-07-10,A-,16,2,7,0,192
2024-07-10,B+,27,2,7,0,192
2024-07-10,B-,16,2,7,0,192
2024-07-10,AB+,25,2,7,0,192
2024-07-10,AB-,12,2,7,0,192
2024-07-10,O+,29,2,7,0,192
2024-07-10,O-,13,2,7,0,192
2024-07-11,A+,24,3,7,0,193
2024-07-11,A-,16,3,7,0,193
2024-07-11,B+,26,3,7,0,193
2024-07-11,B-,15,3,7,0,193
2024-07-11,AB+,24,3,7,0,193
2024-07-11,AB-,10,3,7,0,193
2024-07-11,O+,31,3,7,0,193
2024-07-11,O-,14,3,7,0,193
2024-07-12,A+,23,4,7,0,194
2024-07-12,A-,15,4,7,0,194
2024-07-12,B+,23,4,7,0,194
2024-07-12,B-,14,4,7,0,194
2024-07-12,AB+,23,4,7,0,194
2024-07-12,AB-,9,4,7,0,194
2024-07-12,O+,26,4,7,0,194
2024-07-12,O-,10,4,7,0,194
2024-07-13,A+,28,5,7,1,195
2024-07-13,A-,19,5,7,1,195
2024-07-13,B+,29,5,7,1,195
2024-07-13,B-,19,5,7,1,195
2024-07-13,AB+,26,5,7,1,195
2024-07-13,AB-,15,5,7,1,195
2024-07-13,O+,29,5,7,1,195
2024-07-13,O-,17,5,7,1,195
2024-07-14,A+,29,6,7,1,196
2024-07-14,A-,23,6,7,1,196
2024-07-14,B+,30,6,7,1,196
2024-07-14,B-,20,6,7,1,196
2024-07-14,AB+,26,6,7,1,196
2024-07-14,AB-,18,6,7,1,196
2024-07-14,O+,31,6,7,1,196
2024-07-14,O-,18,6,7,1,196
2024-07-15,A+,25,0,7,0,197
2024-07-15,A-,16,0,7,0,197
2024-07-15,B+,27,0,7,0,197
2024-07-15,B-,13,0,7,0,197
2024-07-15,AB+,22,0,7,0,197
2024-07-15,AB-,12,0,7,0,197
2024-07-15,O+,27,0,7,0,197
2024-07-15,O-,14,0,7,0,197
2024-07-16,A+,25,1,7,0,198
2024-07-16,A-,16,1,7,0,198
2024-07-16,B+,26,1,7,0,198
2024-07-16,B-,14,1,7,0,198
2024-07-16,AB+,23,1,7,0,198
2024-07-16,AB-,13,1,7,0,198
2024-07-16,O+,28,1,7,0,198
2024-07-16,O-,15,1,7,0,198
2024-07-17,A+,25,2,7,0,199
2024-07-17,A-,14,2,7,0,199
2024-07-17,B+,29,2,7,0,199
2024-07-17,B-,17,2,7,0,199
2024-07-17,AB+,23,2,7,0,199
2024-07-17,AB-,12,2,7,0,199
2024-07-17,O+,29,2,7,0,199
2024-07-17,O-,12,2,7,0,199
2024-07-18,A+,24,3,7,0,200
2024-07-18,A-,14,3,7,0,200
2024-07-18,B+,26,3,7,0,200
2024-07-18,B-,15,3,7,0,200
2024-07-18,AB+,20,3,7,0,200
2024-07-18,AB-,12,3,7,0,200
2024-07-18,O+,28,3,7,0,200
2024-07-18,O-,13,3,7,0,200
2024-07-19,A+,22,4,7,0,201
2024-07-19,A-,14,4,7,0,201
2024-07-19,B+,23,4,7,0,201
2024-07-19,B-,11,4,7,0,201
2024-07-19,AB+,18,4,7,0,201
2024-07-19,AB-,9,4,7,0,201
2024-07-19,O+,24,4,7,0,201
2024-07-19,O-,12,4,7,0,201
2024-07-20,A+,28,5,7,1,202
2024-07-20,A-,21,5,7,1,202
2024-07-20,B+,30,5,7,1,202
2024-07-20,B-,18,5,7,1,202
2024-07-20,AB+,30,5,7,1,202
2024-07-20,AB-,19,5,7,1,202
2024-07-20,O+,33,5,7,1,202
2024-07-20,O-,15,5,7,1,202
2024-07-21,A+,30,6,7,1,203
2024-07-21,A-,18,6,7,1,203
2024-07-21,B+,31,6,7,1,203
2024-07-21,B-,16,6,7,1,203
2024-07-21,AB+,25,6,7,1,203
2024-07-21,AB-,17,6,7,1,203
2024-07-21,O+,32,6,7,1,203
2024-07-21,O-,15,6,7,1,203
2024-07-22,A+,23,0,7,0,204
2024-07-22,A-,15,0,7,0,204
2024-07-22,B+,24,0,7,0,204
2024-07-22,B-,13,0,7,0,204
2024-07-22,AB+,21,0,7,0,204
2024-07-22,AB-,12,0,7,0,204
2024-07-22,O+,26,0,7,0,204
2024-07-22,O-,13,0,7,0,204
2024-07-23,A+,24,1,7,0,205
2024-07-23,A-,15,1,7,0,205
2024-07-23,B+,27,1,7,0,205
2024-07-23,B-,16,1,7,0,205
2024-07-23,AB+,21,1,7,0,205
2024-07-23,AB-,11,1,7,0,205
2024-07-23,O+,30,1,7,0,205
2024-07-23,O-,13,1,7,0,205
2024-07-24,A+,25,2,7,0,206
2024-07-24,A-,16,2,7,0,206
2024-07-24,B+,28,2,7,0,206
2024-07-24,B-,18,2,7,0,206
2024-07-24,AB+,22,2,7,0,206
2024-07-24,AB-,15,2,7,0,206
2024-07-24,O+,27,2,7,0,206
2024-07-24,O-,13,2,7,0,206
2024-07-25,A+,25,3,7,0,207
2024-07-25,A-,14,3,7,0,207
2024-07-25,B+,26,3,7,0,207
2024-07-25,B-,13,3,7,0,207
2024-07-25,AB+,19,3,7,0,207
2024-07-25,AB-,9,3,7,0,207
2024-07-25,O+,26,3,7,0,207
2024-07-25,O-,12,3,7,0,207
2024-07-26,A+,20,4,7,0,208
2024-07-26,A-,13,4,7,0,208
2024-07-26,B+,23,4,7,0,208
2024-07-26,B-,12,4,7,0,208
2024-07-26,AB+,18,4,7,0,208
2024-07-26,AB-,9,4,7,0,208
2024-07-26,O+,25,4,7,0,208
2024-07-26,O-,11,4,7,0,208
2024-07-27,A+,26,5,7,1,209
2024-07-27,A-,19,5,7,1,209
2024-07-27,B+,27,5,7,1,209
2024-07-27,B-,18,5,7,1,209
2024-07-27,AB+,24,5,7,1,209
2024-07-27,AB-,14,5,7,1,209
2024-07-27,O+,31,5,7,1,209
2024-07-27,O-,15,5,7,1,209
2024-07-28,A+,30,6,7,1,210
2024-07-28,A-,21,6,7,1,210
2024-07-28,B+,30,6,7,1,210
2024-07-28,B-,19,6,7,1,210
2024-07-28,AB+,25,6,7,1,210
2024-07-28,AB-,17,6,7,1,210
2024-07-28,O+,31,6,7,1,210
2024-07-28,O-,19,6,7,1,210
2024-07-29,A+,22,0,7,0,211
2024-07-29,A-,12,0,7,0,211
2024-07-29,B+,22,0,7,0,211
2024-07-29,B-,11,0,7,0,211
2024-07-29,AB+,18,0,7,0,211
2024-07-29,AB-,10,0,7,0,211
2024-07-29,O+,27,0,7,0,211
2024-07-29,O-,11,0,7,0,211
2024-07-30,A+,22,1,7,0,212
2024-07-30,A-,15,1,7,0,212
2024-07-30,B+,26,1,7,0,212
2024-07-30,B-,14,1,7,0,212
2024-07-30,AB+,20,1,7,0,212
2024-07-30,AB-,9,1,7,0,212
2024-07-30,O+,27,1,7,0,212
2024-07-30,O-,11,1,7,0,212
2024-07-31,A+,24,2,7,0,213
2024-07-31,A-,16,2,7,0,213
2024-07-31,B+,25,2,7,0,213
2024-07-31,B-,15,2,7,0,213
2024-07-31,AB+,22,2,7,0,213
2024-07-31,AB-,10,2,7,0,213
2024-07-31,O+,30,2,7,0,213
2024-07-31,O-,12,2,7,0,213
2024-08-01,A+,24,3,8,0,214
2024-08-01,A-,13,3,8,0,214
2024-08-01,B+,24,3,8,0,214
2024-08-01,B-,13,3,8,0,214
2024-08-01,AB+,22,3,8,0,214
2024-08-01,AB-,10,3,8,0,214
2024-08-01,O+,28,3,8,0,214
2024-08-01,O-,12,3,8,0,214
2024-08-02,A+,24,4,8,0,215
2024-08-02,A-,10,4,8,0,215
2024-08-02,B+,23,4,8,0,215
2024-08-02,B-,8,4,8,0,215
2024-08-02,AB+,18,4,8,0,215
2024-08-02,AB-,10,4,8,0,215
2024-08-02,O+,26,4,8,0,215
2024-08-02,O-,10,4,8,0,215
2024-08-03,A+,27,5,8,1,216
2024-08-03,A-,19,5,8,1,216
2024-08-03,B+,31,5,8,1,216
2024-08-03,B-,17,5,8,1,216
2024-08-03,AB+,25,5,8,1,216
2024-08-03,AB-,14,5,8,1,216
2024-08-03,O+,32,5,8,1,216
2024-08-03,O-,16,5,8,1,216
2024-08-04,A+,27,6,8,1,217
2024-08-04,A-,20,6,8,1,217
2024-08-04,B+,30,6,8,1,217
2024-08-04,B-,19,6,8,1,217
2024-08-04,AB+,25,6,8,1,217
2024-08-04,AB-,16,6,8,1,217
2024-08-04,O+,30,6,8,1,217
2024-08-04,O-,16,6,8,1,217
2024-08-05,A+,22,0,8,0,218
2024-08-05,A-,15,0,8,0,218
2024-08-05,B+,22,0,8,0,218
2024-08-05,B-,12,0,8,0,218
2024-08-05,AB+,19,0,8,0,218
2024-08-05,AB-,9,0,8,0,218
2024-08-05,O+,26,0,8,0,218
2024-08-05,O-,9,0,8,0,218
2024-08-06,A+,25,1,8,0,219
2024-08-06,A-,15,1,8,0,219
2024-08-06,B+,24,1,8,0,219
2024-08-06,B-,13,1,8,0,219
2024-08-06,AB+,22,1,8,0,219
2024-08-06,AB-,11,1,8,0,219
2024-08-06,O+,25,1,8,0,219
2024-08-06,O-,11,1,8,0,219
2024-08-07,A+,25,2,8,0,220
2024-08-07,A-,16,2,8,0,220
2024-08-07,B+,25,2,8,0,220
2024-08-07,B-,14,2,8,0,220
2024-08-07,AB+,22,2,8,0,220
2024-08-07,AB-,11,2,8,0,220
2024-08-07,O+,26,2,8,0,220
2024-08-07,O-,14,2,8,0,220
2024-08-08,A+,23,3,8,0,221
2024-08-08,A-,13,3,8,0,221
2024-08-08,B+,24,3,8,0,221
2024-08-08,B-,13,3,8,0,221
2024-08-08,AB+,19,3,8,0,221
2024-08-08,AB-,10,3,8,0,221
2024-08-08,O+,25,3,8,0,221
2024-08-08,O-,12,3,8,0,221
2024-08-09,A+,21,4,8,0,222
2024-08-09,A-,10,4,8,0,222
2024-08-09,B+,22,4,8,0,222
2024-08-09,B-,10,4,8,0,222
2024-08-09,AB+,14,4,8,0,222
2024-08-09,AB-,8,4,8,0,222
2024-08-09,O+,25,4,8,0,222
2024-08-09,O-,9,4,8,0,222
2024-08-10,A+,28,5,8,1,223
2024-08-10,A-,18,5,8,1,223
2024-08-10,B+,27,5,8,1,223
2024-08-10,B-,16,5,8,1,223
2024-08-10,AB+,22,5,8,1,223
2024-08-10,AB-,15,5,8,1,223
2024-08-10,O+,31,5,8,1,223
2024-08-10,O-,15,5,8,1,223
2024-08-11,A+,25,6,8,1,224
2024-08-11,A-,19,6,8,1,224
2024-08-11,B+,27,6,8,1,224
2024-08-11,B-,17,6,8,1,224
2024-08-11,AB+,22,6,8,1,224
2024-08-11,AB-,14,6,8,1,224
2024-08-11,O+,30,6,8,1,224
2024-08-11,O-,12,6,8,1,224
2024-08-12,A+,24,0,8,0,225
2024-08-12,A-,12,0,8,0,225
2024-08-12,B+,22,0,8,0,225
2024-08-12,B-,12,0,8,0,225
2024-08-12,AB+,19,0,8,0,225
2024-08-12,AB-,9,0,8,0,225
2024-08-12,O+,23,0,8,0,225
2024-08-12,O-,9,0,8,0,225
2024-08-13,A+,21,1,8,0,226
2024-08-13,A-,14,1,8,0,226
2024-08-13,B+,26,1,8,0,226
2024-08-13,B-,11,1,8,0,226
2024-08-13,AB+,20,1,8,0,226
2024-08-13,AB-,8,1,8,0,226
2024-08-13,O+,26,1,8,0,226
2024-08-13,O-,12,1,8,0,226
2024-08-14,A+,24,2,8,0,227
2024-08-14,A-,14,2,8,0,227
2024-08-14,B+,22,2,8,0,227
2024-08-14,B-,12,2,8,0,227
2024-08-14,AB+,22,2,8,0,227
2024-08-14,AB-,12,2,8,0,227
2024-08-14,O+,26,2,8,0,227
2024-08-14,O-,12,2,8,0,227
2024-08-15,A+,21,3,8,0,228
2024-08-15,A-,15,3,8,0,228
2024-08-15,B+,22,3,8,0,228
2024-08-15,B-,13,3,8,0,228
2024-08-15,AB+,18,3,8,0,228
2024-08-15,AB-,9,3,8,0,228
2024-08-15,O+,27,3,8,0,228
2024-08-15,O-,9,3,8,0,228
2024-08-16,A+,21,4,8,0,229
2024-08-16,A-,10,4,8,0,229
2024-08-16,B+,20,4,8,0,229
2024-08-16,B-,11,4,8,0,229
2024-08-16,AB+,19,4,8,0,229
2024-08-16,AB-,7,4,8,0,229
2024-08-16,O+,24,4,8,0,229
2024-08-16,O-,10,4,8,0,229
2024-08-17,A+,25,5,8,1,230
2024-08-17,A-,16,5,8,1,230
2024-08-17,B+,27,5,8,1,230
2024-08-17,B-,18,5,8,1,230
2024-08-17,AB+,22,5,8,1,230
2024-08-17,AB-,15,5,8,1,230
2024-08-17,O+,29,5,8,1,230
2024-08-17,O-,17,5,8,1,230
2024-08-18,A+,29,6,8,1,231
2024-08-18,A-,19,6,8,1,231
2024-08-18,B+,26,6,8,1,231
2024-08-18,B-,14,6,8,1,231
2024-08-18,AB+,24,6,8,1,231
2024-08-18,AB-,15,6,8,1,231
2024-08-18,O+,30,6,8,1,231
2024-08-18,O-,14,6,8,1,231
2024-08-19,A+,19,0,8,0,232
2024-08-19,A-,13,0,8,0,232
2024-08-19,B+,24,0,8,0,232
2024-08-19,B-,10,0,8,0,232
2024-08-19,AB+,19,0,8,0,232
2024-08-19,AB-,11,0,8,0,232
2024-08-19,O+,24,0,8,0,232
2024-08-19,O-,9,0,8,0,232
2024-08-20,A+,23,1,8,0,233
2024-08-20,A-,13,1,8,0,233
2024-08-20,B+,25,1,8,0,233
2024-08-20,B-,12,1,8,0,233
2024-08-20,AB+,20,1,8,0,233
2024-08-20,AB-,8,1,8,0,233
2024-08-20,O+,25,1,8,0,233
2024-08-20,O-,10,1,8,0,233
2024-08-21,A+,23,2,8,0,234
2024-08-21,A-,12,2,8,0,234
2024-08-21,B+,25,2,8,0,234
2024-08-21,B-,12,2,8,0,234
2024-08-21,AB+,22,2,8,0,234
2024-08-21,AB-,12,2,8,0,234
2024-08-21,O+,27,2,8,0,234
2024-08-21,O-,9,2,8,0,234
2024-08-22,A+,21,3,8,0,235
2024-08-22,A-,12,3,8,0,235
2024-08-22,B+,22,3,8,0,235
2024-08-22,B-,14,3,8,0,235
2024-08-22,AB+,19,3,8,0,235
2024-08-22,AB-,8,3,8,0,235
2024-08-22,O+,24,3,8,0,235
2024-08-22,O-,9,3,8,0,235
2024-08-23,A+,21,4,8,0,236
2024-08-23,A-,9,4,8,0,236
2024-08-23,B+,21,4,8,0,236
2024-08-23,B-,11,4,8,0,236
2024-08-23,AB+,15,4,8,0,236
2024-08-23,AB-,5,4,8,0,236
2024-08-23,O+,23,4,8,0,236
2024-08-23,O-,10,4,8,0,236
2024-08-24,A+,27,5,8,1,237
2024-08-24,A-,16,5,8,1,237
2024-08-24,B+,29,5,8,1,237
2024-08-24,B-,16,5,8,1,237
2024-08-24,AB+,23,5,8,1,237
2024-08-24,AB-,13,5,8,1,237
2024-08-24,O+,30,5,8,1,237
2024-08-24,O-,13,5,8,1,237
2024-08-25,A+,26,6,8,1,238
2024-08-25,A-,16,6,8,1,238
2024-08-25,B+,28,6,8,1,238
2024-08-25,B-,17,6,8,1,238
2024-08-25,AB+,25,6,8,1,238
2024-08-25,AB-,12,6,8,1,238
2024-08-25,O+,29,6,8,1,238
2024-08-25,O-,16,6,8,1,238
2024-08-26,A+,21,0,8,0,239
2024-08-26,A-,12,0,8,0,239
2024-08-26,B+,22,0,8,0,239
2024-08-26,B-,12,0,8,0,239
2024-08-26,AB+,18,0,8,0,239
2024-08-26,AB-,7,0,8,0,239
2024-08-26,O+,25,0,8,0,239
2024-08-26,O-,7,0,8,0,239
2024-08-27,A+,24,1,8,0,240
2024-08-27,A-,12,1,8,0,240
2024-08-27,B+,24,1,8,0,240
2024-08-27,B-,12,1,8,0,240
2024-08-27,AB+,19,1,8,0,240
2024-08-27,AB-,11,1,8,0,240
2024-08-27,O+,26,1,8,0,240
2024-08-27,O-,10,1,8,0,240
2024-08-28,A+,25,2,8,0,241
2024-08-28,A-,15,2,8,0,241
2024-08-28,B+,23,2,8,0,241
2024-08-28,B-,10,2,8,0,241
2024-08-28,AB+,20,2,8,0,241
2024-08-28,AB-,11,2,8,0,241
2024-08-28,O+,26,2,8,0,241
2024-08-28,O-,13,2,8,0,241
2024-08-29,A+,21,3,8,0,242
2024-08-29,A-,12,3,8,0,242
2024-08-29,B+,22,3,8,0,242
2024-08-29,B-,12,3,8,0,242
2024-08-29,AB+,20,3,8,0,242
2024-08-29,AB-,11,3,8,0,242
2024-08-29,O+,27,3,8,0,242
2024-08-29,O-,12,3,8,0,242
2024-08-30,A+,21,4,8,0,243
2024-08-30,A-,10,4,8,0,243
2024-08-30,B+,21,4,8,0,243
2024-08-30,B-,11,4,8,0,243
2024-08-30,AB+,17,4,8,0,243
2024-08-30,AB-,6,4,8,0,243
2024-08-30,O+,22,4,8,0,243
2024-08-30,O-,9,4,8,0,243
2024-08-31,A+,25,5,8,1,244
2024-08-31,A-,17,5,8,1,244
2024-08-31,B+,27,5,8,1,244
2024-08-31,B-,15,5,8,1,244
2024-08-31,AB+,22,5,8,1,244
2024-08-31,AB-,12,5,8,1,244
2024-08-31,O+,28,5,8,1,244
2024-08-31,O-,12,5,8,1,244
2024-09-01,A+,26,6,9,1,245
2024-09-01,A-,18,6,9,1,245
2024-09-01,B+,28,6,9,1,245
2024-09-01,B-,14,6,9,1,245
2024-09-01,AB+,25,6,9,1,245
2024-09-01,AB-,13,6,9,1,245
2024-09-01,O+,28,6,9,1,245
2024-09-01,O-,14,6,9,1,245
2024-09-02,A+,18,0,9,0,246
2024-09-02,A-,10,0,9,0,246
2024-09-02,B+,24,0,9,0,246
2024-09-02,B-,10,0,9,0,246
2024-09-02,AB+,18,0,9,0,246
2024-09-02,AB-,7,0,9,0,246
2024-09-02,O+,24,0,9,0,246
2024-09-02,O-,9,0,9,0,246
2024-09-03,A+,20,1,9,0,247
2024-09-03,A-,15,1,9,0,247
2024-09-03,B+,23,1,9,0,247
2024-09-03,B-,11,1,9,0,247
2024-09-03,AB+,20,1,9,0,247
2024-09-03,AB-,8,1,9,0,247
2024-09-03,O+,25,1,9,0,247
2024-09-03,O-,10,1,9,0,247
2024-09-04,A+,23,2,9,0,248
2024-09-04,A-,13,2,9,0,248
2024-09-04,B+,22,2,9,0,248
2024-09-04,B-,13,2,9,0,248
2024-09-04,AB+,19,2,9,0,248
2024-09-04,AB-,7,2,9,0,248
2024-09-04,O+,26,2,9,0,248
2024-09-04,O-,10,2,9,0,248
2024-09-05,A+,22,3,9,0,249
2024-09-05,A-,11,3,9,0,249
2024-09-05,B+,21,3,9,0,249
2024-09-05,B-,13,3,9,0,249
2024-09-05,AB+,19,3,9,0,249
2024-09-05,AB-,8,3,9,0,249
2024-09-05,O+,25,3,9,0,249
2024-09-05,O-,10,3,9,0,249
2024-09-06,A+,20,4,9,0,250
2024-09-06,A-,9,4,9,0,250
2024-09-06,B+,21,4,9,0,250
2024-09-06,B-,11,4,9,0,250
2024-09-06,AB+,17,4,9,0,250
2024-09-06,AB-,7,4,9,0,250
2024-09-06,O+,23,4,9,0,250
2024-09-06,O-,7,4,9,0,250
2024-09-07,A+,27,5,9,1,251
2024-09-07,A-,18,5,9,1,251
2024-09-07,B+,25,5,9,1,251
2024-09-07,B-,17,5,9,1,251
2024-09-07,AB+,25,5,9,1,251
2024-09-07,AB-,13,5,9,1,251
2024-09-07,O+,30,5,9,1,251
2024-09-07,O-,13,5,9,1,251
2024-09-08,A+,25,6,9,1,252
2024-09-08,A-,17,6,9,1,252
2024-09-08,B+,26,6,9,1,252
2024-09-08,B-,14,6,9,1,252
2024-09-08,AB+,23,6,9,1,252
2024-09-08,AB-,14,6,9,1,252
2024-09-08,O+,27,6,9,1,252
2024-09-08,O-,14,6,9,1,252
2024-09-09,A+,20,0,9,0,253
2024-09-09,A-,11,0,9,0,253
2024-09-09,B+,22,0,9,0,253
2024-09-09,B-,11,0,9,0,253
2024-09-09,AB+,17,0,9,0,253
2024-09-09,AB-,9,0,9,0,253
2024-09-09,O+,24,0,9,0,253
2024-09-09,O-,10,0,9,0,253
2024-09-10,A+,22,1,9,0,254
2024-09-10,A-,12,1,9,0,254
2024-09-10,B+,23,1,9,0,254
2024-09-10,B-,13,1,9,0,254
2024-09-10,AB+,19,1,9,0,254
2024-09-10,AB-,9,1,9,0,254
2024-09-10,O+,27,1,9,0,254
2024-09-10,O-,8,1,9,0,254
2024-09-11,A+,23,2,9,0,255
2024-09-11,A-,13,2,9,0,255
2024-09-11,B+,23,2,9,0,255
2024-09-11,B-,11,2,9,0,255
2024-09-11,AB+,18,2,9,0,255
2024-09-11,AB-,9,2,9,0,255
2024-09-11,O+,26,2,9,0,255
2024-09-11,O-,11,2,9,0,255
2024-09-12,A+,19,3,9,0,256
2024-09-12,A-,11,3,9,0,256
2024-09-12,B+,23,3,9,0,256
2024-09-12,B-,12,3,9,0,256
2024-09-12,AB+,16,3,9,0,256
2024-09-12,AB-,9,3,9,0,256
2024-09-12,O+,24,3,9,0,256
2024-09-12,O-,10,3,9,0,256
2024-09-13,A+,18,4,9,0,257
2024-09-13,A-,9,4,9,0,257
2024-09-13,B+,20,4,9,0,257
2024-09-13,B-,9,4,9,0,257
2024-09-13,AB+,16,4,9,0,257
2024-09-13,AB-,6,4,9,0,257
2024-09-13,O+,24,4,9,0,257
2024-09-13,O-,5,4,9,0,257
2024-09-14,A+,24,5,9,1,258
2024-09-14,A-,16,5,9,1,258
2024-09-14,B+,26,5,9,1,258
2024-09-14,B-,16,5,9,1,258
2024-09-14,AB+,23,5,9,1,258
2024-09-14,AB-,14,5,9,1,258
2024-09-14,O+,29,5,9,1,258
2024-09-14,O-,11,5,9,1,258
2024-09-15,A+,24,6,9,1,259
2024-09-15,A-,18,6,9,1,259
2024-09-15,B+,28,6,9,1,259
2024-09-15,B-,16,6,9,1,259
2024-09-15,AB+,22,6,9,1,259
2024-09-15,AB-,12,6,9,1,259
2024-09-15,O+,28,6,9,1,259
2024-09-15,O-,12,6,9,1,259
2024-09-16,A+,20,0,9,0,260
2024-09-16,A-,14,0,9,0,260
2024-09-16,B+,21,0,9,0,260
2024-09-16,B-,12,0,9,0,260
2024-09-16,AB+,16,0,9,0,260
2024-09-16,AB-,5,0,9,0,260
2024-09-16,O+,24,0,9,0,260
2024-09-16,O-,8,0,9,0,260
2024-09-17,A+,23,1,9,0,261
2024-09-17,A-,14,1,9,0,261
2024-09-17,B+,22,1,9,0,261
2024-09-17,B-,13,1,9,0,261
2024-09-17,AB+,18,1,9,0,261
2024-09-17,AB-,8,1,9,0,261
2024-09-17,O+,26,1,9,0,261
2024-09-17,O-,8,1,9,0,261
2024-09-18,A+,22,2,9,0,262
2024-09-18,A-,15,2,9,0,262
2024-09-18,B+,25,2,9,0,262
2024-09-18,B-,12,2,9,0,262
2024-09-18,AB+,20,2,9,0,262
2024-09-18,AB-,8,2,9,0,262
2024-09-18,O+,24,2,9,0,262
2024-09-18,O-,10,2,9,0,262
2024-09-19,A+,21,3,9,0,263
2024-09-19,A-,11,3,9,0,263
2024-09-19,B+,24,3,9,0,263
2024-09-19,B-,9,3,9,0,263
2024-09-19,AB+,18,3,9,0,263
2024-09-19,AB-,8,3,9,0,263
2024-09-19,O+,22,3,9,0,263
2024-09-19,O-,11,3,9,0,263
2024-09-20,A+,18,4,9,0,264
2024-09-20,A-,10,4,9,0,264
2024-09-20,B+,21,4,9,0,264
2024-09-20,B-,7,4,9,0,264
2024-09-20,AB+,15,4,9,0,264
2024-09-20,AB-,8,4,9,0,264
2024-09-20,O+,22,4,9,0,264
2024-09-20,O-,5,4,9,0,264
2024-09-21,A+,25,5,9,1,265
2024-09-21,A-,16,5,9,1,265
2024-09-21,B+,26,5,9,1,265
2024-09-21,B-,13,5,9,1,265
2024-09-21,AB+,22,5,9,1,265
2024-09-21,AB-,11,5,9,1,265
2024-09-21,O+,28,5,9,1,265
2024-09-21,O-,14,5,9,1,265
2024-09-22,A+,26,6,9,1,266
2024-09-22,A-,18,6,9,1,266
2024-09-22,B+,29,6,9,1,266
2024-09-22,B-,14,6,9,1,266
2024-09-22,AB+,22,6,9,1,266
2024-09-22,AB-,13,6,9,1,266
2024-09-22,O+,28,6,9,1,266
2024-09-22,O-,10,6,9,1,266
2024-09-23,A+,20,0,9,0,267
2024-09-23,A-,13,0,9,0,267
2024-09-23,B+,19,0,9,0,267
2024-09-23,B-,10,0,9,0,267
2024-09-23,AB+,15,0,9,0,267
2024-09-23,AB-,8,0,9,0,267
2024-09-23,O+,23,0,9,0,267
2024-09-23,O-,7,0,9,0,267
2024-09-24,A+,21,1,9,0,268
2024-09-24,A-,11,1,9,0,268
2024-09-24,B+,24,1,9,0,268
2024-09-24,B-,11,1,9,0,268
2024-09-24,AB+,19,1,9,0,268
2024-09-24,AB-,7,1,9,0,268
2024-09-24,O+,27,1,9,0,268
2024-09-24,O-,11,1,9,0,268
2024-09-25,A+,24,2,9,0,269
2024-09-25,A-,16,2,9,0,269
2024-09-25,B+,22,2,9,0,269
2024-09-25,B-,11,2,9,0,269
2024-09-25,AB+,21,2,9,0,269
2024-09-25,AB-,9,2,9,0,269
2024-09-25,O+,26,2,9,0,269
2024-09-25,O-,9,2,9,0,269
2024-09-26,A+,20,3,9,0,270
2024-09-26,A-,13,3,9,0,270
2024-09-26,B+,20,3,9,0,270
2024-09-26,B-,12,3,9,0,270
2024-09-26,AB+,19,3,9,0,270
2024-09-26,AB-,7,3,9,0,270
2024-09-26,O+,24,3,9,0,270
2024-09-26,O-,9,3,9,0,270
2024-09-27,A+,19,4,9,0,271
2024-09-27,A-,11,4,9,0,271
2024-09-27,B+,19,4,9,0,271
2024-09-27,B-,12,4,9,0,271
2024-09-27,AB+,16,4,9,0,271
2024-09-27,AB-,6,4,9,0,271
2024-09-27,O+,24,4,9,0,271
2024-09-27,O-,5,4,9,0,271
2024-09-28,A+,27,5,9,1,272
2024-09-28,A-,16,5,9,1,272
2024-09-28,B+,25,5,9,1,272
2024-09-28,B-,14,5,9,1,272
2024-09-28,AB+,21,5,9,1,272
2024-09-28,AB-,12,5,9,1,272
2024-09-28,O+,28,5,9,1,272
2024-09-28,O-,14,5,9,1,272
2024-09-29,A+,26,6,9,1,273
2024-09-29,A-,16,6,9,1,273
2024-09-29,B+,28,6,9,1,273
2024-09-29,B-,19,6,9,1,273
2024-09-29,AB+,24,6,9,1,273
2024-09-29,AB-,12,6,9,1,273
2024-09-29,O+,29,6,9,1,273
2024-09-29,O-,14,6,9,1,273
2024-09-30,A+,22,0,9,0,274
2024-09-30,A-,11,0,9,0,274
2024-09-30,B+,20,0,9,0,274
2024-09-30,B-,11,0,9,0,274
2024-09-30,AB+,17,0,9,0,274
2024-09-30,AB-,6,0,9,0,274
2024-09-30,O+,24,0,9,0,274
2024-09-30,O-,10,0,9,0,274
2024-10-01,A+,21,1,10,0,275
2024-10-01,A-,11,1,10,0,275
2024-10-01,B+,23,1,10,0,275
2024-10-01,B-,12,1,10,0,275
2024-10-01,AB+,18,1,10,0,275
2024-10-01,AB-,10,1,10,0,275
2024-10-01,O+,25,1,10,0,275
2024-10-01,O-,11,1,10,0,275
2024-10-02,A+,21,2,10,0,276
2024-10-02,A-,11,2,10,0,276
2024-10-02,B+,23,2,10,0,276
2024-10-02,B-,10,2,10,0,276
2024-10-02,AB+,19,2,10,0,276
2024-10-02,AB-,7,2,10,0,276
2024-10-02,O+,24,2,10,0,276
2024-10-02,O-,10,2,10,0,276
2024-10-03,A+,20,3,10,0,277
2024-10-03,A-,12,3,10,0,277
2024-10-03,B+,22,3,10,0,277
2024-10-03,B-,12,3,10,0,277
2024-10-03,AB+,17,3,10,0,277
2024-10-03,AB-,8,3,10,0,277
2024-10-03,O+,25,3,10,0,277
2024-10-03,O-,9,3,10,0,277
2024-10-04,A+,19,4,10,0,278
2024-10-04,A-,9,4,10,0,278
2024-10-04,B+,22,4,10,0,278
2024-10-04,B-,9,4,10,0,278
2024-10-04,AB+,16,4,10,0,278
2024-10-04,AB-,9,4,10,0,278
2024-10-04,O+,22,4,10,0,278
2024-10-04,O-,10,4,10,0,278
2024-10-05,A+,23,5,10,1,279
2024-10-05,A-,16,5,10,1,279
2024-10-05,B+,24,5,10,1,279
2024-10-05,B-,15,5,10,1,279
2024-10-05,AB+,22,5,10,1,279
2024-10-05,AB-,12,5,10,1,279
2024-10-05,O+,28,5,10,1,279
2024-10-05,O-,13,5,10,1,279
2024-10-06,A+,25,6,10,1,280
2024-10-06,A-,16,6,10,1,280
2024-10-06,B+,28,6,10,1,280
2024-10-06,B-,14,6,10,1,280
2024-10-06,AB+,23,6,10,1,280
2024-10-06,AB-,11,6,10,1,280
2024-10-06,O+,27,6,10,1,280
2024-10-06,O-,13,6,10,1,280
2024-10-07,A+,20,0,10,0,281
2024-10-07,A-,11,0,10,0,281
2024-10-07,B+,20,0,10,0,281
2024-10-07,B-,10,0,10,0,281
2024-10-07,AB+,16,0,10,0,281
2024-10-07,AB-,6,0,10,0,281
2024-10-07,O+,24,0,10,0,281
2024-10-07,O-,6,0,10,0,281
2024-10-08,A+,22,1,10,0,282
2024-10-08,A-,15,1,10,0,282
2024-10-08,B+,24,1,10,0,282
2024-10-08,B-,12,1,10,0,282
2024-10-08,AB+,19,1,10,0,282
2024-10-08,AB-,9,1,10,0,282
2024-10-08,O+,25,1,10,0,282
2024-10-08,O-,11,1,10,0,282
2024-10-09,A+,22,2,10,0,283
2024-10-09,A-,14,2,10,0,283
2024-10-09,B+,23,2,10,0,283
2024-10-09,B-,14,2,10,0,283
2024-10-09,AB+,19,2,10,0,283
2024-10-09,AB-,7,2,10,0,283
2024-10-09,O+,25,2,10,0,283
2024-10-09,O-,11,2,10,0,283
2024-10-10,A+,23,3,10,0,284
2024-10-10,A-,11,3,10,0,284
2024-10-10,B+,20,3,10,0,284
2024-10-10,B-,12,3,10,0,284
2024-10-10,AB+,19,3,10,0,284
2024-10-10,AB-,6,3,10,0,284
2024-10-10,O+,24,3,10,0,284
2024-10-10,O-,9,3,10,0,284
2024-10-11,A+,20,4,10,0,285
2024-10-11,A-,10,4,10,0,285
2024-10-11,B+,20,4,10,0,285
2024-10-11,B-,9,4,10,0,285
2024-10-11,AB+,15,4,10,0,285
2024-10-11,AB-,9,4,10,0,285
2024-10-11,O+,23,4,10,0,285
2024-10-11,O-,6,4,10,0,285
2024-10-12,A+,24,5,10,1,286
2024-10-12,A-,15,5,10,1,286
2024-10-12,B+,27,5,10,1,286
2024-10-12,B-,14,5,10,1,286
2024-10-12,AB+,22,5,10,1,286
2024-10-12,AB-,10,5,10,1,286
2024-10-12,O+,29,5,10,1,286
2024-10-12,O-,14,5,10,1,286
2024-10-13,A+,25,6,10,1,287
2024-10-13,A-,17,6,10,1,287
2024-10-13,B+,28,6,10,1,287
2024-10-13,B-,16,6,10,1,287
2024-10-13,AB+,24,6,10,1,287
2024-10-13,AB-,11,6,10,1,287
2024-10-13,O+,29,6,10,1,287
2024-10-13,O-,14,6,10,1,287
2024-10-14,A+,22,0,10,0,288
2024-10-14,A-,11,0,10,0,288
2024-10-14,B+,21,0,10,0,288
2024-10-14,B-,9,0,10,0,288
2024-10-14,AB+,19,0,10,0,288
2024-10-14,AB-,5,0,10,0,288
2024-10-14,O+,24,0,10,0,288
2024-10-14,O-,8,0,10,0,288
2024-10-15,A+,22,1,10,0,289
2024-10-15,A-,12,1,10,0,289
2024-10-15,B+,23,1,10,0,289
2024-10-15,B-,12,1,10,0,289
2024-10-15,AB+,18,1,10,0,289
2024-10-15,AB-,9,1,10,0,289
2024-10-15,O+,25,1,10,0,289
2024-10-15,O-,9,1,10,0,289
2024-10-16,A+,23,2,10,0,290
2024-10-16,A-,14,2,10,0,290
2024-10-16,B+,22,2,10,0,290
2024-10-16,B-,11,2,10,0,290
2024-10-16,AB+,18,2,10,0,290
2024-10-16,AB-,9,2,10,0,290
2024-10-16,O+,25,2,10,0,290
2024-10-16,O-,12,2,10,0,290
2024-10-17,A+,21,3,10,0,291
2024-10-17,A-,11,3,10,0,291
2024-10-17,B+,23,3,10,0,291
2024-10-17,B-,10,3,10,0,291
2024-10-17,AB+,17,3,10,0,291
2024-10-17,AB-,7,3,10,0,291
2024-10-17,O+,20,3,10,0,291
2024-10-17,O-,10,3,10,0,291
2024-10-18,A+,21,4,10,0,292
2024-10-18,A-,11,4,10,0,292
2024-10-18,B+,23,4,10,0,292
2024-10-18,B-,11,4,10,0,292
2024-10-18,AB+,16,4,10,0,292
2024-10-18,AB-,8,4,10,0,292
2024-10-18,O+,22,4,10,0,292
2024-10-18,O-,7,4,10,0,292
2024-10-19,A+,24,5,10,1,293
2024-10-19,A-,16,5,10,1,293
2024-10-19,B+,27,5,10,1,293
2024-10-19,B-,17,5,10,1,293
2024-10-19,AB+,23,5,10,1,293
2024-10-19,AB-,11,5,10,1,293
2024-10-19,O+,27,5,10,1,293
2024-10-19,O-,14,5,10,1,293
2024-10-20,A+,27,6,10,1,294
2024-10-20,A-,18,6,10,1,294
2024-10-20,B+,26,6,10,1,294
2024-10-20,B-,16,6,10,1,294
2024-10-20,AB+,24,6,10,1,294
2024-10-20,AB-,11,6,10,1,294
2024-10-20,O+,29,6,10,1,294
2024-10-20,O-,15,6,10,1,294
2024-10-21,A+,21,0,10,0,295
2024-10-21,A-,11,0,10,0,295
2024-10-21,B+,24,0,10,0,295
2024-10-21,B-,13,0,10,0,295
2024-10-21,AB+,17,0,10,0,295
2024-10-21,AB-,7,0,10,0,295
2024-10-21,O+,24,0,10,0,295
2024-10-21,O-,8,0,10,0,295
2024-10-22,A+,23,1,10,0,296
2024-10-22,A-,11,1,10,0,296
2024-10-22,B+,23,1,10,0,296
2024-10-22,B-,13,1,10,0,296
2024-10-22,AB+,20,1,10,0,296
2024-10-22,AB-,7,1,10,0,296
2024-10-22,O+,24,1,10,0,296
2024-10-22,O-,8,1,10,0,296
2024-10-23,A+,21,2,10,0,297
2024-10-23,A-,12,2,10,0,297
2024-10-23,B+,24,2,10,0,297
2024-10-23,B-,13,2,10,0,297
2024-10-23,AB+,19,2,10,0,297
2024-10-23,AB-,9,2,10,0,297
2024-10-23,O+,27,2,10,0,297
2024-10-23,O-,9,2,10,0,297
2024-10-24,A+,19,3,10,0,298
2024-10-24,A-,13,3,10,0,298
2024-10-24,B+,22,3,10,0,298
2024-10-24,B-,10,3,10,0,298
2024-10-24,AB+,19,3,10,0,298
2024-10-24,AB-,6,3,10,0,298
2024-10-24,O+,23,3,10,0,298
2024-10-24,O-,6,3,10,0,298
2024-10-25,A+,20,4,10,0,299
2024-10-25,A-,12,4,10,0,299
2024-10-25,B+,20,4,10,0,299
2024-10-25,B-,9,4,10,0,299
2024-10-25,AB+,19,4,10,0,299
2024-10-25,AB-,7,4,10,0,299
2024-10-25,O+,25,4,10,0,299
2024-10-25,O-,8,4,10,0,299
2024-10-26,A+,26,5,10,1,300
2024-10-26,A-,18,5,10,1,300
2024-10-26,B+,26,5,10,1,300
2024-10-26,B-,16,5,10,1,300
2024-10-26,AB+,20,5,10,1,300
2024-10-26,AB-,15,5,10,1,300
2024-10-26,O+,29,5,10,1,300
2024-10-26,O-,13,5,10,1,300
2024-10-27,A+,27,6,10,1,301
2024-10-27,A-,16,6,10,1,301
2024-10-27,B+,26,6,10,1,301
2024-10-27,B-,17,6,10,1,301
2024-10-27,AB+,23,6,10,1,301
2024-10-27,AB-,14,6,10,1,301
2024-10-27,O+,29,6,10,1,301
2024-10-27,O-,15,6,10,1,301
2024-10-28,A+,19,0,10,0,302
2024-10-28,A-,13,0,10,0,302
2024-10-28,B+,21,0,10,0,302
2024-10-28,B-,11,0,10,0,302
2024-10-28,AB+,17,0,10,0,302
2024-10-28,AB-,7,0,10,0,302
2024-10-28,O+,24,0,10,0,302
2024-10-28,O-,9,0,10,0,302
2024-10-29,A+,23,1,10,0,303
2024-10-29,A-,14,1,10,0,303
2024-10-29,B+,22,1,10,0,303
2024-10-29,B-,13,1,10,0,303
2024-10-29,AB+,19,1,10,0,303
2024-10-29,AB-,9,1,10,0,303
2024-10-29,O+,26,1,10,0,303
2024-10-29,O-,9,1,10,0,303
2024-10-30,A+,20,2,10,0,304
2024-10-30,A-,15,2,10,0,304
2024-10-30,B+,23,2,10,0,304
2024-10-30,B-,13,2,10,0,304
2024-10-30,AB+,19,2,10,0,304
2024-10-30,AB-,11,2,10,0,304
2024-10-30,O+,26,2,10,0,304
2024-10-30,O-,10,2,10,0,304
2024-10-31,A+,22,3,10,0,305
2024-10-31,A-,10,3,10,0,305
2024-10-31,B+,23,3,10,0,305
2024-10-31,B-,13,3,10,0,305
2024-10-31,AB+,19,3,10,0,305
2024-10-31,AB-,9,3,10,0,305
2024-10-31,O+,24,3,10,0,305
2024-10-31,O-,11,3,10,0,305
2024-11-01,A+,21,4,11,0,306
2024-11-01,A-,10,4,11,0,306
2024-11-01,B+,21,4,11,0,306
2024-11-01,B-,10,4,11,0,306
2024-11-01,AB+,17,4,11,0,306
2024-11-01,AB-,6,4,11,0,306
2024-11-01,O+,24,4,11,0,306
2024-11-01,O-,9,4,11,0,306
2024-11-02,A+,27,5,11,1,307
2024-11-02,A-,16,5,11,1,307
2024-11-02,B+,26,5,11,1,307
2024-11-02,B-,18,5,11,1,307
2024-11-02,AB+,24,5,11,1,307
2024-11-02,AB-,12,5,11,1,307
2024-11-02,O+,30,5,11,1,307
2024-11-02,O-,13,5,11,1,307
2024-11-03,A+,24,6,11,1,308
2024-11-03,A-,15,6,11,1,308
2024-11-03,B+,27,6,11,1,308
2024-11-03,B-,18,6,11,1,308
2024-11-03,AB+,25,6,11,1,308
2024-11-03,AB-,15,6,11,1,308
2024-11-03,O+,30,6,11,1,308
2024-11-03,O-,15,6,11,1,308
2024-11-04,A+,22,0,11,0,309
2024-11-04,A-,9,0,11,0,309
2024-11-04,B+,23,0,11,0,309
2024-11-04,B-,10,0,11,0,309
2024-11-04,AB+,17,0,11,0,309
2024-11-04,AB-,9,0,11,0,309
2024-11-04,O+,25,0,11,0,309
2024-11-04,O-,8,0,11,0,309
2024-11-05,A+,23,1,11,0,310
2024-11-05,A-,14,1,11,0,310
2024-11-05,B+,23,1,11,0,310
2024-11-05,B-,13,1,11,0,310
2024-11-05,AB+,22,1,11,0,310
2024-11-05,AB-,9,1,11,0,310
2024-11-05,O+,25,1,11,0,310
2024-11-05,O-,11,1,11,0,310
2024-11-06,A+,23,2,11,0,311
2024-11-06,A-,15,2,11,0,311
2024-11-06,B+,26,2,11,0,311
2024-11-06,B-,13,2,11,0,311
2024-11-06,AB+,19,2,11,0,311
2024-11-06,AB-,12,2,11,0,311
2024-11-06,O+,26,2,11,0,311
2024-11-06,O-,9,2,11,0,311
2024-11-07,A+,24,3,11,0,312
2024-11-07,A-,14,3,11,0,312
2024-11-07,B+,25,3,11,0,312
2024-11-07,B-,14,3,11,0,312
2024-11-07,AB+,22,3,11,0,312
2024-11-07,AB-,8,3,11,0,312
2024-11-07,O+,24,3,11,0,312
2024-11-07,O-,9,3,11,0,312
2024-11-08,A+,20,4,11,0,313
2024-11-08,A-,11,4,11,0,313
2024-11-08,B+,21,4,11,0,313
2024-11-08,B-,9,4,11,0,313
2024-11-08,AB+,16,4,11,0,313
2024-11-08,AB-,7,4,11,0,313
2024-11-08,O+,25,4,11,0,313
2024-11-08,O-,8,4,11,0,313
2024-11-09,A+,27,5,11,1,314
2024-11-09,A-,16,5,11,1,314
2024-11-09,B+,23,5,11,1,314
2024-11-09,B-,16,5,11,1,314
2024-11-09,AB+,22,5,11,1,314
2024-11-09,AB-,12,5,11,1,314
2024-11-09,O+,28,5,11,1,314
2024-11-09,O-,13,5,11,1,314
2024-11-10,A+,25,6,11,1,315
2024-11-10,A-,17,6,11,1,315
2024-11-10,B+,26,6,11,1,315
2024-11-10,B-,14,6,11,1,315
2024-11-10,AB+,21,6,11,1,315
2024-11-10,AB-,17,6,11,1,315
2024-11-10,O+,30,6,11,1,315
2024-11-10,O-,16,6,11,1,315
2024-11-11,A+,21,0,11,0,316
2024-11-11,A-,12,0,11,0,316
2024-11-11,B+,23,0,11,0,316
2024-11-11,B-,12,0,11,0,316
2024-11-11,AB+,17,0,11,0,316
2024-11-11,AB-,8,0,11,0,316
2024-11-11,O+,25,0,11,0,316
2024-11-11,O-,7,0,11,0,316
2024-11-12,A+,24,1,11,0,317
2024-11-12,A-,15,1,11,0,317
2024-11-12,B+,21,1,11,0,317
2024-11-12,B-,12,1,11,0,317
2024-11-12,AB+,20,1,11,0,317
2024-11-12,AB-,11,1,11,0,317
2024-11-12,O+,28,1,11,0,317
2024-11-12,O-,10,1,11,0,317
2024-11-13,A+,26,2,11,0,318
2024-11-13,A-,14,2,11,0,318
2024-11-13,B+,24,2,11,0,318
2024-11-13,B-,14,2,11,0,318
2024-11-13,AB+,21,2,11,0,318
2024-11-13,AB-,11,2,11,0,318
2024-11-13,O+,29,2,11,0,318
2024-11-13,O-,12,2,11,0,318
2024-11-14,A+,21,3,11,0,319
2024-11-14,A-,12,3,11,0,319
2024-11-14,B+,25,3,11,0,319
2024-11-14,B-,13,3,11,0,319
2024-11-14,AB+,17,3,11,0,319
2024-11-14,AB-,7,3,11,0,319
2024-11-14,O+,25,3,11,0,319
2024-11-14,O-,11,3,11,0,319
2024-11-15,A+,20,4,11,0,320
2024-11-15,A-,10,4,11,0,320
2024-11-15,B+,20,4,11,0,320
2024-11-15,B-,13,4,11,0,320
2024-11-15,AB+,18,4,11,0,320
2024-11-15,AB-,9,4,11,0,320
2024-11-15,O+,25,4,11,0,320
2024-11-15,O-,8,4,11,0,320
2024-11-16,A+,26,5,11,1,321
2024-11-16,A-,17,5,11,1,321
2024-11-16,B+,28,5,11,1,321
2024-11-16,B-,18,5,11,1,321
2024-11-16,AB+,26,5,11,1,321
2024-11-16,AB-,15,5,11,1,321
2024-11-16,O+,31,5,11,1,321
2024-11-16,O-,17,5,11,1,321
2024-11-17,A+,27,6,11,1,322
2024-11-17,A-,19,6,11,1,322
2024-11-17,B+,29,6,11,1,322
2024-11-17,B-,18,6,11,1,322
2024-11-17,AB+,24,6,11,1,322
2024-11-17,AB-,12,6,11,1,322
2024-11-17,O+,30,6,11,1,322
2024-11-17,O-,15,6,11,1,322
2024-11-18,A+,21,0,11,0,323
2024-11-18,A-,13,0,11,0,323
2024-11-18,B+,22,0,11,0,323
2024-11-18,B-,11,0,11,0,323
2024-11-18,AB+,18,0,11,0,323
2024-11-18,AB-,7,0,11,0,323
2024-11-18,O+,24,0,11,0,323
2024-11-18,O-,11,0,11,0,323
2024-11-19,A+,25,1,11,0,324
2024-11-19,A-,17,1,11,0,324
2024-11-19,B+,24,1,11,0,324
2024-11-19,B-,15,1,11,0,324
2024-11-19,AB+,21,1,11,0,324
2024-11-19,AB-,10,1,11,0,324
2024-11-19,O+,27,1,11,0,324
2024-11-19,O-,13,1,11,0,324
2024-11-20,A+,23,2,11,0,325
2024-11-20,A-,14,2,11,0,325
2024-11-20,B+,24,2,11,0,325
2024-11-20,B-,13,2,11,0,325
2024-11-20,AB+,22,2,11,0,325
2024-11-20,AB-,10,2,11,0,325
2024-11-20,O+,26,2,11,0,325
2024-11-20,O-,12,2,11,0,325
2024-11-21,A+,23,3,11,0,326
2024-11-21,A-,13,3,11,0,326
2024-11-21,B+,26,3,11,0,326
2024-11-21,B-,12,3,11,0,326
2024-11-21,AB+,20,3,11,0,326
2024-11-21,AB-,7,3,11,0,326
2024-11-21,O+,25,3,11,0,326
2024-11-21,O-,9,3,11,0,326
2024-11-22,A+,20,4,11,0,327
2024-11-22,A-,10,4,11,0,327
2024-11-22,B+,21,4,11,0,327
2024-11-22,B-,11,4,11,0,327
2024-11-22,AB+,18,4,11,0,327
2024-11-22,AB-,8,4,11,0,327
2024-11-22,O+,24,4,11,0,327
2024-11-22,O-,8,4,11,0,327
2024-11-23,A+,27,5,11,1,328
2024-11-23,A-,18,5,11,1,328
2024-11-23,B+,28,5,11,1,328
2024-11-23,B-,17,5,11,1,328
2024-11-23,AB+,24,5,11,1,328
2024-11-23,AB-,15,5,11,1,328
2024-11-23,O+,31,5,11,1,328
2024-11-23,O-,15,5,11,1,328
2024-11-24,A+,29,6,11,1,329
2024-11-24,A-,19,6,11,1,329
2024-11-24,B+,28,6,11,1,329
2024-11-24,B-,17,6,11,1,329
2024-11-24,AB+,25,6,11,1,329
2024-11-24,AB-,13,6,11,1,329
2024-11-24,O+,28,6,11,1,329
2024-11-24,O-,16,6,11,1,329
2024-11-25,A+,23,0,11,0,330
2024-11-25,A-,12,0,11,0,330
2024-11-25,B+,24,0,11,0,330
2024-11-25,B-,10,0,11,0,330
2024-11-25,AB+,18,0,11,0,330
2024-11-25,AB-,11,0,11,0,330
2024-11-25,O+,26,0,11,0,330
2024-11-25,O-,10,0,11,0,330
2024-11-26,A+,24,1,11,0,331
2024-11-26,A-,16,1,11,0,331
2024-11-26,B+,23,1,11,0,331
2024-11-26,B-,15,1,11,0,331
2024-11-26,AB+,20,1,11,0,331
2024-11-26,AB-,12,1,11,0,331
2024-11-26,O+,26,1,11,0,331
2024-11-26,O-,14,1,11,0,331
2024-11-27,A+,24,2,11,0,332
2024-11-27,A-,14,2,11,0,332
2024-11-27,B+,26,2,11,0,332
2024-11-27,B-,16,2,11,0,332
2024-11-27,AB+,23,2,11,0,332
2024-11-27,AB-,11,2,11,0,332
2024-11-27,O+,28,2,11,0,332
2024-11-27,O-,12,2,11,0,332
2024-11-28,A+,24,3,11,0,333
2024-11-28,A-,15,3,11,0,333
2024-11-28,B+,21,3,11,0,333
2024-11-28,B-,12,3,11,0,333
2024-11-28,AB+,21,3,11,0,333
2024-11-28,AB-,10,3,11,0,333
2024-11-28,O+,26,3,11,0,333
2024-11-28,O-,11,3,11,0,333
2024-11-29,A+,23,4,11,0,334
2024-11-29,A-,13,4,11,0,334
2024-11-29,B+,20,4,11,0,334
2024-11-29,B-,14,4,11,0,334
2024-11-29,AB+,16,4,11,0,334
2024-11-29,AB-,10,4,11,0,334
2024-11-29,O+,23,4,11,0,334
2024-11-29,O-,11,4,11,0,334
2024-11-30,A+,27,5,11,1,335
2024-11-30,A-,19,5,11,1,335
2024-11-30,B+,26,5,11,1,335
2024-11-30,B-,18,5,11,1,335
2024-11-30,AB+,25,5,11,1,335
2024-11-30,AB-,15,5,11,1,335
2024-11-30,O+,32,5,11,1,335
2024-11-30,O-,16,5,11,1,335
2024-12-01,A+,28,6,12,1,336
2024-12-01,A-,18,6,12,1,336
2024-12-01,B+,29,6,12,1,336
2024-12-01,B-,19,6,12,1,336
2024-12-01,AB+,24,6,12,1,336
2024-12-01,AB-,13,6,12,1,336
2024-12-01,O+,30,6,12,1,336
2024-12-01,O-,17,6,12,1,336
2024-12-02,A+,22,0,12,0,337
2024-12-02,A-,14,0,12,0,337
2024-12-02,B+,21,0,12,0,337
2024-12-02,B-,9,0,12,0,337
2024-12-02,AB+,20,0,12,0,337
2024-12-02,AB-,11,0,12,0,337
2024-12-02,O+,24,0,12,0,337
2024-12-02,O-,11,0,12,0,337
2024-12-03,A+,26,1,12,0,338
2024-12-03,A-,15,1,12,0,338
2024-12-03,B+,26,1,12,0,338
2024-12-03,B-,15,1,12,0,338
2024-12-03,AB+,21,1,12,0,338
2024-12-03,AB-,12,1,12,0,338
2024-12-03,O+,30,1,12,0,338
2024-12-03,O-,12,1,12,0,338
2024-12-04,A+,25,2,12,0,339
2024-12-04,A-,15,2,12,0,339
2024-12-04,B+,26,2,12,0,339
2024-12-04,B-,15,2,12,0,339
2024-12-04,AB+,23,2,12,0,339
2024-12-04,AB-,13,2,12,0,339
2024-12-04,O+,29,2,12,0,339
2024-12-04,O-,14,2,12,0,339
2024-12-05,A+,23,3,12,0,340
2024-12-05,A-,14,3,12,0,340
2024-12-05,B+,25,3,12,0,340
2024-12-05,B-,14,3,12,0,340
2024-12-05,AB+,23,3,12,0,340
2024-12-05,AB-,8,3,12,0,340
2024-12-05,O+,28,3,12,0,340
2024-12-05,O-,13,3,12,0,340
2024-12-06,A+,21,4,12,0,341
2024-12-06,A-,12,4,12,0,341
2024-12-06,B+,23,4,12,0,341
2024-12-06,B-,10,4,12,0,341
2024-12-06,AB+,21,4,12,0,341
2024-12-06,AB-,12,4,12,0,341
2024-12-06,O+,25,4,12,0,341
2024-12-06,O-,9,4,12,0,341
2024-12-07,A+,27,5,12,1,342
2024-12-07,A-,18,5,12,1,342
2024-12-07,B+,28,5,12,1,342
2024-12-07,B-,20,5,12,1,342
2024-12-07,AB+,29,5,12,1,342
2024-12-07,AB-,14,5,12,1,342
2024-12-07,O+,30,5,12,1,342
2024-12-07,O-,15,5,12,1,342
2024-12-08,A+,29,6,12,1,343
2024-12-08,A-,20,6,12,1,343
2024-12-08,B+,30,6,12,1,343
2024-12-08,B-,18,6,12,1,343
2024-12-08,AB+,27,6,12,1,343
2024-12-08,AB-,17,6,12,1,343
2024-12-08,O+,32,6,12,1,343
2024-12-08,O-,17,6,12,1,343
2024-12-09,A+,23,0,12,0,344
2024-12-09,A-,13,0,12,0,344
2024-12-09,B+,25,0,12,0,344
2024-12-09,B-,14,0,12,0,344
2024-12-09,AB+,21,0,12,0,344
2024-12-09,AB-,8,0,12,0,344
2024-12-09,O+,27,0,12,0,344
2024-12-09,O-,11,0,12,0,344
2024-12-10,A+,24,1,12,0,345
2024-12-10,A-,17,1,12,0,345
2024-12-10,B+,26,1,12,0,345
2024-12-10,B-,18,1,12,0,345
2024-12-10,AB+,22,1,12,0,345
2024-12-10,AB-,12,1,12,0,345
2024-12-10,O+,28,1,12,0,345
2024-12-10,O-,11,1,12,0,345
2024-12-11,A+,27,2,12,0,346
2024-12-11,A-,17,2,12,0,346
2024-12-11,B+,27,2,12,0,346
2024-12-11,B-,14,2,12,0,346
2024-12-11,AB+,23,2,12,0,346
2024-12-11,AB-,11,2,12,0,346
2024-12-11,O+,28,2,12,0,346
2024-12-11,O-,13,2,12,0,346
2024-12-12,A+,24,3,12,0,347
2024-12-12,A-,14,3,12,0,347
2024-12-12,B+,25,3,12,0,347
2024-12-12,B-,16,3,12,0,347
2024-12-12,AB+,22,3,12,0,347
2024-12-12,AB-,12,3,12,0,347
2024-12-12,O+,28,3,12,0,347
2024-12-12,O-,12,3,12,0,347
2024-12-13,A+,24,4,12,0,348
2024-12-13,A-,12,4,12,0,348
2024-12-13,B+,24,4,12,0,348
2024-12-13,B-,14,4,12,0,348
2024-12-13,AB+,20,4,12,0,348
2024-12-13,AB-,9,4,12,0,348
2024-12-13,O+,26,4,12,0,348
2024-12-13,O-,10,4,12,0,348
2024-12-14,A+,29,5,12,1,349
2024-12-14,A-,21,5,12,1,349
2024-12-14,B+,30,5,12,1,349
2024-12-14,B-,19,5,12,1,349
2024-12-14,AB+,27,5,12,1,349
2024-12-14,AB-,17,5,12,1,349
2024-12-14,O+,31,5,12,1,349
2024-12-14,O-,15,5,12,1,349
2024-12-15,A+,29,6,12,1,350
2024-12-15,A-,21,6,12,1,350
2024-12-15,B+,28,6,12,1,350
2024-12-15,B-,19,6,12,1,350
2024-12-15,AB+,28,6,12,1,350
2024-12-15,AB-,16,6,12,1,350
2024-12-15,O+,34,6,12,1,350
2024-12-15,O-,19,6,12,1,350
2024-12-16,A+,24,0,12,0,351
2024-12-16,A-,14,0,12,0,351
2024-12-16,B+,24,0,12,0,351
2024-12-16,B-,14,0,12,0,351
2024-12-16,AB+,19,0,12,0,351
2024-12-16,AB-,9,0,12,0,351
2024-12-16,O+,24,0,12,0,351
2024-12-16,O-,12,0,12,0,351
2024-12-17,A+,28,1,12,0,352
2024-12-17,A-,14,1,12,0,352
2024-12-17,B+,26,1,12,0,352
2024-12-17,B-,15,1,12,0,352
2024-12-17,AB+,22,1,12,0,352
2024-12-17,AB-,14,1,12,0,352
2024-12-17,O+,27,1,12,0,352
2024-12-17,O-,11,1,12,0,352
2024-12-18,A+,25,2,12,0,353
2024-12-18,A-,16,2,12,0,353
2024-12-18,B+,24,2,12,0,353
2024-12-18,B-,16,2,12,0,353
2024-12-18,AB+,22,2,12,0,353
2024-12-18,AB-,13,2,12,0,353
2024-12-18,O+,28,2,12,0,353
2024-12-18,O-,13,2,12,0,353
2024-12-19,A+,26,3,12,0,354
2024-12-19,A-,16,3,12,0,354
2024-12-19,B+,26,3,12,0,354
2024-12-19,B-,16,3,12,0,354
2024-12-19,AB+,22,3,12,0,354
2024-12-19,AB-,12,3,12,0,354
2024-12-19,O+,27,3,12,0,354
2024-12-19,O-,12,3,12,0,354
2024-12-20,A+,23,4,12,0,355
2024-12-20,A-,13,4,12,0,355
2024-12-20,B+,25,4,12,0,355
2024-12-20,B-,13,4,12,0,355
2024-12-20,AB+,21,4,12,0,355
2024-12-20,AB-,9,4,12,0,355
2024-12-20,O+,25,4,12,0,355
2024-12-20,O-,13,4,12,0,355
2024-12-21,A+,29,5,12,1,356
2024-12-21,A-,21,5,12,1,356
2024-12-21,B+,29,5,12,1,356
2024-12-21,B-,19,5,12,1,356
2024-12-21,AB+,28,5,12,1,356
2024-12-21,AB-,14,5,12,1,356
2024-12-21,O+,35,5,12,1,356
2024-12-21,O-,18,5,12,1,356
2024-12-22,A+,29,6,12,1,357
2024-12-22,A-,21,6,12,1,357
2024-12-22,B+,32,6,12,1,357
2024-12-22,B-,19,6,12,1,357
2024-12-22,AB+,26,6,12,1,357
2024-12-22,AB-,17,6,12,1,357
2024-12-22,O+,33,6,12,1,357
2024-12-22,O-,18,6,12,1,357
2024-12-23,A+,25,0,12,0,358
2024-12-23,A-,16,0,12,0,358
2024-12-23,B+,26,0,12,0,358
2024-12-23,B-,14,0,12,0,358
2024-12-23,AB+,21,0,12,0,358
2024-12-23,AB-,14,0,12,0,358
2024-12-23,O+,28,0,12,0,358
2024-12-23,O-,14,0,12,0,358
2024-12-24,A+,25,1,12,0,359
2024-12-24,A-,17,1,12,0,359
2024-12-24,B+,28,1,12,0,359
2024-12-24,B-,18,1,12,0,359
2024-12-24,AB+,25,1,12,0,359
2024-12-24,AB-,12,1,12,0,359
2024-12-24,O+,30,1,12,0,359
2024-12-24,O-,16,1,12,0,359
2024-12-25,A+,26,2,12,0,360
2024-12-25,A-,16,2,12,0,360
2024-12-25,B+,27,2,12,0,360
2024-12-25,B-,17,2,12,0,360
2024-12-25,AB+,23,2,12,0,360
2024-12-25,AB-,12,2,12,0,360
2024-12-25,O+,31,2,12,0,360
2024-12-25,O-,13,2,12,0,360
2024-12-26,A+,25,3,12,0,361
2024-12-26,A-,17,3,12,0,361
2024-12-26,B+,25,3,12,0,361
2024-12-26,B-,14,3,12,0,361
2024-12-26,AB+,22,3,12,0,361
2024-12-26,AB-,14,3,12,0,361
2024-12-26,O+,29,3,12,0,361
2024-12-26,O-,11,3,12,0,361
2024-12-27,A+,26,4,12,0,362
2024-12-27,A-,16,4,12,0,362
2024-12-27,B+,25,4,12,0,362
2024-12-27,B-,14,4,12,0,362
2024-12-27,AB+,22,4,12,0,362
2024-12-27,AB-,14,4,12,0,362
2024-12-27,O+,28,4,12,0,362
2024-12-27,O-,12,4,12,0,362
2024-12-28,A+,28,5,12,1,363
2024-12-28,A-,21,5,12,1,363
2024-12-28,B+,32,5,12,1,363
2024-12-28,B-,20,5,12,1,363
2024-12-28,AB+,26,5,12,1,363
2024-12-28,AB-,18,5,12,1,363
2024-12-28,O+,32,5,12,1,363
2024-12-28,O-,19,5,12,1,363
2024-12-29,A+,30,6,12,1,364
2024-12-29,A-,19,6,12,1,364
2024-12-29,B+,31,6,12,1,364
2024-12-29,B-,20,6,12,1,364
2024-12-29,AB+,28,6,12,1,364
2024-12-29,AB-,18,6,12,1,364
2024-12-29,O+,32,6,12,1,364
2024-12-29,O-,18,6,12,1,364
2024-12-30,A+,24,0,12,0,365
2024-12-30,A-,16,0,12,0,365
2024-12-30,B+,25,0,12,0,365
2024-12-30,B-,15,0,12,0,365
2024-12-30,AB+,26,0,12,0,365
2024-12-30,AB-,14,0,12,0,365
2024-12-30,O+,27,0,12,0,365
2024-12-30,O-,13,0,12,0,365
2024-12-31,A+,26,1,12,0,366
2024-12-31,A-,18,1,12,0,366
2024-12-31,B+,29,1,12,0,366
2024-12-31,B-,16,1,12,0,366
2024-12-31,AB+,23,1,12,0,366
2024-12-31,AB-,15,1,12,0,366
2024-12-31,O+,28,1,12,0,366
2024-12-31,O-,15,1,12,0,366
2025-01-01,A+,25,2,1,0,1
2025-01-01,A-,17,2,1,0,1
2025-01-01,B+,29,2,1,0,1
2025-01-01,B-,16,2,1,0,1
2025-01-01,AB+,22,2,1,0,1
2025-01-01,AB-,13,2,1,0,1
2025-01-01,O+,29,2,1,0,1
2025-01-01,O-,14,2,1,0,1
2025-01-02,A+,27,3,1,0,2
2025-01-02,A-,15,3,1,0,2
2025-01-02,B+,26,3,1,0,2
2025-01-02,B-,16,3,1,0,2
2025-01-02,AB+,23,3,1,0,2
2025-01-02,AB-,13,3,1,0,2
2025-01-02,O+,28,3,1,0,2
2025-01-02,O-,13,3,1,0,2
2025-01-03,A+,24,4,1,0,3
2025-01-03,A-,16,4,1,0,3
2025-01-03,B+,25,4,1,0,3
2025-01-03,B-,15,4,1,0,3
2025-01-03,AB+,23,4,1,0,3
2025-01-03,AB-,12,4,1,0,3
2025-01-03,O+,26,4,1,0,3
2025-01-03,O-,13,4,1,0,3
2025-01-04,A+,32,5,1,1,4
2025-01-04,A-,21,5,1,1,4
2025-01-04,B+,29,5,1,1,4
2025-01-04,B-,20,5,1,1,4
2025-01-04,AB+,28,5,1,1,4
2025-01-04,AB-,18,5,1,1,4
2025-01-04,O+,33,5,1,1,4
2025-01-04,O-,16,5,1,1,4
2025-01-05,A+,29,6,1,1,5
2025-01-05,A-,22,6,1,1,5
2025-01-05,B+,34,6,1,1,5
2025-01-05,B-,21,6,1,1,5
2025-01-05,AB+,29,6,1,1,5
2025-01-05,AB-,17,6,1,1,5
2025-01-05,O+,33,6,1,1,5
2025-01-05,O-,16,6,1,1,5
2025-01-06,A+,26,0,1,0,6
2025-01-06,A-,15,0,1,0,6
2025-01-06,B+,27,0,1,0,6
2025-01-06,B-,15,0,1,0,6
2025-01-06,AB+,25,0,1,0,6
2025-01-06,AB-,15,0,1,0,6
2025-01-06,O+,26,0,1,0,6
2025-01-06,O-,14,0,1,0,6
2025-01-07,A+,26,1,1,0,7
2025-01-07,A-,19,1,1,0,7
2025-01-07,B+,27,1,1,0,7
2025-01-07,B-,19,1,1,0,7
2025-01-07,AB+,25,1,1,0,7
2025-01-07,AB-,12,1,1,0,7
2025-01-07,O+,30,1,1,0,7
2025-01-07,O-,15,1,1,0,7
2025-01-08,A+,28,2,1,0,8
2025-01-08,A-,19,2,1,0,8
2025-01-08,B+,30,2,1,0,8
2025-01-08,B-,18,2,1,0,8
2025-01-08,AB+,25,2,1,0,8
2025-01-08,AB-,13,2,1,0,8
2025-01-08,O+,31,2,1,0,8
2025-01-08,O-,17,2,1,0,8
2025-01-09,A+,28,3,1,0,9
2025-01-09,A-,18,3,1,0,9
2025-01-09,B+,28,3,1,0,9
2025-01-09,B-,18,3,1,0,9
2025-01-09,AB+,24,3,1,0,9
2025-01-09,AB-,15,3,1,0,9
2025-01-09,O+,30,3,1,0,9
2025-01-09,O-,15,3,1,0,9
2025-01-10,A+,24,4,1,0,10
2025-01-10,A-,14,4,1,0,10
2025-01-10,B+,27,4,1,0,10
2025-01-10,B-,17,4,1,0,10
2025-01-10,AB+,22,4,1,0,10
2025-01-10,AB-,12,4,1,0,10
2025-01-10,O+,29,4,1,0,10
2025-01-10,O-,13,4,1,0,10
2025-01-11,A+,28,5,1,1,11
2025-01-11,A-,23,5,1,1,11
2025-01-11,B+,30,5,1,1,11
2025-01-11,B-,21,5,1,1,11
2025-01-11,AB+,27,5,1,1,11
2025-01-11,AB-,17,5,1,1,11
2025-01-11,O+,34,5,1,1,11
2025-01-11,O-,20,5,1,1,11
2025-01-12,A+,31,6,1,1,12
2025-01-12,A-,24,6,1,1,12
2025-01-12,B+,34,6,1,1,12
2025-01-12,B-,23,6,1,1,12
2025-01-12,AB+,28,6,1,1,12
2025-01-12,AB-,18,6,1,1,12
2025-01-12,O+,34,6,1,1,12
2025-01-12,O-,21,6,1,1,12
2025-01-13,A+,27,0,1,0,13
2025-01-13,A-,14,0,1,0,13
2025-01-13,B+,27,0,1,0,13
2025-01-13,B-,13,0,1,0,13
2025-01-13,AB+,23,0,1,0,13
2025-01-13,AB-,12,0,1,0,13
2025-01-13,O+,28,0,1,0,13
2025-01-13,O-,15,0,1,0,13
2025-01-14,A+,27,1,1,0,14
2025-01-14,A-,19,1,1,0,14
2025-01-14,B+,28,1,1,0,14
2025-01-14,B-,18,1,1,0,14
2025-01-14,AB+,26,1,1,0,14
2025-01-14,AB-,14,1,1,0,14
2025-01-14,O+,32,1,1,0,14
2025-01-14,O-,16,1,1,0,14
2025-01-15,A+,28,2,1,0,15
2025-01-15,A-,19,2,1,0,15
2025-01-15,B+,30,2,1,0,15
2025-01-15,B-,19,2,1,0,15
2025-01-15,AB+,25,2,1,0,15
2025-01-15,AB-,15,2,1,0,15
2025-01-15,O+,32,2,1,0,15
2025-01-15,O-,17,2,1,0,15
2025-01-16,A+,27,3,1,0,16
2025-01-16,A-,20,3,1,0,16
2025-01-16,B+,29,3,1,0,16
2025-01-16,B-,20,3,1,0,16
2025-01-16,AB+,22,3,1,0,16
2025-01-16,AB-,15,3,1,0,16
2025-01-16,O+,32,3,1,0,16
2025-01-16,O-,16,3,1,0,16
2025-01-17,A+,25,4,1,0,17
2025-01-17,A-,15,4,1,0,17
2025-01-17,B+,28,4,1,0,17
2025-01-17,B-,15,4,1,0,17
2025-01-17,AB+,22,4,1,0,17
2025-01-17,AB-,15,4,1,0,17
2025-01-17,O+,27,4,1,0,17
2025-01-17,O-,15,4,1,0,17
2025-01-18,A+,31,5,1,1,18
2025-01-18,A-,22,5,1,1,18
2025-01-18,B+,33,5,1,1,18
2025-01-18,B-,22,5,1,1,18
2025-01-18,AB+,30,5,1,1,18
2025-01-18,AB-,20,5,1,1,18
2025-01-18,O+,34,5,1,1,18
2025-01-18,O-,18,5,1,1,18
2025-01-19,A+,32,6,1,1,19
2025-01-19,A-,23,6,1,1,19
2025-01-19,B+,33,6,1,1,19
2025-01-19,B-,18,6,1,1,19
2025-01-19,AB+,27,6,1,1,19
2025-01-19,AB-,19,6,1,1,19
2025-01-19,O+,36,6,1,1,19
2025-01-19,O-,19,6,1,1,19
2025-01-20,A+,28,0,1,0,20
2025-01-20,A-,16,0,1,0,20
2025-01-20,B+,28,0,1,0,20
2025-01-20,B-,17,0,1,0,20
2025-01-20,AB+,24,0,1,0,20
2025-01-20,AB-,12,0,1,0,20
2025-01-20,O+,28,0,1,0,20
2025-01-20,O-,16,0,1,0,20
2025-01-21,A+,27,1,1,0,21
2025-01-21,A-,18,1,1,0,21
2025-01-21,B+,31,1,1,0,21
2025-01-21,B-,19,1,1,0,21
2025-01-21,AB+,26,1,1,0,21
2025-01-21,AB-,16,1,1,0,21
2025-01-21,O+,32,1,1,0,21
2025-01-21,O-,16,1,1,0,21
2025-01-22,A+,28,2,1,0,22
2025-01-22,A-,23,2,1,0,22
2025-01-22,B+,29,2,1,0,22
2025-01-22,B-,19,2,1,0,22
2025-01-22,AB+,26,2,1,0,22
2025-01-22,AB-,15,2,1,0,22
2025-01-22,O+,31,2,1,0,22
2025-01-22,O-,19,2,1,0,22
2025-01-23,A+,27,3,1,0,23
2025-01-23,A-,19,3,1,0,23
2025-01-23,B+,30,3,1,0,23
2025-01-23,B-,18,3,1,0,23
2025-01-23,AB+,25,3,1,0,23
2025-01-23,AB-,16,3,1,0,23
2025-01-23,O+,31,3,1,0,23
2025-01-23,O-,13,3,1,0,23
2025-01-24,A+,28,4,1,0,24
2025-01-24,A-,16,4,1,0,24
2025-01-24,B+,27,4,1,0,24
2025-01-24,B-,15,4,1,0,24
2025-01-24,AB+,23,4,1,0,24
2025-01-24,AB-,13,4,1,0,24
2025-01-24,O+,29,4,1,0,24
2025-01-24,O-,13,4,1,0,24
2025-01-25,A+,35,5,1,1,25
2025-01-25,A-,23,5,1,1,25
2025-01-25,B+,34,5,1,1,25
2025-01-25,B-,22,5,1,1,25
2025-01-25,AB+,30,5,1,1,25
2025-01-25,AB-,17,5,1,1,25
2025-01-25,O+,34,5,1,1,25
2025-01-25,O-,20,5,1,1,25
2025-01-26,A+,32,6,1,1,26
2025-01-26,A-,24,6,1,1,26
2025-01-26,B+,34,6,1,1,26
2025-01-26,B-,23,6,1,1,26
2025-01-26,AB+,30,6,1,1,26
2025-01-26,AB-,23,6,1,1,26
2025-01-26,O+,36,6,1,1,26
2025-01-26,O-,18,6,1,1,26
2025-01-27,A+,28,0,1,0,27
2025-01-27,A-,19,0,1,0,27
2025-01-27,B+,30,0,1,0,27
2025-01-27,B-,18,0,1,0,27
2025-01-27,AB+,23,0,1,0,27
2025-01-27,AB-,15,0,1,0,27
2025-01-27,O+,30,0,1,0,27
2025-01-27,O-,16,0,1,0,27
2025-01-28,A+,31,1,1,0,28
2025-01-28,A-,20,1,1,0,28
2025-01-28,B+,31,1,1,0,28
2025-01-28,B-,20,1,1,0,28
2025-01-28,AB+,26,1,1,0,28
2025-01-28,AB-,18,1,1,0,28
2025-01-28,O+,33,1,1,0,28
2025-01-28,O-,16,1,1,0,28
2025-01-29,A+,30,2,1,0,29
2025-01-29,A-,21,2,1,0,29
2025-01-29,B+,33,2,1,0,29
2025-01-29,B-,20,2,1,0,29
2025-01-29,AB+,27,2,1,0,29
2025-01-29,AB-,18,2,1,0,29
2025-01-29,O+,32,2,1,0,29
2025-01-29,O-,16,2,1,0,29
2025-01-30,A+,29,3,1,0,30
2025-01-30,A-,19,3,1,0,30
2025-01-30,B+,33,3,1,0,30
2025-01-30,B-,19,3,1,0,30
2025-01-30,AB+,26,3,1,0,30
2025-01-30,AB-,15,3,1,0,30
2025-01-30,O+,33,3,1,0,30
2025-01-30,O-,16,3,1,0,30
2025-01-31,A+,27,4,1,0,31
2025-01-31,A-,18,4,1,0,31
2025-01-31,B+,26,4,1,0,31
2025-01-31,B-,16,4,1,0,31
2025-01-31,AB+,24,4,1,0,31
2025-01-31,AB-,12,4,1,0,31
2025-01-31,O+,31,4,1,0,31
2025-01-31,O-,14,4,1,0,31
2025-02-01,A+,33,5,2,1,32
2025-02-01,A-,21,5,2,1,32
2025-02-01,B+,34,5,2,1,32
2025-02-01,B-,21,5,2,1,32
2025-02-01,AB+,29,5,2,1,32
2025-02-01,AB-,18,5,2,1,32
2025-02-01,O+,35,5,2,1,32
2025-02-01,O-,20,5,2,1,32
2025-02-02,A+,33,6,2,1,33
2025-02-02,A-,25,6,2,1,33
2025-02-02,B+,32,6,2,1,33
2025-02-02,B-,23,6,2,1,33
2025-02-02,AB+,30,6,2,1,33
2025-02-02,AB-,20,6,2,1,33
2025-02-02,O+,35,6,2,1,33
2025-02-02,O-,22,6,2,1,33
2025-02-03,A+,30,0,2,0,34
2025-02-03,A-,17,0,2,0,34
2025-02-03,B+,28,0,2,0,34
2025-02-03,B-,17,0,2,0,34
2025-02-03,AB+,24,0,2,0,34
2025-02-03,AB-,16,0,2,0,34
2025-02-03,O+,31,0,2,0,34
2025-02-03,O-,16,0,2,0,34
2025-02-04,A+,29,1,2,0,35
2025-02-04,A-,20,1,2,0,35
2025-02-04,B+,31,1,2,0,35
2025-02-04,B-,20,1,2,0,35
2025-02-04,AB+,27,1,2,0,35
2025-02-04,AB-,14,1,2,0,35
2025-02-04,O+,32,1,2,0,35
2025-02-04,O-,17,1,2,0,35
2025-02-05,A+,31,2,2,0,36
2025-02-05,A-,21,2,2,0,36
2025-02-05,B+,32,2,2,0,36
2025-02-05,B-,19,2,2,0,36
2025-02-05,AB+,28,2,2,0,36
2025-02-05,AB-,18,2,2,0,36
2025-02-05,O+,31,2,2,0,36
2025-02-05,O-,16,2,2,0,36
2025-02-06,A+,30,3,2,0,37
2025-02-06,A-,20,3,2,0,37
2025-02-06,B+,31,3,2,0,37
2025-02-06,B-,19,3,2,0,37
2025-02-06,AB+,27,3,2,0,37
2025-02-06,AB-,15,3,2,0,37
2025-02-06,O+,32,3,2,0,37
2025-02-06,O-,17,3,2,0,37
2025-02-07,A+,26,4,2,0,38
2025-02-07,A-,19,4,2,0,38
2025-02-07,B+,26,4,2,0,38
2025-02-07,B-,17,4,2,0,38
2025-02-07,AB+,23,4,2,0,38
2025-02-07,AB-,13,4,2,0,38
2025-02-07,O+,31,4,2,0,38
2025-02-07,O-,14,4,2,0,38
2025-02-08,A+,32,5,2,1,39
2025-02-08,A-,25,5,2,1,39
2025-02-08,B+,33,5,2,1,39
2025-02-08,B-,24,5,2,1,39
2025-02-08,AB+,31,5,2,1,39
2025-02-08,AB-,19,5,2,1,39
2025-02-08,O+,37,5,2,1,39
2025-02-08,O-,19,5,2,1,39
2025-02-09,A+,34,6,2,1,40
2025-02-09,A-,23,6,2,1,40
2025-02-09,B+,34,6,2,1,40
2025-02-09,B-,23,6,2,1,40
2025-02-09,AB+,32,6,2,1,40
2025-02-09,AB-,20,6,2,1,40
2025-02-09,O+,37,6,2,1,40
2025-02-09,O-,21,6,2,1,40
2025-02-10,A+,27,0,2,0,41
2025-02-10,A-,18,0,2,0,41
2025-02-10,B+,30,0,2,0,41
2025-02-10,B-,18,0,2,0,41
2025-02-10,AB+,26,0,2,0,41
2025-02-10,AB-,15,0,2,0,41
2025-02-10,O+,31,0,2,0,41
2025-02-10,O-,17,0,2,0,41
2025-02-11,A+,29,1,2,0,42
2025-02-11,A-,19,1,2,0,42
2025-02-11,B+,32,1,2,0,42
2025-02-11,B-,19,1,2,0,42
2025-02-11,AB+,27,1,2,0,42
2025-02-11,AB-,16,1,2,0,42
2025-02-11,O+,32,1,2,0,42
2025-02-11,O-,16,1,2,0,42
2025-02-12,A+,31,2,2,0,43
2025-02-12,A-,17,2,2,0,43
2025-02-12,B+,33,2,2,0,43
2025-02-12,B-,22,2,2,0,43
2025-02-12,AB+,26,2,2,0,43
2025-02-12,AB-,19,2,2,0,43
2025-02-12,O+,36,2,2,0,43
2025-02-12,O-,18,2,2,0,43
2025-02-13,A+,30,3,2,0,44
2025-02-13,A-,20,3,2,0,44
2025-02-13,B+,32,3,2,0,44
2025-02-13,B-,18,3,2,0,44
2025-02-13,AB+,26,3,2,0,44
2025-02-13,AB-,17,3,2,0,44
2025-02-13,O+,33,3,2,0,44
2025-02-13,O-,17,3,2,0,44
2025-02-14,A+,29,4,2,0,45
2025-02-14,A-,19,4,2,0,45
2025-02-14,B+,29,4,2,0,45
2025-02-14,B-,18,4,2,0,45
2025-02-14,AB+,25,4,2,0,45
2025-02-14,AB-,15,4,2,0,45
2025-02-14,O+,30,4,2,0,45
2025-02-14,O-,19,4,2,0,45
2025-02-15,A+,33,5,2,1,46
2025-02-15,A-,25,5,2,1,46
2025-02-15,B+,37,5,2,1,46
2025-02-15,B-,22,5,2,1,46
2025-02-15,AB+,31,5,2,1,46
2025-02-15,AB-,21,5,2,1,46
2025-02-15,O+,39,5,2,1,46
2025-02-15,O-,21,5,2,1,46
2025-02-16,A+,33,6,2,1,47
2025-02-16,A-,25,6,2,1,47
2025-02-16,B+,34,6,2,1,47
2025-02-16,B-,24,6,2,1,47
2025-02-16,AB+,33,6,2,1,47
2025-02-16,AB-,21,6,2,1,47
2025-02-16,O+,36,6,2,1,47
2025-02-16,O-,22,6,2,1,47
2025-02-17,A+,29,0,2,0,48
2025-02-17,A-,20,0,2,0,48
2025-02-17,B+,29,0,2,0,48
2025-02-17,B-,17,0,2,0,48
2025-02-17,AB+,26,0,2,0,48
2025-02-17,AB-,16,0,2,0,48
2025-02-17,O+,31,0,2,0,48
2025-02-17,O-,18,0,2,0,48
2025-02-18,A+,31,1,2,0,49
2025-02-18,A-,21,1,2,0,49
2025-02-18,B+,31,1,2,0,49
2025-02-18,B-,22,1,2,0,49
2025-02-18,AB+,26,1,2,0,49
2025-02-18,AB-,17,1,2,0,49
2025-02-18,O+,33,1,2,0,49
2025-02-18,O-,19,1,2,0,49
2025-02-19,A+,32,2,2,0,50
2025-02-19,A-,20,2,2,0,50
2025-02-19,B+,31,2,2,0,50
2025-02-19,B-,21,2,2,0,50
2025-02-19,AB+,27,2,2,0,50
2025-02-19,AB-,17,2,2,0,50
2025-02-19,O+,34,2,2,0,50
2025-02-19,O-,18,2,2,0,50
2025-02-20,A+,30,3,2,0,51
2025-02-20,A-,21,3,2,0,51
2025-02-20,B+,31,3,2,0,51
2025-02-20,B-,21,3,2,0,51
2025-02-20,AB+,28,3,2,0,51
2025-02-20,AB-,17,3,2,0,51
2025-02-20,O+,32,3,2,0,51
2025-02-20,O-,20,3,2,0,51
2025-02-21,A+,27,4,2,0,52
2025-02-21,A-,19,4,2,0,52
2025-02-21,B+,29,4,2,0,52
2025-02-21,B-,19,4,2,0,52
2025-02-21,AB+,28,4,2,0,52
2025-02-21,AB-,15,4,2,0,52
2025-02-21,O+,31,4,2,0,52
2025-02-21,O-,16,4,2,0,52
2025-02-22,A+,32,5,2,1,53
2025-02-22,A-,25,5,2,1,53
2025-02-22,B+,37,5,2,1,53
2025-02-22,B-,25,5,2,1,53
2025-02-22,AB+,32,5,2,1,53
2025-02-22,AB-,22,5,2,1,53
2025-02-22,O+,36,5,2,1,53
2025-02-22,O-,24,5,2,1,53
2025-02-23,A+,32,6,2,1,54
2025-02-23,A-,26,6,2,1,54
2025-02-23,B+,33,6,2,1,54
2025-02-23,B-,22,6,2,1,54
2025-02-23,AB+,33,6,2,1,54
2025-02-23,AB-,21,6,2,1,54
2025-02-23,O+,39,6,2,1,54
2025-02-23,O-,20,6,2,1,54
2025-02-24,A+,29,0,2,0,55
2025-02-24,A-,19,0,2,0,55
2025-02-24,B+,30,0,2,0,55
2025-02-24,B-,21,0,2,0,55
2025-02-24,AB+,28,0,2,0,55
2025-02-24,AB-,17,0,2,0,55
2025-02-24,O+,30,0,2,0,55
2025-02-24,O-,16,0,2,0,55
2025-02-25,A+,31,1,2,0,56
2025-02-25,A-,21,1,2,0,56
2025-02-25,B+,32,1,2,0,56
2025-02-25,B-,23,1,2,0,56
2025-02-25,AB+,26,1,2,0,56
2025-02-25,AB-,17,1,2,0,56
2025-02-25,O+,32,1,2,0,56
2025-02-25,O-,18,1,2,0,56
2025-02-26,A+,31,2,2,0,57
2025-02-26,A-,22,2,2,0,57
2025-02-26,B+,33,2,2,0,57
2025-02-26,B-,22,2,2,0,57
2025-02-26,AB+,28,2,2,0,57
2025-02-26,AB-,18,2,2,0,57
2025-02-26,O+,34,2,2,0,57
2025-02-26,O-,19,2,2,0,57
2025-02-27,A+,29,3,2,0,58
2025-02-27,A-,20,3,2,0,58
2025-02-27,B+,31,3,2,0,58
2025-02-27,B-,19,3,2,0,58
2025-02-27,AB+,28,3,2,0,58
2025-02-27,AB-,17,3,2,0,58
2025-02-27,O+,33,3,2,0,58
2025-02-27,O-,19,3,2,0,58
2025-02-28,A+,27,4,2,0,59
2025-02-28,A-,22,4,2,0,59
2025-02-28,B+,27,4,2,0,59
2025-02-28,B-,20,4,2,0,59
2025-02-28,AB+,26,4,2,0,59
2025-02-28,AB-,15,4,2,0,59
2025-02-28,O+,30,4,2,0,59
2025-02-28,O-,16,4,2,0,59
2025-03-01,A+,42,5,3,1,60
2025-03-01,A-,34,5,3,1,60
2025-03-01,B+,45,5,3,1,60
2025-03-01,B-,32,5,3,1,60
2025-03-01,AB+,40,5,3,1,60
2025-03-01,AB-,30,5,3,1,60
2025-03-01,O+,45,5,3,1,60
2025-03-01,O-,30,5,3,1,60
2025-03-02,A+,43,6,3,1,61
2025-03-02,A-,35,6,3,1,61
2025-03-02,B+,43,6,3,1,61
2025-03-02,B-,32,6,3,1,61
2025-03-02,AB+,40,6,3,1,61
2025-03-02,AB-,28,6,3,1,61
2025-03-02,O+,46,6,3,1,61
2025-03-02,O-,30,6,3,1,61
2025-03-03,A+,38,0,3,0,62
2025-03-03,A-,30,0,3,0,62
2025-03-03,B+,38,0,3,0,62
2025-03-03,B-,28,0,3,0,62
2025-03-03,AB+,35,0,3,0,62
2025-03-03,AB-,24,0,3,0,62
2025-03-03,O+,40,0,3,0,62
2025-03-03,O-,27,0,3,0,62
2025-03-04,A+,39,1,3,0,63
2025-03-04,A-,32,1,3,0,63
2025-03-04,B+,40,1,3,0,63
2025-03-04,B-,27,1,3,0,63
2025-03-04,AB+,36,1,3,0,63
2025-03-04,AB-,24,1,3,0,63
2025-03-04,O+,42,1,3,0,63
2025-03-04,O-,27,1,3,0,63
2025-03-05,A+,42,2,3,0,64
2025-03-05,A-,32,2,3,0,64
2025-03-05,B+,41,2,3,0,64
2025-03-05,B-,31,2,3,0,64
2025-03-05,AB+,36,2,3,0,64
2025-03-05,AB-,25,2,3,0,64
2025-03-05,O+,43,2,3,0,64
2025-03-05,O-,28,2,3,0,64
2025-03-06,A+,37,3,3,0,65
2025-03-06,A-,28,3,3,0,65
2025-03-06,B+,40,3,3,0,65
2025-03-06,B-,26,3,3,0,65
2025-03-06,AB+,36,3,3,0,65
2025-03-06,AB-,25,3,3,0,65
2025-03-06,O+,42,3,3,0,65
2025-03-06,O-,28,3,3,0,65
2025-03-07,A+,36,4,3,0,66
2025-03-07,A-,26,4,3,0,66
2025-03-07,B+,39,4,3,0,66
2025-03-07,B-,27,4,3,0,66
2025-03-07,AB+,34,4,3,0,66
2025-03-07,AB-,25,4,3,0,66
2025-03-07,O+,39,4,3,0,66
2025-03-07,O-,26,4,3,0,66
2025-03-08,A+,43,5,3,1,67
2025-03-08,A-,35,5,3,1,67
2025-03-08,B+,45,5,3,1,67
2025-03-08,B-,33,5,3,1,67
2025-03-08,AB+,41,5,3,1,67
2025-03-08,AB-,30,5,3,1,67
2025-03-08,O+,46,5,3,1,67
2025-03-08,O-,29,5,3,1,67
2025-03-09,A+,43,6,3,1,68
2025-03-09,A-,32,6,3,1,68
2025-03-09,B+,44,6,3,1,68
2025-03-09,B-,35,6,3,1,68
2025-03-09,AB+,41,6,3,1,68
2025-03-09,AB-,30,6,3,1,68
2025-03-09,O+,46,6,3,1,68
2025-03-09,O-,30,6,3,1,68
2025-03-10,A+,37,0,3,0,69
2025-03-10,A-,30,0,3,0,69
2025-03-10,B+,37,0,3,0,69
2025-03-10,B-,26,0,3,0,69
2025-03-10,AB+,36,0,3,0,69
2025-03-10,AB-,25,0,3,0,69
2025-03-10,O+,41,0,3,0,69
2025-03-10,O-,26,0,3,0,69
2025-03-11,A+,42,1,3,0,70
2025-03-11,A-,30,1,3,0,70
2025-03-11,B+,41,1,3,0,70
2025-03-11,B-,32,1,3,0,70
2025-03-11,AB+,36,1,3,0,70
2025-03-11,AB-,28,1,3,0,70
2025-03-11,O+,40,1,3,0,70
2025-03-11,O-,26,1,3,0,70
2025-03-12,A+,39,2,3,0,71
2025-03-12,A-,31,2,3,0,71
2025-03-12,B+,43,2,3,0,71
2025-03-12,B-,29,2,3,0,71
2025-03-12,AB+,38,2,3,0,71
2025-03-12,AB-,29,2,3,0,71
2025-03-12,O+,45,2,3,0,71
2025-03-12,O-,27,2,3,0,71
2025-03-13,A+,40,3,3,0,72
2025-03-13,A-,30,3,3,0,72
2025-03-13,B+,39,3,3,0,72
2025-03-13,B-,29,3,3,0,72
2025-03-13,AB+,35,3,3,0,72
2025-03-13,AB-,26,3,3,0,72
2025-03-13,O+,40,3,3,0,72
2025-03-13,O-,24,3,3,0,72
2025-03-14,A+,37,4,3,0,73
2025-03-14,A-,28,4,3,0,73
2025-03-14,B+,37,4,3,0,73
2025-03-14,B-,28,4,3,0,73
2025-03-14,AB+,34,4,3,0,73
2025-03-14,AB-,25,4,3,0,73
2025-03-14,O+,41,4,3,0,73
2025-03-14,O-,26,4,3,0,73
2025-03-15,A+,44,5,3,1,74
2025-03-15,A-,33,5,3,1,74
2025-03-15,B+,44,5,3,1,74
2025-03-15,B-,36,5,3,1,74
2025-03-15,AB+,41,5,3,1,74
2025-03-15,AB-,30,5,3,1,74
2025-03-15,O+,46,5,3,1,74
2025-03-15,O-,30,5,3,1,74
2025-03-16,A+,42,6,3,1,75
2025-03-16,A-,36,6,3,1,75
2025-03-16,B+,45,6,3,1,75
2025-03-16,B-,32,6,3,1,75
2025-03-16,AB+,40,6,3,1,75
2025-03-16,AB-,32,6,3,1,75
2025-03-16,O+,46,6,3,1,75
2025-03-16,O-,30,6,3,1,75
2025-03-17,A+,38,0,3,0,76
2025-03-17,A-,30,0,3,0,76
2025-03-17,B+,38,0,3,0,76
2025-03-17,B-,27,0,3,0,76
2025-03-17,AB+,35,0,3,0,76
2025-03-17,AB-,23,0,3,0,76
2025-03-17,O+,40,0,3,0,76
2025-03-17,O-,26,0,3,0,76
2025-03-18,A+,40,1,3,0,77
2025-03-18,A-,30,1,3,0,77
2025-03-18,B+,41,1,3,0,77
2025-03-18,B-,31,1,3,0,77
2025-03-18,AB+,36,1,3,0,77
2025-03-18,AB-,30,1,3,0,77
2025-03-18,O+,44,1,3,0,77
2025-03-18,O-,28,1,3,0,77
2025-03-19,A+,40,2,3,0,78
2025-03-19,A-,30,2,3,0,78
2025-03-19,B+,43,2,3,0,78
2025-03-19,B-,30,2,3,0,78
2025-03-19,AB+,35,2,3,0,78
2025-03-19,AB-,25,2,3,0,78
2025-03-19,O+,43,2,3,0,78
2025-03-19,O-,28,2,3,0,78
2025-03-20,A+,38,3,3,0,79
2025-03-20,A-,28,3,3,0,79
2025-03-20,B+,37,3,3,0,79
2025-03-20,B-,28,3,3,0,79
2025-03-20,AB+,35,3,3,0,79
2025-03-20,AB-,27,3,3,0,79
2025-03-20,O+,42,3,3,0,79
2025-03-20,O-,28,3,3,0,79
2025-03-21,A+,38,4,3,0,80
2025-03-21,A-,29,4,3,0,80
2025-03-21,B+,39,4,3,0,80
2025-03-21,B-,25,4,3,0,80
2025-03-21,AB+,33,4,3,0,80
2025-03-21,AB-,27,4,3,0,80
2025-03-21,O+,38,4,3,0,80
2025-03-21,O-,25,4,3,0,80
2025-03-22,A+,44,5,3,1,81
2025-03-22,A-,32,5,3,1,81
2025-03-22,B+,43,5,3,1,81
2025-03-22,B-,35,5,3,1,81
2025-03-22,AB+,40,5,3,1,81
2025-03-22,AB-,29,5,3,1,81
2025-03-22,O+,46,5,3,1,81
2025-03-22,O-,30,5,3,1,81
2025-03-23,A+,45,6,3,1,82
2025-03-23,A-,33,6,3,1,82
2025-03-23,B+,44,6,3,1,82
2025-03-23,B-,32,6,3,1,82
2025-03-23,AB+,40,6,3,1,82
2025-03-23,AB-,30,6,3,1,82
2025-03-23,O+,48,6,3,1,82
2025-03-23,O-,30,6,3,1,82
2025-03-24,A+,39,0,3,0,83
2025-03-24,A-,29,0,3,0,83
2025-03-24,B+,37,0,3,0,83
2025-03-24,B-,27,0,3,0,83
2025-03-24,AB+,34,0,3,0,83
2025-03-24,AB-,27,0,3,0,83
2025-03-24,O+,42,0,3,0,83
2025-03-24,O-,26,0,3,0,83
2025-03-25,A+,34,1,3,0,84
2025-03-25,A-,28,1,3,0,84
2025-03-25,B+,41,1,3,0,84
2025-03-25,B-,30,1,3,0,84
2025-03-25,AB+,36,1,3,0,84
2025-03-25,AB-,27,1,3,0,84
2025-03-25,O+,42,1,3,0,84
2025-03-25,O-,28,1,3,0,84
2025-03-26,A+,39,2,3,0,85
2025-03-26,A-,32,2,3,0,85
2025-03-26,B+,42,2,3,0,85
2025-03-26,B-,29,2,3,0,85
2025-03-26,AB+,35,2,3,0,85
2025-03-26,AB-,26,2,3,0,85
2025-03-26,O+,43,2,3,0,85
2025-03-26,O-,28,2,3,0,85
2025-03-27,A+,40,3,3,0,86
2025-03-27,A-,31,3,3,0,86
2025-03-27,B+,40,3,3,0,86
2025-03-27,B-,29,3,3,0,86
2025-03-27,AB+,38,3,3,0,86
2025-03-27,AB-,26,3,3,0,86
2025-03-27,O+,43,3,3,0,86
2025-03-27,O-,27,3,3,0,86
2025-03-28,A+,37,4,3,0,87
2025-03-28,A-,28,4,3,0,87
2025-03-28,B+,40,4,3,0,87
2025-03-28,B-,27,4,3,0,87
2025-03-28,AB+,34,4,3,0,87
2025-03-28,AB-,23,4,3,0,87
2025-03-28,O+,41,4,3,0,87
2025-03-28,O-,25,4,3,0,87
2025-03-29,A+,43,5,3,1,88
2025-03-29,A-,34,5,3,1,88
2025-03-29,B+,44,5,3,1,88
2025-03-29,B-,31,5,3,1,88
2025-03-29,AB+,39,5,3,1,88
2025-03-29,AB-,29,5,3,1,88
2025-03-29,O+,45,5,3,1,88
2025-03-29,O-,32,5,3,1,88
2025-03-30,A+,46,6,3,1,89
2025-03-30,A-,34,6,3,1,89
2025-03-30,B+,44,6,3,1,89
2025-03-30,B-,33,6,3,1,89
2025-03-30,AB+,41,6,3,1,89
2025-03-30,AB-,31,6,3,1,89
2025-03-30,O+,46,6,3,1,89
2025-03-30,O-,30,6,3,1,89
2025-03-31,A+,37,0,3,0,90
2025-03-31,A-,29,0,3,0,90
2025-03-31,B+,39,0,3,0,90
2025-03-31,B-,28,0,3,0,90
2025-03-31,AB+,36,0,3,0,90
2025-03-31,AB-,24,0,3,0,90
2025-03-31,O+,41,0,3,0,90
2025-03-31,O-,26,0,3,0,90
2025-04-01,A+,38,1,4,0,91
2025-04-01,A-,30,1,4,0,91
2025-04-01,B+,41,1,4,0,91
2025-04-01,B-,28,1,4,0,91
2025-04-01,AB+,40,1,4,0,91
2025-04-01,AB-,27,1,4,0,91
2025-04-01,O+,42,1,4,0,91
2025-04-01,O-,27,1,4,0,91
2025-04-02,A+,41,2,4,0,92
2025-04-02,A-,30,2,4,0,92
2025-04-02,B+,41,2,4,0,92
2025-04-02,B-,32,2,4,0,92
2025-04-02,AB+,36,2,4,0,92
2025-04-02,AB-,27,2,4,0,92
2025-04-02,O+,42,2,4,0,92
2025-04-02,O-,28,2,4,0,92
2025-04-03,A+,40,3,4,0,93
2025-04-03,A-,32,3,4,0,93
2025-04-03,B+,39,3,4,0,93
2025-04-03,B-,27,3,4,0,93
2025-04-03,AB+,36,3,4,0,93
2025-04-03,AB-,25,3,4,0,93
2025-04-03,O+,42,3,4,0,93
2025-04-03,O-,27,3,4,0,93
2025-04-04,A+,40,4,4,0,94
2025-04-04,A-,28,4,4,0,94
2025-04-04,B+,35,4,4,0,94
2025-04-04,B-,27,4,4,0,94
2025-04-04,AB+,35,4,4,0,94
2025-04-04,AB-,23,4,4,0,94
2025-04-04,O+,40,4,4,0,94
2025-04-04,O-,25,4,4,0,94
2025-04-05,A+,43,5,4,1,95
2025-04-05,A-,35,5,4,1,95
2025-04-05,B+,44,5,4,1,95
2025-04-05,B-,34,5,4,1,95
2025-04-05,AB+,38,5,4,1,95
2025-04-05,AB-,29,5,4,1,95
2025-04-05,O+,46,5,4,1,95
2025-04-05,O-,30,5,4,1,95
2025-04-06,A+,43,6,4,1,96
2025-04-06,A-,34,6,4,1,96
2025-04-06,B+,44,6,4,1,96
2025-04-06,B-,34,6,4,1,96
2025-04-06,AB+,41,6,4,1,96
2025-04-06,AB-,29,6,4,1,96
2025-04-06,O+,46,6,4,1,96
2025-04-06,O-,32,6,4,1,96
2025-04-07,A+,38,0,4,0,97
2025-04-07,A-,30,0,4,0,97
2025-04-07,B+,40,0,4,0,97
2025-04-07,B-,28,0,4,0,97
2025-04-07,AB+,37,0,4,0,97
2025-04-07,AB-,27,0,4,0,97
2025-04-07,O+,39,0,4,0,97
2025-04-07,O-,26,0,4,0,97
2025-04-08,A+,39,1,4,0,98
2025-04-08,A-,30,1,4,0,98
2025-04-08,B+,40,1,4,0,98
2025-04-08,B-,28,1,4,0,98
2025-04-08,AB+,38,1,4,0,98
2025-04-08,AB-,25,1,4,0,98
2025-04-08,O+,43,1,4,0,98
2025-04-08,O-,26,1,4,0,98
2025-04-09,A+,41,2,4,0,99
2025-04-09,A-,31,2,4,0,99
2025-04-09,B+,42,2,4,0,99
2025-04-09,B-,30,2,4,0,99
2025-04-09,AB+,37,2,4,0,99
2025-04-09,AB-,27,2,4,0,99
2025-04-09,O+,45,2,4,0,99
2025-04-09,O-,27,2,4,0,99
2025-04-10,A+,36,3,4,0,100
2025-04-10,A-,29,3,4,0,100
2025-04-10,B+,38,3,4,0,100
2025-04-10,B-,30,3,4,0,100
2025-04-10,AB+,36,3,4,0,100
2025-04-10,AB-,27,3,4,0,100
2025-04-10,O+,42,3,4,0,100
2025-04-10,O-,27,3,4,0,100
2025-04-11,A+,37,4,4,0,101
2025-04-11,A-,30,4,4,0,101
2025-04-11,B+,38,4,4,0,101
2025-04-11,B-,28,4,4,0,101
2025-04-11,AB+,35,4,4,0,101
2025-04-11,AB-,24,4,4,0,101
2025-04-11,O+,40,4,4,0,101
2025-04-11,O-,25,4,4,0,101
2025-04-12,A+,45,5,4,1,102
2025-04-12,A-,33,5,4,1,102
2025-04-12,B+,43,5,4,1,102
2025-04-12,B-,33,5,4,1,102
2025-04-12,AB+,39,5,4,1,102
2025-04-12,AB-,29,5,4,1,102
2025-04-12,O+,47,5,4,1,102
2025-04-12,O-,32,5,4,1,102
2025-04-13,A+,43,6,4,1,103
2025-04-13,A-,35,6,4,1,103
2025-04-13,B+,47,6,4,1,103
2025-04-13,B-,34,6,4,1,103
2025-04-13,AB+,42,6,4,1,103
2025-04-13,AB-,31,6,4,1,103
2025-04-13,O+,46,6,4,1,103
2025-04-13,O-,32,6,4,1,103
2025-04-14,A+,39,0,4,0,104
2025-04-14,A-,28,0,4,0,104
2025-04-14,B+,36,0,4,0,104
2025-04-14,B-,27,0,4,0,104
2025-04-14,AB+,32,0,4,0,104
2025-04-14,AB-,24,0,4,0,104
2025-04-14,O+,39,0,4,0,104
2025-04-14,O-,27,0,4,0,104
2025-04-15,A+,38,1,4,0,105
2025-04-15,A-,31,1,4,0,105
2025-04-15,B+,41,1,4,0,105
2025-04-15,B-,30,1,4,0,105
2025-04-15,AB+,34,1,4,0,105
2025-04-15,AB-,28,1,4,0,105
2025-04-15,O+,43,1,4,0,105
2025-04-15,O-,28,1,4,0,105
2025-04-16,A+,42,2,4,0,106
2025-04-16,A-,32,2,4,0,106
2025-04-16,B+,39,2,4,0,106
2025-04-16,B-,31,2,4,0,106
2025-04-16,AB+,35,2,4,0,106
2025-04-16,AB-,27,2,4,0,106
2025-04-16,O+,42,2,4,0,106
2025-04-16,O-,28,2,4,0,106
2025-04-17,A+,37,3,4,0,107
2025-04-17,A-,28,3,4,0,107
2025-04-17,B+,39,3,4,0,107
2025-04-17,B-,28,3,4,0,107
2025-04-17,AB+,35,3,4,0,107
2025-04-17,AB-,27,3,4,0,107
2025-04-17,O+,42,3,4,0,107
2025-04-17,O-,27,3,4,0,107
2025-04-18,A+,36,4,4,0,108
2025-04-18,A-,26,4,4,0,108
2025-04-18,B+,38,4,4,0,108
2025-04-18,B-,29,4,4,0,108
2025-04-18,AB+,34,4,4,0,108
2025-04-18,AB-,25,4,4,0,108
2025-04-18,O+,41,4,4,0,108
2025-04-18,O-,26,4,4,0,108
2025-04-19,A+,43,5,4,1,109
2025-04-19,A-,33,5,4,1,109
2025-04-19,B+,44,5,4,1,109
2025-04-19,B-,32,5,4,1,109
2025-04-19,AB+,40,5,4,1,109
2025-04-19,AB-,28,5,4,1,109
2025-04-19,O+,45,5,4,1,109
2025-04-19,O-,31,5,4,1,109
2025-04-20,A+,42,6,4,1,110
2025-04-20,A-,33,6,4,1,110
2025-04-20,B+,43,6,4,1,110
2025-04-20,B-,33,6,4,1,110
2025-04-20,AB+,37,6,4,1,110
2025-04-20,AB-,29,6,4,1,110
2025-04-20,O+,47,6,4,1,110
2025-04-20,O-,32,6,4,1,110
2025-04-21,A+,38,0,4,0,111
2025-04-21,A-,27,0,4,0,111
2025-04-21,B+,38,0,4,0,111
2025-04-21,B-,28,0,4,0,111
2025-04-21,AB+,35,0,4,0,111
2025-04-21,AB-,26,0,4,0,111
2025-04-21,O+,42,0,4,0,111
2025-04-21,O-,25,0,4,0,111
2025-04-22,A+,39,1,4,0,112
2025-04-22,A-,32,1,4,0,112
2025-04-22,B+,40,1,4,0,112
2025-04-22,B-,28,1,4,0,112
2025-04-22,AB+,36,1,4,0,112
2025-04-22,AB-,28,1,4,0,112
2025-04-22,O+,41,1,4,0,112
2025-04-22,O-,27,1,4,0,112
2025-04-23,A+,39,2,4,0,113
2025-04-23,A-,32,2,4,0,113
2025-04-23,B+,41,2,4,0,113
2025-04-23,B-,31,2,4,0,113
2025-04-23,AB+,38,2,4,0,113
2025-04-23,AB-,25,2,4,0,113
2025-04-23,O+,42,2,4,0,113
2025-04-23,O-,27,2,4,0,113
2025-04-24,A+,39,3,4,0,114
2025-04-24,A-,30,3,4,0,114
2025-04-24,B+,39,3,4,0,114
2025-04-24,B-,28,3,4,0,114
2025-04-24,AB+,37,3,4,0,114
2025-04-24,AB-,26,3,4,0,114
2025-04-24,O+,42,3,4,0,114
2025-04-24,O-,24,3,4,0,114
2025-04-25,A+,38,4,4,0,115
2025-04-25,A-,28,4,4,0,115
2025-04-25,B+,38,4,4,0,115
2025-04-25,B-,26,4,4,0,115
2025-04-25,AB+,33,4,4,0,115
2025-04-25,AB-,23,4,4,0,115
2025-04-25,O+,37,4,4,0,115
2025-04-25,O-,24,4,4,0,115
2025-04-26,A+,41,5,4,1,116
2025-04-26,A-,34,5,4,1,116
2025-04-26,B+,42,5,4,1,116
2025-04-26,B-,33,5,4,1,116
2025-04-26,AB+,38,5,4,1,116
2025-04-26,AB-,31,5,4,1,116
2025-04-26,O+,47,5,4,1,116
2025-04-26,O-,29,5,4,1,116
2025-04-27,A+,43,6,4,1,117
2025-04-27,A-,33,6,4,1,117
2025-04-27,B+,45,6,4,1,117
2025-04-27,B-,35,6,4,1,117
2025-04-27,AB+,41,6,4,1,117
2025-04-27,AB-,29,6,4,1,117
2025-04-27,O+,46,6,4,1,117
2025-04-27,O-,33,6,4,1,117
2025-04-28,A+,38,0,4,0,118
2025-04-28,A-,30,0,4,0,118
2025-04-28,B+,39,0,4,0,118
2025-04-28,B-,28,0,4,0,118
2025-04-28,AB+,34,0,4,0,118
2025-04-28,AB-,23,0,4,0,118
2025-04-28,O+,40,0,4,0,118
2025-04-28,O-,24,0,4,0,118
2025-04-29,A+,39,1,4,0,119
2025-04-29,A-,30,1,4,0,119
2025-04-29,B+,40,1,4,0,119
2025-04-29,B-,29,1,4,0,119
2025-04-29,AB+,37,1,4,0,119
2025-04-29,AB-,26,1,4,0,119
2025-04-29,O+,43,1,4,0,119
2025-04-29,O-,28,1,4,0,119
2025-04-30,A+,40,2,4,0,120
2025-04-30,A-,30,2,4,0,120
2025-04-30,B+,41,2,4,0,120
2025-04-30,B-,30,2,4,0,120
2025-04-30,AB+,37,2,4,0,120
2025-04-30,AB-,28,2,4,0,120
2025-04-30,O+,43,2,4,0,120
2025-04-30,O-,29,2,4,0,120
2025-05-01,A+,30,3,5,0,121
2025-05-01,A-,21,3,5,0,121
2025-05-01,B+,33,3,5,0,121
2025-05-01,B-,19,3,5,0,121
2025-05-01,AB+,29,3,5,0,121
2025-05-01,AB-,19,3,5,0,121
2025-05-01,O+,33,3,5,0,121
2025-05-01,O-,20,3,5,0,121
2025-05-02,A+,29,4,5,0,122
2025-05-02,A-,18,4,5,0,122
2025-05-02,B+,28,4,5,0,122
2025-05-02,B-,19,4,5,0,122
2025-05-02,AB+,26,4,5,0,122
2025-05-02,AB-,17,4,5,0,122
2025-05-02,O+,32,4,5,0,122
2025-05-02,O-,15,4,5,0,122
2025-05-03,A+,34,5,5,1,123
2025-05-03,A-,26,5,5,1,123
2025-05-03,B+,33,5,5,1,123
2025-05-03,B-,23,5,5,1,123
2025-05-03,AB+,31,5,5,1,123
2025-05-03,AB-,22,5,5,1,123
2025-05-03,O+,37,5,5,1,123
2025-05-03,O-,23,5,5,1,123
2025-05-04,A+,35,6,5,1,124
2025-05-04,A-,25,6,5,1,124
2025-05-04,B+,35,6,5,1,124
2025-05-04,B-,26,6,5,1,124
2025-05-04,AB+,30,6,5,1,124
2025-05-04,AB-,21,6,5,1,124
2025-05-04,O+,39,6,5,1,124
2025-05-04,O-,22,6,5,1,124
2025-05-05,A+,27,0,5,0,125
2025-05-05,A-,18,0,5,0,125
2025-05-05,B+,31,0,5,0,125
2025-05-05,B-,20,0,5,0,125
2025-05-05,AB+,26,0,5,0,125
2025-05-05,AB-,15,0,5,0,125
2025-05-05,O+,32,0,5,0,125
2025-05-05,O-,19,0,5,0,125
2025-05-06,A+,29,1,5,0,126
2025-05-06,A-,23,1,5,0,126
2025-05-06,B+,30,1,5,0,126
2025-05-06,B-,19,1,5,0,126
2025-05-06,AB+,28,1,5,0,126
2025-05-06,AB-,19,1,5,0,126
2025-05-06,O+,35,1,5,0,126
2025-05-06,O-,20,1,5,0,126
2025-05-07,A+,33,2,5,0,127
2025-05-07,A-,22,2,5,0,127
2025-05-07,B+,31,2,5,0,127
2025-05-07,B-,22,2,5,0,127
2025-05-07,AB+,30,2,5,0,127
2025-05-07,AB-,19,2,5,0,127
2025-05-07,O+,35,2,5,0,127
2025-05-07,O-,21,2,5,0,127
2025-05-08,A+,30,3,5,0,128
2025-05-08,A-,21,3,5,0,128
2025-05-08,B+,32,3,5,0,128
2025-05-08,B-,20,3,5,0,128
2025-05-08,AB+,28,3,5,0,128
2025-05-08,AB-,17,3,5,0,128
2025-05-08,O+,34,3,5,0,128
2025-05-08,O-,19,3,5,0,128
2025-05-09,A+,28,4,5,0,129
2025-05-09,A-,18,4,5,0,129
2025-05-09,B+,31,4,5,0,129
2025-05-09,B-,17,4,5,0,129
2025-05-09,AB+,24,4,5,0,129
2025-05-09,AB-,15,4,5,0,129
2025-05-09,O+,28,4,5,0,129
2025-05-09,O-,18,4,5,0,129
2025-05-10,A+,34,5,5,1,130
2025-05-10,A-,27,5,5,1,130
2025-05-10,B+,37,5,5,1,130
2025-05-10,B-,24,5,5,1,130
2025-05-10,AB+,33,5,5,1,130
2025-05-10,AB-,20,5,5,1,130
2025-05-10,O+,37,5,5,1,130
2025-05-10,O-,21,5,5,1,130
2025-05-11,A+,35,6,5,1,131
2025-05-11,A-,26,6,5,1,131
2025-05-11,B+,35,6,5,1,131
2025-05-11,B-,25,6,5,1,131
2025-05-11,AB+,32,6,5,1,131
2025-05-11,AB-,22,6,5,1,131
2025-05-11,O+,40,6,5,1,131
2025-05-11,O-,22,6,5,1,131
2025-05-12,A+,31,0,5,0,132
2025-05-12,A-,21,0,5,0,132
2025-05-12,B+,28,0,5,0,132
2025-05-12,B-,21,0,5,0,132
2025-05-12,AB+,27,0,5,0,132
2025-05-12,AB-,16,0,5,0,132
2025-05-12,O+,32,0,5,0,132
2025-05-12,O-,17,0,5,0,132
2025-05-13,A+,32,1,5,0,133
2025-05-13,A-,21,1,5,0,133
2025-05-13,B+,33,1,5,0,133
2025-05-13,B-,19,1,5,0,133
2025-05-13,AB+,25,1,5,0,133
2025-05-13,AB-,18,1,5,0,133
2025-05-13,O+,35,1,5,0,133
2025-05-13,O-,18,1,5,0,133
2025-05-14,A+,28,2,5,0,134
2025-05-14,A-,20,2,5,0,134
2025-05-14,B+,32,2,5,0,134
2025-05-14,B-,21,2,5,0,134
2025-05-14,AB+,29,2,5,0,134
2025-05-14,AB-,18,2,5,0,134
2025-05-14,O+,33,2,5,0,134
2025-05-14,O-,19,2,5,0,134
2025-05-15,A+,31,3,5,0,135
2025-05-15,A-,22,3,5,0,135
2025-05-15,B+,30,3,5,0,135
2025-05-15,B-,20,3,5,0,135
2025-05-15,AB+,27,3,5,0,135
2025-05-15,AB-,16,3,5,0,135
2025-05-15,O+,33,3,5,0,135
2025-05-15,O-,17,3,5,0,135
2025-05-16,A+,28,4,5,0,136
2025-05-16,A-,19,4,5,0,136
2025-05-16,B+,29,4,5,0,136
2025-05-16,B-,20,4,5,0,136
2025-05-16,AB+,24,4,5,0,136
2025-05-16,AB-,14,4,5,0,136
2025-05-16,O+,32,4,5,0,136
2025-05-16,O-,16,4,5,0,136
2025-05-17,A+,34,5,5,1,137
2025-05-17,A-,23,5,5,1,137
2025-05-17,B+,35,5,5,1,137
2025-05-17,B-,25,5,5,1,137
2025-05-17,AB+,30,5,5,1,137
2025-05-17,AB-,21,5,5,1,137
2025-05-17,O+,36,5,5,1,137
2025-05-17,O-,21,5,5,1,137
2025-05-18,A+,35,6,5,1,138
2025-05-18,A-,26,6,5,1,138
2025-05-18,B+,35,6,5,1,138
2025-05-18,B-,24,6,5,1,138
2025-05-18,AB+,32,6,5,1,138
2025-05-18,AB-,20,6,5,1,138
2025-05-18,O+,37,6,5,1,138
2025-05-18,O-,21,6,5,1,138
2025-05-19,A+,27,0,5,0,139
2025-05-19,A-,19,0,5,0,139
2025-05-19,B+,28,0,5,0,139
2025-05-19,B-,19,0,5,0,139
2025-05-19,AB+,24,0,5,0,139
2025-05-19,AB-,14,0,5,0,139
2025-05-19,O+,32,0,5,0,139
2025-05-19,O-,17,0,5,0,139
2025-05-20,A+,30,1,5,0,140
2025-05-20,A-,22,1,5,0,140
2025-05-20,B+,30,1,5,0,140
2025-05-20,B-,19,1,5,0,140
2025-05-20,AB+,27,1,5,0,140
2025-05-20,AB-,18,1,5,0,140
2025-05-20,O+,32,1,5,0,140
2025-05-20,O-,17,1,5,0,140
2025-05-21,A+,31,2,5,0,141
2025-05-21,A-,22,2,5,0,141
2025-05-21,B+,31,2,5,0,141
2025-05-21,B-,22,2,5,0,141
2025-05-21,AB+,30,2,5,0,141
2025-05-21,AB-,18,2,5,0,141
2025-05-21,O+,33,2,5,0,141
2025-05-21,O-,19,2,5,0,141
2025-05-22,A+,28,3,5,0,142
2025-05-22,A-,22,3,5,0,142
2025-05-22,B+,29,3,5,0,142
2025-05-22,B-,19,3,5,0,142
2025-05-22,AB+,25,3,5,0,142
2025-05-22,AB-,16,3,5,0,142
2025-05-22,O+,32,3,5,0,142
2025-05-22,O-,18,3,5,0,142
2025-05-23,A+,27,4,5,0,143
2025-05-23,A-,18,4,5,0,143
2025-05-23,B+,28,4,5,0,143
2025-05-23,B-,17,4,5,0,143
2025-05-23,AB+,23,4,5,0,143
2025-05-23,AB-,16,4,5,0,143
2025-05-23,O+,30,4,5,0,143
2025-05-23,O-,17,4,5,0,143
2025-05-24,A+,33,5,5,1,144
2025-05-24,A-,22,5,5,1,144
2025-05-24,B+,34,5,5,1,144
2025-05-24,B-,23,5,5,1,144
2025-05-24,AB+,30,5,5,1,144
2025-05-24,AB-,21,5,5,1,144
2025-05-24,O+,36,5,5,1,144
2025-05-24,O-,21,5,5,1,144
2025-05-25,A+,32,6,5,1,145
2025-05-25,A-,24,6,5,1,145
2025-05-25,B+,35,6,5,1,145
2025-05-25,B-,24,6,5,1,145
2025-05-25,AB+,30,6,5,1,145
2025-05-25,AB-,22,6,5,1,145
2025-05-25,O+,37,6,5,1,145
2025-05-25,O-,20,6,5,1,145
2025-05-26,A+,28,0,5,0,146
2025-05-26,A-,19,0,5,0,146
2025-05-26,B+,28,0,5,0,146
2025-05-26,B-,16,0,5,0,146
2025-05-26,AB+,26,0,5,0,146
2025-05-26,AB-,14,0,5,0,146
2025-05-26,O+,33,0,5,0,146
2025-05-26,O-,18,0,5,0,146
2025-05-27,A+,30,1,5,0,147
2025-05-27,A-,22,1,5,0,147
2025-05-27,B+,29,1,5,0,147
2025-05-27,B-,18,1,5,0,147
2025-05-27,AB+,26,1,5,0,147
2025-05-27,AB-,15,1,5,0,147
2025-05-27,O+,33,1,5,0,147
2025-05-27,O-,16,1,5,0,147
2025-05-28,A+,30,2,5,0,148
2025-05-28,A-,21,2,5,0,148
2025-05-28,B+,32,2,5,0,148
2025-05-28,B-,20,2,5,0,148
2025-05-28,AB+,26,2,5,0,148
2025-05-28,AB-,15,2,5,0,148
2025-05-28,O+,33,2,5,0,148
2025-05-28,O-,16,2,5,0,148
2025-05-29,A+,30,3,5,0,149
2025-05-29,A-,20,3,5,0,149
2025-05-29,B+,31,3,5,0,149
2025-05-29,B-,17,3,5,0,149
2025-05-29,AB+,26,3,5,0,149
2025-05-29,AB-,15,3,5,0,149
2025-05-29,O+,32,3,5,0,149
2025-05-29,O-,15,3,5,0,149
2025-05-30,A+,27,4,5,0,150
2025-05-30,A-,16,4,5,0,150
2025-05-30,B+,28,4,5,0,150
2025-05-30,B-,15,4,5,0,150
2025-05-30,AB+,26,4,5,0,150
2025-05-30,AB-,14,4,5,0,150
2025-05-30,O+,30,4,5,0,150
2025-05-30,O-,16,4,5,0,150
2025-05-31,A+,31,5,5,1,151
2025-05-31,A-,23,5,5,1,151
2025-05-31,B+,34,5,5,1,151
2025-05-31,B-,23,5,5,1,151
2025-05-31,AB+,29,5,5,1,151
2025-05-31,AB-,20,5,5,1,151
2025-05-31,O+,36,5,5,1,151
2025-05-31,O-,21,5,5,1,151
2025-06-01,A+,33,6,6,1,152
2025-06-01,A-,23,6,6,1,152
2025-06-01,B+,34,6,6,1,152
2025-06-01,B-,21,6,6,1,152
2025-06-01,AB+,29,6,6,1,152
2025-06-01,AB-,20,6,6,1,152
2025-06-01,O+,37,6,6,1,152
2025-06-01,O-,22,6,6,1,152
2025-06-02,A+,27,0,6,0,153
2025-06-02,A-,18,0,6,0,153
2025-06-02,B+,30,0,6,0,153
2025-06-02,B-,17,0,6,0,153
2025-06-02,AB+,25,0,6,0,153
2025-06-02,AB-,15,0,6,0,153
2025-06-02,O+,30,0,6,0,153
2025-06-02,O-,15,0,6,0,153
2025-06-03,A+,29,1,6,0,154
2025-06-03,A-,19,1,6,0,154
2025-06-03,B+,30,1,6,0,154
2025-06-03,B-,17,1,6,0,154
2025-06-03,AB+,25,1,6,0,154
2025-06-03,AB-,17,1,6,0,154
2025-06-03,O+,32,1,6,0,154
2025-06-03,O-,19,1,6,0,154
2025-06-04,A+,30,2,6,0,155
2025-06-04,A-,21,2,6,0,155
2025-06-04,B+,30,2,6,0,155
2025-06-04,B-,19,2,6,0,155
2025-06-04,AB+,27,2,6,0,155
2025-06-04,AB-,17,2,6,0,155
2025-06-04,O+,32,2,6,0,155
2025-06-04,O-,16,2,6,0,155
2025-06-05,A+,28,3,6,0,156
2025-06-05,A-,20,3,6,0,156
2025-06-05,B+,29,3,6,0,156
2025-06-05,B-,18,3,6,0,156
2025-06-05,AB+,26,3,6,0,156
2025-06-05,AB-,16,3,6,0,156
2025-06-05,O+,31,3,6,0,156
2025-06-05,O-,16,3,6,0,156
2025-06-06,A+,26,4,6,0,157
2025-06-06,A-,18,4,6,0,157
2025-06-06,B+,27,4,6,0,157
2025-06-06,B-,18,4,6,0,157
2025-06-06,AB+,23,4,6,0,157
2025-06-06,AB-,13,4,6,0,157
2025-06-06,O+,30,4,6,0,157
2025-06-06,O-,13,4,6,0,157
2025-06-07,A+,33,5,6,1,158
2025-06-07,A-,23,5,6,1,158
2025-06-07,B+,34,5,6,1,158
2025-06-07,B-,21,5,6,1,158
2025-06-07,AB+,28,5,6,1,158
2025-06-07,AB-,17,5,6,1,158
2025-06-07,O+,35,5,6,1,158
2025-06-07,O-,19,5,6,1,158
2025-06-08,A+,32,6,6,1,159
2025-06-08,A-,23,6,6,1,159
2025-06-08,B+,33,6,6,1,159
2025-06-08,B-,23,6,6,1,159
2025-06-08,AB+,30,6,6,1,159
2025-06-08,AB-,20,6,6,1,159
2025-06-08,O+,36,6,6,1,159
2025-06-08,O-,21,6,6,1,159
2025-06-09,A+,27,0,6,0,160
2025-06-09,A-,19,0,6,0,160
2025-06-09,B+,29,0,6,0,160
2025-06-09,B-,15,0,6,0,160
2025-06-09,AB+,24,0,6,0,160
2025-06-09,AB-,12,0,6,0,160
2025-06-09,O+,28,0,6,0,160
2025-06-09,O-,14,0,6,0,160
2025-06-10,A+,28,1,6,0,161
2025-06-10,A-,19,1,6,0,161
2025-06-10,B+,27,1,6,0,161
2025-06-10,B-,19,1,6,0,161
2025-06-10,AB+,25,1,6,0,161
2025-06-10,AB-,16,1,6,0,161
2025-06-10,O+,31,1,6,0,161
2025-06-10,O-,16,1,6,0,161
2025-06-11,A+,29,2,6,0,162
2025-06-11,A-,19,2,6,0,162
2025-06-11,B+,30,2,6,0,162
2025-06-11,B-,19,2,6,0,162
2025-06-11,AB+,24,2,6,0,162
2025-06-11,AB-,16,2,6,0,162
2025-06-11,O+,31,2,6,0,162
2025-06-11,O-,15,2,6,0,162
2025-06-12,A+,27,3,6,0,163
2025-06-12,A-,19,3,6,0,163
2025-06-12,B+,27,3,6,0,163
2025-06-12,B-,18,3,6,0,163
2025-06-12,AB+,25,3,6,0,163
2025-06-12,AB-,15,3,6,0,163
2025-06-12,O+,31,3,6,0,163
2025-06-12,O-,15,3,6,0,163
2025-06-13,A+,27,4,6,0,164
2025-06-13,A-,16,4,6,0,164
2025-06-13,B+,25,4,6,0,164
2025-06-13,B-,16,4,6,0,164
2025-06-13,AB+,24,4,6,0,164
2025-06-13,AB-,13,4,6,0,164
2025-06-13,O+,31,4,6,0,164
2025-06-13,O-,13,4,6,0,164
2025-06-14,A+,31,5,6,1,165
2025-06-14,A-,22,5,6,1,165
2025-06-14,B+,32,5,6,1,165
2025-06-14,B-,21,5,6,1,165
2025-06-14,AB+,27,5,6,1,165
2025-06-14,AB-,16,5,6,1,165
2025-06-14,O+,34,5,6,1,165
2025-06-14,O-,20,5,6,1,165
2025-06-15,A+,33,6,6,1,166
2025-06-15,A-,22,6,6,1,166
2025-06-15,B+,32,6,6,1,166
2025-06-15,B-,23,6,6,1,166
2025-06-15,AB+,27,6,6,1,166
2025-06-15,AB-,19,6,6,1,166
2025-06-15,O+,36,6,6,1,166
2025-06-15,O-,19,6,6,1,166
2025-06-16,A+,24,0,6,0,167
2025-06-16,A-,19,0,6,0,167
2025-06-16,B+,28,0,6,0,167
2025-06-16,B-,17,0,6,0,167
2025-06-16,AB+,23,0,6,0,167
2025-06-16,AB-,14,0,6,0,167
2025-06-16,O+,26,0,6,0,167
2025-06-16,O-,14,0,6,0,167
2025-06-17,A+,29,1,6,0,168
2025-06-17,A-,17,1,6,0,168
2025-06-17,B+,28,1,6,0,168
2025-06-17,B-,18,1,6,0,168
2025-06-17,AB+,24,1,6,0,168
2025-06-17,AB-,15,1,6,0,168
2025-06-17,O+,31,1,6,0,168
2025-06-17,O-,16,1,6,0,168
2025-06-18,A+,28,2,6,0,169
2025-06-18,A-,18,2,6,0,169
2025-06-18,B+,30,2,6,0,169
2025-06-18,B-,19,2,6,0,169
2025-06-18,AB+,25,2,6,0,169
2025-06-18,AB-,15,2,6,0,169
2025-06-18,O+,32,2,6,0,169
2025-06-18,O-,17,2,6,0,169
2025-06-19,A+,27,3,6,0,170
2025-06-19,A-,18,3,6,0,170
2025-06-19,B+,27,3,6,0,170
2025-06-19,B-,19,3,6,0,170
2025-06-19,AB+,23,3,6,0,170
2025-06-19,AB-,14,3,6,0,170
2025-06-19,O+,29,3,6,0,170
2025-06-19,O-,13,3,6,0,170
2025-06-20,A+,26,4,6,0,171
2025-06-20,A-,16,4,6,0,171
2025-06-20,B+,26,4,6,0,171
2025-06-20,B-,15,4,6,0,171
2025-06-20,AB+,23,4,6,0,171
2025-06-20,AB-,13,4,6,0,171
2025-06-20,O+,27,4,6,0,171
2025-06-20,O-,15,4,6,0,171
2025-06-21,A+,31,5,6,1,172
2025-06-21,A-,23,5,6,1,172
2025-06-21,B+,32,5,6,1,172
2025-06-21,B-,21,5,6,1,172
2025-06-21,AB+,29,5,6,1,172
2025-06-21,AB-,20,5,6,1,172
2025-06-21,O+,35,5,6,1,172
2025-06-21,O-,19,5,6,1,172
2025-06-22,A+,31,6,6,1,173
2025-06-22,A-,22,6,6,1,173
2025-06-22,B+,33,6,6,1,173
2025-06-22,B-,22,6,6,1,173
2025-06-22,AB+,28,6,6,1,173
2025-06-22,AB-,20,6,6,1,173
2025-06-22,O+,36,6,6,1,173
2025-06-22,O-,21,6,6,1,173
2025-06-23,A+,25,0,6,0,174
2025-06-23,A-,17,0,6,0,174
2025-06-23,B+,26,0,6,0,174
2025-06-23,B-,19,0,6,0,174
2025-06-23,AB+,23,0,6,0,174
2025-06-23,AB-,14,0,6,0,174
2025-06-23,O+,30,0,6,0,174
2025-06-23,O-,14,0,6,0,174
2025-06-24,A+,27,1,6,0,175
2025-06-24,A-,19,1,6,0,175
2025-06-24,B+,30,1,6,0,175
2025-06-24,B-,17,1,6,0,175
2025-06-24,AB+,24,1,6,0,175
2025-06-24,AB-,15,1,6,0,175
2025-06-24,O+,29,1,6,0,175
2025-06-24,O-,16,1,6,0,175
2025-06-25,A+,29,2,6,0,176
2025-06-25,A-,19,2,6,0,176
2025-06-25,B+,28,2,6,0,176
2025-06-25,B-,16,2,6,0,176
2025-06-25,AB+,26,2,6,0,176
2025-06-25,AB-,14,2,6,0,176
2025-06-25,O+,29,2,6,0,176
2025-06-25,O-,17,2,6,0,176
2025-06-26,A+,27,3,6,0,177
2025-06-26,A-,16,3,6,0,177
2025-06-26,B+,30,3,6,0,177
2025-06-26,B-,16,3,6,0,177
2025-06-26,AB+,24,3,6,0,177
2025-06-26,AB-,16,3,6,0,177
2025-06-26,O+,30,3,6,0,177
2025-06-26,O-,15,3,6,0,177
2025-06-27,A+,23,4,6,0,178
2025-06-27,A-,18,4,6,0,178
2025-06-27,B+,27,4,6,0,178
2025-06-27,B-,13,4,6,0,178
2025-06-27,AB+,23,4,6,0,178
2025-06-27,AB-,12,4,6,0,178
2025-06-27,O+,27,4,6,0,178
2025-06-27,O-,12,4,6,0,178
2025-06-28,A+,31,5,6,1,179
2025-06-28,A-,22,5,6,1,179
2025-06-28,B+,31,5,6,1,179
2025-06-28,B-,21,5,6,1,179
2025-06-28,AB+,31,5,6,1,179
2025-06-28,AB-,18,5,6,1,179
2025-06-28,O+,35,5,6,1,179
2025-06-28,O-,17,5,6,1,179
2025-06-29,A+,29,6,6,1,180
2025-06-29,A-,23,6,6,1,180
2025-06-29,B+,33,6,6,1,180
2025-06-29,B-,23,6,6,1,180
2025-06-29,AB+,28,6,6,1,180
2025-06-29,AB-,19,6,6,1,180
2025-06-29,O+,31,6,6,1,180
2025-06-29,O-,19,6,6,1,180
2025-06-30,A+,26,0,6,0,181
2025-06-30,A-,15,0,6,0,181
2025-06-30,B+,27,0,6,0,181
2025-06-30,B-,15,0,6,0,181
2025-06-30,AB+,22,0,6,0,181
2025-06-30,AB-,12,0,6,0,181
2025-06-30,O+,30,0,6,0,181
2025-06-30,O-,13,0,6,0,181
2025-07-01,A+,26,1,7,0,182
2025-07-01,A-,17,1,7,0,182
2025-07-01,B+,27,1,7,0,182
2025-07-01,B-,17,1,7,0,182
2025-07-01,AB+,24,1,7,0,182
2025-07-01,AB-,13,1,7,0,182
2025-07-01,O+,30,1,7,0,182
2025-07-01,O-,15,1,7,0,182
2025-07-02,A+,26,2,7,0,183
2025-07-02,A-,18,2,7,0,183
2025-07-02,B+,28,2,7,0,183
2025-07-02,B-,17,2,7,0,183
2025-07-02,AB+,23,2,7,0,183
2025-07-02,AB-,14,2,7,0,183
2025-07-02,O+,30,2,7,0,183
2025-07-02,O-,17,2,7,0,183
2025-07-03,A+,26,3,7,0,184
2025-07-03,A-,18,3,7,0,184
2025-07-03,B+,28,3,7,0,184
2025-07-03,B-,14,3,7,0,184
2025-07-03,AB+,22,3,7,0,184
2025-07-03,AB-,14,3,7,0,184
2025-07-03,O+,29,3,7,0,184
2025-07-03,O-,14,3,7,0,184
2025-07-04,A+,25,4,7,0,185
2025-07-04,A-,16,4,7,0,185
2025-07-04,B+,25,4,7,0,185
2025-07-04,B-,14,4,7,0,185
2025-07-04,AB+,18,4,7,0,185
2025-07-04,AB-,11,4,7,0,185
2025-07-04,O+,26,4,7,0,185
2025-07-04,O-,11,4,7,0,185
2025-07-05,A+,30,5,7,1,186
2025-07-05,A-,20,5,7,1,186
2025-07-05,B+,31,5,7,1,186
2025-07-05,B-,19,5,7,1,186
2025-07-05,AB+,27,5,7,1,186
2025-07-05,AB-,17,5,7,1,186
2025-07-05,O+,34,5,7,1,186
2025-07-05,O-,17,5,7,1,186
2025-07-06,A+,32,6,7,1,187
2025-07-06,A-,22,6,7,1,187
2025-07-06,B+,33,6,7,1,187
2025-07-06,B-,20,6,7,1,187
2025-07-06,AB+,27,6,7,1,187
2025-07-06,AB-,16,6,7,1,187
2025-07-06,O+,35,6,7,1,187
2025-07-06,O-,19,6,7,1,187
2025-07-07,A+,23,0,7,0,188
2025-07-07,A-,17,0,7,0,188
2025-07-07,B+,25,0,7,0,188
2025-07-07,B-,15,0,7,0,188
2025-07-07,AB+,23,0,7,0,188
2025-07-07,AB-,13,0,7,0,188
2025-07-07,O+,28,0,7,0,188
2025-07-07,O-,12,0,7,0,188
2025-07-08,A+,26,1,7,0,189
2025-07-08,A-,18,1,7,0,189
2025-07-08,B+,28,1,7,0,189
2025-07-08,B-,16,1,7,0,189
2025-07-08,AB+,21,1,7,0,189
2025-07-08,AB-,10,1,7,0,189
2025-07-08,O+,29,1,7,0,189
2025-07-08,O-,13,1,7,0,189
2025-07-09,A+,26,2,7,0,190
2025-07-09,A-,17,2,7,0,190
2025-07-09,B+,30,2,7,0,190
2025-07-09,B-,16,2,7,0,190
2025-07-09,AB+,24,2,7,0,190
2025-07-09,AB-,14,2,7,0,190
2025-07-09,O+,26,2,7,0,190
2025-07-09,O-,14,2,7,0,190
2025-07-10,A+,24,3,7,0,191
2025-07-10,A-,18,3,7,0,191
2025-07-10,B+,24,3,7,0,191
2025-07-10,B-,15,3,7,0,191
2025-07-10,AB+,22,3,7,0,191
2025-07-10,AB-,11,3,7,0,191
2025-07-10,O+,28,3,7,0,191
2025-07-10,O-,13,3,7,0,191
2025-07-11,A+,24,4,7,0,192
2025-07-11,A-,15,4,7,0,192
2025-07-11,B+,25,4,7,0,192
2025-07-11,B-,14,4,7,0,192
2025-07-11,AB+,22,4,7,0,192
2025-07-11,AB-,8,4,7,0,192
2025-07-11,O+,27,4,7,0,192
2025-07-11,O-,10,4,7,0,192
2025-07-12,A+,28,5,7,1,193
2025-07-12,A-,20,5,7,1,193
2025-07-12,B+,31,5,7,1,193
2025-07-12,B-,20,5,7,1,193
2025-07-12,AB+,25,5,7,1,193
2025-07-12,AB-,18,5,7,1,193
2025-07-12,O+,32,5,7,1,193
2025-07-12,O-,16,5,7,1,193
2025-07-13,A+,28,6,7,1,194
2025-07-13,A-,19,6,7,1,194
2025-07-13,B+,29,6,7,1,194
2025-07-13,B-,20,6,7,1,194
2025-07-13,AB+,27,6,7,1,194
2025-07-13,AB-,15,6,7,1,194
2025-07-13,O+,31,6,7,1,194
2025-07-13,O-,17,6,7,1,194
2025-07-14,A+,24,0,7,0,195
2025-07-14,A-,15,0,7,0,195
2025-07-14,B+,24,0,7,0,195
2025-07-14,B-,14,0,7,0,195
2025-07-14,AB+,23,0,7,0,195
2025-07-14,AB-,9,0,7,0,195
2025-07-14,O+,27,0,7,0,195
2025-07-14,O-,13,0,7,0,195
2025-07-15,A+,24,1,7,0,196
2025-07-15,A-,17,1,7,0,196
2025-07-15,B+,25,1,7,0,196
2025-07-15,B-,16,1,7,0,196
2025-07-15,AB+,22,1,7,0,196
2025-07-15,AB-,11,1,7,0,196
2025-07-15,O+,29,1,7,0,196
2025-07-15,O-,12,1,7,0,196
2025-07-16,A+,26,2,7,0,197
2025-07-16,A-,17,2,7,0,197
2025-07-16,B+,26,2,7,0,197
2025-07-16,B-,15,2,7,0,197
2025-07-16,AB+,24,2,7,0,197
2025-07-16,AB-,10,2,7,0,197
2025-07-16,O+,30,2,7,0,197
2025-07-16,O-,12,2,7,0,197
2025-07-17,A+,24,3,7,0,198
2025-07-17,A-,16,3,7,0,198
2025-07-17,B+,26,3,7,0,198
2025-07-17,B-,15,3,7,0,198
2025-07-17,AB+,22,3,7,0,198
2025-07-17,AB-,11,3,7,0,198
2025-07-17,O+,29,3,7,0,198
2025-07-17,O-,13,3,7,0,198
2025-07-18,A+,24,4,7,0,199
2025-07-18,A-,13,4,7,0,199
2025-07-18,B+,21,4,7,0,199
2025-07-18,B-,14,4,7,0,199
2025-07-18,AB+,20,4,7,0,199
2025-07-18,AB-,10,4,7,0,199
2025-07-18,O+,25,4,7,0,199
2025-07-18,O-,10,4,7,0,199
2025-07-19,A+,28,5,7,1,200
2025-07-19,A-,20,5,7,1,200
2025-07-19,B+,28,5,7,1,200
2025-07-19,B-,19,5,7,1,200
2025-07-19,AB+,28,5,7,1,200
2025-07-19,AB-,15,5,7,1,200
2025-07-19,O+,30,5,7,1,200
2025-07-19,O-,16,5,7,1,200
2025-07-20,A+,29,6,7,1,201
2025-07-20,A-,20,6,7,1,201
2025-07-20,B+,32,6,7,1,201
2025-07-20,B-,20,6,7,1,201
2025-07-20,AB+,24,6,7,1,201
2025-07-20,AB-,14,6,7,1,201
2025-07-20,O+,32,6,7,1,201
2025-07-20,O-,16,6,7,1,201
2025-07-21,A+,25,0,7,0,202
2025-07-21,A-,13,0,7,0,202
2025-07-21,B+,26,0,7,0,202
2025-07-21,B-,13,0,7,0,202
2025-07-21,AB+,21,0,7,0,202
2025-07-21,AB-,9,0,7,0,202
2025-07-21,O+,27,0,7,0,202
2025-07-21,O-,13,0,7,0,202
2025-07-22,A+,25,1,7,0,203
2025-07-22,A-,18,1,7,0,203
2025-07-22,B+,25,1,7,0,203
2025-07-22,B-,15,1,7,0,203
2025-07-22,AB+,23,1,7,0,203
2025-07-22,AB-,11,1,7,0,203
2025-07-22,O+,28,1,7,0,203
2025-07-22,O-,14,1,7,0,203
2025-07-23,A+,26,2,7,0,204
2025-07-23,A-,18,2,7,0,204
2025-07-23,B+,25,2,7,0,204
2025-07-23,B-,15,2,7,0,204
2025-07-23,AB+,21,2,7,0,204
2025-07-23,AB-,11,2,7,0,204
2025-07-23,O+,28,2,7,0,204
2025-07-23,O-,15,2,7,0,204
2025-07-24,A+,25,3,7,0,205
2025-07-24,A-,15,3,7,0,205
2025-07-24,B+,26,3,7,0,205
2025-07-24,B-,15,3,7,0,205
2025-07-24,AB+,21,3,7,0,205
2025-07-24,AB-,10,3,7,0,205
2025-07-24,O+,26,3,7,0,205
2025-07-24,O-,12,3,7,0,205
2025-07-25,A+,21,4,7,0,206
2025-07-25,A-,14,4,7,0,206
2025-07-25,B+,25,4,7,0,206
2025-07-25,B-,13,4,7,0,206
2025-07-25,AB+,17,4,7,0,206
2025-07-25,AB-,8,4,7,0,206
2025-07-25,O+,25,4,7,0,206
2025-07-25,O-,8,4,7,0,206
2025-07-26,A+,28,5,7,1,207
2025-07-26,A-,20,5,7,1,207
2025-07-26,B+,31,5,7,1,207
2025-07-26,B-,20,5,7,1,207
2025-07-26,AB+,24,5,7,1,207
2025-07-26,AB-,15,5,7,1,207
2025-07-26,O+,31,5,7,1,207
2025-07-26,O-,15,5,7,1,207
2025-07-27,A+,28,6,7,1,208
2025-07-27,A-,19,6,7,1,208
2025-07-27,B+,30,6,7,1,208
2025-07-27,B-,20,6,7,1,208
2025-07-27,AB+,25,6,7,1,208
2025-07-27,AB-,15,6,7,1,208
2025-07-27,O+,30,6,7,1,208
2025-07-27,O-,19,6,7,1,208
2025-07-28,A+,24,0,7,0,209
2025-07-28,A-,14,0,7,0,209
2025-07-28,B+,24,0,7,0,209
2025-07-28,B-,15,0,7,0,209
2025-07-28,AB+,20,0,7,0,209
2025-07-28,AB-,8,0,7,0,209
2025-07-28,O+,26,0,7,0,209
2025-07-28,O-,9,0,7,0,209
2025-07-29,A+,25,1,7,0,210
2025-07-29,A-,17,1,7,0,210
2025-07-29,B+,23,1,7,0,210
2025-07-29,B-,13,1,7,0,210
2025-07-29,AB+,22,1,7,0,210
2025-07-29,AB-,11,1,7,0,210
2025-07-29,O+,28,1,7,0,210
2025-07-29,O-,13,1,7,0,210
2025-07-30,A+,26,2,7,0,211
2025-07-30,A-,15,2,7,0,211
2025-07-30,B+,23,2,7,0,211
2025-07-30,B-,15,2,7,0,211
2025-07-30,AB+,20,2,7,0,211
2025-07-30,AB-,13,2,7,0,211
2025-07-30,O+,28,2,7,0,211
2025-07-30,O-,12,2,7,0,211
2025-07-31,A+,24,3,7,0,212
2025-07-31,A-,12,3,7,0,212
2025-07-31,B+,24,3,7,0,212
2025-07-31,B-,14,3,7,0,212
2025-07-31,AB+,21,3,7,0,212
2025-07-31,AB-,10,3,7,0,212
2025-07-31,O+,26,3,7,0,212
2025-07-31,O-,13,3,7,0,212
2025-08-01,A+,23,4,8,0,213
2025-08-01,A-,12,4,8,0,213
2025-08-01,B+,24,4,8,0,213
2025-08-01,B-,13,4,8,0,213
2025-08-01,AB+,19,4,8,0,213
2025-08-01,AB-,9,4,8,0,213
2025-08-01,O+,23,4,8,0,213
2025-08-01,O-,11,4,8,0,213
2025-08-02,A+,29,5,8,1,214
2025-08-02,A-,19,5,8,1,214
2025-08-02,B+,29,5,8,1,214
2025-08-02,B-,17,5,8,1,214
2025-08-02,AB+,24,5,8,1,214
2025-08-02,AB-,15,5,8,1,214
2025-08-02,O+,30,5,8,1,214
2025-08-02,O-,16,5,8,1,214
2025-08-03,A+,28,6,8,1,215
2025-08-03,A-,19,6,8,1,215
2025-08-03,B+,30,6,8,1,215
2025-08-03,B-,18,6,8,1,215
2025-08-03,AB+,26,6,8,1,215
2025-08-03,AB-,12,6,8,1,215
2025-08-03,O+,31,6,8,1,215
2025-08-03,O-,16,6,8,1,215
2025-08-04,A+,23,0,8,0,216
2025-08-04,A-,13,0,8,0,216
2025-08-04,B+,25,0,8,0,216
2025-08-04,B-,13,0,8,0,216
2025-08-04,AB+,18,0,8,0,216
2025-08-04,AB-,9,0,8,0,216
2025-08-04,O+,26,0,8,0,216
2025-08-04,O-,10,0,8,0,216
2025-08-05,A+,24,1,8,0,217
2025-08-05,A-,15,1,8,0,217
2025-08-05,B+,26,1,8,0,217
2025-08-05,B-,14,1,8,0,217
2025-08-05,AB+,19,1,8,0,217
2025-08-05,AB-,10,1,8,0,217
2025-08-05,O+,27,1,8,0,217
2025-08-05,O-,11,1,8,0,217
2025-08-06,A+,21,2,8,0,218
2025-08-06,A-,14,2,8,0,218
2025-08-06,B+,25,2,8,0,218
2025-08-06,B-,14,2,8,0,218
2025-08-06,AB+,22,2,8,0,218
2025-08-06,AB-,8,2,8,0,218
2025-08-06,O+,26,2,8,0,218
2025-08-06,O-,13,2,8,0,218
2025-08-07,A+,22,3,8,0,219
2025-08-07,A-,12,3,8,0,219
2025-08-07,B+,23,3,8,0,219
2025-08-07,B-,13,3,8,0,219
2025-08-07,AB+,20,3,8,0,219
2025-08-07,AB-,9,3,8,0,219
2025-08-07,O+,27,3,8,0,219
2025-08-07,O-,11,3,8,0,219
2025-08-08,A+,20,4,8,0,220
2025-08-08,A-,12,4,8,0,220
2025-08-08,B+,21,4,8,0,220
2025-08-08,B-,13,4,8,0,220
2025-08-08,AB+,20,4,8,0,220
2025-08-08,AB-,8,4,8,0,220
2025-08-08,O+,25,4,8,0,220
2025-08-08,O-,8,4,8,0,220
2025-08-09,A+,27,5,8,1,221
2025-08-09,A-,17,5,8,1,221
2025-08-09,B+,28,5,8,1,221
2025-08-09,B-,17,5,8,1,221
2025-08-09,AB+,24,5,8,1,221
2025-08-09,AB-,14,5,8,1,221
2025-08-09,O+,30,5,8,1,221
2025-08-09,O-,16,5,8,1,221
2025-08-10,A+,25,6,8,1,222
2025-08-10,A-,21,6,8,1,222
2025-08-10,B+,28,6,8,1,222
2025-08-10,B-,17,6,8,1,222
2025-08-10,AB+,26,6,8,1,222
2025-08-10,AB-,15,6,8,1,222
2025-08-10,O+,31,6,8,1,222
2025-08-10,O-,17,6,8,1,222
2025-08-11,A+,22,0,8,0,223
2025-08-11,A-,14,0,8,0,223
2025-08-11,B+,21,0,8,0,223
2025-08-11,B-,12,0,8,0,223
2025-08-11,AB+,19,0,8,0,223
2025-08-11,AB-,10,0,8,0,223
2025-08-11,O+,26,0,8,0,223
2025-08-11,O-,10,0,8,0,223
2025-08-12,A+,23,1,8,0,224
2025-08-12,A-,14,1,8,0,224
2025-08-12,B+,24,1,8,0,224
2025-08-12,B-,12,1,8,0,224
2025-08-12,AB+,22,1,8,0,224
2025-08-12,AB-,11,1,8,0,224
2025-08-12,O+,27,1,8,0,224
2025-08-12,O-,12,1,8,0,224
2025-08-13,A+,25,2,8,0,225
2025-08-13,A-,13,2,8,0,225
2025-08-13,B+,25,2,8,0,225
2025-08-13,B-,15,2,8,0,225
2025-08-13,AB+,20,2,8,0,225
2025-08-13,AB-,9,2,8,0,225
2025-08-13,O+,25,2,8,0,225
2025-08-13,O-,11,2,8,0,225
2025-08-14,A+,21,3,8,0,226
2025-08-14,A-,13,3,8,0,226
2025-08-14,B+,23,3,8,0,226
2025-08-14,B-,12,3,8,0,226
2025-08-14,AB+,19,3,8,0,226
2025-08-14,AB-,9,3,8,0,226
2025-08-14,O+,26,3,8,0,226
2025-08-14,O-,9,3,8,0,226
2025-08-15,A+,21,4,8,0,227
2025-08-15,A-,11,4,8,0,227
2025-08-15,B+,22,4,8,0,227
2025-08-15,B-,11,4,8,0,227
2025-08-15,AB+,18,4,8,0,227
2025-08-15,AB-,8,4,8,0,227
2025-08-15,O+,25,4,8,0,227
2025-08-15,O-,9,4,8,0,227
2025-08-16,A+,26,5,8,1,228
2025-08-16,A-,19,5,8,1,228
2025-08-16,B+,28,5,8,1,228
2025-08-16,B-,18,5,8,1,228
2025-08-16,AB+,23,5,8,1,228
2025-08-16,AB-,12,5,8,1,228
2025-08-16,O+,32,5,8,1,228
2025-08-16,O-,14,5,8,1,228
2025-08-17,A+,25,6,8,1,229
2025-08-17,A-,19,6,8,1,229
2025-08-17,B+,27,6,8,1,229
2025-08-17,B-,16,6,8,1,229
2025-08-17,AB+,24,6,8,1,229
2025-08-17,AB-,14,6,8,1,229
2025-08-17,O+,29,6,8,1,229
2025-08-17,O-,17,6,8,1,229
2025-08-18,A+,21,0,8,0,230
2025-08-18,A-,11,0,8,0,230
2025-08-18,B+,24,0,8,0,230
2025-08-18,B-,10,0,8,0,230
2025-08-18,AB+,18,0,8,0,230
2025-08-18,AB-,7,0,8,0,230
2025-08-18,O+,25,0,8,0,230
2025-08-18,O-,9,0,8,0,230
2025-08-19,A+,23,1,8,0,231
2025-08-19,A-,14,1,8,0,231
2025-08-19,B+,25,1,8,0,231
2025-08-19,B-,14,1,8,0,231
2025-08-19,AB+,19,1,8,0,231
2025-08-19,AB-,9,1,8,0,231
2025-08-19,O+,27,1,8,0,231
2025-08-19,O-,10,1,8,0,231
2025-08-20,A+,24,2,8,0,232
2025-08-20,A-,15,2,8,0,232
2025-08-20,B+,22,2,8,0,232
2025-08-20,B-,13,2,8,0,232
2025-08-20,AB+,21,2,8,0,232
2025-08-20,AB-,10,2,8,0,232
2025-08-20,O+,26,2,8,0,232
2025-08-20,O-,12,2,8,0,232
2025-08-21,A+,23,3,8,0,233
2025-08-21,A-,12,3,8,0,233
2025-08-21,B+,25,3,8,0,233
2025-08-21,B-,10,3,8,0,233
2025-08-21,AB+,17,3,8,0,233
2025-08-21,AB-,9,3,8,0,233
2025-08-21,O+,25,3,8,0,233
2025-08-21,O-,10,3,8,0,233
2025-08-22,A+,20,4,8,0,234
2025-08-22,A-,10,4,8,0,234
2025-08-22,B+,21,4,8,0,234
2025-08-22,B-,10,4,8,0,234
2025-08-22,AB+,18,4,8,0,234
2025-08-22,AB-,7,4,8,0,234
2025-08-22,O+,23,4,8,0,234
2025-08-22,O-,8,4,8,0,234
2025-08-23,A+,27,5,8,1,235
2025-08-23,A-,17,5,8,1,235
2025-08-23,B+,26,5,8,1,235
2025-08-23,B-,15,5,8,1,235
2025-08-23,AB+,23,5,8,1,235
2025-08-23,AB-,14,5,8,1,235
2025-08-23,O+,30,5,8,1,235
2025-08-23,O-,16,5,8,1,235
2025-08-24,A+,27,6,8,1,236
2025-08-24,A-,16,6,8,1,236
2025-08-24,B+,27,6,8,1,236
2025-08-24,B-,14,6,8,1,236
2025-08-24,AB+,23,6,8,1,236
2025-08-24,AB-,13,6,8,1,236
2025-08-24,O+,27,6,8,1,236
2025-08-24,O-,17,6,8,1,236
2025-08-25,A+,21,0,8,0,237
2025-08-25,A-,9,0,8,0,237
2025-08-25,B+,22,0,8,0,237
2025-08-25,B-,13,0,8,0,237
2025-08-25,AB+,20,0,8,0,237
2025-08-25,AB-,8,0,8,0,237
2025-08-25,O+,24,0,8,0,237
2025-08-25,O-,10,0,8,0,237
2025-08-26,A+,22,1,8,0,238
2025-08-26,A-,14,1,8,0,238
2025-08-26,B+,24,1,8,0,238
2025-08-26,B-,11,1,8,0,238
2025-08-26,AB+,21,1,8,0,238
2025-08-26,AB-,8,1,8,0,238
2025-08-26,O+,25,1,8,0,238
2025-08-26,O-,11,1,8,0,238
2025-08-27,A+,24,2,8,0,239
2025-08-27,A-,15,2,8,0,239
2025-08-27,B+,24,2,8,0,239
2025-08-27,B-,13,2,8,0,239
2025-08-27,AB+,21,2,8,0,239
2025-08-27,AB-,10,2,8,0,239
2025-08-27,O+,25,2,8,0,239
2025-08-27,O-,10,2,8,0,239
2025-08-28,A+,23,3,8,0,240
2025-08-28,A-,12,3,8,0,240
2025-08-28,B+,21,3,8,0,240
2025-08-28,B-,11,3,8,0,240
2025-08-28,AB+,19,3,8,0,240
2025-08-28,AB-,10,3,8,0,240
2025-08-28,O+,23,3,8,0,240
2025-08-28,O-,10,3,8,0,240
2025-08-29,A+,21,4,8,0,241
2025-08-29,A-,10,4,8,0,241
2025-08-29,B+,21,4,8,0,241
2025-08-29,B-,7,4,8,0,241
2025-08-29,AB+,18,4,8,0,241
2025-08-29,AB-,8,4,8,0,241
2025-08-29,O+,23,4,8,0,241
2025-08-29,O-,6,4,8,0,241
2025-08-30,A+,27,5,8,1,242
2025-08-30,A-,16,5,8,1,242
2025-08-30,B+,23,5,8,1,242
2025-08-30,B-,17,5,8,1,242
2025-08-30,AB+,24,5,8,1,242
2025-08-30,AB-,14,5,8,1,242
2025-08-30,O+,27,5,8,1,242
2025-08-30,O-,11,5,8,1,242
2025-08-31,A+,26,6,8,1,243
2025-08-31,A-,18,6,8,1,243
2025-08-31,B+,26,6,8,1,243
2025-08-31,B-,14,6,8,1,243
2025-08-31,AB+,24,6,8,1,243
2025-08-31,AB-,13,6,8,1,243
2025-08-31,O+,30,6,8,1,243
2025-08-31,O-,14,6,8,1,243
2025-09-01,A+,20,0,9,0,244
2025-09-01,A-,12,0,9,0,244
2025-09-01,B+,21,0,9,0,244
2025-09-01,B-,10,0,9,0,244
2025-09-01,AB+,16,0,9,0,244
2025-09-01,AB-,8,0,9,0,244
2025-09-01,O+,25,0,9,0,244
2025-09-01,O-,8,0,9,0,244
2025-09-02,A+,24,1,9,0,245
2025-09-02,A-,14,1,9,0,245
2025-09-02,B+,23,1,9,0,245
2025-09-02,B-,13,1,9,0,245
2025-09-02,AB+,20,1,9,0,245
2025-09-02,AB-,9,1,9,0,245
2025-09-02,O+,26,1,9,0,245
2025-09-02,O-,11,1,9,0,245
2025-09-03,A+,22,2,9,0,246
2025-09-03,A-,14,2,9,0,246
2025-09-03,B+,23,2,9,0,246
2025-09-03,B-,12,2,9,0,246
2025-09-03,AB+,19,2,9,0,246
2025-09-03,AB-,8,2,9,0,246
2025-09-03,O+,25,2,9,0,246
2025-09-03,O-,11,2,9,0,246
2025-09-04,A+,22,3,9,0,247
2025-09-04,A-,11,3,9,0,247
2025-09-04,B+,22,3,9,0,247
2025-09-04,B-,12,3,9,0,247
2025-09-04,AB+,18,3,9,0,247
2025-09-04,AB-,9,3,9,0,247
2025-09-04,O+,24,3,9,0,247
2025-09-04,O-,10,3,9,0,247
2025-09-05,A+,21,4,9,0,248
2025-09-05,A-,7,4,9,0,248
2025-09-05,B+,22,4,9,0,248
2025-09-05,B-,11,4,9,0,248
2025-09-05,AB+,16,4,9,0,248
2025-09-05,AB-,7,4,9,0,248
2025-09-05,O+,22,4,9,0,248
2025-09-05,O-,8,4,9,0,248
2025-09-06,A+,28,5,9,1,249
2025-09-06,A-,14,5,9,1,249
2025-09-06,B+,26,5,9,1,249
2025-09-06,B-,16,5,9,1,249
2025-09-06,AB+,24,5,9,1,249
2025-09-06,AB-,11,5,9,1,249
2025-09-06,O+,28,5,9,1,249
2025-09-06,O-,13,5,9,1,249
2025-09-07,A+,25,6,9,1,250
2025-09-07,A-,17,6,9,1,250
2025-09-07,B+,25,6,9,1,250
2025-09-07,B-,16,6,9,1,250
2025-09-07,AB+,22,6,9,1,250
2025-09-07,AB-,13,6,9,1,250
2025-09-07,O+,28,6,9,1,250
2025-09-07,O-,14,6,9,1,250
2025-09-08,A+,19,0,9,0,251
2025-09-08,A-,13,0,9,0,251
2025-09-08,B+,21,0,9,0,251
2025-09-08,B-,10,0,9,0,251
2025-09-08,AB+,17,0,9,0,251
2025-09-08,AB-,7,0,9,0,251
2025-09-08,O+,23,0,9,0,251
2025-09-08,O-,9,0,9,0,251
2025-09-09,A+,22,1,9,0,252
2025-09-09,A-,12,1,9,0,252
2025-09-09,B+,23,1,9,0,252
2025-09-09,B-,11,1,9,0,252
2025-09-09,AB+,19,1,9,0,252
2025-09-09,AB-,8,1,9,0,252
2025-09-09,O+,26,1,9,0,252
2025-09-09,O-,9,1,9,0,252
2025-09-10,A+,24,2,9,0,253
2025-09-10,A-,13,2,9,0,253
2025-09-10,B+,24,2,9,0,253
2025-09-10,B-,11,2,9,0,253
2025-09-10,AB+,17,2,9,0,253
2025-09-10,AB-,7,2,9,0,253
2025-09-10,O+,28,2,9,0,253
2025-09-10,O-,10,2,9,0,253
2025-09-11,A+,22,3,9,0,254
2025-09-11,A-,11,3,9,0,254
2025-09-11,B+,22,3,9,0,254
2025-09-11,B-,12,3,9,0,254
2025-09-11,AB+,22,3,9,0,254
2025-09-11,AB-,8,3,9,0,254
2025-09-11,O+,23,3,9,0,254
2025-09-11,O-,10,3,9,0,254
2025-09-12,A+,18,4,9,0,255
2025-09-12,A-,11,4,9,0,255
2025-09-12,B+,20,4,9,0,255
2025-09-12,B-,8,4,9,0,255
2025-09-12,AB+,17,4,9,0,255
2025-09-12,AB-,7,4,9,0,255
2025-09-12,O+,23,4,9,0,255
2025-09-12,O-,9,4,9,0,255
2025-09-13,A+,25,5,9,1,256
2025-09-13,A-,16,5,9,1,256
2025-09-13,B+,25,5,9,1,256
2025-09-13,B-,16,5,9,1,256
2025-09-13,AB+,22,5,9,1,256
2025-09-13,AB-,13,5,9,1,256
2025-09-13,O+,30,5,9,1,256
2025-09-13,O-,12,5,9,1,256
2025-09-14,A+,25,6,9,1,257
2025-09-14,A-,18,6,9,1,257
2025-09-14,B+,27,6,9,1,257
2025-09-14,B-,16,6,9,1,257
2025-09-14,AB+,22,6,9,1,257
2025-09-14,AB-,11,6,9,1,257
2025-09-14,O+,28,6,9,1,257
2025-09-14,O-,12,6,9,1,257
2025-09-15,A+,21,0,9,0,258
2025-09-15,A-,12,0,9,0,258
2025-09-15,B+,20,0,9,0,258
2025-09-15,B-,10,0,9,0,258
2025-09-15,AB+,18,0,9,0,258
2025-09-15,AB-,7,0,9,0,258
2025-09-15,O+,22,0,9,0,258
2025-09-15,O-,11,0,9,0,258
2025-09-16,A+,21,1,9,0,259
2025-09-16,A-,14,1,9,0,259
2025-09-16,B+,23,1,9,0,259
2025-09-16,B-,10,1,9,0,259
2025-09-16,AB+,18,1,9,0,259
2025-09-16,AB-,10,1,9,0,259
2025-09-16,O+,25,1,9,0,259
2025-09-16,O-,8,1,9,0,259
2025-09-17,A+,23,2,9,0,260
2025-09-17,A-,12,2,9,0,260
2025-09-17,B+,24,2,9,0,260
2025-09-17,B-,15,2,9,0,260
2025-09-17,AB+,20,2,9,0,260
2025-09-17,AB-,10,2,9,0,260
2025-09-17,O+,25,2,9,0,260
2025-09-17,O-,9,2,9,0,260
2025-09-18,A+,22,3,9,0,261
2025-09-18,A-,11,3,9,0,261
2025-09-18,B+,22,3,9,0,261
2025-09-18,B-,13,3,9,0,261
2025-09-18,AB+,18,3,9,0,261
2025-09-18,AB-,9,3,9,0,261
2025-09-18,O+,24,3,9,0,261
2025-09-18,O-,8,3,9,0,261
2025-09-19,A+,20,4,9,0,262
2025-09-19,A-,9,4,9,0,262
2025-09-19,B+,21,4,9,0,262
2025-09-19,B-,11,4,9,0,262
2025-09-19,AB+,16,4,9,0,262
2025-09-19,AB-,8,4,9,0,262
2025-09-19,O+,22,4,9,0,262
2025-09-19,O-,8,4,9,0,262
2025-09-20,A+,29,5,9,1,263
2025-09-20,A-,19,5,9,1,263
2025-09-20,B+,26,5,9,1,263
2025-09-20,B-,15,5,9,1,263
2025-09-20,AB+,21,5,9,1,263
2025-09-20,AB-,13,5,9,1,263
2025-09-20,O+,29,5,9,1,263
2025-09-20,O-,12,5,9,1,263
2025-09-21,A+,27,6,9,1,264
2025-09-21,A-,16,6,9,1,264
2025-09-21,B+,26,6,9,1,264
2025-09-21,B-,16,6,9,1,264
2025-09-21,AB+,22,6,9,1,264
2025-09-21,AB-,12,6,9,1,264
2025-09-21,O+,31,6,9,1,264
2025-09-21,O-,13,6,9,1,264
2025-09-22,A+,21,0,9,0,265
2025-09-22,A-,10,0,9,0,265
2025-09-22,B+,20,0,9,0,265
2025-09-22,B-,10,0,9,0,265
2025-09-22,AB+,20,0,9,0,265
2025-09-22,AB-,8,0,9,0,265
2025-09-22,O+,24,0,9,0,265
2025-09-22,O-,7,0,9,0,265
2025-09-23,A+,21,1,9,0,266
2025-09-23,A-,11,1,9,0,266
2025-09-23,B+,25,1,9,0,266
2025-09-23,B-,12,1,9,0,266
2025-09-23,AB+,19,1,9,0,266
2025-09-23,AB-,9,1,9,0,266
2025-09-23,O+,27,1,9,0,266
2025-09-23,O-,10,1,9,0,266
2025-09-24,A+,22,2,9,0,267
2025-09-24,A-,15,2,9,0,267
2025-09-24,B+,23,2,9,0,267
2025-09-24,B-,10,2,9,0,267
2025-09-24,AB+,17,2,9,0,267
2025-09-24,AB-,9,2,9,0,267
2025-09-24,O+,25,2,9,0,267
2025-09-24,O-,11,2,9,0,267
2025-09-25,A+,20,3,9,0,268
2025-09-25,A-,12,3,9,0,268
2025-09-25,B+,21,3,9,0,268
2025-09-25,B-,12,3,9,0,268
2025-09-25,AB+,19,3,9,0,268
2025-09-25,AB-,10,3,9,0,268
2025-09-25,O+,24,3,9,0,268
2025-09-25,O-,11,3,9,0,268
2025-09-26,A+,18,4,9,0,269
2025-09-26,A-,10,4,9,0,269
2025-09-26,B+,19,4,9,0,269
2025-09-26,B-,10,4,9,0,269
2025-09-26,AB+,16,4,9,0,269
2025-09-26,AB-,5,4,9,0,269
2025-09-26,O+,23,4,9,0,269
2025-09-26,O-,8,4,9,0,269
2025-09-27,A+,24,5,9,1,270
2025-09-27,A-,16,5,9,1,270
2025-09-27,B+,24,5,9,1,270
2025-09-27,B-,14,5,9,1,270
2025-09-27,AB+,24,5,9,1,270
2025-09-27,AB-,11,5,9,1,270
2025-09-27,O+,28,5,9,1,270
2025-09-27,O-,11,5,9,1,270
2025-09-28,A+,26,6,9,1,271
2025-09-28,A-,17,6,9,1,271
2025-09-28,B+,27,6,9,1,271
2025-09-28,B-,16,6,9,1,271
2025-09-28,AB+,24,6,9,1,271
2025-09-28,AB-,12,6,9,1,271
2025-09-28,O+,27,6,9,1,271
2025-09-28,O-,13,6,9,1,271
2025-09-29,A+,18,0,9,0,272
2025-09-29,A-,11,0,9,0,272
2025-09-29,B+,21,0,9,0,272
2025-09-29,B-,11,0,9,0,272
2025-09-29,AB+,15,0,9,0,272
2025-09-29,AB-,7,0,9,0,272
2025-09-29,O+,24,0,9,0,272
2025-09-29,O-,9,0,9,0,272
2025-09-30,A+,19,1,9,0,273
2025-09-30,A-,13,1,9,0,273
2025-09-30,B+,22,1,9,0,273
2025-09-30,B-,12,1,9,0,273
2025-09-30,AB+,18,1,9,0,273
2025-09-30,AB-,11,1,9,0,273
2025-09-30,O+,25,1,9,0,273
2025-09-30,O-,10,1,9,0,273
2025-10-01,A+,22,2,10,0,274
2025-10-01,A-,14,2,10,0,274
2025-10-01,B+,23,2,10,0,274
2025-10-01,B-,13,2,10,0,274
2025-10-01,AB+,18,2,10,0,274
2025-10-01,AB-,11,2,10,0,274
2025-10-01,O+,26,2,10,0,274
2025-10-01,O-,10,2,10,0,274
2025-10-02,A+,22,3,10,0,275
2025-10-02,A-,12,3,10,0,275
2025-10-02,B+,23,3,10,0,275
2025-10-02,B-,11,3,10,0,275
2025-10-02,AB+,18,3,10,0,275
2025-10-02,AB-,8,3,10,0,275
2025-10-02,O+,23,3,10,0,275
2025-10-02,O-,10,3,10,0,275
2025-10-03,A+,21,4,10,0,276
2025-10-03,A-,11,4,10,0,276
2025-10-03,B+,22,4,10,0,276
2025-10-03,B-,10,4,10,0,276
2025-10-03,AB+,16,4,10,0,276
2025-10-03,AB-,7,4,10,0,276
2025-10-03,O+,21,4,10,0,276
2025-10-03,O-,7,4,10,0,276
2025-10-04,A+,24,5,10,1,277
2025-10-04,A-,16,5,10,1,277
2025-10-04,B+,24,5,10,1,277
2025-10-04,B-,16,5,10,1,277
2025-10-04,AB+,22,5,10,1,277
2025-10-04,AB-,13,5,10,1,277
2025-10-04,O+,28,5,10,1,277
2025-10-04,O-,11,5,10,1,277
2025-10-05,A+,25,6,10,1,278
2025-10-05,A-,16,6,10,1,278
2025-10-05,B+,26,6,10,1,278
2025-10-05,B-,17,6,10,1,278
2025-10-05,AB+,24,6,10,1,278
2025-10-05,AB-,12,6,10,1,278
2025-10-05,O+,27,6,10,1,278
2025-10-05,O-,13,6,10,1,278
2025-10-06,A+,21,0,10,0,279
2025-10-06,A-,11,0,10,0,279
2025-10-06,B+,19,0,10,0,279
2025-10-06,B-,9,0,10,0,279
2025-10-06,AB+,19,0,10,0,279
2025-10-06,AB-,7,0,10,0,279
2025-10-06,O+,23,0,10,0,279
2025-10-06,O-,8,0,10,0,279
2025-10-07,A+,21,1,10,0,280
2025-10-07,A-,13,1,10,0,280
2025-10-07,B+,23,1,10,0,280
2025-10-07,B-,13,1,10,0,280
2025-10-07,AB+,19,1,10,0,280
2025-10-07,AB-,9,1,10,0,280
2025-10-07,O+,25,1,10,0,280
2025-10-07,O-,9,1,10,0,280
2025-10-08,A+,22,2,10,0,281
2025-10-08,A-,15,2,10,0,281
2025-10-08,B+,23,2,10,0,281
2025-10-08,B-,12,2,10,0,281
2025-10-08,AB+,19,2,10,0,281
2025-10-08,AB-,8,2,10,0,281
2025-10-08,O+,25,2,10,0,281
2025-10-08,O-,12,2,10,0,281
2025-10-09,A+,20,3,10,0,282
2025-10-09,A-,12,3,10,0,282
2025-10-09,B+,22,3,10,0,282
2025-10-09,B-,11,3,10,0,282
2025-10-09,AB+,18,3,10,0,282
2025-10-09,AB-,9,3,10,0,282
2025-10-09,O+,23,3,10,0,282
2025-10-09,O-,10,3,10,0,282
2025-10-10,A+,19,4,10,0,283
2025-10-10,A-,8,4,10,0,283
2025-10-10,B+,21,4,10,0,283
2025-10-10,B-,9,4,10,0,283
2025-10-10,AB+,15,4,10,0,283
2025-10-10,AB-,6,4,10,0,283
2025-10-10,O+,21,4,10,0,283
2025-10-10,O-,6,4,10,0,283
2025-10-11,A+,25,5,10,1,284
2025-10-11,A-,14,5,10,1,284
2025-10-11,B+,25,5,10,1,284
2025-10-11,B-,14,5,10,1,284
2025-10-11,AB+,22,5,10,1,284
2025-10-11,AB-,13,5,10,1,284
2025-10-11,O+,27,5,10,1,284
2025-10-11,O-,12,5,10,1,284
2025-10-12,A+,26,6,10,1,285
2025-10-12,A-,17,6,10,1,285
2025-10-12,B+,26,6,10,1,285
2025-10-12,B-,18,6,10,1,285
2025-10-12,AB+,23,6,10,1,285
2025-10-12,AB-,12,6,10,1,285
2025-10-12,O+,28,6,10,1,285
2025-10-12,O-,15,6,10,1,285
2025-10-13,A+,21,0,10,0,286
2025-10-13,A-,9,0,10,0,286
2025-10-13,B+,20,0,10,0,286
2025-10-13,B-,10,0,10,0,286
2025-10-13,AB+,17,0,10,0,286
2025-10-13,AB-,8,0,10,0,286
2025-10-13,O+,22,0,10,0,286
2025-10-13,O-,8,0,10,0,286
2025-10-14,A+,24,1,10,0,287
2025-10-14,A-,13,1,10,0,287
2025-10-14,B+,22,1,10,0,287
2025-10-14,B-,10,1,10,0,287
2025-10-14,AB+,18,1,10,0,287
2025-10-14,AB-,7,1,10,0,287
2025-10-14,O+,24,1,10,0,287
2025-10-14,O-,10,1,10,0,287
2025-10-15,A+,22,2,10,0,288
2025-10-15,A-,13,2,10,0,288
2025-10-15,B+,21,2,10,0,288
2025-10-15,B-,13,2,10,0,288
2025-10-15,AB+,19,2,10,0,288
2025-10-15,AB-,9,2,10,0,288
2025-10-15,O+,24,2,10,0,288
2025-10-15,O-,10,2,10,0,288
2025-10-16,A+,20,3,10,0,289
2025-10-16,A-,10,3,10,0,289
2025-10-16,B+,21,3,10,0,289
2025-10-16,B-,11,3,10,0,289
2025-10-16,AB+,18,3,10,0,289
2025-10-16,AB-,7,3,10,0,289
2025-10-16,O+,23,3,10,0,289
2025-10-16,O-,9,3,10,0,289
2025-10-17,A+,20,4,10,0,290
2025-10-17,A-,9,4,10,0,290
2025-10-17,B+,20,4,10,0,290
2025-10-17,B-,9,4,10,0,290
2025-10-17,AB+,18,4,10,0,290
2025-10-17,AB-,6,4,10,0,290
2025-10-17,O+,23,4,10,0,290
2025-10-17,O-,9,4,10,0,290
2025-10-18,A+,27,5,10,1,291
2025-10-18,A-,15,5,10,1,291
2025-10-18,B+,25,5,10,1,291
2025-10-18,B-,17,5,10,1,291
2025-10-18,AB+,23,5,10,1,291
2025-10-18,AB-,12,5,10,1,291
2025-10-18,O+,24,5,10,1,291
2025-10-18,O-,13,5,10,1,291
2025-10-19,A+,24,6,10,1,292
2025-10-19,A-,16,6,10,1,292
2025-10-19,B+,27,6,10,1,292
2025-10-19,B-,16,6,10,1,292
2025-10-19,AB+,25,6,10,1,292
2025-10-19,AB-,12,6,10,1,292
2025-10-19,O+,28,6,10,1,292
2025-10-19,O-,15,6,10,1,292
2025-10-20,A+,21,0,10,0,293
2025-10-20,A-,11,0,10,0,293
2025-10-20,B+,21,0,10,0,293
2025-10-20,B-,10,0,10,0,293
2025-10-20,AB+,18,0,10,0,293
2025-10-20,AB-,9,0,10,0,293
2025-10-20,O+,22,0,10,0,293
2025-10-20,O-,9,0,10,0,293
2025-10-21,A+,20,1,10,0,294
2025-10-21,A-,12,1,10,0,294
2025-10-21,B+,24,1,10,0,294
2025-10-21,B-,12,1,10,0,294
2025-10-21,AB+,18,1,10,0,294
2025-10-21,AB-,9,1,10,0,294
2025-10-21,O+,26,1,10,0,294
2025-10-21,O-,8,1,10,0,294
2025-10-22,A+,24,2,10,0,295
2025-10-22,A-,14,2,10,0,295
2025-10-22,B+,24,2,10,0,295
2025-10-22,B-,12,2,10,0,295
2025-10-22,AB+,21,2,10,0,295
2025-10-22,AB-,10,2,10,0,295
2025-10-22,O+,25,2,10,0,295
2025-10-22,O-,11,2,10,0,295
2025-10-23,A+,20,3,10,0,296
2025-10-23,A-,12,3,10,0,296
2025-10-23,B+,24,3,10,0,296
2025-10-23,B-,12,3,10,0,296
2025-10-23,AB+,19,3,10,0,296
2025-10-23,AB-,10,3,10,0,296
2025-10-23,O+,25,3,10,0,296
2025-10-23,O-,8,3,10,0,296
2025-10-24,A+,22,4,10,0,297
2025-10-24,A-,11,4,10,0,297
2025-10-24,B+,21,4,10,0,297
2025-10-24,B-,10,4,10,0,297
2025-10-24,AB+,18,4,10,0,297
2025-10-24,AB-,9,4,10,0,297
2025-10-24,O+,22,4,10,0,297
2025-10-24,O-,9,4,10,0,297
2025-10-25,A+,26,5,10,1,298
2025-10-25,A-,14,5,10,1,298
2025-10-25,B+,25,5,10,1,298
2025-10-25,B-,16,5,10,1,298
2025-10-25,AB+,24,5,10,1,298
2025-10-25,AB-,13,5,10,1,298
2025-10-25,O+,29,5,10,1,298
2025-10-25,O-,17,5,10,1,298
2025-10-26,A+,27,6,10,1,299
2025-10-26,A-,17,6,10,1,299
2025-10-26,B+,27,6,10,1,299
2025-10-26,B-,18,6,10,1,299
2025-10-26,AB+,21,6,10,1,299
2025-10-26,AB-,14,6,10,1,299
2025-10-26,O+,29,6,10,1,299
2025-10-26,O-,13,6,10,1,299
2025-10-27,A+,19,0,10,0,300
2025-10-27,A-,13,0,10,0,300
2025-10-27,B+,20,0,10,0,300
2025-10-27,B-,11,0,10,0,300
2025-10-27,AB+,16,0,10,0,300
2025-10-27,AB-,10,0,10,0,300
2025-10-27,O+,24,0,10,0,300
2025-10-27,O-,7,0,10,0,300
2025-10-28,A+,22,1,10,0,301
2025-10-28,A-,15,1,10,0,301
2025-10-28,B+,22,1,10,0,301
2025-10-28,B-,12,1,10,0,301
2025-10-28,AB+,21,1,10,0,301
2025-10-28,AB-,10,1,10,0,301
2025-10-28,O+,24,1,10,0,301
2025-10-28,O-,10,1,10,0,301
2025-10-29,A+,22,2,10,0,302
2025-10-29,A-,14,2,10,0,302
2025-10-29,B+,25,2,10,0,302
2025-10-29,B-,13,2,10,0,302
2025-10-29,AB+,19,2,10,0,302
2025-10-29,AB-,9,2,10,0,302
2025-10-29,O+,27,2,10,0,302
2025-10-29,O-,10,2,10,0,302
2025-10-30,A+,19,3,10,0,303
2025-10-30,A-,12,3,10,0,303
2025-10-30,B+,23,3,10,0,303
2025-10-30,B-,11,3,10,0,303
2025-10-30,AB+,18,3,10,0,303
2025-10-30,AB-,8,3,10,0,303
2025-10-30,O+,24,3,10,0,303
2025-10-30,O-,8,3,10,0,303
2025-10-31,A+,21,4,10,0,304
2025-10-31,A-,8,4,10,0,304
2025-10-31,B+,21,4,10,0,304
2025-10-31,B-,10,4,10,0,304
2025-10-31,AB+,17,4,10,0,304
2025-10-31,AB-,5,4,10,0,304
2025-10-31,O+,23,4,10,0,304
2025-10-31,O-,7,4,10,0,304
2025-11-01,A+,28,5,11,1,305
2025-11-01,A-,17,5,11,1,305
2025-11-01,B+,25,5,11,1,305
2025-11-01,B-,14,5,11,1,305
2025-11-01,AB+,22,5,11,1,305
2025-11-01,AB-,14,5,11,1,305
2025-11-01,O+,30,5,11,1,305
2025-11-01,O-,14,5,11,1,305
2025-11-02,A+,26,6,11,1,306
2025-11-02,A-,17,6,11,1,306
2025-11-02,B+,27,6,11,1,306
2025-11-02,B-,18,6,11,1,306
2025-11-02,AB+,23,6,11,1,306
2025-11-02,AB-,14,6,11,1,306
2025-11-02,O+,29,6,11,1,306
2025-11-02,O-,15,6,11,1,306
2025-11-03,A+,21,0,11,0,307
2025-11-03,A-,13,0,11,0,307
2025-11-03,B+,24,0,11,0,307
2025-11-03,B-,8,0,11,0,307
2025-11-03,AB+,19,0,11,0,307
2025-11-03,AB-,8,0,11,0,307
2025-11-03,O+,24,0,11,0,307
2025-11-03,O-,9,0,11,0,307
2025-11-04,A+,23,1,11,0,308
2025-11-04,A-,14,1,11,0,308
2025-11-04,B+,24,1,11,0,308
2025-11-04,B-,13,1,11,0,308
2025-11-04,AB+,19,1,11,0,308
2025-11-04,AB-,9,1,11,0,308
2025-11-04,O+,25,1,11,0,308
2025-11-04,O-,10,1,11,0,308
2025-11-05,A+,25,2,11,0,309
2025-11-05,A-,12,2,11,0,309
2025-11-05,B+,25,2,11,0,309
2025-11-05,B-,14,2,11,0,309
2025-11-05,AB+,19,2,11,0,309
2025-11-05,AB-,10,2,11,0,309
2025-11-05,O+,27,2,11,0,309
2025-11-05,O-,10,2,11,0,309
2025-11-06,A+,23,3,11,0,310
2025-11-06,A-,14,3,11,0,310
2025-11-06,B+,22,3,11,0,310
2025-11-06,B-,10,3,11,0,310
2025-11-06,AB+,19,3,11,0,310
2025-11-06,AB-,7,3,11,0,310
2025-11-06,O+,21,3,11,0,310
2025-11-06,O-,9,3,11,0,310
2025-11-07,A+,23,4,11,0,311
2025-11-07,A-,11,4,11,0,311
2025-11-07,B+,22,4,11,0,311
2025-11-07,B-,11,4,11,0,311
2025-11-07,AB+,17,4,11,0,311
2025-11-07,AB-,7,4,11,0,311
2025-11-07,O+,25,4,11,0,311
2025-11-07,O-,8,4,11,0,311
2025-11-08,A+,26,5,11,1,312
2025-11-08,A-,18,5,11,1,312
2025-11-08,B+,26,5,11,1,312
2025-11-08,B-,15,5,11,1,312
2025-11-08,AB+,21,5,11,1,312
2025-11-08,AB-,14,5,11,1,312
2025-11-08,O+,29,5,11,1,312
2025-11-08,O-,15,5,11,1,312
2025-11-09,A+,27,6,11,1,313
2025-11-09,A-,16,6,11,1,313
2025-11-09,B+,27,6,11,1,313
2025-11-09,B-,18,6,11,1,313
2025-11-09,AB+,23,6,11,1,313
2025-11-09,AB-,15,6,11,1,313
2025-11-09,O+,29,6,11,1,313
2025-11-09,O-,15,6,11,1,313
2025-11-10,A+,19,0,11,0,314
2025-11-10,A-,12,0,11,0,314
2025-11-10,B+,22,0,11,0,314
2025-11-10,B-,9,0,11,0,314
2025-11-10,AB+,19,0,11,0,314
2025-11-10,AB-,7,0,11,0,314
2025-11-10,O+,23,0,11,0,314
2025-11-10,O-,11,0,11,0,314
2025-11-11,A+,23,1,11,0,315
2025-11-11,A-,15,1,11,0,315
2025-11-11,B+,22,1,11,0,315
2025-11-11,B-,12,1,11,0,315
2025-11-11,AB+,22,1,11,0,315
2025-11-11,AB-,11,1,11,0,315
2025-11-11,O+,24,1,11,0,315
2025-11-11,O-,11,1,11,0,315
2025-11-12,A+,22,2,11,0,316
2025-11-12,A-,16,2,11,0,316
2025-11-12,B+,21,2,11,0,316
2025-11-12,B-,14,2,11,0,316
2025-11-12,AB+,21,2,11,0,316
2025-11-12,AB-,9,2,11,0,316
2025-11-12,O+,26,2,11,0,316
2025-11-12,O-,12,2,11,0,316
2025-11-13,A+,20,3,11,0,317
2025-11-13,A-,12,3,11,0,317
2025-11-13,B+,23,3,11,0,317
2025-11-13,B-,11,3,11,0,317
2025-11-13,AB+,19,3,11,0,317
2025-11-13,AB-,9,3,11,0,317
2025-11-13,O+,24,3,11,0,317
2025-11-13,O-,10,3,11,0,317
2025-11-14,A+,21,4,11,0,318
2025-11-14,A-,12,4,11,0,318
2025-11-14,B+,20,4,11,0,318
2025-11-14,B-,10,4,11,0,318
2025-11-14,AB+,18,4,11,0,318
2025-11-14,AB-,6,4,11,0,318
2025-11-14,O+,24,4,11,0,318
2025-11-14,O-,9,4,11,0,318
2025-11-15,A+,23,5,11,1,319
2025-11-15,A-,17,5,11,1,319
2025-11-15,B+,28,5,11,1,319
2025-11-15,B-,16,5,11,1,319
2025-11-15,AB+,23,5,11,1,319
2025-11-15,AB-,14,5,11,1,319
2025-11-15,O+,31,5,11,1,319
2025-11-15,O-,15,5,11,1,319
2025-11-16,A+,26,6,11,1,320
2025-11-16,A-,16,6,11,1,320
2025-11-16,B+,29,6,11,1,320
2025-11-16,B-,16,6,11,1,320
2025-11-16,AB+,23,6,11,1,320
2025-11-16,AB-,14,6,11,1,320
2025-11-16,O+,31,6,11,1,320
2025-11-16,O-,16,6,11,1,320
2025-11-17,A+,22,0,11,0,321
2025-11-17,A-,12,0,11,0,321
2025-11-17,B+,21,0,11,0,321
2025-11-17,B-,14,0,11,0,321
2025-11-17,AB+,18,0,11,0,321
2025-11-17,AB-,9,0,11,0,321
2025-11-17,O+,25,0,11,0,321
2025-11-17,O-,9,0,11,0,321
2025-11-18,A+,23,1,11,0,322
2025-11-18,A-,13,1,11,0,322
2025-11-18,B+,26,1,11,0,322
2025-11-18,B-,13,1,11,0,322
2025-11-18,AB+,22,1,11,0,322
2025-11-18,AB-,10,1,11,0,322
2025-11-18,O+,26,1,11,0,322
2025-11-18,O-,10,1,11,0,322
2025-11-19,A+,23,2,11,0,323
2025-11-19,A-,13,2,11,0,323
2025-11-19,B+,25,2,11,0,323
2025-11-19,B-,14,2,11,0,323
2025-11-19,AB+,22,2,11,0,323
2025-11-19,AB-,9,2,11,0,323
2025-11-19,O+,28,2,11,0,323
2025-11-19,O-,10,2,11,0,323
2025-11-20,A+,23,3,11,0,324
2025-11-20,A-,12,3,11,0,324
2025-11-20,B+,24,3,11,0,324
2025-11-20,B-,10,3,11,0,324
2025-11-20,AB+,19,3,11,0,324
2025-11-20,AB-,10,3,11,0,324
2025-11-20,O+,28,3,11,0,324
2025-11-20,O-,8,3,11,0,324
2025-11-21,A+,21,4,11,0,325
2025-11-21,A-,11,4,11,0,325
2025-11-21,B+,20,4,11,0,325
2025-11-21,B-,10,4,11,0,325
2025-11-21,AB+,17,4,11,0,325
2025-11-21,AB-,9,4,11,0,325
2025-11-21,O+,24,4,11,0,325
2025-11-21,O-,7,4,11,0,325
2025-11-22,A+,25,5,11,1,326
2025-11-22,A-,18,5,11,1,326
2025-11-22,B+,28,5,11,1,326
2025-11-22,B-,19,5,11,1,326
2025-11-22,AB+,24,5,11,1,326
2025-11-22,AB-,15,5,11,1,326
2025-11-22,O+,31,5,11,1,326
2025-11-22,O-,16,5,11,1,326
2025-11-23,A+,28,6,11,1,327
2025-11-23,A-,19,6,11,1,327
2025-11-23,B+,26,6,11,1,327
2025-11-23,B-,17,6,11,1,327
2025-11-23,AB+,24,6,11,1,327
2025-11-23,AB-,16,6,11,1,327
2025-11-23,O+,29,6,11,1,327
2025-11-23,O-,15,6,11,1,327
2025-11-24,A+,23,0,11,0,328
2025-11-24,A-,13,0,11,0,328
2025-11-24,B+,23,0,11,0,328
2025-11-24,B-,13,0,11,0,328
2025-11-24,AB+,19,0,11,0,328
2025-11-24,AB-,8,0,11,0,328
2025-11-24,O+,23,0,11,0,328
2025-11-24,O-,11,0,11,0,328
2025-11-25,A+,23,1,11,0,329
2025-11-25,A-,14,1,11,0,329
2025-11-25,B+,26,1,11,0,329
2025-11-25,B-,13,1,11,0,329
2025-11-25,AB+,20,1,11,0,329
2025-11-25,AB-,10,1,11,0,329
2025-11-25,O+,26,1,11,0,329
2025-11-25,O-,10,1,11,0,329
2025-11-26,A+,26,2,11,0,330
2025-11-26,A-,14,2,11,0,330
2025-11-26,B+,26,2,11,0,330
2025-11-26,B-,13,2,11,0,330
2025-11-26,AB+,22,2,11,0,330
2025-11-26,AB-,11,2,11,0,330
2025-11-26,O+,27,2,11,0,330
2025-11-26,O-,12,2,11,0,330
2025-11-27,A+,24,3,11,0,331
2025-11-27,A-,14,3,11,0,331
2025-11-27,B+,24,3,11,0,331
2025-11-27,B-,14,3,11,0,331
2025-11-27,AB+,19,3,11,0,331
2025-11-27,AB-,9,3,11,0,331
2025-11-27,O+,26,3,11,0,331
2025-11-27,O-,9,3,11,0,331
2025-11-28,A+,19,4,11,0,332
2025-11-28,A-,15,4,11,0,332
2025-11-28,B+,24,4,11,0,332
2025-11-28,B-,11,4,11,0,332
2025-11-28,AB+,20,4,11,0,332
2025-11-28,AB-,10,4,11,0,332
2025-11-28,O+,25,4,11,0,332
2025-11-28,O-,9,4,11,0,332
2025-11-29,A+,28,5,11,1,333
2025-11-29,A-,19,5,11,1,333
2025-11-29,B+,29,5,11,1,333
2025-11-29,B-,16,5,11,1,333
2025-11-29,AB+,27,5,11,1,333
2025-11-29,AB-,17,5,11,1,333
2025-11-29,O+,28,5,11,1,333
2025-11-29,O-,16,5,11,1,333
2025-11-30,A+,30,6,11,1,334
2025-11-30,A-,20,6,11,1,334
2025-11-30,B+,30,6,11,1,334
2025-11-30,B-,16,6,11,1,334
2025-11-30,AB+,26,6,11,1,334
2025-11-30,AB-,15,6,11,1,334
2025-11-30,O+,32,6,11,1,334
2025-11-30,O-,15,6,11,1,334
2025-12-01,A+,21,0,12,0,335
2025-12-01,A-,13,0,12,0,335
2025-12-01,B+,23,0,12,0,335
2025-12-01,B-,12,0,12,0,335
2025-12-01,AB+,19,0,12,0,335
2025-12-01,AB-,9,0,12,0,335
2025-12-01,O+,25,0,12,0,335
2025-12-01,O-,10,0,12,0,335
2025-12-02,A+,22,1,12,0,336
2025-12-02,A-,16,1,12,0,336
2025-12-02,B+,25,1,12,0,336
2025-12-02,B-,13,1,12,0,336
2025-12-02,AB+,23,1,12,0,336
2025-12-02,AB-,10,1,12,0,336
2025-12-02,O+,29,1,12,0,336
2025-12-02,O-,13,1,12,0,336
2025-12-03,A+,26,2,12,0,337
2025-12-03,A-,16,2,12,0,337
2025-12-03,B+,26,2,12,0,337
2025-12-03,B-,16,2,12,0,337
2025-12-03,AB+,24,2,12,0,337
2025-12-03,AB-,13,2,12,0,337
2025-12-03,O+,28,2,12,0,337
2025-12-03,O-,11,2,12,0,337
2025-12-04,A+,21,3,12,0,338
2025-12-04,A-,14,3,12,0,338
2025-12-04,B+,24,3,12,0,338
2025-12-04,B-,13,3,12,0,338
2025-12-04,AB+,21,3,12,0,338
2025-12-04,AB-,11,3,12,0,338
2025-12-04,O+,26,3,12,0,338
2025-12-04,O-,13,3,12,0,338
2025-12-05,A+,22,4,12,0,339
2025-12-05,A-,13,4,12,0,339
2025-12-05,B+,25,4,12,0,339
2025-12-05,B-,12,4,12,0,339
2025-12-05,AB+,19,4,12,0,339
2025-12-05,AB-,10,4,12,0,339
2025-12-05,O+,27,4,12,0,339
2025-12-05,O-,10,4,12,0,339
2025-12-06,A+,28,5,12,1,340
2025-12-06,A-,19,5,12,1,340
2025-12-06,B+,29,5,12,1,340
2025-12-06,B-,17,5,12,1,340
2025-12-06,AB+,24,5,12,1,340
2025-12-06,AB-,17,5,12,1,340
2025-12-06,O+,30,5,12,1,340
2025-12-06,O-,14,5,12,1,340
2025-12-07,A+,29,6,12,1,341
2025-12-07,A-,21,6,12,1,341
2025-12-07,B+,31,6,12,1,341
2025-12-07,B-,17,6,12,1,341
2025-12-07,AB+,27,6,12,1,341
2025-12-07,AB-,18,6,12,1,341
2025-12-07,O+,31,6,12,1,341
2025-12-07,O-,16,6,12,1,341
2025-12-08,A+,22,0,12,0,342
2025-12-08,A-,16,0,12,0,342
2025-12-08,B+,22,0,12,0,342
2025-12-08,B-,13,0,12,0,342
2025-12-08,AB+,21,0,12,0,342
2025-12-08,AB-,9,0,12,0,342
2025-12-08,O+,25,0,12,0,342
2025-12-08,O-,11,0,12,0,342
2025-12-09,A+,28,1,12,0,343
2025-12-09,A-,15,1,12,0,343
2025-12-09,B+,25,1,12,0,343
2025-12-09,B-,13,1,12,0,343
2025-12-09,AB+,22,1,12,0,343
2025-12-09,AB-,13,1,12,0,343
2025-12-09,O+,27,1,12,0,343
2025-12-09,O-,13,1,12,0,343
2025-12-10,A+,24,2,12,0,344
2025-12-10,A-,14,2,12,0,344
2025-12-10,B+,27,2,12,0,344
2025-12-10,B-,18,2,12,0,344
2025-12-10,AB+,21,2,12,0,344
2025-12-10,AB-,12,2,12,0,344
2025-12-10,O+,30,2,12,0,344
2025-12-10,O-,13,2,12,0,344
2025-12-11,A+,22,3,12,0,345
2025-12-11,A-,15,3,12,0,345
2025-12-11,B+,27,3,12,0,345
2025-12-11,B-,14,3,12,0,345
2025-12-11,AB+,21,3,12,0,345
2025-12-11,AB-,10,3,12,0,345
2025-12-11,O+,27,3,12,0,345
2025-12-11,O-,13,3,12,0,345
2025-12-12,A+,23,4,12,0,346
2025-12-12,A-,13,4,12,0,346
2025-12-12,B+,24,4,12,0,346
2025-12-12,B-,13,4,12,0,346
2025-12-12,AB+,20,4,12,0,346
2025-12-12,AB-,9,4,12,0,346
2025-12-12,O+,25,4,12,0,346
2025-12-12,O-,13,4,12,0,346
2025-12-13,A+,29,5,12,1,347
2025-12-13,A-,19,5,12,1,347
2025-12-13,B+,28,5,12,1,347
2025-12-13,B-,17,5,12,1,347
2025-12-13,AB+,25,5,12,1,347
2025-12-13,AB-,16,5,12,1,347
2025-12-13,O+,31,5,12,1,347
2025-12-13,O-,17,5,12,1,347
2025-12-14,A+,27,6,12,1,348
2025-12-14,A-,22,6,12,1,348
2025-12-14,B+,29,6,12,1,348
2025-12-14,B-,19,6,12,1,348
2025-12-14,AB+,25,6,12,1,348
2025-12-14,AB-,16,6,12,1,348
2025-12-14,O+,31,6,12,1,348
2025-12-14,O-,17,6,12,1,348
2025-12-15,A+,22,0,12,0,349
2025-12-15,A-,15,0,12,0,349
2025-12-15,B+,24,0,12,0,349
2025-12-15,B-,14,0,12,0,349
2025-12-15,AB+,22,0,12,0,349
2025-12-15,AB-,10,0,12,0,349
2025-12-15,O+,27,0,12,0,349
2025-12-15,O-,11,0,12,0,349
2025-12-16,A+,27,1,12,0,350
2025-12-16,A-,16,1,12,0,350
2025-12-16,B+,26,1,12,0,350
2025-12-16,B-,15,1,12,0,350
2025-12-16,AB+,21,1,12,0,350
2025-12-16,AB-,15,1,12,0,350
2025-12-16,O+,29,1,12,0,350
2025-12-16,O-,13,1,12,0,350
2025-12-17,A+,25,2,12,0,351
2025-12-17,A-,18,2,12,0,351
2025-12-17,B+,26,2,12,0,351
2025-12-17,B-,16,2,12,0,351
2025-12-17,AB+,25,2,12,0,351
2025-12-17,AB-,12,2,12,0,351
2025-12-17,O+,29,2,12,0,351
2025-12-17,O-,14,2,12,0,351
2025-12-18,A+,25,3,12,0,352
2025-12-18,A-,15,3,12,0,352
2025-12-18,B+,25,3,12,0,352
2025-12-18,B-,15,3,12,0,352
2025-12-18,AB+,21,3,12,0,352
2025-12-18,AB-,9,3,12,0,352
2025-12-18,O+,27,3,12,0,352
2025-12-18,O-,12,3,12,0,352
2025-12-19,A+,22,4,12,0,353
2025-12-19,A-,14,4,12,0,353
2025-12-19,B+,23,4,12,0,353
2025-12-19,B-,13,4,12,0,353
2025-12-19,AB+,23,4,12,0,353
2025-12-19,AB-,12,4,12,0,353
2025-12-19,O+,27,4,12,0,353
2025-12-19,O-,13,4,12,0,353
2025-12-20,A+,29,5,12,1,354
2025-12-20,A-,20,5,12,1,354
2025-12-20,B+,29,5,12,1,354
2025-12-20,B-,21,5,12,1,354
2025-12-20,AB+,28,5,12,1,354
2025-12-20,AB-,17,5,12,1,354
2025-12-20,O+,34,5,12,1,354
2025-12-20,O-,14,5,12,1,354
2025-12-21,A+,32,6,12,1,355
2025-12-21,A-,20,6,12,1,355
2025-12-21,B+,33,6,12,1,355
2025-12-21,B-,22,6,12,1,355
2025-12-21,AB+,28,6,12,1,355
2025-12-21,AB-,16,6,12,1,355
2025-12-21,O+,33,6,12,1,355
2025-12-21,O-,15,6,12,1,355
2025-12-22,A+,25,0,12,0,356
2025-12-22,A-,12,0,12,0,356
2025-12-22,B+,25,0,12,0,356
2025-12-22,B-,16,0,12,0,356
2025-12-22,AB+,22,0,12,0,356
2025-12-22,AB-,9,0,12,0,356
2025-12-22,O+,26,0,12,0,356
2025-12-22,O-,12,0,12,0,356
2025-12-23,A+,26,1,12,0,357
2025-12-23,A-,18,1,12,0,357
2025-12-23,B+,28,1,12,0,357
2025-12-23,B-,15,1,12,0,357
2025-12-23,AB+,24,1,12,0,357
2025-12-23,AB-,14,1,12,0,357
2025-12-23,O+,29,1,12,0,357
2025-12-23,O-,17,1,12,0,357
2025-12-24,A+,27,2,12,0,358
2025-12-24,A-,19,2,12,0,358
2025-12-24,B+,30,2,12,0,358
2025-12-24,B-,17,2,12,0,358
2025-12-24,AB+,23,2,12,0,358
2025-12-24,AB-,15,2,12,0,358
2025-12-24,O+,29,2,12,0,358
2025-12-24,O-,13,2,12,0,358
2025-12-25,A+,24,3,12,0,359
2025-12-25,A-,18,3,12,0,359
2025-12-25,B+,27,3,12,0,359
2025-12-25,B-,17,3,12,0,359
2025-12-25,AB+,23,3,12,0,359
2025-12-25,AB-,13,3,12,0,359
2025-12-25,O+,29,3,12,0,359
2025-12-25,O-,14,3,12,0,359
2025-12-26,A+,23,4,12,0,360
2025-12-26,A-,13,4,12,0,360
2025-12-26,B+,24,4,12,0,360
2025-12-26,B-,14,4,12,0,360
2025-12-26,AB+,20,4,12,0,360
2025-12-26,AB-,13,4,12,0,360
2025-12-26,O+,27,4,12,0,360
2025-12-26,O-,12,4,12,0,360
2025-12-27,A+,29,5,12,1,361
2025-12-27,A-,22,5,12,1,361
2025-12-27,B+,29,5,12,1,361
2025-12-27,B-,20,5,12,1,361
2025-12-27,AB+,26,5,12,1,361
2025-12-27,AB-,17,5,12,1,361
2025-12-27,O+,33,5,12,1,361
2025-12-27,O-,16,5,12,1,361
2025-12-28,A+,28,6,12,1,362
2025-12-28,A-,20,6,12,1,362
2025-12-28,B+,32,6,12,1,362
2025-12-28,B-,21,6,12,1,362
2025-12-28,AB+,27,6,12,1,362
2025-12-28,AB-,20,6,12,1,362
2025-12-28,O+,35,6,12,1,362
2025-12-28,O-,19,6,12,1,362
2025-12-29,A+,24,0,12,0,363
2025-12-29,A-,17,0,12,0,363
2025-12-29,B+,26,0,12,0,363
2025-12-29,B-,14,0,12,0,363
2025-12-29,AB+,22,0,12,0,363
2025-12-29,AB-,11,0,12,0,363
2025-12-29,O+,27,0,12,0,363
2025-12-29,O-,11,0,12,0,363
2025-12-30,A+,28,1,12,0,364
2025-12-30,A-,17,1,12,0,364
2025-12-30,B+,26,1,12,0,364
2025-12-30,B-,17,1,12,0,364
2025-12-30,AB+,23,1,12,0,364
2025-12-30,AB-,15,1,12,0,364
2025-12-30,O+,30,1,12,0,364
2025-12-30,O-,13,1,12,0,364
2025-12-31,A+,26,2,12,0,365
2025-12-31,A-,17,2,12,0,365
2025-12-31,B+,29,2,12,0,365
2025-12-31,B-,18,2,12,0,365
2025-12-31,AB+,22,2,12,0,365
2025-12-31,AB-,14,2,12,0,365
2025-12-31,O+,31,2,12,0,365
2025-12-31,O-,13,2,12,0,365
